Episode	Accumulated Reward	Length	Steps
0	-4	6	6
1	-5	7	13
2	-3	5	18
3	-81	83	101
4	-4	6	107
5	-2	4	111
6	-110	112	223
7	-7	9	232
8	-242	244	476
9	-6	8	484
10	-2	4	488
11	-2	4	492
12	-2	4	496
13	-2	4	500
14	-2	4	504
15	-2	4	508
16	-2	4	512
17	-2	4	516
18	-2	4	520
19	-3	5	525
20	-2	4	529
21	-2	4	533
22	-2	4	537
23	-2	4	541
24	-2	4	545
25	-2	4	549
26	-2	4	553
27	-3	5	558
28	-2	4	562
29	-2	4	566
30	-2	4	570
31	-2	4	574
32	-2	4	578
33	-2	4	582
34	-2	4	586
35	-2	4	590
36	-3	5	595
37	-2	4	599
38	-2	4	603
39	-2	4	607
40	-2	4	611
41	-2	4	615
42	-2	4	619
43	-2	4	623
44	-2	4	627
45	-4	6	633
46	-2	4	637
47	-2	4	641
48	-2	4	645
49	-2	4	649
50	-2	4	653
51	-2	4	657
52	-2	4	661
53	-2	4	665
54	-2	4	669
55	-2	4	673
56	-2	4	677
57	-2	4	681
58	-2	4	685
59	-2	4	689
60	-2	4	693
61	-2	4	697
62	-2	4	701
63	-2	4	705
64	-2	4	709
65	-2	4	713
66	-3	5	718
67	-2	4	722
68	-2	4	726
69	-2	4	730
70	-2	4	734
71	-2	4	738
72	-2	4	742
73	-2	4	746
74	-2	4	750
75	-2	4	754
76	-2	4	758
77	-2	4	762
78	-2	4	766
79	-2	4	770
80	-2	4	774
81	-2	4	778
82	-2	4	782
83	-2	4	786
84	-2	4	790
85	-2	4	794
86	-2	4	798
87	-2	4	802
88	-2	4	806
89	-2	4	810
90	-2	4	814
91	-2	4	818
92	-2	4	822
93	-2	4	826
94	-2	4	830
95	-2	4	834
96	-2	4	838
97	-2	4	842
98	-2	4	846
99	-2	4	850
100	-2	4	854
101	-2	4	858
102	-2	4	862
103	-2	4	866
104	-2	4	870
105	-2	4	874
106	-2	4	878
107	-2	4	882
108	-3	5	887
109	-2	4	891
110	-2	4	895
111	-2	4	899
112	-2	4	903
113	-2	4	907
114	-2	4	911
115	-2	4	915
116	-2	4	919
117	-2	4	923
118	-2	4	927
119	-2	4	931
120	-4	6	937
121	-2	4	941
122	-2	4	945
123	-2	4	949
124	-2	4	953
125	-2	4	957
126	-2	4	961
127	-2	4	965
128	-4	6	971
129	-2	4	975
130	-2	4	979
131	-2	4	983
132	-2	4	987
133	-4	6	993
134	-2	4	997
135	-2	4	1001
136	-2	4	1005
137	-2	4	1009
138	-2	4	1013
139	-2	4	1017
140	-4	6	1023
141	-2	4	1027
142	-2	4	1031
143	-2	4	1035
144	-2	4	1039
145	-2	4	1043
146	-2	4	1047
147	-3	5	1052
148	-4	6	1058
149	-2	4	1062
150	-2	4	1066
151	-2	4	1070
152	-2	4	1074
153	-2	4	1078
154	-2	4	1082
155	-2	4	1086
156	-2	4	1090
157	-2	4	1094
158	-2	4	1098
159	-2	4	1102
160	-2	4	1106
161	-2	4	1110
162	-2	4	1114
163	-2	4	1118
164	-4	6	1124
165	-2	4	1128
166	-2	4	1132
167	-2	4	1136
168	-2	4	1140
169	-2	4	1144
170	-4	6	1150
171	-2	4	1154
172	-2	4	1158
173	-2	4	1162
174	-2	4	1166
175	-2	4	1170
176	-2	4	1174
177	-2	4	1178
178	-2	4	1182
179	-2	4	1186
180	-3	5	1191
181	-2	4	1195
182	-2	4	1199
183	-2	4	1203
184	-2	4	1207
185	-2	4	1211
186	-2	4	1215
187	-2	4	1219
188	-2	4	1223
189	-2	4	1227
190	-2	4	1231
191	-4	6	1237
192	-2	4	1241
193	-2	4	1245
194	-2	4	1249
195	-2	4	1253
196	-4	6	1259
197	-2	4	1263
198	-4	6	1269
199	-2	4	1273
200	-2	4	1277
201	-2	4	1281
202	-2	4	1285
203	-2	4	1289
204	-2	4	1293
205	-2	4	1297
206	-2	4	1301
207	-2	4	1305
208	-2	4	1309
209	-2	4	1313
210	-2	4	1317
211	-2	4	1321
212	-2	4	1325
213	-2	4	1329
214	-2	4	1333
215	-2	4	1337
216	-2	4	1341
217	-2	4	1345
218	-2	4	1349
219	-2	4	1353
220	-2	4	1357
221	-2	4	1361
222	-2	4	1365
223	-2	4	1369
224	-3	5	1374
225	-2	4	1378
226	-2	4	1382
227	-2	4	1386
228	-2	4	1390
229	-2	4	1394
230	-2	4	1398
231	-2	4	1402
232	-2	4	1406
233	-2	4	1410
234	-2	4	1414
235	-2	4	1418
236	-2	4	1422
237	-2	4	1426
238	-2	4	1430
239	-2	4	1434
240	-2	4	1438
241	-2	4	1442
242	-2	4	1446
243	-2	4	1450
244	-2	4	1454
245	-4	6	1460
246	-2	4	1464
247	-2	4	1468
248	-2	4	1472
249	-4	6	1478
250	-2	4	1482
251	-2	4	1486
252	-2	4	1490
253	-2	4	1494
254	-2	4	1498
255	-2	4	1502
256	-2	4	1506
257	-2	4	1510
258	-4	6	1516
259	-2	4	1520
260	-2	4	1524
261	-2	4	1528
262	-2	4	1532
263	-2	4	1536
264	-2	4	1540
265	-2	4	1544
266	-2	4	1548
267	-2	4	1552
268	-2	4	1556
269	-2	4	1560
270	-2	4	1564
271	-2	4	1568
272	-2	4	1572
273	-2	4	1576
274	-4	6	1582
275	-2	4	1586
276	-2	4	1590
277	-2	4	1594
278	-2	4	1598
279	-2	4	1602
280	-2	4	1606
281	-2	4	1610
282	-2	4	1614
283	-2	4	1618
284	-2	4	1622
285	-4	6	1628
286	-2	4	1632
287	-2	4	1636
288	-2	4	1640
289	-2	4	1644
290	-2	4	1648
291	-2	4	1652
292	-2	4	1656
293	-2	4	1660
294	-2	4	1664
295	-2	4	1668
296	-2	4	1672
297	-2	4	1676
298	-2	4	1680
299	-2	4	1684
300	-2	4	1688
301	-2	4	1692
302	-4	6	1698
303	-2	4	1702
304	-2	4	1706
305	-2	4	1710
306	-2	4	1714
307	-4	6	1720
308	-2	4	1724
309	-3	5	1729
310	-2	4	1733
311	-2	4	1737
312	-2	4	1741
313	-2	4	1745
314	-2	4	1749
315	-2	4	1753
316	-2	4	1757
317	-2	4	1761
318	-2	4	1765
319	-2	4	1769
320	-2	4	1773
321	-2	4	1777
322	-2	4	1781
323	-2	4	1785
324	-2	4	1789
325	-2	4	1793
326	-2	4	1797
327	-2	4	1801
328	-2	4	1805
329	-2	4	1809
330	-2	4	1813
331	-2	4	1817
332	-2	4	1821
333	-2	4	1825
334	-2	4	1829
335	-2	4	1833
336	-2	4	1837
337	-2	4	1841
338	-2	4	1845
339	-2	4	1849
340	-2	4	1853
341	-2	4	1857
342	-2	4	1861
343	-2	4	1865
344	-2	4	1869
345	-2	4	1873
346	-2	4	1877
347	-2	4	1881
348	-2	4	1885
349	-2	4	1889
350	-2	4	1893
351	-2	4	1897
352	-2	4	1901
353	-4	6	1907
354	-3	5	1912
355	-2	4	1916
356	-2	4	1920
357	-2	4	1924
358	-2	4	1928
359	-2	4	1932
360	-4	6	1938
361	-2	4	1942
362	-2	4	1946
363	-2	4	1950
364	-2	4	1954
365	-2	4	1958
366	-2	4	1962
367	-3	5	1967
368	-2	4	1971
369	-2	4	1975
370	-2	4	1979
371	-2	4	1983
372	-2	4	1987
373	-2	4	1991
374	-2	4	1995
375	-2	4	1999
376	-2	4	2003
377	-2	4	2007
378	-2	4	2011
379	-2	4	2015
380	-2	4	2019
381	-2	4	2023
382	-2	4	2027
383	-2	4	2031
384	-2	4	2035
385	-2	4	2039
386	-2	4	2043
387	-2	4	2047
388	-2	4	2051
389	-2	4	2055
390	-3	5	2060
391	-2	4	2064
392	-4	6	2070
393	-2	4	2074
394	-2	4	2078
395	-4	6	2084
396	-2	4	2088
397	-2	4	2092
398	-3	5	2097
399	-2	4	2101
400	-2	4	2105
401	-2	4	2109
402	-2	4	2113
403	-2	4	2117
404	-2	4	2121
405	-2	4	2125
406	-2	4	2129
407	-2	4	2133
408	-2	4	2137
409	-2	4	2141
410	-2	4	2145
411	-2	4	2149
412	-2	4	2153
413	-2	4	2157
414	-2	4	2161
415	-2	4	2165
416	-2	4	2169
417	-2	4	2173
418	-2	4	2177
419	-2	4	2181
420	-2	4	2185
421	-2	4	2189
422	-2	4	2193
423	-2	4	2197
424	-2	4	2201
425	-4	6	2207
426	-2	4	2211
427	-2	4	2215
428	-2	4	2219
429	-2	4	2223
430	-4	6	2229
431	-2	4	2233
432	-2	4	2237
433	-4	6	2243
434	-2	4	2247
435	-2	4	2251
436	-2	4	2255
437	-2	4	2259
438	-4	6	2265
439	-2	4	2269
440	-2	4	2273
441	-2	4	2277
442	-3	5	2282
443	-2	4	2286
444	-2	4	2290
445	-2	4	2294
446	-2	4	2298
447	-2	4	2302
448	-2	4	2306
449	-2	4	2310
450	-2	4	2314
451	-2	4	2318
452	-2	4	2322
453	-2	4	2326
454	-2	4	2330
455	-2	4	2334
456	-2	4	2338
457	-4	6	2344
458	-2	4	2348
459	-2	4	2352
460	-2	4	2356
461	-2	4	2360
462	-2	4	2364
463	-2	4	2368
464	-2	4	2372
465	-4	6	2378
466	-3	5	2383
467	-2	4	2387
468	-2	4	2391
469	-2	4	2395
470	-2	4	2399
471	-2	4	2403
472	-2	4	2407
473	-2	4	2411
474	-2	4	2415
475	-2	4	2419
476	-2	4	2423
477	-2	4	2427
478	-2	4	2431
479	-2	4	2435
480	-2	4	2439
481	-2	4	2443
482	-2	4	2447
483	-2	4	2451
484	-2	4	2455
485	-2	4	2459
486	-2	4	2463
487	-2	4	2467
488	-4	6	2473
489	-4	6	2479
490	-2	4	2483
491	-2	4	2487
492	-2	4	2491
493	-2	4	2495
494	-2	4	2499
495	-2	4	2503
496	-2	4	2507
497	-2	4	2511
498	-2	4	2515
499	-2	4	2519
500	-3	5	2524
501	-2	4	2528
502	-2	4	2532
503	-2	4	2536
504	-2	4	2540
505	-2	4	2544
506	-3	5	2549
507	-2	4	2553
508	-2	4	2557
509	-3	5	2562
510	-2	4	2566
511	-2	4	2570
512	-2	4	2574
513	-3	5	2579
514	-2	4	2583
515	-2	4	2587
516	-2	4	2591
517	-3	5	2596
518	-2	4	2600
519	-2	4	2604
520	-2	4	2608
521	-2	4	2612
522	-2	4	2616
523	-2	4	2620
524	-2	4	2624
525	-2	4	2628
526	-2	4	2632
527	-2	4	2636
528	-2	4	2640
529	-2	4	2644
530	-2	4	2648
531	-4	6	2654
532	-2	4	2658
533	-2	4	2662
534	-2	4	2666
535	-2	4	2670
536	-2	4	2674
537	-2	4	2678
538	-2	4	2682
539	-2	4	2686
540	-2	4	2690
541	-2	4	2694
542	-2	4	2698
543	-2	4	2702
544	-4	6	2708
545	-2	4	2712
546	-6	8	2720
547	-2	4	2724
548	-2	4	2728
549	-2	4	2732
550	-2	4	2736
551	-2	4	2740
552	-2	4	2744
553	-2	4	2748
554	-2	4	2752
555	-2	4	2756
556	-2	4	2760
557	-4	6	2766
558	-2	4	2770
559	-2	4	2774
560	-2	4	2778
561	-2	4	2782
562	-3	5	2787
563	-2	4	2791
564	-2	4	2795
565	-2	4	2799
566	-3	5	2804
567	-2	4	2808
568	-2	4	2812
569	-2	4	2816
570	-2	4	2820
571	-2	4	2824
572	-2	4	2828
573	-2	4	2832
574	-2	4	2836
575	-2	4	2840
576	-4	6	2846
577	-2	4	2850
578	-2	4	2854
579	-2	4	2858
580	-2	4	2862
581	-2	4	2866
582	-2	4	2870
583	-2	4	2874
584	-2	4	2878
585	-2	4	2882
586	-2	4	2886
587	-2	4	2890
588	-2	4	2894
589	-2	4	2898
590	-2	4	2902
591	-2	4	2906
592	-2	4	2910
593	-2	4	2914
594	-2	4	2918
595	-2	4	2922
596	-2	4	2926
597	-2	4	2930
598	-2	4	2934
599	-2	4	2938
600	-2	4	2942
601	-2	4	2946
602	-2	4	2950
603	-2	4	2954
604	-2	4	2958
605	-2	4	2962
606	-2	4	2966
607	-2	4	2970
608	-2	4	2974
609	-2	4	2978
610	-2	4	2982
611	-2	4	2986
612	-2	4	2990
613	-2	4	2994
614	-2	4	2998
615	-2	4	3002
616	-2	4	3006
617	-2	4	3010
618	-2	4	3014
619	-2	4	3018
620	-2	4	3022
621	-2	4	3026
622	-2	4	3030
623	-3	5	3035
624	-2	4	3039
625	-2	4	3043
626	-2	4	3047
627	-2	4	3051
628	-2	4	3055
629	-2	4	3059
630	-4	6	3065
631	-2	4	3069
632	-2	4	3073
633	-2	4	3077
634	-2	4	3081
635	-2	4	3085
636	-2	4	3089
637	-2	4	3093
638	-2	4	3097
639	-2	4	3101
640	-2	4	3105
641	-2	4	3109
642	-2	4	3113
643	-2	4	3117
644	-2	4	3121
645	-2	4	3125
646	-2	4	3129
647	-2	4	3133
648	-2	4	3137
649	-2	4	3141
650	-2	4	3145
651	-2	4	3149
652	-2	4	3153
653	-2	4	3157
654	-4	6	3163
655	-3	5	3168
656	-2	4	3172
657	-2	4	3176
658	-2	4	3180
659	-2	4	3184
660	-2	4	3188
661	-2	4	3192
662	-2	4	3196
663	-2	4	3200
664	-2	4	3204
665	-4	6	3210
666	-2	4	3214
667	-2	4	3218
668	-2	4	3222
669	-2	4	3226
670	-2	4	3230
671	-2	4	3234
672	-2	4	3238
673	-2	4	3242
674	-2	4	3246
675	-4	6	3252
676	-2	4	3256
677	-2	4	3260
678	-2	4	3264
679	-2	4	3268
680	-2	4	3272
681	-2	4	3276
682	-2	4	3280
683	-2	4	3284
684	-2	4	3288
685	-2	4	3292
686	-2	4	3296
687	-4	6	3302
688	-2	4	3306
689	-2	4	3310
690	-2	4	3314
691	-2	4	3318
692	-2	4	3322
693	-2	4	3326
694	-4	6	3332
695	-2	4	3336
696	-2	4	3340
697	-2	4	3344
698	-4	6	3350
699	-2	4	3354
700	-4	6	3360
701	-2	4	3364
702	-2	4	3368
703	-2	4	3372
704	-2	4	3376
705	-2	4	3380
706	-2	4	3384
707	-2	4	3388
708	-2	4	3392
709	-2	4	3396
710	-2	4	3400
711	-4	6	3406
712	-2	4	3410
713	-2	4	3414
714	-2	4	3418
715	-2	4	3422
716	-2	4	3426
717	-2	4	3430
718	-2	4	3434
719	-4	6	3440
720	-2	4	3444
721	-2	4	3448
722	-2	4	3452
723	-2	4	3456
724	-2	4	3460
725	-2	4	3464
726	-4	6	3470
727	-2	4	3474
728	-2	4	3478
729	-2	4	3482
730	-2	4	3486
731	-2	4	3490
732	-2	4	3494
733	-2	4	3498
734	-2	4	3502
735	-2	4	3506
736	-2	4	3510
737	-2	4	3514
738	-2	4	3518
739	-2	4	3522
740	-2	4	3526
741	-2	4	3530
742	-2	4	3534
743	-2	4	3538
744	-2	4	3542
745	-2	4	3546
746	-4	6	3552
747	-2	4	3556
748	-2	4	3560
749	-4	6	3566
750	-2	4	3570
751	-2	4	3574
752	-2	4	3578
753	-3	5	3583
754	-2	4	3587
755	-2	4	3591
756	-6	8	3599
757	-2	4	3603
758	-2	4	3607
759	-2	4	3611
760	-2	4	3615
761	-2	4	3619
762	-2	4	3623
763	-2	4	3627
764	-2	4	3631
765	-2	4	3635
766	-2	4	3639
767	-2	4	3643
768	-4	6	3649
769	-2	4	3653
770	-2	4	3657
771	-2	4	3661
772	-2	4	3665
773	-4	6	3671
774	-2	4	3675
775	-2	4	3679
776	-2	4	3683
777	-2	4	3687
778	-2	4	3691
779	-2	4	3695
780	-2	4	3699
781	-2	4	3703
782	-2	4	3707
783	-2	4	3711
784	-2	4	3715
785	-2	4	3719
786	-2	4	3723
787	-8	10	3733
788	-2	4	3737
789	-2	4	3741
790	-2	4	3745
791	-2	4	3749
792	-2	4	3753
793	-2	4	3757
794	-2	4	3761
795	-2	4	3765
796	-2	4	3769
797	-2	4	3773
798	-2	4	3777
799	-2	4	3781
800	-2	4	3785
801	-2	4	3789
802	-2	4	3793
803	-2	4	3797
804	-4	6	3803
805	-2	4	3807
806	-4	6	3813
807	-4	6	3819
808	-2	4	3823
809	-2	4	3827
810	-2	4	3831
811	-2	4	3835
812	-2	4	3839
813	-2	4	3843
814	-2	4	3847
815	-2	4	3851
816	-2	4	3855
817	-4	6	3861
818	-2	4	3865
819	-2	4	3869
820	-2	4	3873
821	-2	4	3877
822	-2	4	3881
823	-2	4	3885
824	-2	4	3889
825	-2	4	3893
826	-2	4	3897
827	-4	6	3903
828	-2	4	3907
829	-2	4	3911
830	-2	4	3915
831	-2	4	3919
832	-2	4	3923
833	-2	4	3927
834	-2	4	3931
835	-2	4	3935
836	-2	4	3939
837	-2	4	3943
838	-2	4	3947
839	-2	4	3951
840	-5	7	3958
841	-2	4	3962
842	-2	4	3966
843	-2	4	3970
844	-2	4	3974
845	-8	10	3984
846	-2	4	3988
847	-2	4	3992
848	-4	6	3998
849	-3	5	4003
850	-2	4	4007
851	-2	4	4011
852	-2	4	4015
853	-2	4	4019
854	-2	4	4023
855	-2	4	4027
856	-2	4	4031
857	-2	4	4035
858	-2	4	4039
859	-2	4	4043
860	-4	6	4049
861	-2	4	4053
862	-2	4	4057
863	-2	4	4061
864	-2	4	4065
865	-2	4	4069
866	-2	4	4073
867	-2	4	4077
868	-2	4	4081
869	-2	4	4085
870	-2	4	4089
871	-2	4	4093
872	-2	4	4097
873	-2	4	4101
874	-2	4	4105
875	-2	4	4109
876	-2	4	4113
877	-2	4	4117
878	-2	4	4121
879	-2	4	4125
880	-4	6	4131
881	-2	4	4135
882	-2	4	4139
883	-2	4	4143
884	-4	6	4149
885	-2	4	4153
886	-2	4	4157
887	-2	4	4161
888	-2	4	4165
889	-2	4	4169
890	-2	4	4173
891	-7	9	4182
892	-4	6	4188
893	-2	4	4192
894	-2	4	4196
895	-2	4	4200
896	-2	4	4204
897	-2	4	4208
898	-2	4	4212
899	-2	4	4216
900	-2	4	4220
901	-2	4	4224
902	-2	4	4228
903	-2	4	4232
904	-2	4	4236
905	-2	4	4240
906	-2	4	4244
907	-2	4	4248
908	-2	4	4252
909	-2	4	4256
910	-2	4	4260
911	-2	4	4264
912	-2	4	4268
913	-2	4	4272
914	-2	4	4276
915	-2	4	4280
916	-2	4	4284
917	-2	4	4288
918	-2	4	4292
919	-2	4	4296
920	-4	6	4302
921	-2	4	4306
922	-2	4	4310
923	-2	4	4314
924	-2	4	4318
925	-2	4	4322
926	-2	4	4326
927	-2	4	4330
928	-2	4	4334
929	-2	4	4338
930	-2	4	4342
931	-2	4	4346
932	-2	4	4350
933	-2	4	4354
934	-2	4	4358
935	-2	4	4362
936	-2	4	4366
937	-2	4	4370
938	-2	4	4374
939	-2	4	4378
940	-2	4	4382
941	-2	4	4386
942	-4	6	4392
943	-2	4	4396
944	-2	4	4400
945	-2	4	4404
946	-3	5	4409
947	-2	4	4413
948	-2	4	4417
949	-2	4	4421
950	-2	4	4425
951	-2	4	4429
952	-2	4	4433
953	-2	4	4437
954	-2	4	4441
955	-2	4	4445
956	-2	4	4449
957	-2	4	4453
958	-2	4	4457
959	-2	4	4461
960	-2	4	4465
961	-3	5	4470
962	-2	4	4474
963	-2	4	4478
964	-2	4	4482
965	-3	5	4487
966	-4	6	4493
967	-2	4	4497
968	-2	4	4501
969	-2	4	4505
970	-2	4	4509
971	-2	4	4513
972	-2	4	4517
973	-2	4	4521
974	-2	4	4525
975	-2	4	4529
976	-2	4	4533
977	-2	4	4537
978	-2	4	4541
979	-4	6	4547
980	-2	4	4551
981	-2	4	4555
982	-2	4	4559
983	-2	4	4563
984	-2	4	4567
985	-2	4	4571
986	-2	4	4575
987	-2	4	4579
988	-2	4	4583
989	-2	4	4587
990	-2	4	4591
991	-2	4	4595
992	-2	4	4599
993	-2	4	4603
994	-2	4	4607
995	-2	4	4611
996	-2	4	4615
997	-2	4	4619
998	-2	4	4623
999	-2	4	4627
1000	-2	4	4631
1001	-2	4	4635
1002	-2	4	4639
1003	-2	4	4643
1004	-2	4	4647
1005	-2	4	4651
1006	-2	4	4655
1007	-2	4	4659
1008	-2	4	4663
1009	-4	6	4669
1010	-2	4	4673
1011	-2	4	4677
1012	-2	4	4681
1013	-2	4	4685
1014	-2	4	4689
1015	-4	6	4695
1016	-2	4	4699
1017	-2	4	4703
1018	-2	4	4707
1019	-2	4	4711
1020	-2	4	4715
1021	-2	4	4719
1022	-2	4	4723
1023	-2	4	4727
1024	-2	4	4731
1025	-2	4	4735
1026	-2	4	4739
1027	-2	4	4743
1028	-2	4	4747
1029	-2	4	4751
1030	-2	4	4755
1031	-2	4	4759
1032	-2	4	4763
1033	-2	4	4767
1034	-2	4	4771
1035	-4	6	4777
1036	-2	4	4781
1037	-2	4	4785
1038	-2	4	4789
1039	-2	4	4793
1040	-2	4	4797
1041	-2	4	4801
1042	-2	4	4805
1043	-2	4	4809
1044	-2	4	4813
1045	-2	4	4817
1046	-2	4	4821
1047	-2	4	4825
1048	-2	4	4829
1049	-2	4	4833
1050	-2	4	4837
1051	-2	4	4841
1052	-2	4	4845
1053	-2	4	4849
1054	-2	4	4853
1055	-2	4	4857
1056	-2	4	4861
1057	-2	4	4865
1058	-2	4	4869
1059	-2	4	4873
1060	-2	4	4877
1061	-2	4	4881
1062	-2	4	4885
1063	-2	4	4889
1064	-2	4	4893
1065	-2	4	4897
1066	-3	5	4902
1067	-2	4	4906
1068	-4	6	4912
1069	-2	4	4916
1070	-2	4	4920
1071	-2	4	4924
1072	-2	4	4928
1073	-2	4	4932
1074	-2	4	4936
1075	-4	6	4942
1076	-2	4	4946
1077	-2	4	4950
1078	-2	4	4954
1079	-2	4	4958
1080	-2	4	4962
1081	-2	4	4966
1082	-2	4	4970
1083	-2	4	4974
1084	-2	4	4978
1085	-2	4	4982
1086	-2	4	4986
1087	-2	4	4990
1088	-2	4	4994
1089	-2	4	4998
1090	-2	4	5002
1091	-2	4	5006
1092	-2	4	5010
1093	-2	4	5014
1094	-2	4	5018
1095	-2	4	5022
1096	-4	6	5028
1097	-2	4	5032
1098	-2	4	5036
1099	-2	4	5040
1100	-2	4	5044
1101	-2	4	5048
1102	-2	4	5052
1103	-4	6	5058
1104	-2	4	5062
1105	-2	4	5066
1106	-2	4	5070
1107	-2	4	5074
1108	-2	4	5078
1109	-2	4	5082
1110	-2	4	5086
1111	-4	6	5092
1112	-2	4	5096
1113	-2	4	5100
1114	-2	4	5104
1115	-2	4	5108
1116	-2	4	5112
1117	-2	4	5116
1118	-2	4	5120
1119	-2	4	5124
1120	-2	4	5128
1121	-3	5	5133
1122	-2	4	5137
1123	-2	4	5141
1124	-2	4	5145
1125	-2	4	5149
1126	-3	5	5154
1127	-2	4	5158
1128	-2	4	5162
1129	-2	4	5166
1130	-2	4	5170
1131	-2	4	5174
1132	-2	4	5178
1133	-2	4	5182
1134	-2	4	5186
1135	-2	4	5190
1136	-2	4	5194
1137	-2	4	5198
1138	-2	4	5202
1139	-2	4	5206
1140	-2	4	5210
1141	-2	4	5214
1142	-2	4	5218
1143	-2	4	5222
1144	-2	4	5226
1145	-2	4	5230
1146	-2	4	5234
1147	-2	4	5238
1148	-2	4	5242
1149	-2	4	5246
1150	-2	4	5250
1151	-2	4	5254
1152	-2	4	5258
1153	-2	4	5262
1154	-4	6	5268
1155	-2	4	5272
1156	-2	4	5276
1157	-2	4	5280
1158	-2	4	5284
1159	-2	4	5288
1160	-4	6	5294
1161	-2	4	5298
1162	-4	6	5304
1163	-2	4	5308
1164	-2	4	5312
1165	-3	5	5317
1166	-2	4	5321
1167	-4	6	5327
1168	-2	4	5331
1169	-2	4	5335
1170	-2	4	5339
1171	-2	4	5343
1172	-2	4	5347
1173	-4	6	5353
1174	-2	4	5357
1175	-2	4	5361
1176	-2	4	5365
1177	-2	4	5369
1178	-2	4	5373
1179	-2	4	5377
1180	-2	4	5381
1181	-4	6	5387
1182	-2	4	5391
1183	-2	4	5395
1184	-2	4	5399
1185	-2	4	5403
1186	-2	4	5407
1187	-2	4	5411
1188	-2	4	5415
1189	-2	4	5419
1190	-2	4	5423
1191	-2	4	5427
1192	-2	4	5431
1193	-2	4	5435
1194	-2	4	5439
1195	-4	6	5445
1196	-2	4	5449
1197	-2	4	5453
1198	-2	4	5457
1199	-2	4	5461
1200	-2	4	5465
1201	-2	4	5469
1202	-2	4	5473
1203	-2	4	5477
1204	-2	4	5481
1205	-2	4	5485
1206	-2	4	5489
1207	-2	4	5493
1208	-4	6	5499
1209	-2	4	5503
1210	-2	4	5507
1211	-2	4	5511
1212	-2	4	5515
1213	-4	6	5521
1214	-2	4	5525
1215	-2	4	5529
1216	-2	4	5533
1217	-2	4	5537
1218	-4	6	5543
1219	-2	4	5547
1220	-2	4	5551
1221	-2	4	5555
1222	-2	4	5559
1223	-2	4	5563
1224	-2	4	5567
1225	-2	4	5571
1226	-2	4	5575
1227	-2	4	5579
1228	-2	4	5583
1229	-2	4	5587
1230	-2	4	5591
1231	-4	6	5597
1232	-2	4	5601
1233	-2	4	5605
1234	-2	4	5609
1235	-2	4	5613
1236	-2	4	5617
1237	-2	4	5621
1238	-2	4	5625
1239	-2	4	5629
1240	-2	4	5633
1241	-2	4	5637
1242	-2	4	5641
1243	-2	4	5645
1244	-2	4	5649
1245	-2	4	5653
1246	-2	4	5657
1247	-2	4	5661
1248	-2	4	5665
1249	-2	4	5669
1250	-2	4	5673
1251	-2	4	5677
1252	-2	4	5681
1253	-2	4	5685
1254	-2	4	5689
1255	-2	4	5693
1256	-2	4	5697
1257	-2	4	5701
1258	-2	4	5705
1259	-2	4	5709
1260	-2	4	5713
1261	-2	4	5717
1262	-2	4	5721
1263	-2	4	5725
1264	-2	4	5729
1265	-2	4	5733
1266	-4	6	5739
1267	-2	4	5743
1268	-2	4	5747
1269	-2	4	5751
1270	-2	4	5755
1271	-2	4	5759
1272	-2	4	5763
1273	-2	4	5767
1274	-2	4	5771
1275	-2	4	5775
1276	-2	4	5779
1277	-4	6	5785
1278	-2	4	5789
1279	-2	4	5793
1280	-2	4	5797
1281	-2	4	5801
1282	-3	5	5806
1283	-2	4	5810
1284	-2	4	5814
1285	-2	4	5818
1286	-2	4	5822
1287	-2	4	5826
1288	-2	4	5830
1289	-2	4	5834
1290	-2	4	5838
1291	-2	4	5842
1292	-2	4	5846
1293	-2	4	5850
1294	-2	4	5854
1295	-2	4	5858
1296	-2	4	5862
1297	-2	4	5866
1298	-2	4	5870
1299	-2	4	5874
1300	-2	4	5878
1301	-2	4	5882
1302	-2	4	5886
1303	-2	4	5890
1304	-2	4	5894
1305	-2	4	5898
1306	-2	4	5902
1307	-2	4	5906
1308	-2	4	5910
1309	-2	4	5914
1310	-2	4	5918
1311	-2	4	5922
1312	-6	8	5930
1313	-2	4	5934
1314	-2	4	5938
1315	-2	4	5942
1316	-2	4	5946
1317	-2	4	5950
1318	-2	4	5954
1319	-2	4	5958
1320	-4	6	5964
1321	-2	4	5968
1322	-2	4	5972
1323	-2	4	5976
1324	-2	4	5980
1325	-2	4	5984
1326	-2	4	5988
1327	-2	4	5992
1328	-2	4	5996
1329	-2	4	6000
1330	-2	4	6004
1331	-2	4	6008
1332	-2	4	6012
1333	-2	4	6016
1334	-2	4	6020
1335	-2	4	6024
1336	-2	4	6028
1337	-2	4	6032
1338	-2	4	6036
1339	-2	4	6040
1340	-2	4	6044
1341	-2	4	6048
1342	-2	4	6052
1343	-2	4	6056
1344	-2	4	6060
1345	-2	4	6064
1346	-2	4	6068
1347	-2	4	6072
1348	-4	6	6078
1349	-4	6	6084
1350	-2	4	6088
1351	-2	4	6092
1352	-2	4	6096
1353	-2	4	6100
1354	-2	4	6104
1355	-2	4	6108
1356	-2	4	6112
1357	-2	4	6116
1358	-2	4	6120
1359	-2	4	6124
1360	-2	4	6128
1361	-2	4	6132
1362	-2	4	6136
1363	-2	4	6140
1364	-4	6	6146
1365	-2	4	6150
1366	-2	4	6154
1367	-2	4	6158
1368	-2	4	6162
1369	-2	4	6166
1370	-2	4	6170
1371	-2	4	6174
1372	-2	4	6178
1373	-2	4	6182
1374	-4	6	6188
1375	-2	4	6192
1376	-4	6	6198
1377	-2	4	6202
1378	-2	4	6206
1379	-2	4	6210
1380	-2	4	6214
1381	-2	4	6218
1382	-2	4	6222
1383	-2	4	6226
1384	-2	4	6230
1385	-4	6	6236
1386	-2	4	6240
1387	-2	4	6244
1388	-2	4	6248
1389	-2	4	6252
1390	-2	4	6256
1391	-2	4	6260
1392	-2	4	6264
1393	-2	4	6268
1394	-2	4	6272
1395	-2	4	6276
1396	-2	4	6280
1397	-2	4	6284
1398	-2	4	6288
1399	-2	4	6292
1400	-2	4	6296
1401	-2	4	6300
1402	-2	4	6304
1403	-2	4	6308
1404	-2	4	6312
1405	-2	4	6316
1406	-2	4	6320
1407	-2	4	6324
1408	-2	4	6328
1409	-2	4	6332
1410	-2	4	6336
1411	-2	4	6340
1412	-6	8	6348
1413	-2	4	6352
1414	-2	4	6356
1415	-2	4	6360
1416	-2	4	6364
1417	-2	4	6368
1418	-2	4	6372
1419	-2	4	6376
1420	-2	4	6380
1421	-3	5	6385
1422	-2	4	6389
1423	-2	4	6393
1424	-3	5	6398
1425	-2	4	6402
1426	-2	4	6406
1427	-2	4	6410
1428	-2	4	6414
1429	-2	4	6418
1430	-2	4	6422
1431	-4	6	6428
1432	-2	4	6432
1433	-2	4	6436
1434	-2	4	6440
1435	-2	4	6444
1436	-4	6	6450
1437	-2	4	6454
1438	-2	4	6458
1439	-2	4	6462
1440	-2	4	6466
1441	-2	4	6470
1442	-2	4	6474
1443	-2	4	6478
1444	-2	4	6482
1445	-2	4	6486
1446	-2	4	6490
1447	-2	4	6494
1448	-2	4	6498
1449	-2	4	6502
1450	-2	4	6506
1451	-2	4	6510
1452	-2	4	6514
1453	-2	4	6518
1454	-2	4	6522
1455	-2	4	6526
1456	-4	6	6532
1457	-2	4	6536
1458	-2	4	6540
1459	-2	4	6544
1460	-2	4	6548
1461	-2	4	6552
1462	-2	4	6556
1463	-2	4	6560
1464	-2	4	6564
1465	-2	4	6568
1466	-2	4	6572
1467	-2	4	6576
1468	-6	8	6584
1469	-2	4	6588
1470	-2	4	6592
1471	-2	4	6596
1472	-2	4	6600
1473	-2	4	6604
1474	-2	4	6608
1475	-2	4	6612
1476	-2	4	6616
1477	-2	4	6620
1478	-2	4	6624
1479	-2	4	6628
1480	-2	4	6632
1481	-2	4	6636
1482	-2	4	6640
1483	-2	4	6644
1484	-2	4	6648
1485	-4	6	6654
1486	-2	4	6658
1487	-2	4	6662
1488	-2	4	6666
1489	-2	4	6670
1490	-2	4	6674
1491	-2	4	6678
1492	-2	4	6682
1493	-2	4	6686
1494	-2	4	6690
1495	-2	4	6694
1496	-2	4	6698
1497	-2	4	6702
1498	-2	4	6706
1499	-2	4	6710
1500	-2	4	6714
1501	-2	4	6718
1502	-4	6	6724
1503	-5	7	6731
1504	-2	4	6735
1505	-2	4	6739
1506	-2	4	6743
1507	-2	4	6747
1508	-2	4	6751
1509	-2	4	6755
1510	-2	4	6759
1511	-2	4	6763
1512	-2	4	6767
1513	-2	4	6771
1514	-2	4	6775
1515	-2	4	6779
1516	-2	4	6783
1517	-2	4	6787
1518	-2	4	6791
1519	-2	4	6795
1520	-2	4	6799
1521	-2	4	6803
1522	-2	4	6807
1523	-2	4	6811
1524	-2	4	6815
1525	-2	4	6819
1526	-2	4	6823
1527	-2	4	6827
1528	-2	4	6831
1529	-2	4	6835
1530	-2	4	6839
1531	-3	5	6844
1532	-2	4	6848
1533	-2	4	6852
1534	-2	4	6856
1535	-3	5	6861
1536	-2	4	6865
1537	-2	4	6869
1538	-2	4	6873
1539	-2	4	6877
1540	-2	4	6881
1541	-2	4	6885
1542	-2	4	6889
1543	-2	4	6893
1544	-2	4	6897
1545	-2	4	6901
1546	-2	4	6905
1547	-2	4	6909
1548	-2	4	6913
1549	-2	4	6917
1550	-2	4	6921
1551	-2	4	6925
1552	-2	4	6929
1553	-2	4	6933
1554	-2	4	6937
1555	-2	4	6941
1556	-2	4	6945
1557	-2	4	6949
1558	-2	4	6953
1559	-2	4	6957
1560	-2	4	6961
1561	-2	4	6965
1562	-2	4	6969
1563	-2	4	6973
1564	-2	4	6977
1565	-2	4	6981
1566	-2	4	6985
1567	-2	4	6989
1568	-2	4	6993
1569	-2	4	6997
1570	-2	4	7001
1571	-2	4	7005
1572	-2	4	7009
1573	-2	4	7013
1574	-2	4	7017
1575	-2	4	7021
1576	-2	4	7025
1577	-2	4	7029
1578	-2	4	7033
1579	-2	4	7037
1580	-2	4	7041
1581	-2	4	7045
1582	-2	4	7049
1583	-2	4	7053
1584	-2	4	7057
1585	-2	4	7061
1586	-2	4	7065
1587	-2	4	7069
1588	-4	6	7075
1589	-2	4	7079
1590	-2	4	7083
1591	-2	4	7087
1592	-2	4	7091
1593	-2	4	7095
1594	-4	6	7101
1595	-2	4	7105
1596	-2	4	7109
1597	-2	4	7113
1598	-2	4	7117
1599	-2	4	7121
1600	-2	4	7125
1601	-4	6	7131
1602	-2	4	7135
1603	-2	4	7139
1604	-2	4	7143
1605	-2	4	7147
1606	-2	4	7151
1607	-2	4	7155
1608	-2	4	7159
1609	-2	4	7163
1610	-2	4	7167
1611	-2	4	7171
1612	-2	4	7175
1613	-2	4	7179
1614	-2	4	7183
1615	-2	4	7187
1616	-2	4	7191
1617	-2	4	7195
1618	-2	4	7199
1619	-2	4	7203
1620	-2	4	7207
1621	-2	4	7211
1622	-2	4	7215
1623	-2	4	7219
1624	-2	4	7223
1625	-2	4	7227
1626	-2	4	7231
1627	-2	4	7235
1628	-2	4	7239
1629	-2	4	7243
1630	-2	4	7247
1631	-2	4	7251
1632	-2	4	7255
1633	-3	5	7260
1634	-4	6	7266
1635	-2	4	7270
1636	-2	4	7274
1637	-3	5	7279
1638	-2	4	7283
1639	-2	4	7287
1640	-2	4	7291
1641	-2	4	7295
1642	-2	4	7299
1643	-2	4	7303
1644	-4	6	7309
1645	-2	4	7313
1646	-2	4	7317
1647	-2	4	7321
1648	-2	4	7325
1649	-2	4	7329
1650	-2	4	7333
1651	-2	4	7337
1652	-2	4	7341
1653	-2	4	7345
1654	-2	4	7349
1655	-2	4	7353
1656	-2	4	7357
1657	-2	4	7361
1658	-2	4	7365
1659	-2	4	7369
1660	-2	4	7373
1661	-2	4	7377
1662	-2	4	7381
1663	-2	4	7385
1664	-2	4	7389
1665	-2	4	7393
1666	-2	4	7397
1667	-2	4	7401
1668	-2	4	7405
1669	-2	4	7409
1670	-2	4	7413
1671	-2	4	7417
1672	-2	4	7421
1673	-2	4	7425
1674	-2	4	7429
1675	-2	4	7433
1676	-2	4	7437
1677	-2	4	7441
1678	-2	4	7445
1679	-2	4	7449
1680	-2	4	7453
1681	-2	4	7457
1682	-2	4	7461
1683	-2	4	7465
1684	-2	4	7469
1685	-2	4	7473
1686	-2	4	7477
1687	-2	4	7481
1688	-2	4	7485
1689	-2	4	7489
1690	-2	4	7493
1691	-2	4	7497
1692	-2	4	7501
1693	-2	4	7505
1694	-2	4	7509
1695	-2	4	7513
1696	-2	4	7517
1697	-2	4	7521
1698	-2	4	7525
1699	-2	4	7529
1700	-2	4	7533
1701	-2	4	7537
1702	-2	4	7541
1703	-2	4	7545
1704	-2	4	7549
1705	-2	4	7553
1706	-2	4	7557
1707	-2	4	7561
1708	-2	4	7565
1709	-2	4	7569
1710	-2	4	7573
1711	-2	4	7577
1712	-2	4	7581
1713	-2	4	7585
1714	-2	4	7589
1715	-2	4	7593
1716	-2	4	7597
1717	-2	4	7601
1718	-2	4	7605
1719	-2	4	7609
1720	-2	4	7613
1721	-2	4	7617
1722	-2	4	7621
1723	-2	4	7625
1724	-2	4	7629
1725	-2	4	7633
1726	-2	4	7637
1727	-2	4	7641
1728	-2	4	7645
1729	-2	4	7649
1730	-2	4	7653
1731	-2	4	7657
1732	-2	4	7661
1733	-2	4	7665
1734	-2	4	7669
1735	-2	4	7673
1736	-2	4	7677
1737	-2	4	7681
1738	-4	6	7687
1739	-2	4	7691
1740	-4	6	7697
1741	-2	4	7701
1742	-2	4	7705
1743	-2	4	7709
1744	-2	4	7713
1745	-2	4	7717
1746	-2	4	7721
1747	-4	6	7727
1748	-2	4	7731
1749	-2	4	7735
1750	-2	4	7739
1751	-2	4	7743
1752	-2	4	7747
1753	-2	4	7751
1754	-2	4	7755
1755	-2	4	7759
1756	-2	4	7763
1757	-2	4	7767
1758	-2	4	7771
1759	-4	6	7777
1760	-2	4	7781
1761	-2	4	7785
1762	-4	6	7791
1763	-2	4	7795
1764	-2	4	7799
1765	-2	4	7803
1766	-2	4	7807
1767	-2	4	7811
1768	-2	4	7815
1769	-2	4	7819
1770	-2	4	7823
1771	-2	4	7827
1772	-2	4	7831
1773	-2	4	7835
1774	-2	4	7839
1775	-2	4	7843
1776	-2	4	7847
1777	-2	4	7851
1778	-2	4	7855
1779	-2	4	7859
1780	-2	4	7863
1781	-2	4	7867
1782	-2	4	7871
1783	-2	4	7875
1784	-2	4	7879
1785	-2	4	7883
1786	-2	4	7887
1787	-2	4	7891
1788	-2	4	7895
1789	-4	6	7901
1790	-2	4	7905
1791	-2	4	7909
1792	-2	4	7913
1793	-2	4	7917
1794	-2	4	7921
1795	-2	4	7925
1796	-2	4	7929
1797	-4	6	7935
1798	-2	4	7939
1799	-4	6	7945
1800	-2	4	7949
1801	-2	4	7953
1802	-4	6	7959
1803	-2	4	7963
1804	-2	4	7967
1805	-2	4	7971
1806	-2	4	7975
1807	-2	4	7979
1808	-3	5	7984
1809	-2	4	7988
1810	-2	4	7992
1811	-2	4	7996
1812	-2	4	8000
1813	-2	4	8004
1814	-2	4	8008
1815	-2	4	8012
1816	-2	4	8016
1817	-2	4	8020
1818	-2	4	8024
1819	-2	4	8028
1820	-2	4	8032
1821	-2	4	8036
1822	-4	6	8042
1823	-2	4	8046
1824	-2	4	8050
1825	-2	4	8054
1826	-2	4	8058
1827	-2	4	8062
1828	-2	4	8066
1829	-2	4	8070
1830	-2	4	8074
1831	-2	4	8078
1832	-2	4	8082
1833	-2	4	8086
1834	-2	4	8090
1835	-2	4	8094
1836	-2	4	8098
1837	-2	4	8102
1838	-2	4	8106
1839	-3	5	8111
1840	-2	4	8115
1841	-2	4	8119
1842	-2	4	8123
1843	-2	4	8127
1844	-2	4	8131
1845	-2	4	8135
1846	-2	4	8139
1847	-2	4	8143
1848	-2	4	8147
1849	-2	4	8151
1850	-2	4	8155
1851	-2	4	8159
1852	-2	4	8163
1853	-2	4	8167
1854	-2	4	8171
1855	-2	4	8175
1856	-2	4	8179
1857	-2	4	8183
1858	-2	4	8187
1859	-2	4	8191
1860	-2	4	8195
1861	-2	4	8199
1862	-2	4	8203
1863	-2	4	8207
1864	-3	5	8212
1865	-2	4	8216
1866	-2	4	8220
1867	-2	4	8224
1868	-3	5	8229
1869	-2	4	8233
1870	-2	4	8237
1871	-2	4	8241
1872	-2	4	8245
1873	-2	4	8249
1874	-2	4	8253
1875	-2	4	8257
1876	-2	4	8261
1877	-2	4	8265
1878	-2	4	8269
1879	-3	5	8274
1880	-2	4	8278
1881	-2	4	8282
1882	-2	4	8286
1883	-2	4	8290
1884	-2	4	8294
1885	-2	4	8298
1886	-2	4	8302
1887	-2	4	8306
1888	-2	4	8310
1889	-2	4	8314
1890	-2	4	8318
1891	-2	4	8322
1892	-2	4	8326
1893	-2	4	8330
1894	-2	4	8334
1895	-2	4	8338
1896	-2	4	8342
1897	-2	4	8346
1898	-2	4	8350
1899	-2	4	8354
1900	-2	4	8358
1901	-2	4	8362
1902	-2	4	8366
1903	-4	6	8372
1904	-2	4	8376
1905	-2	4	8380
1906	-2	4	8384
1907	-2	4	8388
1908	-2	4	8392
1909	-2	4	8396
1910	-2	4	8400
1911	-2	4	8404
1912	-2	4	8408
1913	-2	4	8412
1914	-2	4	8416
1915	-4	6	8422
1916	-2	4	8426
1917	-2	4	8430
1918	-2	4	8434
1919	-2	4	8438
1920	-2	4	8442
1921	-2	4	8446
1922	-2	4	8450
1923	-2	4	8454
1924	-2	4	8458
1925	-2	4	8462
1926	-2	4	8466
1927	-2	4	8470
1928	-4	6	8476
1929	-2	4	8480
1930	-2	4	8484
1931	-2	4	8488
1932	-2	4	8492
1933	-2	4	8496
1934	-2	4	8500
1935	-2	4	8504
1936	-2	4	8508
1937	-2	4	8512
1938	-2	4	8516
1939	-4	6	8522
1940	-2	4	8526
1941	-2	4	8530
1942	-2	4	8534
1943	-4	6	8540
1944	-2	4	8544
1945	-2	4	8548
1946	-2	4	8552
1947	-2	4	8556
1948	-2	4	8560
1949	-2	4	8564
1950	-2	4	8568
1951	-2	4	8572
1952	-2	4	8576
1953	-2	4	8580
1954	-2	4	8584
1955	-2	4	8588
1956	-2	4	8592
1957	-2	4	8596
1958	-2	4	8600
1959	-2	4	8604
1960	-2	4	8608
1961	-2	4	8612
1962	-2	4	8616
1963	-2	4	8620
1964	-2	4	8624
1965	-2	4	8628
1966	-2	4	8632
1967	-2	4	8636
1968	-2	4	8640
1969	-2	4	8644
1970	-2	4	8648
1971	-5	7	8655
1972	-2	4	8659
1973	-2	4	8663
1974	-2	4	8667
1975	-2	4	8671
1976	-2	4	8675
1977	-2	4	8679
1978	-2	4	8683
1979	-2	4	8687
1980	-2	4	8691
1981	-2	4	8695
1982	-2	4	8699
1983	-2	4	8703
1984	-2	4	8707
1985	-4	6	8713
1986	-2	4	8717
1987	-2	4	8721
1988	-2	4	8725
1989	-2	4	8729
1990	-2	4	8733
1991	-2	4	8737
1992	-2	4	8741
1993	-2	4	8745
1994	-2	4	8749
1995	-2	4	8753
1996	-2	4	8757
1997	-2	4	8761
1998	-2	4	8765
1999	-2	4	8769
2000	-2	4	8773
2001	-2	4	8777
2002	-2	4	8781
2003	-2	4	8785
2004	-2	4	8789
2005	-2	4	8793
2006	-2	4	8797
2007	-2	4	8801
2008	-2	4	8805
2009	-2	4	8809
2010	-2	4	8813
2011	-2	4	8817
2012	-2	4	8821
2013	-2	4	8825
2014	-2	4	8829
2015	-2	4	8833
2016	-2	4	8837
2017	-2	4	8841
2018	-2	4	8845
2019	-2	4	8849
2020	-2	4	8853
2021	-2	4	8857
2022	-3	5	8862
2023	-2	4	8866
2024	-2	4	8870
2025	-2	4	8874
2026	-2	4	8878
2027	-2	4	8882
2028	-2	4	8886
2029	-2	4	8890
2030	-2	4	8894
2031	-4	6	8900
2032	-2	4	8904
2033	-2	4	8908
2034	-2	4	8912
2035	-2	4	8916
2036	-2	4	8920
2037	-2	4	8924
2038	-2	4	8928
2039	-2	4	8932
2040	-2	4	8936
2041	-2	4	8940
2042	-2	4	8944
2043	-2	4	8948
2044	-2	4	8952
2045	-2	4	8956
2046	-6	8	8964
2047	-4	6	8970
2048	-2	4	8974
2049	-2	4	8978
2050	-2	4	8982
2051	-2	4	8986
2052	-2	4	8990
2053	-2	4	8994
2054	-2	4	8998
2055	-2	4	9002
2056	-2	4	9006
2057	-4	6	9012
2058	-2	4	9016
2059	-2	4	9020
2060	-4	6	9026
2061	-2	4	9030
2062	-2	4	9034
2063	-2	4	9038
2064	-4	6	9044
2065	-2	4	9048
2066	-2	4	9052
2067	-2	4	9056
2068	-2	4	9060
2069	-2	4	9064
2070	-2	4	9068
2071	-2	4	9072
2072	-2	4	9076
2073	-2	4	9080
2074	-4	6	9086
2075	-2	4	9090
2076	-2	4	9094
2077	-2	4	9098
2078	-2	4	9102
2079	-2	4	9106
2080	-2	4	9110
2081	-4	6	9116
2082	-3	5	9121
2083	-2	4	9125
2084	-2	4	9129
2085	-2	4	9133
2086	-2	4	9137
2087	-2	4	9141
2088	-2	4	9145
2089	-2	4	9149
2090	-2	4	9153
2091	-2	4	9157
2092	-2	4	9161
2093	-2	4	9165
2094	-2	4	9169
2095	-2	4	9173
2096	-2	4	9177
2097	-3	5	9182
2098	-2	4	9186
2099	-2	4	9190
2100	-2	4	9194
2101	-2	4	9198
2102	-2	4	9202
2103	-2	4	9206
2104	-2	4	9210
2105	-2	4	9214
2106	-2	4	9218
2107	-2	4	9222
2108	-2	4	9226
2109	-2	4	9230
2110	-2	4	9234
2111	-2	4	9238
2112	-2	4	9242
2113	-2	4	9246
2114	-2	4	9250
2115	-2	4	9254
2116	-2	4	9258
2117	-2	4	9262
2118	-2	4	9266
2119	-2	4	9270
2120	-2	4	9274
2121	-2	4	9278
2122	-2	4	9282
2123	-2	4	9286
2124	-2	4	9290
2125	-2	4	9294
2126	-2	4	9298
2127	-2	4	9302
2128	-2	4	9306
2129	-4	6	9312
2130	-2	4	9316
2131	-2	4	9320
2132	-2	4	9324
2133	-2	4	9328
2134	-2	4	9332
2135	-2	4	9336
2136	-2	4	9340
2137	-2	4	9344
2138	-2	4	9348
2139	-2	4	9352
2140	-2	4	9356
2141	-2	4	9360
2142	-2	4	9364
2143	-2	4	9368
2144	-2	4	9372
2145	-2	4	9376
2146	-2	4	9380
2147	-2	4	9384
2148	-2	4	9388
2149	-2	4	9392
2150	-4	6	9398
2151	-2	4	9402
2152	-2	4	9406
2153	-2	4	9410
2154	-2	4	9414
2155	-2	4	9418
2156	-2	4	9422
2157	-2	4	9426
2158	-2	4	9430
2159	-2	4	9434
2160	-2	4	9438
2161	-2	4	9442
2162	-4	6	9448
2163	-2	4	9452
2164	-2	4	9456
2165	-2	4	9460
2166	-2	4	9464
2167	-2	4	9468
2168	-2	4	9472
2169	-2	4	9476
2170	-2	4	9480
2171	-2	4	9484
2172	-2	4	9488
2173	-2	4	9492
2174	-2	4	9496
2175	-4	6	9502
2176	-2	4	9506
2177	-2	4	9510
2178	-2	4	9514
2179	-2	4	9518
2180	-4	6	9524
2181	-2	4	9528
2182	-4	6	9534
2183	-2	4	9538
2184	-2	4	9542
2185	-2	4	9546
2186	-2	4	9550
2187	-2	4	9554
2188	-2	4	9558
2189	-2	4	9562
2190	-4	6	9568
2191	-3	5	9573
2192	-2	4	9577
2193	-2	4	9581
2194	-3	5	9586
2195	-4	6	9592
2196	-2	4	9596
2197	-4	6	9602
2198	-2	4	9606
2199	-2	4	9610
2200	-2	4	9614
2201	-2	4	9618
2202	-2	4	9622
2203	-2	4	9626
2204	-2	4	9630
2205	-2	4	9634
2206	-2	4	9638
2207	-2	4	9642
2208	-2	4	9646
2209	-2	4	9650
2210	-2	4	9654
2211	-2	4	9658
2212	-2	4	9662
2213	-2	4	9666
2214	-2	4	9670
2215	-2	4	9674
2216	-3	5	9679
2217	-2	4	9683
2218	-2	4	9687
2219	-2	4	9691
2220	-2	4	9695
2221	-2	4	9699
2222	-2	4	9703
2223	-2	4	9707
2224	-2	4	9711
2225	-2	4	9715
2226	-2	4	9719
2227	-2	4	9723
2228	-2	4	9727
2229	-2	4	9731
2230	-4	6	9737
2231	-2	4	9741
2232	-2	4	9745
2233	-2	4	9749
2234	-2	4	9753
2235	-2	4	9757
2236	-4	6	9763
2237	-3	5	9768
2238	-2	4	9772
2239	-4	6	9778
2240	-2	4	9782
2241	-3	5	9787
2242	-2	4	9791
2243	-2	4	9795
2244	-2	4	9799
2245	-2	4	9803
2246	-4	6	9809
2247	-2	4	9813
2248	-2	4	9817
2249	-2	4	9821
2250	-2	4	9825
2251	-2	4	9829
2252	-2	4	9833
2253	-2	4	9837
2254	-2	4	9841
2255	-2	4	9845
2256	-2	4	9849
2257	-2	4	9853
2258	-2	4	9857
2259	-4	6	9863
2260	-2	4	9867
2261	-2	4	9871
2262	-2	4	9875
2263	-2	4	9879
2264	-2	4	9883
2265	-2	4	9887
2266	-2	4	9891
2267	-4	6	9897
2268	-2	4	9901
2269	-2	4	9905
2270	-2	4	9909
2271	-2	4	9913
2272	-2	4	9917
2273	-2	4	9921
2274	-2	4	9925
2275	-2	4	9929
2276	-2	4	9933
2277	-2	4	9937
2278	-2	4	9941
2279	-6	8	9949
2280	-2	4	9953
2281	-3	5	9958
2282	-2	4	9962
2283	-2	4	9966
2284	-2	4	9970
2285	-4	6	9976
2286	-2	4	9980
2287	-2	4	9984
2288	-2	4	9988
2289	-2	4	9992
2290	-2	4	9996
2291	-2	4	10000
2292	-2	4	10004
2293	-2	4	10008
2294	-2	4	10012
2295	-4	6	10018
2296	-2	4	10022
2297	-2	4	10026
2298	-2	4	10030
2299	-4	6	10036
2300	-4	6	10042
2301	-2	4	10046
2302	-4	6	10052
2303	-2	4	10056
2304	-2	4	10060
2305	-2	4	10064
2306	-2	4	10068
2307	-2	4	10072
2308	-2	4	10076
2309	-2	4	10080
2310	-2	4	10084
2311	-2	4	10088
2312	-2	4	10092
2313	-2	4	10096
2314	-2	4	10100
2315	-2	4	10104
2316	-2	4	10108
2317	-2	4	10112
2318	-2	4	10116
2319	-2	4	10120
2320	-2	4	10124
2321	-2	4	10128
2322	-2	4	10132
2323	-2	4	10136
2324	-2	4	10140
2325	-2	4	10144
2326	-2	4	10148
2327	-2	4	10152
2328	-2	4	10156
2329	-2	4	10160
2330	-2	4	10164
2331	-2	4	10168
2332	-2	4	10172
2333	-2	4	10176
2334	-2	4	10180
2335	-2	4	10184
2336	-2	4	10188
2337	-2	4	10192
2338	-2	4	10196
2339	-2	4	10200
2340	-3	5	10205
2341	-2	4	10209
2342	-2	4	10213
2343	-2	4	10217
2344	-2	4	10221
2345	-2	4	10225
2346	-2	4	10229
2347	-2	4	10233
2348	-5	7	10240
2349	-2	4	10244
2350	-3	5	10249
2351	-2	4	10253
2352	-2	4	10257
2353	-2	4	10261
2354	-2	4	10265
2355	-4	6	10271
2356	-2	4	10275
2357	-2	4	10279
2358	-2	4	10283
2359	-2	4	10287
2360	-2	4	10291
2361	-2	4	10295
2362	-2	4	10299
2363	-2	4	10303
2364	-2	4	10307
2365	-2	4	10311
2366	-2	4	10315
2367	-2	4	10319
2368	-2	4	10323
2369	-2	4	10327
2370	-2	4	10331
2371	-2	4	10335
2372	-2	4	10339
2373	-2	4	10343
2374	-2	4	10347
2375	-2	4	10351
2376	-2	4	10355
2377	-2	4	10359
2378	-2	4	10363
2379	-2	4	10367
2380	-2	4	10371
2381	-2	4	10375
2382	-2	4	10379
2383	-2	4	10383
2384	-2	4	10387
2385	-2	4	10391
2386	-2	4	10395
2387	-2	4	10399
2388	-2	4	10403
2389	-2	4	10407
2390	-2	4	10411
2391	-2	4	10415
2392	-2	4	10419
2393	-2	4	10423
2394	-2	4	10427
2395	-2	4	10431
2396	-4	6	10437
2397	-2	4	10441
2398	-2	4	10445
2399	-2	4	10449
2400	-2	4	10453
2401	-2	4	10457
2402	-2	4	10461
2403	-2	4	10465
2404	-2	4	10469
2405	-2	4	10473
2406	-2	4	10477
2407	-2	4	10481
2408	-2	4	10485
2409	-2	4	10489
2410	-2	4	10493
2411	-2	4	10497
2412	-4	6	10503
2413	-2	4	10507
2414	-2	4	10511
2415	-2	4	10515
2416	-2	4	10519
2417	-3	5	10524
2418	-2	4	10528
2419	-2	4	10532
2420	-2	4	10536
2421	-2	4	10540
2422	-2	4	10544
2423	-2	4	10548
2424	-2	4	10552
2425	-2	4	10556
2426	-2	4	10560
2427	-2	4	10564
2428	-2	4	10568
2429	-2	4	10572
2430	-2	4	10576
2431	-2	4	10580
2432	-2	4	10584
2433	-2	4	10588
2434	-2	4	10592
2435	-2	4	10596
2436	-2	4	10600
2437	-2	4	10604
2438	-2	4	10608
2439	-2	4	10612
2440	-2	4	10616
2441	-2	4	10620
2442	-2	4	10624
2443	-2	4	10628
2444	-2	4	10632
2445	-2	4	10636
2446	-4	6	10642
2447	-2	4	10646
2448	-2	4	10650
2449	-2	4	10654
2450	-2	4	10658
2451	-2	4	10662
2452	-2	4	10666
2453	-2	4	10670
2454	-4	6	10676
2455	-2	4	10680
2456	-2	4	10684
2457	-2	4	10688
2458	-2	4	10692
2459	-2	4	10696
2460	-2	4	10700
2461	-3	5	10705
2462	-2	4	10709
2463	-2	4	10713
2464	-2	4	10717
2465	-2	4	10721
2466	-2	4	10725
2467	-2	4	10729
2468	-2	4	10733
2469	-2	4	10737
2470	-4	6	10743
2471	-2	4	10747
2472	-2	4	10751
2473	-2	4	10755
2474	-2	4	10759
2475	-2	4	10763
2476	-2	4	10767
2477	-2	4	10771
2478	-4	6	10777
2479	-2	4	10781
2480	-2	4	10785
2481	-2	4	10789
2482	-2	4	10793
2483	-4	6	10799
2484	-2	4	10803
2485	-2	4	10807
2486	-2	4	10811
2487	-2	4	10815
2488	-2	4	10819
2489	-2	4	10823
2490	-2	4	10827
2491	-2	4	10831
2492	-2	4	10835
2493	-4	6	10841
2494	-4	6	10847
2495	-2	4	10851
2496	-2	4	10855
2497	-2	4	10859
2498	-2	4	10863
2499	-2	4	10867
2500	-2	4	10871
2501	-2	4	10875
2502	-2	4	10879
2503	-2	4	10883
2504	-2	4	10887
2505	-2	4	10891
2506	-2	4	10895
2507	-2	4	10899
2508	-2	4	10903
2509	-2	4	10907
2510	-2	4	10911
2511	-2	4	10915
2512	-2	4	10919
2513	-2	4	10923
2514	-2	4	10927
2515	-2	4	10931
2516	-2	4	10935
2517	-4	6	10941
2518	-2	4	10945
2519	-2	4	10949
2520	-2	4	10953
2521	-2	4	10957
2522	-2	4	10961
2523	-4	6	10967
2524	-4	6	10973
2525	-2	4	10977
2526	-2	4	10981
2527	-2	4	10985
2528	-2	4	10989
2529	-2	4	10993
2530	-2	4	10997
2531	-2	4	11001
2532	-2	4	11005
2533	-2	4	11009
2534	-2	4	11013
2535	-2	4	11017
2536	-4	6	11023
2537	-2	4	11027
2538	-2	4	11031
2539	-2	4	11035
2540	-2	4	11039
2541	-2	4	11043
2542	-2	4	11047
2543	-2	4	11051
2544	-2	4	11055
2545	-4	6	11061
2546	-2	4	11065
2547	-2	4	11069
2548	-2	4	11073
2549	-2	4	11077
2550	-2	4	11081
2551	-2	4	11085
2552	-2	4	11089
2553	-4	6	11095
2554	-2	4	11099
2555	-2	4	11103
2556	-2	4	11107
2557	-2	4	11111
2558	-2	4	11115
2559	-2	4	11119
2560	-2	4	11123
2561	-2	4	11127
2562	-2	4	11131
2563	-2	4	11135
2564	-2	4	11139
2565	-2	4	11143
2566	-2	4	11147
2567	-2	4	11151
2568	-2	4	11155
2569	-2	4	11159
2570	-2	4	11163
2571	-2	4	11167
2572	-2	4	11171
2573	-2	4	11175
2574	-2	4	11179
2575	-2	4	11183
2576	-4	6	11189
2577	-2	4	11193
2578	-2	4	11197
2579	-2	4	11201
2580	-2	4	11205
2581	-2	4	11209
2582	-2	4	11213
2583	-2	4	11217
2584	-2	4	11221
2585	-2	4	11225
2586	-2	4	11229
2587	-2	4	11233
2588	-2	4	11237
2589	-2	4	11241
2590	-2	4	11245
2591	-2	4	11249
2592	-2	4	11253
2593	-2	4	11257
2594	-2	4	11261
2595	-2	4	11265
2596	-2	4	11269
2597	-2	4	11273
2598	-4	6	11279
2599	-2	4	11283
2600	-2	4	11287
2601	-2	4	11291
2602	-2	4	11295
2603	-2	4	11299
2604	-2	4	11303
2605	-2	4	11307
2606	-2	4	11311
2607	-2	4	11315
2608	-2	4	11319
2609	-2	4	11323
2610	-2	4	11327
2611	-2	4	11331
2612	-2	4	11335
2613	-2	4	11339
2614	-2	4	11343
2615	-2	4	11347
2616	-2	4	11351
2617	-4	6	11357
2618	-2	4	11361
2619	-2	4	11365
2620	-2	4	11369
2621	-2	4	11373
2622	-2	4	11377
2623	-2	4	11381
2624	-2	4	11385
2625	-2	4	11389
2626	-2	4	11393
2627	-2	4	11397
2628	-2	4	11401
2629	-2	4	11405
2630	-2	4	11409
2631	-2	4	11413
2632	-2	4	11417
2633	-2	4	11421
2634	-4	6	11427
2635	-2	4	11431
2636	-2	4	11435
2637	-2	4	11439
2638	-2	4	11443
2639	-3	5	11448
2640	-2	4	11452
2641	-2	4	11456
2642	-2	4	11460
2643	-2	4	11464
2644	-2	4	11468
2645	-2	4	11472
2646	-2	4	11476
2647	-2	4	11480
2648	-2	4	11484
2649	-2	4	11488
2650	-2	4	11492
2651	-2	4	11496
2652	-2	4	11500
2653	-2	4	11504
2654	-2	4	11508
2655	-2	4	11512
2656	-2	4	11516
2657	-2	4	11520
2658	-2	4	11524
2659	-2	4	11528
2660	-2	4	11532
2661	-2	4	11536
2662	-2	4	11540
2663	-2	4	11544
2664	-2	4	11548
2665	-2	4	11552
2666	-5	7	11559
2667	-2	4	11563
2668	-2	4	11567
2669	-2	4	11571
2670	-2	4	11575
2671	-2	4	11579
2672	-2	4	11583
2673	-2	4	11587
2674	-2	4	11591
2675	-2	4	11595
2676	-2	4	11599
2677	-2	4	11603
2678	-2	4	11607
2679	-2	4	11611
2680	-2	4	11615
2681	-2	4	11619
2682	-2	4	11623
2683	-2	4	11627
2684	-2	4	11631
2685	-2	4	11635
2686	-2	4	11639
2687	-2	4	11643
2688	-2	4	11647
2689	-2	4	11651
2690	-2	4	11655
2691	-2	4	11659
2692	-5	7	11666
2693	-2	4	11670
2694	-2	4	11674
2695	-2	4	11678
2696	-2	4	11682
2697	-2	4	11686
2698	-2	4	11690
2699	-2	4	11694
2700	-2	4	11698
2701	-2	4	11702
2702	-2	4	11706
2703	-2	4	11710
2704	-2	4	11714
2705	-4	6	11720
2706	-2	4	11724
2707	-2	4	11728
2708	-2	4	11732
2709	-2	4	11736
2710	-4	6	11742
2711	-2	4	11746
2712	-2	4	11750
2713	-2	4	11754
2714	-3	5	11759
2715	-4	6	11765
2716	-2	4	11769
2717	-2	4	11773
2718	-2	4	11777
2719	-2	4	11781
2720	-2	4	11785
2721	-2	4	11789
2722	-2	4	11793
2723	-2	4	11797
2724	-2	4	11801
2725	-2	4	11805
2726	-2	4	11809
2727	-2	4	11813
2728	-2	4	11817
2729	-3	5	11822
2730	-2	4	11826
2731	-2	4	11830
2732	-4	6	11836
2733	-2	4	11840
2734	-2	4	11844
2735	-2	4	11848
2736	-2	4	11852
2737	-2	4	11856
2738	-2	4	11860
2739	-2	4	11864
2740	-2	4	11868
2741	-2	4	11872
2742	-2	4	11876
2743	-2	4	11880
2744	-2	4	11884
2745	-2	4	11888
2746	-2	4	11892
2747	-2	4	11896
2748	-2	4	11900
2749	-2	4	11904
2750	-2	4	11908
2751	-2	4	11912
2752	-2	4	11916
2753	-2	4	11920
2754	-2	4	11924
2755	-2	4	11928
2756	-2	4	11932
2757	-2	4	11936
2758	-2	4	11940
2759	-2	4	11944
2760	-2	4	11948
2761	-4	6	11954
2762	-3	5	11959
2763	-2	4	11963
2764	-2	4	11967
2765	-2	4	11971
2766	-2	4	11975
2767	-2	4	11979
2768	-2	4	11983
2769	-3	5	11988
2770	-2	4	11992
2771	-2	4	11996
2772	-2	4	12000
2773	-2	4	12004
2774	-2	4	12008
2775	-4	6	12014
2776	-2	4	12018
2777	-2	4	12022
2778	-2	4	12026
2779	-2	4	12030
2780	-2	4	12034
2781	-2	4	12038
2782	-2	4	12042
2783	-2	4	12046
2784	-2	4	12050
2785	-2	4	12054
2786	-2	4	12058
2787	-2	4	12062
2788	-2	4	12066
2789	-2	4	12070
2790	-2	4	12074
2791	-2	4	12078
2792	-2	4	12082
2793	-2	4	12086
2794	-2	4	12090
2795	-2	4	12094
2796	-2	4	12098
2797	-2	4	12102
2798	-2	4	12106
2799	-2	4	12110
2800	-2	4	12114
2801	-2	4	12118
2802	-2	4	12122
2803	-2	4	12126
2804	-2	4	12130
2805	-2	4	12134
2806	-2	4	12138
2807	-2	4	12142
2808	-2	4	12146
2809	-4	6	12152
2810	-2	4	12156
2811	-2	4	12160
2812	-4	6	12166
2813	-2	4	12170
2814	-2	4	12174
2815	-2	4	12178
2816	-2	4	12182
2817	-2	4	12186
2818	-2	4	12190
2819	-2	4	12194
2820	-2	4	12198
2821	-2	4	12202
2822	-2	4	12206
2823	-4	6	12212
2824	-2	4	12216
2825	-2	4	12220
2826	-2	4	12224
2827	-2	4	12228
2828	-2	4	12232
2829	-2	4	12236
2830	-2	4	12240
2831	-2	4	12244
2832	-2	4	12248
2833	-2	4	12252
2834	-4	6	12258
2835	-2	4	12262
2836	-2	4	12266
2837	-2	4	12270
2838	-2	4	12274
2839	-2	4	12278
2840	-2	4	12282
2841	-2	4	12286
2842	-2	4	12290
2843	-2	4	12294
2844	-2	4	12298
2845	-2	4	12302
2846	-2	4	12306
2847	-2	4	12310
2848	-2	4	12314
2849	-2	4	12318
2850	-2	4	12322
2851	-2	4	12326
2852	-2	4	12330
2853	-2	4	12334
2854	-2	4	12338
2855	-2	4	12342
2856	-2	4	12346
2857	-2	4	12350
2858	-2	4	12354
2859	-2	4	12358
2860	-2	4	12362
2861	-2	4	12366
2862	-2	4	12370
2863	-2	4	12374
2864	-2	4	12378
2865	-2	4	12382
2866	-2	4	12386
2867	-2	4	12390
2868	-2	4	12394
2869	-2	4	12398
2870	-2	4	12402
2871	-2	4	12406
2872	-2	4	12410
2873	-2	4	12414
2874	-2	4	12418
2875	-2	4	12422
2876	-2	4	12426
2877	-2	4	12430
2878	-2	4	12434
2879	-2	4	12438
2880	-2	4	12442
2881	-2	4	12446
2882	-4	6	12452
2883	-2	4	12456
2884	-2	4	12460
2885	-2	4	12464
2886	-2	4	12468
2887	-2	4	12472
2888	-4	6	12478
2889	-2	4	12482
2890	-2	4	12486
2891	-2	4	12490
2892	-2	4	12494
2893	-3	5	12499
2894	-2	4	12503
2895	-2	4	12507
2896	-2	4	12511
2897	-2	4	12515
2898	-3	5	12520
2899	-2	4	12524
2900	-2	4	12528
2901	-2	4	12532
2902	-2	4	12536
2903	-2	4	12540
2904	-2	4	12544
2905	-2	4	12548
2906	-3	5	12553
2907	-2	4	12557
2908	-4	6	12563
2909	-4	6	12569
2910	-2	4	12573
2911	-2	4	12577
2912	-2	4	12581
2913	-2	4	12585
2914	-2	4	12589
2915	-2	4	12593
2916	-2	4	12597
2917	-2	4	12601
2918	-2	4	12605
2919	-2	4	12609
2920	-3	5	12614
2921	-2	4	12618
2922	-2	4	12622
2923	-2	4	12626
2924	-2	4	12630
2925	-2	4	12634
2926	-2	4	12638
2927	-2	4	12642
2928	-2	4	12646
2929	-2	4	12650
2930	-2	4	12654
2931	-2	4	12658
2932	-2	4	12662
2933	-2	4	12666
2934	-2	4	12670
2935	-2	4	12674
2936	-2	4	12678
2937	-2	4	12682
2938	-2	4	12686
2939	-2	4	12690
2940	-2	4	12694
2941	-2	4	12698
2942	-3	5	12703
2943	-2	4	12707
2944	-2	4	12711
2945	-2	4	12715
2946	-2	4	12719
2947	-2	4	12723
2948	-2	4	12727
2949	-2	4	12731
2950	-2	4	12735
2951	-2	4	12739
2952	-2	4	12743
2953	-2	4	12747
2954	-2	4	12751
2955	-2	4	12755
2956	-2	4	12759
2957	-2	4	12763
2958	-2	4	12767
2959	-2	4	12771
2960	-2	4	12775
2961	-2	4	12779
2962	-3	5	12784
2963	-2	4	12788
2964	-2	4	12792
2965	-3	5	12797
2966	-2	4	12801
2967	-2	4	12805
2968	-2	4	12809
2969	-2	4	12813
2970	-2	4	12817
2971	-2	4	12821
2972	-2	4	12825
2973	-2	4	12829
2974	-2	4	12833
2975	-2	4	12837
2976	-2	4	12841
2977	-2	4	12845
2978	-2	4	12849
2979	-2	4	12853
2980	-2	4	12857
2981	-4	6	12863
2982	-4	6	12869
2983	-2	4	12873
2984	-2	4	12877
2985	-2	4	12881
2986	-2	4	12885
2987	-2	4	12889
2988	-2	4	12893
2989	-2	4	12897
2990	-2	4	12901
2991	-2	4	12905
2992	-4	6	12911
2993	-2	4	12915
2994	-2	4	12919
2995	-2	4	12923
2996	-2	4	12927
2997	-2	4	12931
2998	-2	4	12935
2999	-2	4	12939
3000	-2	4	12943
3001	-2	4	12947
3002	-2	4	12951
3003	-2	4	12955
3004	-2	4	12959
3005	-2	4	12963
3006	-2	4	12967
3007	-2	4	12971
3008	-2	4	12975
3009	-2	4	12979
3010	-2	4	12983
3011	-2	4	12987
3012	-2	4	12991
3013	-2	4	12995
3014	-2	4	12999
3015	-2	4	13003
3016	-2	4	13007
3017	-2	4	13011
3018	-2	4	13015
3019	-2	4	13019
3020	-2	4	13023
3021	-2	4	13027
3022	-2	4	13031
3023	-2	4	13035
3024	-2	4	13039
3025	-2	4	13043
3026	-2	4	13047
3027	-2	4	13051
3028	-2	4	13055
3029	-2	4	13059
3030	-2	4	13063
3031	-2	4	13067
3032	-2	4	13071
3033	-2	4	13075
3034	-4	6	13081
3035	-2	4	13085
3036	-2	4	13089
3037	-2	4	13093
3038	-2	4	13097
3039	-2	4	13101
3040	-2	4	13105
3041	-2	4	13109
3042	-2	4	13113
3043	-2	4	13117
3044	-4	6	13123
3045	-2	4	13127
3046	-2	4	13131
3047	-2	4	13135
3048	-2	4	13139
3049	-2	4	13143
3050	-2	4	13147
3051	-2	4	13151
3052	-2	4	13155
3053	-2	4	13159
3054	-2	4	13163
3055	-2	4	13167
3056	-2	4	13171
3057	-2	4	13175
3058	-2	4	13179
3059	-2	4	13183
3060	-2	4	13187
3061	-4	6	13193
3062	-2	4	13197
3063	-2	4	13201
3064	-2	4	13205
3065	-2	4	13209
3066	-2	4	13213
3067	-2	4	13217
3068	-2	4	13221
3069	-2	4	13225
3070	-2	4	13229
3071	-2	4	13233
3072	-2	4	13237
3073	-2	4	13241
3074	-2	4	13245
3075	-2	4	13249
3076	-2	4	13253
3077	-2	4	13257
3078	-2	4	13261
3079	-2	4	13265
3080	-2	4	13269
3081	-4	6	13275
3082	-2	4	13279
3083	-2	4	13283
3084	-2	4	13287
3085	-2	4	13291
3086	-2	4	13295
3087	-2	4	13299
3088	-2	4	13303
3089	-2	4	13307
3090	-2	4	13311
3091	-2	4	13315
3092	-2	4	13319
3093	-2	4	13323
3094	-2	4	13327
3095	-2	4	13331
3096	-2	4	13335
3097	-2	4	13339
3098	-2	4	13343
3099	-2	4	13347
3100	-2	4	13351
3101	-2	4	13355
3102	-2	4	13359
3103	-2	4	13363
3104	-2	4	13367
3105	-2	4	13371
3106	-2	4	13375
3107	-2	4	13379
3108	-2	4	13383
3109	-2	4	13387
3110	-2	4	13391
3111	-2	4	13395
3112	-2	4	13399
3113	-2	4	13403
3114	-4	6	13409
3115	-2	4	13413
3116	-4	6	13419
3117	-2	4	13423
3118	-2	4	13427
3119	-2	4	13431
3120	-2	4	13435
3121	-2	4	13439
3122	-2	4	13443
3123	-2	4	13447
3124	-2	4	13451
3125	-2	4	13455
3126	-2	4	13459
3127	-2	4	13463
3128	-4	6	13469
3129	-2	4	13473
3130	-2	4	13477
3131	-2	4	13481
3132	-2	4	13485
3133	-2	4	13489
3134	-2	4	13493
3135	-2	4	13497
3136	-2	4	13501
3137	-2	4	13505
3138	-2	4	13509
3139	-2	4	13513
3140	-2	4	13517
3141	-2	4	13521
3142	-2	4	13525
3143	-2	4	13529
3144	-2	4	13533
3145	-2	4	13537
3146	-2	4	13541
3147	-2	4	13545
3148	-2	4	13549
3149	-2	4	13553
3150	-2	4	13557
3151	-2	4	13561
3152	-2	4	13565
3153	-2	4	13569
3154	-2	4	13573
3155	-2	4	13577
3156	-2	4	13581
3157	-2	4	13585
3158	-2	4	13589
3159	-2	4	13593
3160	-2	4	13597
3161	-2	4	13601
3162	-2	4	13605
3163	-2	4	13609
3164	-2	4	13613
3165	-2	4	13617
3166	-2	4	13621
3167	-2	4	13625
3168	-4	6	13631
3169	-2	4	13635
3170	-2	4	13639
3171	-2	4	13643
3172	-2	4	13647
3173	-2	4	13651
3174	-2	4	13655
3175	-2	4	13659
3176	-2	4	13663
3177	-2	4	13667
3178	-2	4	13671
3179	-2	4	13675
3180	-2	4	13679
3181	-2	4	13683
3182	-2	4	13687
3183	-2	4	13691
3184	-4	6	13697
3185	-2	4	13701
3186	-2	4	13705
3187	-4	6	13711
3188	-2	4	13715
3189	-2	4	13719
3190	-4	6	13725
3191	-2	4	13729
3192	-2	4	13733
3193	-2	4	13737
3194	-2	4	13741
3195	-2	4	13745
3196	-3	5	13750
3197	-2	4	13754
3198	-2	4	13758
3199	-2	4	13762
3200	-2	4	13766
3201	-2	4	13770
3202	-4	6	13776
3203	-2	4	13780
3204	-2	4	13784
3205	-2	4	13788
3206	-2	4	13792
3207	-2	4	13796
3208	-2	4	13800
3209	-2	4	13804
3210	-2	4	13808
3211	-2	4	13812
3212	-2	4	13816
3213	-2	4	13820
3214	-2	4	13824
3215	-2	4	13828
3216	-2	4	13832
3217	-2	4	13836
3218	-2	4	13840
3219	-2	4	13844
3220	-2	4	13848
3221	-2	4	13852
3222	-2	4	13856
3223	-4	6	13862
3224	-2	4	13866
3225	-2	4	13870
3226	-2	4	13874
3227	-2	4	13878
3228	-2	4	13882
3229	-2	4	13886
3230	-2	4	13890
3231	-2	4	13894
3232	-2	4	13898
3233	-2	4	13902
3234	-2	4	13906
3235	-2	4	13910
3236	-2	4	13914
3237	-2	4	13918
3238	-2	4	13922
3239	-2	4	13926
3240	-2	4	13930
3241	-2	4	13934
3242	-2	4	13938
3243	-2	4	13942
3244	-2	4	13946
3245	-2	4	13950
3246	-2	4	13954
3247	-2	4	13958
3248	-2	4	13962
3249	-2	4	13966
3250	-2	4	13970
3251	-2	4	13974
3252	-2	4	13978
3253	-2	4	13982
3254	-2	4	13986
3255	-2	4	13990
3256	-2	4	13994
3257	-2	4	13998
3258	-2	4	14002
3259	-2	4	14006
3260	-2	4	14010
3261	-2	4	14014
3262	-2	4	14018
3263	-2	4	14022
3264	-2	4	14026
3265	-2	4	14030
3266	-2	4	14034
3267	-2	4	14038
3268	-2	4	14042
3269	-2	4	14046
3270	-2	4	14050
3271	-2	4	14054
3272	-2	4	14058
3273	-2	4	14062
3274	-2	4	14066
3275	-2	4	14070
3276	-2	4	14074
3277	-2	4	14078
3278	-2	4	14082
3279	-2	4	14086
3280	-2	4	14090
3281	-2	4	14094
3282	-2	4	14098
3283	-2	4	14102
3284	-2	4	14106
3285	-2	4	14110
3286	-2	4	14114
3287	-2	4	14118
3288	-2	4	14122
3289	-2	4	14126
3290	-4	6	14132
3291	-2	4	14136
3292	-2	4	14140
3293	-2	4	14144
3294	-2	4	14148
3295	-2	4	14152
3296	-2	4	14156
3297	-2	4	14160
3298	-2	4	14164
3299	-2	4	14168
3300	-2	4	14172
3301	-2	4	14176
3302	-2	4	14180
3303	-2	4	14184
3304	-2	4	14188
3305	-2	4	14192
3306	-2	4	14196
3307	-4	6	14202
3308	-2	4	14206
3309	-2	4	14210
3310	-2	4	14214
3311	-2	4	14218
3312	-2	4	14222
3313	-3	5	14227
3314	-2	4	14231
3315	-2	4	14235
3316	-2	4	14239
3317	-2	4	14243
3318	-2	4	14247
3319	-2	4	14251
3320	-2	4	14255
3321	-2	4	14259
3322	-2	4	14263
3323	-2	4	14267
3324	-2	4	14271
3325	-2	4	14275
3326	-2	4	14279
3327	-2	4	14283
3328	-2	4	14287
3329	-2	4	14291
3330	-2	4	14295
3331	-2	4	14299
3332	-2	4	14303
3333	-2	4	14307
3334	-2	4	14311
3335	-2	4	14315
3336	-2	4	14319
3337	-2	4	14323
3338	-2	4	14327
3339	-4	6	14333
3340	-3	5	14338
3341	-2	4	14342
3342	-2	4	14346
3343	-2	4	14350
3344	-2	4	14354
3345	-2	4	14358
3346	-2	4	14362
3347	-2	4	14366
3348	-2	4	14370
3349	-2	4	14374
3350	-2	4	14378
3351	-2	4	14382
3352	-2	4	14386
3353	-2	4	14390
3354	-4	6	14396
3355	-2	4	14400
3356	-2	4	14404
3357	-2	4	14408
3358	-2	4	14412
3359	-2	4	14416
3360	-2	4	14420
3361	-2	4	14424
3362	-2	4	14428
3363	-2	4	14432
3364	-2	4	14436
3365	-3	5	14441
3366	-2	4	14445
3367	-2	4	14449
3368	-2	4	14453
3369	-2	4	14457
3370	-2	4	14461
3371	-2	4	14465
3372	-2	4	14469
3373	-2	4	14473
3374	-2	4	14477
3375	-2	4	14481
3376	-2	4	14485
3377	-2	4	14489
3378	-2	4	14493
3379	-2	4	14497
3380	-4	6	14503
3381	-2	4	14507
3382	-2	4	14511
3383	-2	4	14515
3384	-2	4	14519
3385	-2	4	14523
3386	-2	4	14527
3387	-2	4	14531
3388	-2	4	14535
3389	-2	4	14539
3390	-2	4	14543
3391	-2	4	14547
3392	-2	4	14551
3393	-2	4	14555
3394	-2	4	14559
3395	-2	4	14563
3396	-2	4	14567
3397	-2	4	14571
3398	-2	4	14575
3399	-2	4	14579
3400	-2	4	14583
3401	-2	4	14587
3402	-2	4	14591
3403	-2	4	14595
3404	-2	4	14599
3405	-2	4	14603
3406	-2	4	14607
3407	-2	4	14611
3408	-2	4	14615
3409	-3	5	14620
3410	-4	6	14626
3411	-2	4	14630
3412	-2	4	14634
3413	-2	4	14638
3414	-2	4	14642
3415	-2	4	14646
3416	-2	4	14650
3417	-2	4	14654
3418	-2	4	14658
3419	-2	4	14662
3420	-2	4	14666
3421	-4	6	14672
3422	-2	4	14676
3423	-2	4	14680
3424	-4	6	14686
3425	-2	4	14690
3426	-2	4	14694
3427	-2	4	14698
3428	-2	4	14702
3429	-2	4	14706
3430	-2	4	14710
3431	-2	4	14714
3432	-2	4	14718
3433	-2	4	14722
3434	-6	8	14730
3435	-2	4	14734
3436	-2	4	14738
3437	-2	4	14742
3438	-2	4	14746
3439	-2	4	14750
3440	-2	4	14754
3441	-2	4	14758
3442	-2	4	14762
3443	-4	6	14768
3444	-2	4	14772
3445	-2	4	14776
3446	-4	6	14782
3447	-2	4	14786
3448	-2	4	14790
3449	-2	4	14794
3450	-2	4	14798
3451	-2	4	14802
3452	-2	4	14806
3453	-2	4	14810
3454	-2	4	14814
3455	-5	7	14821
3456	-2	4	14825
3457	-2	4	14829
3458	-2	4	14833
3459	-2	4	14837
3460	-2	4	14841
3461	-2	4	14845
3462	-2	4	14849
3463	-2	4	14853
3464	-2	4	14857
3465	-2	4	14861
3466	-2	4	14865
3467	-2	4	14869
3468	-2	4	14873
3469	-2	4	14877
3470	-2	4	14881
3471	-2	4	14885
3472	-2	4	14889
3473	-2	4	14893
3474	-2	4	14897
3475	-2	4	14901
3476	-2	4	14905
3477	-2	4	14909
3478	-2	4	14913
3479	-2	4	14917
3480	-2	4	14921
3481	-2	4	14925
3482	-2	4	14929
3483	-2	4	14933
3484	-2	4	14937
3485	-2	4	14941
3486	-2	4	14945
3487	-2	4	14949
3488	-2	4	14953
3489	-2	4	14957
3490	-2	4	14961
3491	-2	4	14965
3492	-2	4	14969
3493	-2	4	14973
3494	-2	4	14977
3495	-4	6	14983
3496	-2	4	14987
3497	-2	4	14991
3498	-2	4	14995
3499	-2	4	14999
3500	-2	4	15003
3501	-2	4	15007
3502	-2	4	15011
3503	-2	4	15015
3504	-2	4	15019
3505	-2	4	15023
3506	-2	4	15027
3507	-4	6	15033
3508	-2	4	15037
3509	-2	4	15041
3510	-2	4	15045
3511	-2	4	15049
3512	-2	4	15053
3513	-2	4	15057
3514	-4	6	15063
3515	-2	4	15067
3516	-2	4	15071
3517	-2	4	15075
3518	-2	4	15079
3519	-2	4	15083
3520	-2	4	15087
3521	-2	4	15091
3522	-2	4	15095
3523	-2	4	15099
3524	-2	4	15103
3525	-2	4	15107
3526	-2	4	15111
3527	-2	4	15115
3528	-2	4	15119
3529	-2	4	15123
3530	-4	6	15129
3531	-2	4	15133
3532	-2	4	15137
3533	-2	4	15141
3534	-2	4	15145
3535	-2	4	15149
3536	-2	4	15153
3537	-2	4	15157
3538	-2	4	15161
3539	-2	4	15165
3540	-4	6	15171
3541	-2	4	15175
3542	-4	6	15181
3543	-2	4	15185
3544	-2	4	15189
3545	-4	6	15195
3546	-2	4	15199
3547	-2	4	15203
3548	-2	4	15207
3549	-2	4	15211
3550	-2	4	15215
3551	-2	4	15219
3552	-2	4	15223
3553	-2	4	15227
3554	-2	4	15231
3555	-2	4	15235
3556	-2	4	15239
3557	-2	4	15243
3558	-2	4	15247
3559	-2	4	15251
3560	-2	4	15255
3561	-2	4	15259
3562	-2	4	15263
3563	-2	4	15267
3564	-2	4	15271
3565	-2	4	15275
3566	-2	4	15279
3567	-2	4	15283
3568	-2	4	15287
3569	-2	4	15291
3570	-2	4	15295
3571	-2	4	15299
3572	-2	4	15303
3573	-2	4	15307
3574	-2	4	15311
3575	-2	4	15315
3576	-2	4	15319
3577	-2	4	15323
3578	-4	6	15329
3579	-2	4	15333
3580	-2	4	15337
3581	-2	4	15341
3582	-2	4	15345
3583	-4	6	15351
3584	-2	4	15355
3585	-2	4	15359
3586	-2	4	15363
3587	-2	4	15367
3588	-2	4	15371
3589	-2	4	15375
3590	-2	4	15379
3591	-2	4	15383
3592	-2	4	15387
3593	-2	4	15391
3594	-2	4	15395
3595	-2	4	15399
3596	-2	4	15403
3597	-2	4	15407
3598	-4	6	15413
3599	-2	4	15417
3600	-2	4	15421
3601	-2	4	15425
3602	-2	4	15429
3603	-3	5	15434
3604	-2	4	15438
3605	-2	4	15442
3606	-2	4	15446
3607	-2	4	15450
3608	-2	4	15454
3609	-2	4	15458
3610	-2	4	15462
3611	-2	4	15466
3612	-2	4	15470
3613	-2	4	15474
3614	-2	4	15478
3615	-2	4	15482
3616	-2	4	15486
3617	-2	4	15490
3618	-2	4	15494
3619	-2	4	15498
3620	-2	4	15502
3621	-2	4	15506
3622	-2	4	15510
3623	-2	4	15514
3624	-2	4	15518
3625	-2	4	15522
3626	-2	4	15526
3627	-2	4	15530
3628	-2	4	15534
3629	-2	4	15538
3630	-2	4	15542
3631	-2	4	15546
3632	-2	4	15550
3633	-2	4	15554
3634	-2	4	15558
3635	-2	4	15562
3636	-2	4	15566
3637	-2	4	15570
3638	-2	4	15574
3639	-2	4	15578
3640	-2	4	15582
3641	-2	4	15586
3642	-2	4	15590
3643	-2	4	15594
3644	-4	6	15600
3645	-5	7	15607
3646	-2	4	15611
3647	-6	8	15619
3648	-2	4	15623
3649	-2	4	15627
3650	-2	4	15631
3651	-2	4	15635
3652	-2	4	15639
3653	-2	4	15643
3654	-2	4	15647
3655	-2	4	15651
3656	-2	4	15655
3657	-2	4	15659
3658	-2	4	15663
3659	-2	4	15667
3660	-2	4	15671
3661	-2	4	15675
3662	-2	4	15679
3663	-2	4	15683
3664	-2	4	15687
3665	-2	4	15691
3666	-2	4	15695
3667	-2	4	15699
3668	-2	4	15703
3669	-2	4	15707
3670	-2	4	15711
3671	-2	4	15715
3672	-2	4	15719
3673	-2	4	15723
3674	-2	4	15727
3675	-2	4	15731
3676	-2	4	15735
3677	-2	4	15739
3678	-2	4	15743
3679	-2	4	15747
3680	-2	4	15751
3681	-2	4	15755
3682	-2	4	15759
3683	-2	4	15763
3684	-2	4	15767
3685	-2	4	15771
3686	-2	4	15775
3687	-2	4	15779
3688	-2	4	15783
3689	-2	4	15787
3690	-2	4	15791
3691	-2	4	15795
3692	-2	4	15799
3693	-2	4	15803
3694	-3	5	15808
3695	-2	4	15812
3696	-2	4	15816
3697	-2	4	15820
3698	-2	4	15824
3699	-2	4	15828
3700	-2	4	15832
3701	-2	4	15836
3702	-2	4	15840
3703	-2	4	15844
3704	-2	4	15848
3705	-2	4	15852
3706	-2	4	15856
3707	-2	4	15860
3708	-2	4	15864
3709	-2	4	15868
3710	-2	4	15872
3711	-2	4	15876
3712	-2	4	15880
3713	-2	4	15884
3714	-2	4	15888
3715	-2	4	15892
3716	-6	8	15900
3717	-2	4	15904
3718	-2	4	15908
3719	-2	4	15912
3720	-2	4	15916
3721	-2	4	15920
3722	-2	4	15924
3723	-2	4	15928
3724	-2	4	15932
3725	-2	4	15936
3726	-2	4	15940
3727	-2	4	15944
3728	-2	4	15948
3729	-2	4	15952
3730	-2	4	15956
3731	-2	4	15960
3732	-2	4	15964
3733	-4	6	15970
3734	-2	4	15974
3735	-2	4	15978
3736	-2	4	15982
3737	-2	4	15986
3738	-2	4	15990
3739	-2	4	15994
3740	-2	4	15998
3741	-2	4	16002
3742	-2	4	16006
3743	-2	4	16010
3744	-2	4	16014
3745	-2	4	16018
3746	-2	4	16022
3747	-2	4	16026
3748	-2	4	16030
3749	-2	4	16034
3750	-4	6	16040
3751	-2	4	16044
3752	-2	4	16048
3753	-2	4	16052
3754	-2	4	16056
3755	-2	4	16060
3756	-2	4	16064
3757	-4	6	16070
3758	-2	4	16074
3759	-2	4	16078
3760	-2	4	16082
3761	-2	4	16086
3762	-2	4	16090
3763	-2	4	16094
3764	-2	4	16098
3765	-2	4	16102
3766	-2	4	16106
3767	-2	4	16110
3768	-2	4	16114
3769	-2	4	16118
3770	-2	4	16122
3771	-2	4	16126
3772	-4	6	16132
3773	-2	4	16136
3774	-2	4	16140
3775	-2	4	16144
3776	-2	4	16148
3777	-2	4	16152
3778	-2	4	16156
3779	-2	4	16160
3780	-2	4	16164
3781	-2	4	16168
3782	-2	4	16172
3783	-2	4	16176
3784	-2	4	16180
3785	-2	4	16184
3786	-2	4	16188
3787	-2	4	16192
3788	-2	4	16196
3789	-2	4	16200
3790	-2	4	16204
3791	-2	4	16208
3792	-2	4	16212
3793	-4	6	16218
3794	-2	4	16222
3795	-2	4	16226
3796	-2	4	16230
3797	-2	4	16234
3798	-2	4	16238
3799	-2	4	16242
3800	-2	4	16246
3801	-2	4	16250
3802	-2	4	16254
3803	-2	4	16258
3804	-2	4	16262
3805	-2	4	16266
3806	-2	4	16270
3807	-2	4	16274
3808	-2	4	16278
3809	-2	4	16282
3810	-2	4	16286
3811	-2	4	16290
3812	-2	4	16294
3813	-2	4	16298
3814	-2	4	16302
3815	-2	4	16306
3816	-2	4	16310
3817	-2	4	16314
3818	-2	4	16318
3819	-2	4	16322
3820	-2	4	16326
3821	-2	4	16330
3822	-2	4	16334
3823	-2	4	16338
3824	-2	4	16342
3825	-2	4	16346
3826	-2	4	16350
3827	-4	6	16356
3828	-2	4	16360
3829	-2	4	16364
3830	-2	4	16368
3831	-2	4	16372
3832	-2	4	16376
3833	-2	4	16380
3834	-2	4	16384
3835	-2	4	16388
3836	-2	4	16392
3837	-2	4	16396
3838	-2	4	16400
3839	-2	4	16404
3840	-2	4	16408
3841	-2	4	16412
3842	-2	4	16416
3843	-2	4	16420
3844	-2	4	16424
3845	-4	6	16430
3846	-2	4	16434
3847	-2	4	16438
3848	-2	4	16442
3849	-2	4	16446
3850	-2	4	16450
3851	-4	6	16456
3852	-2	4	16460
3853	-2	4	16464
3854	-2	4	16468
3855	-2	4	16472
3856	-2	4	16476
3857	-2	4	16480
3858	-2	4	16484
3859	-4	6	16490
3860	-4	6	16496
3861	-2	4	16500
3862	-2	4	16504
3863	-2	4	16508
3864	-2	4	16512
3865	-2	4	16516
3866	-2	4	16520
3867	-2	4	16524
3868	-2	4	16528
3869	-2	4	16532
3870	-2	4	16536
3871	-2	4	16540
3872	-2	4	16544
3873	-2	4	16548
3874	-2	4	16552
3875	-2	4	16556
3876	-4	6	16562
3877	-2	4	16566
3878	-2	4	16570
3879	-2	4	16574
3880	-2	4	16578
3881	-2	4	16582
3882	-2	4	16586
3883	-3	5	16591
3884	-4	6	16597
3885	-2	4	16601
3886	-2	4	16605
3887	-2	4	16609
3888	-4	6	16615
3889	-2	4	16619
3890	-2	4	16623
3891	-2	4	16627
3892	-2	4	16631
3893	-2	4	16635
3894	-2	4	16639
3895	-2	4	16643
3896	-2	4	16647
3897	-4	6	16653
3898	-2	4	16657
3899	-2	4	16661
3900	-2	4	16665
3901	-2	4	16669
3902	-2	4	16673
3903	-2	4	16677
3904	-2	4	16681
3905	-2	4	16685
3906	-2	4	16689
3907	-2	4	16693
3908	-2	4	16697
3909	-2	4	16701
3910	-2	4	16705
3911	-2	4	16709
3912	-2	4	16713
3913	-2	4	16717
3914	-2	4	16721
3915	-2	4	16725
3916	-2	4	16729
3917	-2	4	16733
3918	-2	4	16737
3919	-2	4	16741
3920	-2	4	16745
3921	-2	4	16749
3922	-2	4	16753
3923	-2	4	16757
3924	-2	4	16761
3925	-2	4	16765
3926	-2	4	16769
3927	-2	4	16773
3928	-2	4	16777
3929	-2	4	16781
3930	-2	4	16785
3931	-2	4	16789
3932	-2	4	16793
3933	-2	4	16797
3934	-2	4	16801
3935	-2	4	16805
3936	-2	4	16809
3937	-4	6	16815
3938	-2	4	16819
3939	-2	4	16823
3940	-4	6	16829
3941	-2	4	16833
3942	-2	4	16837
3943	-2	4	16841
3944	-2	4	16845
3945	-2	4	16849
3946	-2	4	16853
3947	-2	4	16857
3948	-2	4	16861
3949	-2	4	16865
3950	-2	4	16869
3951	-2	4	16873
3952	-2	4	16877
3953	-2	4	16881
3954	-2	4	16885
3955	-2	4	16889
3956	-2	4	16893
3957	-2	4	16897
3958	-2	4	16901
3959	-2	4	16905
3960	-4	6	16911
3961	-2	4	16915
3962	-2	4	16919
3963	-2	4	16923
3964	-2	4	16927
3965	-2	4	16931
3966	-2	4	16935
3967	-2	4	16939
3968	-2	4	16943
3969	-2	4	16947
3970	-2	4	16951
3971	-2	4	16955
3972	-2	4	16959
3973	-2	4	16963
3974	-2	4	16967
3975	-2	4	16971
3976	-2	4	16975
3977	-2	4	16979
3978	-2	4	16983
3979	-2	4	16987
3980	-2	4	16991
3981	-2	4	16995
3982	-2	4	16999
3983	-2	4	17003
3984	-2	4	17007
3985	-2	4	17011
3986	-2	4	17015
3987	-3	5	17020
3988	-2	4	17024
3989	-2	4	17028
3990	-2	4	17032
3991	-3	5	17037
3992	-2	4	17041
3993	-2	4	17045
3994	-2	4	17049
3995	-2	4	17053
3996	-4	6	17059
3997	-2	4	17063
3998	-2	4	17067
3999	-2	4	17071
4000	-2	4	17075
4001	-2	4	17079
4002	-2	4	17083
4003	-2	4	17087
4004	-2	4	17091
4005	-2	4	17095
4006	-3	5	17100
4007	-2	4	17104
4008	-2	4	17108
4009	-2	4	17112
4010	-2	4	17116
4011	-2	4	17120
4012	-2	4	17124
4013	-2	4	17128
4014	-2	4	17132
4015	-2	4	17136
4016	-2	4	17140
4017	-2	4	17144
4018	-3	5	17149
4019	-2	4	17153
4020	-2	4	17157
4021	-2	4	17161
4022	-2	4	17165
4023	-2	4	17169
4024	-2	4	17173
4025	-2	4	17177
4026	-2	4	17181
4027	-2	4	17185
4028	-2	4	17189
4029	-2	4	17193
4030	-2	4	17197
4031	-2	4	17201
4032	-2	4	17205
4033	-2	4	17209
4034	-2	4	17213
4035	-2	4	17217
4036	-2	4	17221
4037	-2	4	17225
4038	-2	4	17229
4039	-2	4	17233
4040	-2	4	17237
4041	-2	4	17241
4042	-2	4	17245
4043	-6	8	17253
4044	-2	4	17257
4045	-2	4	17261
4046	-2	4	17265
4047	-2	4	17269
4048	-2	4	17273
4049	-2	4	17277
4050	-2	4	17281
4051	-2	4	17285
4052	-2	4	17289
4053	-2	4	17293
4054	-2	4	17297
4055	-2	4	17301
4056	-2	4	17305
4057	-2	4	17309
4058	-2	4	17313
4059	-2	4	17317
4060	-2	4	17321
4061	-2	4	17325
4062	-2	4	17329
4063	-2	4	17333
4064	-2	4	17337
4065	-2	4	17341
4066	-2	4	17345
4067	-2	4	17349
4068	-2	4	17353
4069	-2	4	17357
4070	-4	6	17363
4071	-2	4	17367
4072	-3	5	17372
4073	-2	4	17376
4074	-2	4	17380
4075	-2	4	17384
4076	-2	4	17388
4077	-2	4	17392
4078	-4	6	17398
4079	-2	4	17402
4080	-2	4	17406
4081	-2	4	17410
4082	-2	4	17414
4083	-2	4	17418
4084	-2	4	17422
4085	-2	4	17426
4086	-2	4	17430
4087	-2	4	17434
4088	-2	4	17438
4089	-2	4	17442
4090	-2	4	17446
4091	-2	4	17450
4092	-2	4	17454
4093	-2	4	17458
4094	-2	4	17462
4095	-2	4	17466
4096	-2	4	17470
4097	-2	4	17474
4098	-2	4	17478
4099	-2	4	17482
4100	-2	4	17486
4101	-2	4	17490
4102	-2	4	17494
4103	-2	4	17498
4104	-2	4	17502
4105	-2	4	17506
4106	-2	4	17510
4107	-2	4	17514
4108	-2	4	17518
4109	-2	4	17522
4110	-2	4	17526
4111	-2	4	17530
4112	-2	4	17534
4113	-2	4	17538
4114	-2	4	17542
4115	-2	4	17546
4116	-4	6	17552
4117	-2	4	17556
4118	-2	4	17560
4119	-2	4	17564
4120	-2	4	17568
4121	-2	4	17572
4122	-2	4	17576
4123	-2	4	17580
4124	-2	4	17584
4125	-2	4	17588
4126	-2	4	17592
4127	-2	4	17596
4128	-2	4	17600
4129	-2	4	17604
4130	-4	6	17610
4131	-2	4	17614
4132	-2	4	17618
4133	-2	4	17622
4134	-2	4	17626
4135	-3	5	17631
4136	-3	5	17636
4137	-2	4	17640
4138	-2	4	17644
4139	-2	4	17648
4140	-2	4	17652
4141	-2	4	17656
4142	-2	4	17660
4143	-2	4	17664
4144	-2	4	17668
4145	-2	4	17672
4146	-2	4	17676
4147	-2	4	17680
4148	-2	4	17684
4149	-2	4	17688
4150	-2	4	17692
4151	-2	4	17696
4152	-2	4	17700
4153	-2	4	17704
4154	-2	4	17708
4155	-2	4	17712
4156	-3	5	17717
4157	-2	4	17721
4158	-2	4	17725
4159	-2	4	17729
4160	-2	4	17733
4161	-2	4	17737
4162	-2	4	17741
4163	-2	4	17745
4164	-2	4	17749
4165	-2	4	17753
4166	-2	4	17757
4167	-2	4	17761
4168	-4	6	17767
4169	-2	4	17771
4170	-2	4	17775
4171	-4	6	17781
4172	-2	4	17785
4173	-2	4	17789
4174	-2	4	17793
4175	-2	4	17797
4176	-2	4	17801
4177	-2	4	17805
4178	-2	4	17809
4179	-2	4	17813
4180	-2	4	17817
4181	-2	4	17821
4182	-4	6	17827
4183	-2	4	17831
4184	-2	4	17835
4185	-2	4	17839
4186	-4	6	17845
4187	-2	4	17849
4188	-2	4	17853
4189	-2	4	17857
4190	-2	4	17861
4191	-3	5	17866
4192	-3	5	17871
4193	-2	4	17875
4194	-2	4	17879
4195	-2	4	17883
4196	-2	4	17887
4197	-2	4	17891
4198	-2	4	17895
4199	-2	4	17899
4200	-2	4	17903
4201	-2	4	17907
4202	-2	4	17911
4203	-2	4	17915
4204	-2	4	17919
4205	-2	4	17923
4206	-2	4	17927
4207	-2	4	17931
4208	-2	4	17935
4209	-2	4	17939
4210	-4	6	17945
4211	-6	8	17953
4212	-2	4	17957
4213	-3	5	17962
4214	-3	5	17967
4215	-2	4	17971
4216	-2	4	17975
4217	-2	4	17979
4218	-2	4	17983
4219	-2	4	17987
4220	-2	4	17991
4221	-2	4	17995
4222	-4	6	18001
4223	-2	4	18005
4224	-2	4	18009
4225	-2	4	18013
4226	-2	4	18017
4227	-2	4	18021
4228	-2	4	18025
4229	-2	4	18029
4230	-2	4	18033
4231	-2	4	18037
4232	-2	4	18041
4233	-4	6	18047
4234	-2	4	18051
4235	-2	4	18055
4236	-4	6	18061
4237	-2	4	18065
4238	-2	4	18069
4239	-2	4	18073
4240	-2	4	18077
4241	-2	4	18081
4242	-2	4	18085
4243	-2	4	18089
4244	-4	6	18095
4245	-2	4	18099
4246	-2	4	18103
4247	-2	4	18107
4248	-2	4	18111
4249	-2	4	18115
4250	-4	6	18121
4251	-4	6	18127
4252	-2	4	18131
4253	-2	4	18135
4254	-2	4	18139
4255	-4	6	18145
4256	-2	4	18149
4257	-2	4	18153
4258	-2	4	18157
4259	-2	4	18161
4260	-2	4	18165
4261	-2	4	18169
4262	-2	4	18173
4263	-2	4	18177
4264	-4	6	18183
4265	-2	4	18187
4266	-2	4	18191
4267	-2	4	18195
4268	-2	4	18199
4269	-4	6	18205
4270	-2	4	18209
4271	-2	4	18213
4272	-2	4	18217
4273	-4	6	18223
4274	-2	4	18227
4275	-2	4	18231
4276	-2	4	18235
4277	-2	4	18239
4278	-3	5	18244
4279	-2	4	18248
4280	-2	4	18252
4281	-2	4	18256
4282	-2	4	18260
4283	-2	4	18264
4284	-2	4	18268
4285	-2	4	18272
4286	-2	4	18276
4287	-4	6	18282
4288	-2	4	18286
4289	-2	4	18290
4290	-2	4	18294
4291	-2	4	18298
4292	-2	4	18302
4293	-4	6	18308
4294	-2	4	18312
4295	-2	4	18316
4296	-2	4	18320
4297	-2	4	18324
4298	-2	4	18328
4299	-2	4	18332
4300	-2	4	18336
4301	-2	4	18340
4302	-2	4	18344
4303	-2	4	18348
4304	-2	4	18352
4305	-2	4	18356
4306	-2	4	18360
4307	-2	4	18364
4308	-2	4	18368
4309	-2	4	18372
4310	-2	4	18376
4311	-4	6	18382
4312	-2	4	18386
4313	-2	4	18390
4314	-2	4	18394
4315	-2	4	18398
4316	-2	4	18402
4317	-3	5	18407
4318	-2	4	18411
4319	-2	4	18415
4320	-2	4	18419
4321	-2	4	18423
4322	-2	4	18427
4323	-2	4	18431
4324	-2	4	18435
4325	-2	4	18439
4326	-2	4	18443
4327	-2	4	18447
4328	-2	4	18451
4329	-2	4	18455
4330	-2	4	18459
4331	-2	4	18463
4332	-2	4	18467
4333	-2	4	18471
4334	-2	4	18475
4335	-2	4	18479
4336	-2	4	18483
4337	-2	4	18487
4338	-2	4	18491
4339	-2	4	18495
4340	-2	4	18499
4341	-2	4	18503
4342	-2	4	18507
4343	-2	4	18511
4344	-2	4	18515
4345	-2	4	18519
4346	-4	6	18525
4347	-2	4	18529
4348	-2	4	18533
4349	-2	4	18537
4350	-2	4	18541
4351	-4	6	18547
4352	-2	4	18551
4353	-2	4	18555
4354	-2	4	18559
4355	-2	4	18563
4356	-2	4	18567
4357	-2	4	18571
4358	-2	4	18575
4359	-2	4	18579
4360	-2	4	18583
4361	-3	5	18588
4362	-2	4	18592
4363	-4	6	18598
4364	-2	4	18602
4365	-2	4	18606
4366	-2	4	18610
4367	-2	4	18614
4368	-2	4	18618
4369	-2	4	18622
4370	-2	4	18626
4371	-2	4	18630
4372	-4	6	18636
4373	-2	4	18640
4374	-2	4	18644
4375	-2	4	18648
4376	-2	4	18652
4377	-4	6	18658
4378	-2	4	18662
4379	-2	4	18666
4380	-2	4	18670
4381	-2	4	18674
4382	-2	4	18678
4383	-2	4	18682
4384	-3	5	18687
4385	-2	4	18691
4386	-4	6	18697
4387	-2	4	18701
4388	-2	4	18705
4389	-2	4	18709
4390	-2	4	18713
4391	-2	4	18717
4392	-2	4	18721
4393	-2	4	18725
4394	-2	4	18729
4395	-2	4	18733
4396	-4	6	18739
4397	-2	4	18743
4398	-2	4	18747
4399	-2	4	18751
4400	-2	4	18755
4401	-2	4	18759
4402	-2	4	18763
4403	-2	4	18767
4404	-2	4	18771
4405	-2	4	18775
4406	-2	4	18779
4407	-2	4	18783
4408	-2	4	18787
4409	-2	4	18791
4410	-2	4	18795
4411	-6	8	18803
4412	-2	4	18807
4413	-2	4	18811
4414	-2	4	18815
4415	-2	4	18819
4416	-2	4	18823
4417	-2	4	18827
4418	-2	4	18831
4419	-2	4	18835
4420	-2	4	18839
4421	-2	4	18843
4422	-2	4	18847
4423	-2	4	18851
4424	-2	4	18855
4425	-2	4	18859
4426	-2	4	18863
4427	-2	4	18867
4428	-2	4	18871
4429	-2	4	18875
4430	-2	4	18879
4431	-2	4	18883
4432	-2	4	18887
4433	-4	6	18893
4434	-2	4	18897
4435	-2	4	18901
4436	-2	4	18905
4437	-2	4	18909
4438	-2	4	18913
4439	-2	4	18917
4440	-2	4	18921
4441	-2	4	18925
4442	-2	4	18929
4443	-2	4	18933
4444	-2	4	18937
4445	-2	4	18941
4446	-2	4	18945
4447	-2	4	18949
4448	-4	6	18955
4449	-2	4	18959
4450	-2	4	18963
4451	-2	4	18967
4452	-2	4	18971
4453	-4	6	18977
4454	-2	4	18981
4455	-2	4	18985
4456	-2	4	18989
4457	-2	4	18993
4458	-2	4	18997
4459	-4	6	19003
4460	-2	4	19007
4461	-2	4	19011
4462	-2	4	19015
4463	-2	4	19019
4464	-2	4	19023
4465	-2	4	19027
4466	-2	4	19031
4467	-2	4	19035
4468	-2	4	19039
4469	-2	4	19043
4470	-2	4	19047
4471	-2	4	19051
4472	-2	4	19055
4473	-2	4	19059
4474	-2	4	19063
4475	-2	4	19067
4476	-2	4	19071
4477	-2	4	19075
4478	-4	6	19081
4479	-2	4	19085
4480	-2	4	19089
4481	-2	4	19093
4482	-3	5	19098
4483	-2	4	19102
4484	-3	5	19107
4485	-2	4	19111
4486	-2	4	19115
4487	-2	4	19119
4488	-2	4	19123
4489	-3	5	19128
4490	-2	4	19132
4491	-2	4	19136
4492	-2	4	19140
4493	-4	6	19146
4494	-2	4	19150
4495	-2	4	19154
4496	-2	4	19158
4497	-2	4	19162
4498	-2	4	19166
4499	-2	4	19170
4500	-2	4	19174
4501	-2	4	19178
4502	-2	4	19182
4503	-2	4	19186
4504	-2	4	19190
4505	-2	4	19194
4506	-2	4	19198
4507	-2	4	19202
4508	-2	4	19206
4509	-4	6	19212
4510	-2	4	19216
4511	-2	4	19220
4512	-2	4	19224
4513	-4	6	19230
4514	-2	4	19234
4515	-2	4	19238
4516	-2	4	19242
4517	-2	4	19246
4518	-2	4	19250
4519	-2	4	19254
4520	-2	4	19258
4521	-2	4	19262
4522	-2	4	19266
4523	-2	4	19270
4524	-2	4	19274
4525	-2	4	19278
4526	-2	4	19282
4527	-2	4	19286
4528	-4	6	19292
4529	-2	4	19296
4530	-2	4	19300
4531	-2	4	19304
4532	-2	4	19308
4533	-2	4	19312
4534	-2	4	19316
4535	-2	4	19320
4536	-3	5	19325
4537	-2	4	19329
4538	-2	4	19333
4539	-2	4	19337
4540	-2	4	19341
4541	-2	4	19345
4542	-2	4	19349
4543	-2	4	19353
4544	-2	4	19357
4545	-2	4	19361
4546	-6	8	19369
4547	-4	6	19375
4548	-2	4	19379
4549	-2	4	19383
4550	-2	4	19387
4551	-2	4	19391
4552	-2	4	19395
4553	-2	4	19399
4554	-2	4	19403
4555	-2	4	19407
4556	-2	4	19411
4557	-2	4	19415
4558	-4	6	19421
4559	-2	4	19425
4560	-2	4	19429
4561	-2	4	19433
4562	-2	4	19437
4563	-2	4	19441
4564	-2	4	19445
4565	-2	4	19449
4566	-2	4	19453
4567	-2	4	19457
4568	-2	4	19461
4569	-2	4	19465
4570	-2	4	19469
4571	-2	4	19473
4572	-4	6	19479
4573	-2	4	19483
4574	-4	6	19489
4575	-2	4	19493
4576	-2	4	19497
4577	-2	4	19501
4578	-2	4	19505
4579	-2	4	19509
4580	-2	4	19513
4581	-2	4	19517
4582	-2	4	19521
4583	-2	4	19525
4584	-2	4	19529
4585	-2	4	19533
4586	-2	4	19537
4587	-2	4	19541
4588	-2	4	19545
4589	-2	4	19549
4590	-4	6	19555
4591	-2	4	19559
4592	-2	4	19563
4593	-2	4	19567
4594	-2	4	19571
4595	-2	4	19575
4596	-2	4	19579
4597	-2	4	19583
4598	-2	4	19587
4599	-2	4	19591
4600	-2	4	19595
4601	-2	4	19599
4602	-2	4	19603
4603	-2	4	19607
4604	-4	6	19613
4605	-2	4	19617
4606	-2	4	19621
4607	-2	4	19625
4608	-2	4	19629
4609	-2	4	19633
4610	-2	4	19637
4611	-2	4	19641
4612	-2	4	19645
4613	-2	4	19649
4614	-2	4	19653
4615	-2	4	19657
4616	-2	4	19661
4617	-2	4	19665
4618	-2	4	19669
4619	-2	4	19673
4620	-2	4	19677
4621	-2	4	19681
4622	-2	4	19685
4623	-2	4	19689
4624	-2	4	19693
4625	-2	4	19697
4626	-2	4	19701
4627	-4	6	19707
4628	-2	4	19711
4629	-2	4	19715
4630	-2	4	19719
4631	-2	4	19723
4632	-2	4	19727
4633	-2	4	19731
4634	-4	6	19737
4635	-2	4	19741
4636	-2	4	19745
4637	-2	4	19749
4638	-2	4	19753
4639	-3	5	19758
4640	-2	4	19762
4641	-2	4	19766
4642	-2	4	19770
4643	-2	4	19774
4644	-2	4	19778
4645	-2	4	19782
4646	-2	4	19786
4647	-2	4	19790
4648	-2	4	19794
4649	-2	4	19798
4650	-2	4	19802
4651	-2	4	19806
4652	-2	4	19810
4653	-2	4	19814
4654	-2	4	19818
4655	-2	4	19822
4656	-2	4	19826
4657	-2	4	19830
4658	-2	4	19834
4659	-2	4	19838
4660	-2	4	19842
4661	-2	4	19846
4662	-2	4	19850
4663	-2	4	19854
4664	-2	4	19858
4665	-4	6	19864
4666	-2	4	19868
4667	-2	4	19872
4668	-2	4	19876
4669	-2	4	19880
4670	-2	4	19884
4671	-3	5	19889
4672	-2	4	19893
4673	-2	4	19897
4674	-2	4	19901
4675	-2	4	19905
4676	-2	4	19909
4677	-2	4	19913
4678	-2	4	19917
4679	-2	4	19921
4680	-2	4	19925
4681	-2	4	19929
4682	-4	6	19935
4683	-2	4	19939
4684	-2	4	19943
4685	-2	4	19947
4686	-2	4	19951
4687	-2	4	19955
4688	-2	4	19959
4689	-2	4	19963
4690	-2	4	19967
4691	-2	4	19971
4692	-2	4	19975
4693	-2	4	19979
4694	-2	4	19983
4695	-2	4	19987
4696	-2	4	19991
4697	-2	4	19995
4698	-2	4	19999
4699	-4	6	20005
4700	-2	4	20009
4701	-2	4	20013
4702	-4	6	20019
4703	-2	4	20023
4704	-2	4	20027
4705	-2	4	20031
4706	-2	4	20035
4707	-2	4	20039
4708	-2	4	20043
4709	-2	4	20047
4710	-2	4	20051
4711	-2	4	20055
4712	-2	4	20059
4713	-2	4	20063
4714	-2	4	20067
4715	-2	4	20071
4716	-2	4	20075
4717	-2	4	20079
4718	-2	4	20083
4719	-4	6	20089
4720	-2	4	20093
4721	-2	4	20097
4722	-2	4	20101
4723	-2	4	20105
4724	-2	4	20109
4725	-2	4	20113
4726	-2	4	20117
4727	-2	4	20121
4728	-2	4	20125
4729	-2	4	20129
4730	-2	4	20133
4731	-2	4	20137
4732	-2	4	20141
4733	-4	6	20147
4734	-4	6	20153
4735	-2	4	20157
4736	-2	4	20161
4737	-2	4	20165
4738	-2	4	20169
4739	-2	4	20173
4740	-2	4	20177
4741	-2	4	20181
4742	-2	4	20185
4743	-2	4	20189
4744	-2	4	20193
4745	-2	4	20197
4746	-2	4	20201
4747	-2	4	20205
4748	-2	4	20209
4749	-2	4	20213
4750	-2	4	20217
4751	-2	4	20221
4752	-2	4	20225
4753	-3	5	20230
4754	-2	4	20234
4755	-2	4	20238
4756	-2	4	20242
4757	-4	6	20248
4758	-6	8	20256
4759	-2	4	20260
4760	-2	4	20264
4761	-2	4	20268
4762	-2	4	20272
4763	-2	4	20276
4764	-2	4	20280
4765	-2	4	20284
4766	-2	4	20288
4767	-2	4	20292
4768	-2	4	20296
4769	-2	4	20300
4770	-6	8	20308
4771	-2	4	20312
4772	-2	4	20316
4773	-2	4	20320
4774	-2	4	20324
4775	-2	4	20328
4776	-2	4	20332
4777	-2	4	20336
4778	-2	4	20340
4779	-2	4	20344
4780	-2	4	20348
4781	-2	4	20352
4782	-2	4	20356
4783	-2	4	20360
4784	-2	4	20364
4785	-2	4	20368
4786	-2	4	20372
4787	-2	4	20376
4788	-2	4	20380
4789	-2	4	20384
4790	-2	4	20388
4791	-2	4	20392
4792	-4	6	20398
4793	-2	4	20402
4794	-2	4	20406
4795	-2	4	20410
4796	-2	4	20414
4797	-2	4	20418
4798	-2	4	20422
4799	-2	4	20426
4800	-2	4	20430
4801	-2	4	20434
4802	-2	4	20438
4803	-2	4	20442
4804	-2	4	20446
4805	-2	4	20450
4806	-2	4	20454
4807	-2	4	20458
4808	-2	4	20462
4809	-2	4	20466
4810	-2	4	20470
4811	-4	6	20476
4812	-2	4	20480
4813	-2	4	20484
4814	-2	4	20488
4815	-2	4	20492
4816	-2	4	20496
4817	-2	4	20500
4818	-4	6	20506
4819	-2	4	20510
4820	-2	4	20514
4821	-2	4	20518
4822	-2	4	20522
4823	-2	4	20526
4824	-2	4	20530
4825	-4	6	20536
4826	-2	4	20540
4827	-2	4	20544
4828	-2	4	20548
4829	-3	5	20553
4830	-2	4	20557
4831	-2	4	20561
4832	-2	4	20565
4833	-2	4	20569
4834	-2	4	20573
4835	-2	4	20577
4836	-4	6	20583
4837	-2	4	20587
4838	-2	4	20591
4839	-2	4	20595
4840	-2	4	20599
4841	-2	4	20603
4842	-2	4	20607
4843	-2	4	20611
4844	-2	4	20615
4845	-2	4	20619
4846	-2	4	20623
4847	-4	6	20629
4848	-2	4	20633
4849	-2	4	20637
4850	-2	4	20641
4851	-2	4	20645
4852	-2	4	20649
4853	-2	4	20653
4854	-2	4	20657
4855	-2	4	20661
4856	-2	4	20665
4857	-2	4	20669
4858	-2	4	20673
4859	-2	4	20677
4860	-2	4	20681
4861	-2	4	20685
4862	-2	4	20689
4863	-2	4	20693
4864	-2	4	20697
4865	-2	4	20701
4866	-2	4	20705
4867	-2	4	20709
4868	-2	4	20713
4869	-2	4	20717
4870	-2	4	20721
4871	-2	4	20725
4872	-2	4	20729
4873	-2	4	20733
4874	-2	4	20737
4875	-2	4	20741
4876	-2	4	20745
4877	-2	4	20749
4878	-2	4	20753
4879	-2	4	20757
4880	-2	4	20761
4881	-2	4	20765
4882	-2	4	20769
4883	-2	4	20773
4884	-2	4	20777
4885	-2	4	20781
4886	-2	4	20785
4887	-2	4	20789
4888	-2	4	20793
4889	-2	4	20797
4890	-2	4	20801
4891	-2	4	20805
4892	-2	4	20809
4893	-2	4	20813
4894	-2	4	20817
4895	-2	4	20821
4896	-2	4	20825
4897	-2	4	20829
4898	-2	4	20833
4899	-2	4	20837
4900	-2	4	20841
4901	-2	4	20845
4902	-2	4	20849
4903	-2	4	20853
4904	-2	4	20857
4905	-2	4	20861
4906	-2	4	20865
4907	-4	6	20871
4908	-2	4	20875
4909	-2	4	20879
4910	-2	4	20883
4911	-2	4	20887
4912	-3	5	20892
4913	-2	4	20896
4914	-2	4	20900
4915	-2	4	20904
4916	-2	4	20908
4917	-2	4	20912
4918	-2	4	20916
4919	-2	4	20920
4920	-2	4	20924
4921	-2	4	20928
4922	-2	4	20932
4923	-2	4	20936
4924	-2	4	20940
4925	-4	6	20946
4926	-2	4	20950
4927	-2	4	20954
4928	-2	4	20958
4929	-2	4	20962
4930	-2	4	20966
4931	-2	4	20970
4932	-2	4	20974
4933	-2	4	20978
4934	-2	4	20982
4935	-2	4	20986
4936	-2	4	20990
4937	-2	4	20994
4938	-2	4	20998
4939	-2	4	21002
4940	-2	4	21006
4941	-2	4	21010
4942	-2	4	21014
4943	-2	4	21018
4944	-2	4	21022
4945	-2	4	21026
4946	-3	5	21031
4947	-2	4	21035
4948	-2	4	21039
4949	-2	4	21043
4950	-2	4	21047
4951	-2	4	21051
4952	-2	4	21055
4953	-2	4	21059
4954	-2	4	21063
4955	-2	4	21067
4956	-2	4	21071
4957	-2	4	21075
4958	-2	4	21079
4959	-2	4	21083
4960	-2	4	21087
4961	-2	4	21091
4962	-2	4	21095
4963	-2	4	21099
4964	-2	4	21103
4965	-2	4	21107
4966	-2	4	21111
4967	-2	4	21115
4968	-2	4	21119
4969	-2	4	21123
4970	-4	6	21129
4971	-2	4	21133
4972	-2	4	21137
4973	-2	4	21141
4974	-2	4	21145
4975	-2	4	21149
4976	-2	4	21153
4977	-2	4	21157
4978	-2	4	21161
4979	-2	4	21165
4980	-2	4	21169
4981	-4	6	21175
4982	-2	4	21179
4983	-2	4	21183
4984	-2	4	21187
4985	-2	4	21191
4986	-2	4	21195
4987	-2	4	21199
4988	-2	4	21203
4989	-2	4	21207
4990	-2	4	21211
4991	-2	4	21215
4992	-3	5	21220
4993	-2	4	21224
4994	-2	4	21228
4995	-2	4	21232
4996	-2	4	21236
4997	-2	4	21240
4998	-4	6	21246
4999	-2	4	21250
5000	-2	4	21254
5001	-2	4	21258
5002	-2	4	21262
5003	-2	4	21266
5004	-2	4	21270
5005	-2	4	21274
5006	-2	4	21278
5007	-2	4	21282
5008	-2	4	21286
5009	-2	4	21290
5010	-4	6	21296
5011	-2	4	21300
5012	-2	4	21304
5013	-2	4	21308
5014	-2	4	21312
5015	-2	4	21316
5016	-2	4	21320
5017	-2	4	21324
5018	-2	4	21328
5019	-2	4	21332
5020	-2	4	21336
5021	-2	4	21340
5022	-2	4	21344
5023	-2	4	21348
5024	-3	5	21353
5025	-2	4	21357
5026	-2	4	21361
5027	-2	4	21365
5028	-2	4	21369
5029	-4	6	21375
5030	-2	4	21379
5031	-2	4	21383
5032	-2	4	21387
5033	-2	4	21391
5034	-2	4	21395
5035	-2	4	21399
5036	-3	5	21404
5037	-4	6	21410
5038	-2	4	21414
5039	-2	4	21418
5040	-2	4	21422
5041	-2	4	21426
5042	-2	4	21430
5043	-4	6	21436
5044	-2	4	21440
5045	-2	4	21444
5046	-2	4	21448
5047	-2	4	21452
5048	-2	4	21456
5049	-2	4	21460
5050	-2	4	21464
5051	-2	4	21468
5052	-2	4	21472
5053	-2	4	21476
5054	-2	4	21480
5055	-2	4	21484
5056	-2	4	21488
5057	-2	4	21492
5058	-2	4	21496
5059	-2	4	21500
5060	-2	4	21504
5061	-2	4	21508
5062	-3	5	21513
5063	-2	4	21517
5064	-2	4	21521
5065	-2	4	21525
5066	-2	4	21529
5067	-2	4	21533
5068	-2	4	21537
5069	-2	4	21541
5070	-2	4	21545
5071	-2	4	21549
5072	-2	4	21553
5073	-2	4	21557
5074	-2	4	21561
5075	-4	6	21567
5076	-2	4	21571
5077	-2	4	21575
5078	-2	4	21579
5079	-2	4	21583
5080	-2	4	21587
5081	-4	6	21593
5082	-2	4	21597
5083	-2	4	21601
5084	-2	4	21605
5085	-2	4	21609
5086	-2	4	21613
5087	-2	4	21617
5088	-2	4	21621
5089	-4	6	21627
5090	-2	4	21631
5091	-2	4	21635
5092	-2	4	21639
5093	-2	4	21643
5094	-2	4	21647
5095	-2	4	21651
5096	-2	4	21655
5097	-2	4	21659
5098	-2	4	21663
5099	-2	4	21667
5100	-4	6	21673
5101	-2	4	21677
5102	-2	4	21681
5103	-2	4	21685
5104	-2	4	21689
5105	-2	4	21693
5106	-2	4	21697
5107	-2	4	21701
5108	-2	4	21705
5109	-2	4	21709
5110	-4	6	21715
5111	-2	4	21719
5112	-2	4	21723
5113	-2	4	21727
5114	-2	4	21731
5115	-2	4	21735
5116	-2	4	21739
5117	-2	4	21743
5118	-4	6	21749
5119	-2	4	21753
5120	-2	4	21757
5121	-2	4	21761
5122	-2	4	21765
5123	-2	4	21769
5124	-2	4	21773
5125	-2	4	21777
5126	-2	4	21781
5127	-2	4	21785
5128	-2	4	21789
5129	-2	4	21793
5130	-2	4	21797
5131	-2	4	21801
5132	-2	4	21805
5133	-2	4	21809
5134	-2	4	21813
5135	-2	4	21817
5136	-2	4	21821
5137	-2	4	21825
5138	-2	4	21829
5139	-2	4	21833
5140	-2	4	21837
5141	-2	4	21841
5142	-2	4	21845
5143	-2	4	21849
5144	-2	4	21853
5145	-2	4	21857
5146	-2	4	21861
5147	-2	4	21865
5148	-2	4	21869
5149	-2	4	21873
5150	-2	4	21877
5151	-2	4	21881
5152	-2	4	21885
5153	-2	4	21889
5154	-2	4	21893
5155	-2	4	21897
5156	-4	6	21903
5157	-2	4	21907
5158	-2	4	21911
5159	-2	4	21915
5160	-2	4	21919
5161	-2	4	21923
5162	-2	4	21927
5163	-2	4	21931
5164	-2	4	21935
5165	-4	6	21941
5166	-2	4	21945
5167	-2	4	21949
5168	-2	4	21953
5169	-2	4	21957
5170	-2	4	21961
5171	-2	4	21965
5172	-2	4	21969
5173	-5	7	21976
5174	-3	5	21981
5175	-2	4	21985
5176	-2	4	21989
5177	-2	4	21993
5178	-2	4	21997
5179	-2	4	22001
5180	-2	4	22005
5181	-2	4	22009
5182	-2	4	22013
5183	-2	4	22017
5184	-2	4	22021
5185	-2	4	22025
5186	-2	4	22029
5187	-2	4	22033
5188	-2	4	22037
5189	-2	4	22041
5190	-2	4	22045
5191	-2	4	22049
5192	-2	4	22053
5193	-6	8	22061
5194	-2	4	22065
5195	-2	4	22069
5196	-2	4	22073
5197	-2	4	22077
5198	-2	4	22081
5199	-2	4	22085
5200	-4	6	22091
5201	-2	4	22095
5202	-2	4	22099
5203	-2	4	22103
5204	-2	4	22107
5205	-2	4	22111
5206	-2	4	22115
5207	-2	4	22119
5208	-2	4	22123
5209	-4	6	22129
5210	-2	4	22133
5211	-2	4	22137
5212	-2	4	22141
5213	-2	4	22145
5214	-2	4	22149
5215	-2	4	22153
5216	-2	4	22157
5217	-2	4	22161
5218	-4	6	22167
5219	-2	4	22171
5220	-2	4	22175
5221	-2	4	22179
5222	-2	4	22183
5223	-2	4	22187
5224	-4	6	22193
5225	-2	4	22197
5226	-2	4	22201
5227	-2	4	22205
5228	-2	4	22209
5229	-2	4	22213
5230	-2	4	22217
5231	-2	4	22221
5232	-3	5	22226
5233	-2	4	22230
5234	-2	4	22234
5235	-2	4	22238
5236	-2	4	22242
5237	-2	4	22246
5238	-2	4	22250
5239	-2	4	22254
5240	-2	4	22258
5241	-2	4	22262
5242	-2	4	22266
5243	-2	4	22270
5244	-2	4	22274
5245	-2	4	22278
5246	-2	4	22282
5247	-2	4	22286
5248	-2	4	22290
5249	-2	4	22294
5250	-2	4	22298
5251	-2	4	22302
5252	-2	4	22306
5253	-2	4	22310
5254	-2	4	22314
5255	-2	4	22318
5256	-2	4	22322
5257	-2	4	22326
5258	-2	4	22330
5259	-2	4	22334
5260	-2	4	22338
5261	-2	4	22342
5262	-2	4	22346
5263	-2	4	22350
5264	-2	4	22354
5265	-2	4	22358
5266	-2	4	22362
5267	-2	4	22366
5268	-2	4	22370
5269	-2	4	22374
5270	-2	4	22378
5271	-2	4	22382
5272	-2	4	22386
5273	-2	4	22390
5274	-2	4	22394
5275	-2	4	22398
5276	-2	4	22402
5277	-2	4	22406
5278	-2	4	22410
5279	-2	4	22414
5280	-2	4	22418
5281	-2	4	22422
5282	-2	4	22426
5283	-2	4	22430
5284	-2	4	22434
5285	-2	4	22438
5286	-2	4	22442
5287	-2	4	22446
5288	-4	6	22452
5289	-2	4	22456
5290	-3	5	22461
5291	-2	4	22465
5292	-2	4	22469
5293	-4	6	22475
5294	-2	4	22479
5295	-2	4	22483
5296	-2	4	22487
5297	-2	4	22491
5298	-2	4	22495
5299	-2	4	22499
5300	-2	4	22503
5301	-2	4	22507
5302	-2	4	22511
5303	-2	4	22515
5304	-2	4	22519
5305	-2	4	22523
5306	-2	4	22527
5307	-2	4	22531
5308	-2	4	22535
5309	-2	4	22539
5310	-2	4	22543
5311	-2	4	22547
5312	-2	4	22551
5313	-2	4	22555
5314	-2	4	22559
5315	-2	4	22563
5316	-2	4	22567
5317	-2	4	22571
5318	-2	4	22575
5319	-2	4	22579
5320	-2	4	22583
5321	-2	4	22587
5322	-2	4	22591
5323	-2	4	22595
5324	-2	4	22599
5325	-2	4	22603
5326	-2	4	22607
5327	-2	4	22611
5328	-2	4	22615
5329	-2	4	22619
5330	-2	4	22623
5331	-2	4	22627
5332	-2	4	22631
5333	-2	4	22635
5334	-2	4	22639
5335	-2	4	22643
5336	-2	4	22647
5337	-2	4	22651
5338	-2	4	22655
5339	-2	4	22659
5340	-2	4	22663
5341	-2	4	22667
5342	-2	4	22671
5343	-2	4	22675
5344	-2	4	22679
5345	-2	4	22683
5346	-2	4	22687
5347	-2	4	22691
5348	-2	4	22695
5349	-2	4	22699
5350	-2	4	22703
5351	-2	4	22707
5352	-2	4	22711
5353	-2	4	22715
5354	-2	4	22719
5355	-2	4	22723
5356	-2	4	22727
5357	-2	4	22731
5358	-2	4	22735
5359	-2	4	22739
5360	-2	4	22743
5361	-2	4	22747
5362	-2	4	22751
5363	-2	4	22755
5364	-2	4	22759
5365	-2	4	22763
5366	-2	4	22767
5367	-2	4	22771
5368	-2	4	22775
5369	-2	4	22779
5370	-2	4	22783
5371	-2	4	22787
5372	-2	4	22791
5373	-2	4	22795
5374	-2	4	22799
5375	-2	4	22803
5376	-2	4	22807
5377	-2	4	22811
5378	-2	4	22815
5379	-2	4	22819
5380	-2	4	22823
5381	-2	4	22827
5382	-2	4	22831
5383	-2	4	22835
5384	-2	4	22839
5385	-3	5	22844
5386	-2	4	22848
5387	-2	4	22852
5388	-2	4	22856
5389	-2	4	22860
5390	-2	4	22864
5391	-2	4	22868
5392	-2	4	22872
5393	-2	4	22876
5394	-2	4	22880
5395	-2	4	22884
5396	-4	6	22890
5397	-2	4	22894
5398	-2	4	22898
5399	-2	4	22902
5400	-2	4	22906
5401	-2	4	22910
5402	-2	4	22914
5403	-2	4	22918
5404	-2	4	22922
5405	-2	4	22926
5406	-2	4	22930
5407	-2	4	22934
5408	-2	4	22938
5409	-2	4	22942
5410	-4	6	22948
5411	-2	4	22952
5412	-2	4	22956
5413	-2	4	22960
5414	-2	4	22964
5415	-2	4	22968
5416	-2	4	22972
5417	-2	4	22976
5418	-2	4	22980
5419	-2	4	22984
5420	-2	4	22988
5421	-2	4	22992
5422	-4	6	22998
5423	-2	4	23002
5424	-4	6	23008
5425	-2	4	23012
5426	-2	4	23016
5427	-2	4	23020
5428	-2	4	23024
5429	-2	4	23028
5430	-2	4	23032
5431	-2	4	23036
5432	-2	4	23040
5433	-2	4	23044
5434	-4	6	23050
5435	-2	4	23054
5436	-2	4	23058
5437	-4	6	23064
5438	-2	4	23068
5439	-2	4	23072
5440	-2	4	23076
5441	-2	4	23080
5442	-3	5	23085
5443	-2	4	23089
5444	-2	4	23093
5445	-4	6	23099
5446	-2	4	23103
5447	-2	4	23107
5448	-2	4	23111
5449	-2	4	23115
5450	-2	4	23119
5451	-2	4	23123
5452	-2	4	23127
5453	-3	5	23132
5454	-2	4	23136
5455	-4	6	23142
5456	-2	4	23146
5457	-2	4	23150
5458	-2	4	23154
5459	-2	4	23158
5460	-2	4	23162
5461	-2	4	23166
5462	-2	4	23170
5463	-3	5	23175
5464	-2	4	23179
5465	-2	4	23183
5466	-2	4	23187
5467	-2	4	23191
5468	-2	4	23195
5469	-2	4	23199
5470	-4	6	23205
5471	-2	4	23209
5472	-2	4	23213
5473	-2	4	23217
5474	-2	4	23221
5475	-4	6	23227
5476	-2	4	23231
5477	-2	4	23235
5478	-2	4	23239
5479	-2	4	23243
5480	-2	4	23247
5481	-2	4	23251
5482	-2	4	23255
5483	-2	4	23259
5484	-2	4	23263
5485	-2	4	23267
5486	-2	4	23271
5487	-2	4	23275
5488	-2	4	23279
5489	-2	4	23283
5490	-2	4	23287
5491	-2	4	23291
5492	-2	4	23295
5493	-2	4	23299
5494	-2	4	23303
5495	-2	4	23307
5496	-2	4	23311
5497	-2	4	23315
5498	-2	4	23319
5499	-2	4	23323
5500	-2	4	23327
5501	-2	4	23331
5502	-2	4	23335
5503	-2	4	23339
5504	-2	4	23343
5505	-2	4	23347
5506	-2	4	23351
5507	-2	4	23355
5508	-2	4	23359
5509	-2	4	23363
5510	-2	4	23367
5511	-2	4	23371
5512	-2	4	23375
5513	-2	4	23379
5514	-2	4	23383
5515	-2	4	23387
5516	-2	4	23391
5517	-2	4	23395
5518	-2	4	23399
5519	-2	4	23403
5520	-2	4	23407
5521	-4	6	23413
5522	-2	4	23417
5523	-2	4	23421
5524	-2	4	23425
5525	-2	4	23429
5526	-2	4	23433
5527	-2	4	23437
5528	-2	4	23441
5529	-4	6	23447
5530	-2	4	23451
5531	-2	4	23455
5532	-2	4	23459
5533	-2	4	23463
5534	-4	6	23469
5535	-2	4	23473
5536	-2	4	23477
5537	-2	4	23481
5538	-2	4	23485
5539	-4	6	23491
5540	-2	4	23495
5541	-2	4	23499
5542	-2	4	23503
5543	-4	6	23509
5544	-2	4	23513
5545	-2	4	23517
5546	-2	4	23521
5547	-2	4	23525
5548	-2	4	23529
5549	-2	4	23533
5550	-2	4	23537
5551	-2	4	23541
5552	-2	4	23545
5553	-2	4	23549
5554	-4	6	23555
5555	-2	4	23559
5556	-2	4	23563
5557	-2	4	23567
5558	-2	4	23571
5559	-2	4	23575
5560	-2	4	23579
5561	-2	4	23583
5562	-2	4	23587
5563	-2	4	23591
5564	-2	4	23595
5565	-4	6	23601
5566	-2	4	23605
5567	-2	4	23609
5568	-2	4	23613
5569	-4	6	23619
5570	-2	4	23623
5571	-2	4	23627
5572	-2	4	23631
5573	-2	4	23635
5574	-2	4	23639
5575	-2	4	23643
5576	-2	4	23647
5577	-2	4	23651
5578	-2	4	23655
5579	-2	4	23659
5580	-2	4	23663
5581	-2	4	23667
5582	-2	4	23671
5583	-2	4	23675
5584	-2	4	23679
5585	-2	4	23683
5586	-2	4	23687
5587	-2	4	23691
5588	-2	4	23695
5589	-2	4	23699
5590	-2	4	23703
5591	-2	4	23707
5592	-2	4	23711
5593	-2	4	23715
5594	-2	4	23719
5595	-2	4	23723
5596	-2	4	23727
5597	-2	4	23731
5598	-2	4	23735
5599	-2	4	23739
5600	-2	4	23743
5601	-2	4	23747
5602	-2	4	23751
5603	-2	4	23755
5604	-2	4	23759
5605	-2	4	23763
5606	-2	4	23767
5607	-4	6	23773
5608	-2	4	23777
5609	-2	4	23781
5610	-2	4	23785
5611	-2	4	23789
5612	-2	4	23793
5613	-2	4	23797
5614	-2	4	23801
5615	-2	4	23805
5616	-2	4	23809
5617	-2	4	23813
5618	-2	4	23817
5619	-2	4	23821
5620	-2	4	23825
5621	-2	4	23829
5622	-2	4	23833
5623	-2	4	23837
5624	-2	4	23841
5625	-2	4	23845
5626	-2	4	23849
5627	-3	5	23854
5628	-2	4	23858
5629	-2	4	23862
5630	-2	4	23866
5631	-2	4	23870
5632	-2	4	23874
5633	-2	4	23878
5634	-2	4	23882
5635	-2	4	23886
5636	-2	4	23890
5637	-2	4	23894
5638	-2	4	23898
5639	-2	4	23902
5640	-2	4	23906
5641	-2	4	23910
5642	-2	4	23914
5643	-2	4	23918
5644	-2	4	23922
5645	-2	4	23926
5646	-2	4	23930
5647	-2	4	23934
5648	-2	4	23938
5649	-2	4	23942
5650	-2	4	23946
5651	-2	4	23950
5652	-2	4	23954
5653	-2	4	23958
5654	-2	4	23962
5655	-3	5	23967
5656	-4	6	23973
5657	-2	4	23977
5658	-2	4	23981
5659	-2	4	23985
5660	-2	4	23989
5661	-2	4	23993
5662	-2	4	23997
5663	-2	4	24001
5664	-2	4	24005
5665	-2	4	24009
5666	-2	4	24013
5667	-2	4	24017
5668	-2	4	24021
5669	-2	4	24025
5670	-2	4	24029
5671	-2	4	24033
5672	-2	4	24037
5673	-2	4	24041
5674	-2	4	24045
5675	-2	4	24049
5676	-3	5	24054
5677	-2	4	24058
5678	-2	4	24062
5679	-2	4	24066
5680	-2	4	24070
5681	-2	4	24074
5682	-2	4	24078
5683	-2	4	24082
5684	-2	4	24086
5685	-2	4	24090
5686	-2	4	24094
5687	-2	4	24098
5688	-2	4	24102
5689	-2	4	24106
5690	-2	4	24110
5691	-2	4	24114
5692	-2	4	24118
5693	-2	4	24122
5694	-2	4	24126
5695	-2	4	24130
5696	-2	4	24134
5697	-2	4	24138
5698	-2	4	24142
5699	-2	4	24146
5700	-2	4	24150
5701	-2	4	24154
5702	-2	4	24158
5703	-2	4	24162
5704	-2	4	24166
5705	-4	6	24172
5706	-2	4	24176
5707	-2	4	24180
5708	-2	4	24184
5709	-4	6	24190
5710	-4	6	24196
5711	-2	4	24200
5712	-2	4	24204
5713	-2	4	24208
5714	-2	4	24212
5715	-2	4	24216
5716	-2	4	24220
5717	-2	4	24224
5718	-2	4	24228
5719	-2	4	24232
5720	-2	4	24236
5721	-2	4	24240
5722	-2	4	24244
5723	-2	4	24248
5724	-2	4	24252
5725	-2	4	24256
5726	-2	4	24260
5727	-2	4	24264
5728	-2	4	24268
5729	-2	4	24272
5730	-2	4	24276
5731	-4	6	24282
5732	-2	4	24286
5733	-2	4	24290
5734	-2	4	24294
5735	-2	4	24298
5736	-2	4	24302
5737	-2	4	24306
5738	-2	4	24310
5739	-2	4	24314
5740	-2	4	24318
5741	-2	4	24322
5742	-2	4	24326
5743	-2	4	24330
5744	-2	4	24334
5745	-4	6	24340
5746	-2	4	24344
5747	-2	4	24348
5748	-2	4	24352
5749	-2	4	24356
5750	-2	4	24360
5751	-2	4	24364
5752	-2	4	24368
5753	-2	4	24372
5754	-4	6	24378
5755	-4	6	24384
5756	-2	4	24388
5757	-2	4	24392
5758	-2	4	24396
5759	-2	4	24400
5760	-2	4	24404
5761	-2	4	24408
5762	-2	4	24412
5763	-2	4	24416
5764	-2	4	24420
5765	-2	4	24424
5766	-2	4	24428
5767	-2	4	24432
5768	-3	5	24437
5769	-2	4	24441
5770	-2	4	24445
5771	-2	4	24449
5772	-2	4	24453
5773	-2	4	24457
5774	-2	4	24461
5775	-2	4	24465
5776	-2	4	24469
5777	-2	4	24473
5778	-2	4	24477
5779	-2	4	24481
5780	-2	4	24485
5781	-2	4	24489
5782	-2	4	24493
5783	-2	4	24497
5784	-2	4	24501
5785	-2	4	24505
5786	-2	4	24509
5787	-2	4	24513
5788	-2	4	24517
5789	-2	4	24521
5790	-2	4	24525
5791	-2	4	24529
5792	-2	4	24533
5793	-2	4	24537
5794	-2	4	24541
5795	-2	4	24545
5796	-2	4	24549
5797	-3	5	24554
5798	-2	4	24558
5799	-2	4	24562
5800	-2	4	24566
5801	-2	4	24570
5802	-2	4	24574
5803	-2	4	24578
5804	-2	4	24582
5805	-2	4	24586
5806	-2	4	24590
5807	-2	4	24594
5808	-2	4	24598
5809	-2	4	24602
5810	-2	4	24606
5811	-2	4	24610
5812	-2	4	24614
5813	-2	4	24618
5814	-2	4	24622
5815	-2	4	24626
5816	-2	4	24630
5817	-2	4	24634
5818	-2	4	24638
5819	-2	4	24642
5820	-2	4	24646
5821	-2	4	24650
5822	-2	4	24654
5823	-2	4	24658
5824	-2	4	24662
5825	-2	4	24666
5826	-2	4	24670
5827	-2	4	24674
5828	-2	4	24678
5829	-2	4	24682
5830	-2	4	24686
5831	-2	4	24690
5832	-2	4	24694
5833	-4	6	24700
5834	-2	4	24704
5835	-2	4	24708
5836	-3	5	24713
5837	-2	4	24717
5838	-4	6	24723
5839	-4	6	24729
5840	-2	4	24733
5841	-2	4	24737
5842	-2	4	24741
5843	-2	4	24745
5844	-2	4	24749
5845	-2	4	24753
5846	-3	5	24758
5847	-2	4	24762
5848	-2	4	24766
5849	-2	4	24770
5850	-2	4	24774
5851	-3	5	24779
5852	-2	4	24783
5853	-2	4	24787
5854	-2	4	24791
5855	-2	4	24795
5856	-2	4	24799
5857	-2	4	24803
5858	-2	4	24807
5859	-2	4	24811
5860	-2	4	24815
5861	-2	4	24819
5862	-2	4	24823
5863	-2	4	24827
5864	-2	4	24831
5865	-2	4	24835
5866	-2	4	24839
5867	-2	4	24843
5868	-2	4	24847
5869	-2	4	24851
5870	-3	5	24856
5871	-2	4	24860
5872	-2	4	24864
5873	-2	4	24868
5874	-2	4	24872
5875	-2	4	24876
5876	-2	4	24880
5877	-3	5	24885
5878	-2	4	24889
5879	-2	4	24893
5880	-2	4	24897
5881	-2	4	24901
5882	-2	4	24905
5883	-2	4	24909
5884	-2	4	24913
5885	-2	4	24917
5886	-2	4	24921
5887	-2	4	24925
5888	-2	4	24929
5889	-2	4	24933
5890	-2	4	24937
5891	-2	4	24941
5892	-2	4	24945
5893	-2	4	24949
5894	-2	4	24953
5895	-2	4	24957
5896	-2	4	24961
5897	-2	4	24965
5898	-2	4	24969
5899	-2	4	24973
5900	-3	5	24978
5901	-2	4	24982
5902	-2	4	24986
5903	-2	4	24990
5904	-2	4	24994
5905	-2	4	24998
5906	-4	6	25004
5907	-2	4	25008
5908	-2	4	25012
5909	-2	4	25016
5910	-2	4	25020
5911	-2	4	25024
5912	-2	4	25028
5913	-2	4	25032
5914	-2	4	25036
5915	-2	4	25040
5916	-2	4	25044
5917	-2	4	25048
5918	-4	6	25054
5919	-2	4	25058
5920	-2	4	25062
5921	-2	4	25066
5922	-2	4	25070
5923	-2	4	25074
5924	-2	4	25078
5925	-2	4	25082
5926	-2	4	25086
5927	-2	4	25090
5928	-2	4	25094
5929	-2	4	25098
5930	-2	4	25102
5931	-2	4	25106
5932	-2	4	25110
5933	-2	4	25114
5934	-2	4	25118
5935	-2	4	25122
5936	-2	4	25126
5937	-2	4	25130
5938	-2	4	25134
5939	-2	4	25138
5940	-2	4	25142
5941	-2	4	25146
5942	-4	6	25152
5943	-2	4	25156
5944	-4	6	25162
5945	-2	4	25166
5946	-2	4	25170
5947	-4	6	25176
5948	-4	6	25182
5949	-2	4	25186
5950	-2	4	25190
5951	-2	4	25194
5952	-2	4	25198
5953	-2	4	25202
5954	-2	4	25206
5955	-2	4	25210
5956	-2	4	25214
5957	-2	4	25218
5958	-2	4	25222
5959	-4	6	25228
5960	-2	4	25232
5961	-2	4	25236
5962	-2	4	25240
5963	-2	4	25244
5964	-2	4	25248
5965	-4	6	25254
5966	-3	5	25259
5967	-2	4	25263
5968	-2	4	25267
5969	-2	4	25271
5970	-2	4	25275
5971	-2	4	25279
5972	-2	4	25283
5973	-2	4	25287
5974	-2	4	25291
5975	-2	4	25295
5976	-3	5	25300
5977	-2	4	25304
5978	-2	4	25308
5979	-2	4	25312
5980	-2	4	25316
5981	-2	4	25320
5982	-2	4	25324
5983	-2	4	25328
5984	-2	4	25332
5985	-2	4	25336
5986	-2	4	25340
5987	-2	4	25344
5988	-2	4	25348
5989	-2	4	25352
5990	-2	4	25356
5991	-2	4	25360
5992	-2	4	25364
5993	-2	4	25368
5994	-2	4	25372
5995	-2	4	25376
5996	-2	4	25380
5997	-2	4	25384
5998	-2	4	25388
5999	-2	4	25392
6000	-2	4	25396
6001	-2	4	25400
6002	-2	4	25404
6003	-4	6	25410
6004	-2	4	25414
6005	-2	4	25418
6006	-2	4	25422
6007	-2	4	25426
6008	-2	4	25430
6009	-2	4	25434
6010	-2	4	25438
6011	-2	4	25442
6012	-2	4	25446
6013	-2	4	25450
6014	-2	4	25454
6015	-2	4	25458
6016	-2	4	25462
6017	-2	4	25466
6018	-2	4	25470
6019	-2	4	25474
6020	-2	4	25478
6021	-4	6	25484
6022	-2	4	25488
6023	-2	4	25492
6024	-2	4	25496
6025	-2	4	25500
6026	-2	4	25504
6027	-2	4	25508
6028	-2	4	25512
6029	-2	4	25516
6030	-2	4	25520
6031	-2	4	25524
6032	-3	5	25529
6033	-2	4	25533
6034	-2	4	25537
6035	-2	4	25541
6036	-2	4	25545
6037	-2	4	25549
6038	-2	4	25553
6039	-2	4	25557
6040	-2	4	25561
6041	-2	4	25565
6042	-2	4	25569
6043	-2	4	25573
6044	-2	4	25577
6045	-2	4	25581
6046	-2	4	25585
6047	-2	4	25589
6048	-2	4	25593
6049	-4	6	25599
6050	-2	4	25603
6051	-2	4	25607
6052	-2	4	25611
6053	-2	4	25615
6054	-2	4	25619
6055	-2	4	25623
6056	-2	4	25627
6057	-2	4	25631
6058	-2	4	25635
6059	-2	4	25639
6060	-2	4	25643
6061	-4	6	25649
6062	-2	4	25653
6063	-5	7	25660
6064	-2	4	25664
6065	-2	4	25668
6066	-2	4	25672
6067	-2	4	25676
6068	-2	4	25680
6069	-2	4	25684
6070	-2	4	25688
6071	-2	4	25692
6072	-2	4	25696
6073	-2	4	25700
6074	-2	4	25704
6075	-2	4	25708
6076	-2	4	25712
6077	-2	4	25716
6078	-2	4	25720
6079	-2	4	25724
6080	-2	4	25728
6081	-2	4	25732
6082	-2	4	25736
6083	-3	5	25741
6084	-2	4	25745
6085	-2	4	25749
6086	-2	4	25753
6087	-2	4	25757
6088	-2	4	25761
6089	-2	4	25765
6090	-2	4	25769
6091	-2	4	25773
6092	-2	4	25777
6093	-2	4	25781
6094	-2	4	25785
6095	-2	4	25789
6096	-2	4	25793
6097	-2	4	25797
6098	-2	4	25801
6099	-2	4	25805
6100	-2	4	25809
6101	-2	4	25813
6102	-2	4	25817
6103	-2	4	25821
6104	-2	4	25825
6105	-2	4	25829
6106	-2	4	25833
6107	-2	4	25837
6108	-2	4	25841
6109	-2	4	25845
6110	-2	4	25849
6111	-2	4	25853
6112	-2	4	25857
6113	-2	4	25861
6114	-2	4	25865
6115	-2	4	25869
6116	-2	4	25873
6117	-2	4	25877
6118	-2	4	25881
6119	-2	4	25885
6120	-2	4	25889
6121	-2	4	25893
6122	-2	4	25897
6123	-2	4	25901
6124	-2	4	25905
6125	-2	4	25909
6126	-2	4	25913
6127	-2	4	25917
6128	-2	4	25921
6129	-2	4	25925
6130	-2	4	25929
6131	-2	4	25933
6132	-2	4	25937
6133	-2	4	25941
6134	-2	4	25945
6135	-2	4	25949
6136	-2	4	25953
6137	-2	4	25957
6138	-2	4	25961
6139	-2	4	25965
6140	-2	4	25969
6141	-2	4	25973
6142	-2	4	25977
6143	-2	4	25981
6144	-2	4	25985
6145	-2	4	25989
6146	-2	4	25993
6147	-2	4	25997
6148	-2	4	26001
6149	-2	4	26005
6150	-2	4	26009
6151	-2	4	26013
6152	-6	8	26021
6153	-2	4	26025
6154	-3	5	26030
6155	-2	4	26034
6156	-2	4	26038
6157	-2	4	26042
6158	-2	4	26046
6159	-4	6	26052
6160	-2	4	26056
6161	-2	4	26060
6162	-2	4	26064
6163	-4	6	26070
6164	-2	4	26074
6165	-2	4	26078
6166	-2	4	26082
6167	-2	4	26086
6168	-4	6	26092
6169	-2	4	26096
6170	-2	4	26100
6171	-2	4	26104
6172	-4	6	26110
6173	-2	4	26114
6174	-2	4	26118
6175	-2	4	26122
6176	-2	4	26126
6177	-2	4	26130
6178	-2	4	26134
6179	-2	4	26138
6180	-2	4	26142
6181	-2	4	26146
6182	-2	4	26150
6183	-4	6	26156
6184	-2	4	26160
6185	-2	4	26164
6186	-2	4	26168
6187	-2	4	26172
6188	-2	4	26176
6189	-3	5	26181
6190	-4	6	26187
6191	-2	4	26191
6192	-2	4	26195
6193	-2	4	26199
6194	-2	4	26203
6195	-2	4	26207
6196	-2	4	26211
6197	-2	4	26215
6198	-4	6	26221
6199	-2	4	26225
6200	-2	4	26229
6201	-2	4	26233
6202	-2	4	26237
6203	-2	4	26241
6204	-2	4	26245
6205	-2	4	26249
6206	-2	4	26253
6207	-2	4	26257
6208	-2	4	26261
6209	-2	4	26265
6210	-2	4	26269
6211	-2	4	26273
6212	-2	4	26277
6213	-2	4	26281
6214	-2	4	26285
6215	-2	4	26289
6216	-2	4	26293
6217	-2	4	26297
6218	-2	4	26301
6219	-2	4	26305
6220	-2	4	26309
6221	-4	6	26315
6222	-2	4	26319
6223	-2	4	26323
6224	-2	4	26327
6225	-2	4	26331
6226	-2	4	26335
6227	-2	4	26339
6228	-2	4	26343
6229	-2	4	26347
6230	-4	6	26353
6231	-2	4	26357
6232	-4	6	26363
6233	-4	6	26369
6234	-2	4	26373
6235	-2	4	26377
6236	-2	4	26381
6237	-2	4	26385
6238	-2	4	26389
6239	-2	4	26393
6240	-2	4	26397
6241	-4	6	26403
6242	-2	4	26407
6243	-2	4	26411
6244	-2	4	26415
6245	-2	4	26419
6246	-2	4	26423
6247	-2	4	26427
6248	-2	4	26431
6249	-2	4	26435
6250	-2	4	26439
6251	-2	4	26443
6252	-2	4	26447
6253	-2	4	26451
6254	-2	4	26455
6255	-2	4	26459
6256	-2	4	26463
6257	-4	6	26469
6258	-2	4	26473
6259	-2	4	26477
6260	-2	4	26481
6261	-3	5	26486
6262	-2	4	26490
6263	-2	4	26494
6264	-2	4	26498
6265	-2	4	26502
6266	-2	4	26506
6267	-2	4	26510
6268	-2	4	26514
6269	-2	4	26518
6270	-2	4	26522
6271	-2	4	26526
6272	-2	4	26530
6273	-2	4	26534
6274	-2	4	26538
6275	-2	4	26542
6276	-2	4	26546
6277	-2	4	26550
6278	-2	4	26554
6279	-2	4	26558
6280	-4	6	26564
6281	-2	4	26568
6282	-2	4	26572
6283	-2	4	26576
6284	-2	4	26580
6285	-3	5	26585
6286	-4	6	26591
6287	-2	4	26595
6288	-2	4	26599
6289	-2	4	26603
6290	-2	4	26607
6291	-2	4	26611
6292	-4	6	26617
6293	-2	4	26621
6294	-3	5	26626
6295	-2	4	26630
6296	-2	4	26634
6297	-2	4	26638
6298	-2	4	26642
6299	-2	4	26646
6300	-2	4	26650
6301	-2	4	26654
6302	-2	4	26658
6303	-2	4	26662
6304	-2	4	26666
6305	-2	4	26670
6306	-2	4	26674
6307	-2	4	26678
6308	-2	4	26682
6309	-2	4	26686
6310	-2	4	26690
6311	-2	4	26694
6312	-4	6	26700
6313	-2	4	26704
6314	-2	4	26708
6315	-2	4	26712
6316	-2	4	26716
6317	-2	4	26720
6318	-2	4	26724
6319	-2	4	26728
6320	-4	6	26734
6321	-4	6	26740
6322	-2	4	26744
6323	-2	4	26748
6324	-2	4	26752
6325	-2	4	26756
6326	-2	4	26760
6327	-2	4	26764
6328	-4	6	26770
6329	-2	4	26774
6330	-2	4	26778
6331	-2	4	26782
6332	-2	4	26786
6333	-2	4	26790
6334	-2	4	26794
6335	-2	4	26798
6336	-4	6	26804
6337	-2	4	26808
6338	-2	4	26812
6339	-2	4	26816
6340	-2	4	26820
6341	-2	4	26824
6342	-2	4	26828
6343	-2	4	26832
6344	-2	4	26836
6345	-2	4	26840
6346	-2	4	26844
6347	-2	4	26848
6348	-2	4	26852
6349	-2	4	26856
6350	-2	4	26860
6351	-2	4	26864
6352	-2	4	26868
6353	-2	4	26872
6354	-4	6	26878
6355	-2	4	26882
6356	-2	4	26886
6357	-2	4	26890
6358	-2	4	26894
6359	-2	4	26898
6360	-2	4	26902
6361	-4	6	26908
6362	-2	4	26912
6363	-2	4	26916
6364	-3	5	26921
6365	-2	4	26925
6366	-2	4	26929
6367	-2	4	26933
6368	-2	4	26937
6369	-4	6	26943
6370	-2	4	26947
6371	-2	4	26951
6372	-2	4	26955
6373	-2	4	26959
6374	-2	4	26963
6375	-2	4	26967
6376	-2	4	26971
6377	-2	4	26975
6378	-2	4	26979
6379	-2	4	26983
6380	-2	4	26987
6381	-2	4	26991
6382	-4	6	26997
6383	-2	4	27001
6384	-2	4	27005
6385	-2	4	27009
6386	-2	4	27013
6387	-2	4	27017
6388	-4	6	27023
6389	-2	4	27027
6390	-2	4	27031
6391	-2	4	27035
6392	-2	4	27039
6393	-2	4	27043
6394	-2	4	27047
6395	-2	4	27051
6396	-2	4	27055
6397	-2	4	27059
6398	-2	4	27063
6399	-2	4	27067
6400	-2	4	27071
6401	-2	4	27075
6402	-2	4	27079
6403	-4	6	27085
6404	-2	4	27089
6405	-2	4	27093
6406	-2	4	27097
6407	-2	4	27101
6408	-2	4	27105
6409	-5	7	27112
6410	-3	5	27117
6411	-2	4	27121
6412	-4	6	27127
6413	-2	4	27131
6414	-2	4	27135
6415	-2	4	27139
6416	-2	4	27143
6417	-4	6	27149
6418	-2	4	27153
6419	-2	4	27157
6420	-2	4	27161
6421	-2	4	27165
6422	-2	4	27169
6423	-2	4	27173
6424	-2	4	27177
6425	-2	4	27181
6426	-2	4	27185
6427	-2	4	27189
6428	-2	4	27193
6429	-2	4	27197
6430	-2	4	27201
6431	-2	4	27205
6432	-2	4	27209
6433	-2	4	27213
6434	-2	4	27217
6435	-2	4	27221
6436	-2	4	27225
6437	-2	4	27229
6438	-2	4	27233
6439	-2	4	27237
6440	-4	6	27243
6441	-2	4	27247
6442	-2	4	27251
6443	-2	4	27255
6444	-2	4	27259
6445	-2	4	27263
6446	-2	4	27267
6447	-2	4	27271
6448	-4	6	27277
6449	-2	4	27281
6450	-4	6	27287
6451	-2	4	27291
6452	-2	4	27295
6453	-2	4	27299
6454	-2	4	27303
6455	-4	6	27309
6456	-2	4	27313
6457	-2	4	27317
6458	-2	4	27321
6459	-2	4	27325
6460	-2	4	27329
6461	-4	6	27335
6462	-2	4	27339
6463	-2	4	27343
6464	-2	4	27347
6465	-2	4	27351
6466	-2	4	27355
6467	-2	4	27359
6468	-2	4	27363
6469	-2	4	27367
6470	-3	5	27372
6471	-4	6	27378
6472	-2	4	27382
6473	-2	4	27386
6474	-2	4	27390
6475	-2	4	27394
6476	-2	4	27398
6477	-2	4	27402
6478	-2	4	27406
6479	-2	4	27410
6480	-3	5	27415
6481	-2	4	27419
6482	-2	4	27423
6483	-2	4	27427
6484	-2	4	27431
6485	-2	4	27435
6486	-2	4	27439
6487	-2	4	27443
6488	-2	4	27447
6489	-2	4	27451
6490	-2	4	27455
6491	-3	5	27460
6492	-2	4	27464
6493	-2	4	27468
6494	-2	4	27472
6495	-2	4	27476
6496	-2	4	27480
6497	-2	4	27484
6498	-2	4	27488
6499	-2	4	27492
6500	-2	4	27496
6501	-2	4	27500
6502	-2	4	27504
6503	-2	4	27508
6504	-2	4	27512
6505	-2	4	27516
6506	-2	4	27520
6507	-2	4	27524
6508	-2	4	27528
6509	-4	6	27534
6510	-2	4	27538
6511	-2	4	27542
6512	-2	4	27546
6513	-2	4	27550
6514	-4	6	27556
6515	-2	4	27560
6516	-2	4	27564
6517	-2	4	27568
6518	-2	4	27572
6519	-2	4	27576
6520	-2	4	27580
6521	-2	4	27584
6522	-2	4	27588
6523	-2	4	27592
6524	-2	4	27596
6525	-2	4	27600
6526	-2	4	27604
6527	-2	4	27608
6528	-2	4	27612
6529	-3	5	27617
6530	-2	4	27621
6531	-2	4	27625
6532	-2	4	27629
6533	-2	4	27633
6534	-2	4	27637
6535	-2	4	27641
6536	-2	4	27645
6537	-2	4	27649
6538	-2	4	27653
6539	-4	6	27659
6540	-2	4	27663
6541	-2	4	27667
6542	-2	4	27671
6543	-2	4	27675
6544	-2	4	27679
6545	-2	4	27683
6546	-2	4	27687
6547	-2	4	27691
6548	-2	4	27695
6549	-2	4	27699
6550	-2	4	27703
6551	-2	4	27707
6552	-2	4	27711
6553	-2	4	27715
6554	-2	4	27719
6555	-2	4	27723
6556	-2	4	27727
6557	-2	4	27731
6558	-2	4	27735
6559	-2	4	27739
6560	-2	4	27743
6561	-6	8	27751
6562	-2	4	27755
6563	-2	4	27759
6564	-2	4	27763
6565	-2	4	27767
6566	-2	4	27771
6567	-4	6	27777
6568	-2	4	27781
6569	-2	4	27785
6570	-2	4	27789
6571	-2	4	27793
6572	-2	4	27797
6573	-2	4	27801
6574	-2	4	27805
6575	-2	4	27809
6576	-2	4	27813
6577	-2	4	27817
6578	-2	4	27821
6579	-2	4	27825
6580	-2	4	27829
6581	-2	4	27833
6582	-2	4	27837
6583	-2	4	27841
6584	-2	4	27845
6585	-2	4	27849
6586	-2	4	27853
6587	-2	4	27857
6588	-2	4	27861
6589	-2	4	27865
6590	-2	4	27869
6591	-2	4	27873
6592	-2	4	27877
6593	-2	4	27881
6594	-2	4	27885
6595	-2	4	27889
6596	-2	4	27893
6597	-2	4	27897
6598	-2	4	27901
6599	-2	4	27905
6600	-2	4	27909
6601	-2	4	27913
6602	-2	4	27917
6603	-2	4	27921
6604	-2	4	27925
6605	-2	4	27929
6606	-2	4	27933
6607	-2	4	27937
6608	-2	4	27941
6609	-2	4	27945
6610	-2	4	27949
6611	-2	4	27953
6612	-2	4	27957
6613	-2	4	27961
6614	-2	4	27965
6615	-2	4	27969
6616	-2	4	27973
6617	-2	4	27977
6618	-2	4	27981
6619	-2	4	27985
6620	-2	4	27989
6621	-2	4	27993
6622	-2	4	27997
6623	-4	6	28003
6624	-2	4	28007
6625	-2	4	28011
6626	-4	6	28017
6627	-2	4	28021
6628	-2	4	28025
6629	-2	4	28029
6630	-2	4	28033
6631	-2	4	28037
6632	-2	4	28041
6633	-2	4	28045
6634	-2	4	28049
6635	-2	4	28053
6636	-2	4	28057
6637	-2	4	28061
6638	-2	4	28065
6639	-2	4	28069
6640	-2	4	28073
6641	-2	4	28077
6642	-2	4	28081
6643	-2	4	28085
6644	-2	4	28089
6645	-2	4	28093
6646	-2	4	28097
6647	-5	7	28104
6648	-4	6	28110
6649	-2	4	28114
6650	-2	4	28118
6651	-2	4	28122
6652	-2	4	28126
6653	-2	4	28130
6654	-2	4	28134
6655	-2	4	28138
6656	-4	6	28144
6657	-4	6	28150
6658	-2	4	28154
6659	-2	4	28158
6660	-2	4	28162
6661	-2	4	28166
6662	-2	4	28170
6663	-2	4	28174
6664	-2	4	28178
6665	-2	4	28182
6666	-2	4	28186
6667	-2	4	28190
6668	-2	4	28194
6669	-2	4	28198
6670	-2	4	28202
6671	-2	4	28206
6672	-4	6	28212
6673	-2	4	28216
6674	-2	4	28220
6675	-2	4	28224
6676	-2	4	28228
6677	-2	4	28232
6678	-2	4	28236
6679	-2	4	28240
6680	-2	4	28244
6681	-2	4	28248
6682	-2	4	28252
6683	-2	4	28256
6684	-2	4	28260
6685	-2	4	28264
6686	-2	4	28268
6687	-2	4	28272
6688	-2	4	28276
6689	-2	4	28280
6690	-2	4	28284
6691	-2	4	28288
6692	-2	4	28292
6693	-2	4	28296
6694	-2	4	28300
6695	-4	6	28306
6696	-2	4	28310
6697	-2	4	28314
6698	-2	4	28318
6699	-2	4	28322
6700	-4	6	28328
6701	-3	5	28333
6702	-2	4	28337
6703	-2	4	28341
6704	-2	4	28345
6705	-2	4	28349
6706	-2	4	28353
6707	-2	4	28357
6708	-2	4	28361
6709	-2	4	28365
6710	-2	4	28369
6711	-2	4	28373
6712	-2	4	28377
6713	-2	4	28381
6714	-2	4	28385
6715	-2	4	28389
6716	-2	4	28393
6717	-2	4	28397
6718	-2	4	28401
6719	-2	4	28405
6720	-2	4	28409
6721	-2	4	28413
6722	-2	4	28417
6723	-2	4	28421
6724	-2	4	28425
6725	-2	4	28429
6726	-2	4	28433
6727	-2	4	28437
6728	-2	4	28441
6729	-2	4	28445
6730	-2	4	28449
6731	-2	4	28453
6732	-2	4	28457
6733	-4	6	28463
6734	-2	4	28467
6735	-2	4	28471
6736	-2	4	28475
6737	-2	4	28479
6738	-2	4	28483
6739	-2	4	28487
6740	-2	4	28491
6741	-2	4	28495
6742	-2	4	28499
6743	-2	4	28503
6744	-2	4	28507
6745	-2	4	28511
6746	-2	4	28515
6747	-2	4	28519
6748	-2	4	28523
6749	-2	4	28527
6750	-2	4	28531
6751	-2	4	28535
6752	-2	4	28539
6753	-2	4	28543
6754	-2	4	28547
6755	-2	4	28551
6756	-2	4	28555
6757	-2	4	28559
6758	-2	4	28563
6759	-2	4	28567
6760	-2	4	28571
6761	-2	4	28575
6762	-2	4	28579
6763	-2	4	28583
6764	-2	4	28587
6765	-2	4	28591
6766	-2	4	28595
6767	-2	4	28599
6768	-2	4	28603
6769	-2	4	28607
6770	-2	4	28611
6771	-3	5	28616
6772	-2	4	28620
6773	-2	4	28624
6774	-2	4	28628
6775	-3	5	28633
6776	-2	4	28637
6777	-2	4	28641
6778	-2	4	28645
6779	-2	4	28649
6780	-2	4	28653
6781	-2	4	28657
6782	-2	4	28661
6783	-2	4	28665
6784	-2	4	28669
6785	-2	4	28673
6786	-2	4	28677
6787	-2	4	28681
6788	-4	6	28687
6789	-2	4	28691
6790	-2	4	28695
6791	-2	4	28699
6792	-2	4	28703
6793	-2	4	28707
6794	-2	4	28711
6795	-2	4	28715
6796	-2	4	28719
6797	-4	6	28725
6798	-2	4	28729
6799	-2	4	28733
6800	-2	4	28737
6801	-2	4	28741
6802	-2	4	28745
6803	-2	4	28749
6804	-2	4	28753
6805	-2	4	28757
6806	-2	4	28761
6807	-2	4	28765
6808	-2	4	28769
6809	-2	4	28773
6810	-2	4	28777
6811	-2	4	28781
6812	-2	4	28785
6813	-2	4	28789
6814	-2	4	28793
6815	-2	4	28797
6816	-2	4	28801
6817	-2	4	28805
6818	-2	4	28809
6819	-2	4	28813
6820	-2	4	28817
6821	-2	4	28821
6822	-2	4	28825
6823	-2	4	28829
6824	-2	4	28833
6825	-2	4	28837
6826	-2	4	28841
6827	-2	4	28845
6828	-2	4	28849
6829	-2	4	28853
6830	-2	4	28857
6831	-2	4	28861
6832	-2	4	28865
6833	-4	6	28871
6834	-2	4	28875
6835	-2	4	28879
6836	-2	4	28883
6837	-2	4	28887
6838	-2	4	28891
6839	-2	4	28895
6840	-2	4	28899
6841	-2	4	28903
6842	-2	4	28907
6843	-2	4	28911
6844	-2	4	28915
6845	-2	4	28919
6846	-2	4	28923
6847	-2	4	28927
6848	-2	4	28931
6849	-2	4	28935
6850	-2	4	28939
6851	-2	4	28943
6852	-2	4	28947
6853	-2	4	28951
6854	-2	4	28955
6855	-2	4	28959
6856	-2	4	28963
6857	-2	4	28967
6858	-2	4	28971
6859	-2	4	28975
6860	-2	4	28979
6861	-2	4	28983
6862	-2	4	28987
6863	-2	4	28991
6864	-2	4	28995
6865	-2	4	28999
6866	-2	4	29003
6867	-2	4	29007
6868	-2	4	29011
6869	-2	4	29015
6870	-4	6	29021
6871	-2	4	29025
6872	-2	4	29029
6873	-2	4	29033
6874	-2	4	29037
6875	-2	4	29041
6876	-2	4	29045
6877	-2	4	29049
6878	-2	4	29053
6879	-2	4	29057
6880	-2	4	29061
6881	-2	4	29065
6882	-2	4	29069
6883	-2	4	29073
6884	-2	4	29077
6885	-2	4	29081
6886	-2	4	29085
6887	-2	4	29089
6888	-2	4	29093
6889	-2	4	29097
6890	-2	4	29101
6891	-2	4	29105
6892	-6	8	29113
6893	-2	4	29117
6894	-2	4	29121
6895	-2	4	29125
6896	-2	4	29129
6897	-2	4	29133
6898	-2	4	29137
6899	-2	4	29141
6900	-2	4	29145
6901	-3	5	29150
6902	-2	4	29154
6903	-2	4	29158
6904	-2	4	29162
6905	-2	4	29166
6906	-2	4	29170
6907	-2	4	29174
6908	-2	4	29178
6909	-3	5	29183
6910	-2	4	29187
6911	-2	4	29191
6912	-2	4	29195
6913	-2	4	29199
6914	-2	4	29203
6915	-2	4	29207
6916	-2	4	29211
6917	-2	4	29215
6918	-2	4	29219
6919	-2	4	29223
6920	-2	4	29227
6921	-2	4	29231
6922	-2	4	29235
6923	-2	4	29239
6924	-2	4	29243
6925	-2	4	29247
6926	-2	4	29251
6927	-2	4	29255
6928	-2	4	29259
6929	-2	4	29263
6930	-2	4	29267
6931	-2	4	29271
6932	-2	4	29275
6933	-4	6	29281
6934	-2	4	29285
6935	-2	4	29289
6936	-2	4	29293
6937	-2	4	29297
6938	-2	4	29301
6939	-2	4	29305
6940	-2	4	29309
6941	-2	4	29313
6942	-4	6	29319
6943	-2	4	29323
6944	-4	6	29329
6945	-2	4	29333
6946	-2	4	29337
6947	-2	4	29341
6948	-2	4	29345
6949	-2	4	29349
6950	-2	4	29353
6951	-2	4	29357
6952	-2	4	29361
6953	-2	4	29365
6954	-2	4	29369
6955	-4	6	29375
6956	-2	4	29379
6957	-2	4	29383
6958	-2	4	29387
6959	-2	4	29391
6960	-2	4	29395
6961	-2	4	29399
6962	-2	4	29403
6963	-2	4	29407
6964	-3	5	29412
6965	-2	4	29416
6966	-2	4	29420
6967	-2	4	29424
6968	-2	4	29428
6969	-2	4	29432
6970	-2	4	29436
6971	-2	4	29440
6972	-2	4	29444
6973	-2	4	29448
6974	-4	6	29454
6975	-2	4	29458
6976	-2	4	29462
6977	-2	4	29466
6978	-4	6	29472
6979	-2	4	29476
6980	-2	4	29480
6981	-2	4	29484
6982	-2	4	29488
6983	-2	4	29492
6984	-2	4	29496
6985	-2	4	29500
6986	-2	4	29504
6987	-4	6	29510
6988	-2	4	29514
6989	-2	4	29518
6990	-2	4	29522
6991	-2	4	29526
6992	-2	4	29530
6993	-2	4	29534
6994	-2	4	29538
6995	-2	4	29542
6996	-2	4	29546
6997	-2	4	29550
6998	-2	4	29554
6999	-4	6	29560
7000	-2	4	29564
7001	-2	4	29568
7002	-2	4	29572
7003	-3	5	29577
7004	-2	4	29581
7005	-4	6	29587
7006	-2	4	29591
7007	-2	4	29595
7008	-2	4	29599
7009	-2	4	29603
7010	-2	4	29607
7011	-2	4	29611
7012	-2	4	29615
7013	-2	4	29619
7014	-2	4	29623
7015	-2	4	29627
7016	-2	4	29631
7017	-2	4	29635
7018	-6	8	29643
7019	-2	4	29647
7020	-3	5	29652
7021	-2	4	29656
7022	-2	4	29660
7023	-2	4	29664
7024	-2	4	29668
7025	-2	4	29672
7026	-2	4	29676
7027	-2	4	29680
7028	-4	6	29686
7029	-2	4	29690
7030	-2	4	29694
7031	-2	4	29698
7032	-2	4	29702
7033	-2	4	29706
7034	-2	4	29710
7035	-2	4	29714
7036	-3	5	29719
7037	-2	4	29723
7038	-4	6	29729
7039	-2	4	29733
7040	-2	4	29737
7041	-2	4	29741
7042	-3	5	29746
7043	-3	5	29751
7044	-2	4	29755
7045	-2	4	29759
7046	-2	4	29763
7047	-2	4	29767
7048	-4	6	29773
7049	-2	4	29777
7050	-2	4	29781
7051	-2	4	29785
7052	-2	4	29789
7053	-2	4	29793
7054	-2	4	29797
7055	-2	4	29801
7056	-2	4	29805
7057	-2	4	29809
7058	-2	4	29813
7059	-2	4	29817
7060	-2	4	29821
7061	-4	6	29827
7062	-4	6	29833
7063	-2	4	29837
7064	-2	4	29841
7065	-2	4	29845
7066	-2	4	29849
7067	-2	4	29853
7068	-2	4	29857
7069	-2	4	29861
7070	-2	4	29865
7071	-2	4	29869
7072	-2	4	29873
7073	-2	4	29877
7074	-2	4	29881
7075	-2	4	29885
7076	-2	4	29889
7077	-2	4	29893
7078	-2	4	29897
7079	-2	4	29901
7080	-4	6	29907
7081	-2	4	29911
7082	-2	4	29915
7083	-2	4	29919
7084	-2	4	29923
7085	-2	4	29927
7086	-2	4	29931
7087	-2	4	29935
7088	-5	7	29942
7089	-2	4	29946
7090	-2	4	29950
7091	-2	4	29954
7092	-2	4	29958
7093	-2	4	29962
7094	-2	4	29966
7095	-2	4	29970
7096	-2	4	29974
7097	-2	4	29978
7098	-3	5	29983
7099	-2	4	29987
7100	-2	4	29991
7101	-2	4	29995
7102	-2	4	29999
7103	-2	4	30003
7104	-2	4	30007
7105	-2	4	30011
7106	-2	4	30015
7107	-2	4	30019
7108	-2	4	30023
7109	-2	4	30027
7110	-4	6	30033
7111	-2	4	30037
7112	-2	4	30041
7113	-2	4	30045
7114	-2	4	30049
7115	-2	4	30053
7116	-2	4	30057
7117	-2	4	30061
7118	-2	4	30065
7119	-2	4	30069
7120	-2	4	30073
7121	-2	4	30077
7122	-2	4	30081
7123	-2	4	30085
7124	-2	4	30089
7125	-2	4	30093
7126	-2	4	30097
7127	-2	4	30101
7128	-2	4	30105
7129	-2	4	30109
7130	-2	4	30113
7131	-2	4	30117
7132	-2	4	30121
7133	-2	4	30125
7134	-2	4	30129
7135	-2	4	30133
7136	-2	4	30137
7137	-2	4	30141
7138	-2	4	30145
7139	-2	4	30149
7140	-2	4	30153
7141	-2	4	30157
7142	-2	4	30161
7143	-2	4	30165
7144	-2	4	30169
7145	-2	4	30173
7146	-2	4	30177
7147	-2	4	30181
7148	-2	4	30185
7149	-2	4	30189
7150	-2	4	30193
7151	-2	4	30197
7152	-2	4	30201
7153	-2	4	30205
7154	-2	4	30209
7155	-2	4	30213
7156	-2	4	30217
7157	-4	6	30223
7158	-2	4	30227
7159	-2	4	30231
7160	-2	4	30235
7161	-2	4	30239
7162	-4	6	30245
7163	-4	6	30251
7164	-2	4	30255
7165	-4	6	30261
7166	-3	5	30266
7167	-2	4	30270
7168	-2	4	30274
7169	-2	4	30278
7170	-2	4	30282
7171	-2	4	30286
7172	-2	4	30290
7173	-2	4	30294
7174	-2	4	30298
7175	-2	4	30302
7176	-2	4	30306
7177	-2	4	30310
7178	-2	4	30314
7179	-2	4	30318
7180	-2	4	30322
7181	-2	4	30326
7182	-2	4	30330
7183	-2	4	30334
7184	-2	4	30338
7185	-2	4	30342
7186	-2	4	30346
7187	-2	4	30350
7188	-2	4	30354
7189	-2	4	30358
7190	-2	4	30362
7191	-2	4	30366
7192	-4	6	30372
7193	-2	4	30376
7194	-2	4	30380
7195	-2	4	30384
7196	-2	4	30388
7197	-2	4	30392
7198	-2	4	30396
7199	-2	4	30400
7200	-2	4	30404
7201	-2	4	30408
7202	-2	4	30412
7203	-4	6	30418
7204	-2	4	30422
7205	-2	4	30426
7206	-2	4	30430
7207	-2	4	30434
7208	-2	4	30438
7209	-2	4	30442
7210	-3	5	30447
7211	-2	4	30451
7212	-2	4	30455
7213	-2	4	30459
7214	-2	4	30463
7215	-2	4	30467
7216	-2	4	30471
7217	-4	6	30477
7218	-2	4	30481
7219	-2	4	30485
7220	-2	4	30489
7221	-2	4	30493
7222	-2	4	30497
7223	-2	4	30501
7224	-2	4	30505
7225	-2	4	30509
7226	-2	4	30513
7227	-2	4	30517
7228	-2	4	30521
7229	-2	4	30525
7230	-4	6	30531
7231	-2	4	30535
7232	-2	4	30539
7233	-2	4	30543
7234	-2	4	30547
7235	-2	4	30551
7236	-2	4	30555
7237	-3	5	30560
7238	-2	4	30564
7239	-2	4	30568
7240	-2	4	30572
7241	-2	4	30576
7242	-2	4	30580
7243	-2	4	30584
7244	-2	4	30588
7245	-2	4	30592
7246	-2	4	30596
7247	-4	6	30602
7248	-2	4	30606
7249	-2	4	30610
7250	-2	4	30614
7251	-2	4	30618
7252	-2	4	30622
7253	-2	4	30626
7254	-2	4	30630
7255	-2	4	30634
7256	-2	4	30638
7257	-2	4	30642
7258	-2	4	30646
7259	-2	4	30650
7260	-2	4	30654
7261	-2	4	30658
7262	-2	4	30662
7263	-2	4	30666
7264	-2	4	30670
7265	-2	4	30674
7266	-2	4	30678
7267	-2	4	30682
7268	-2	4	30686
7269	-4	6	30692
7270	-2	4	30696
7271	-2	4	30700
7272	-2	4	30704
7273	-2	4	30708
7274	-2	4	30712
7275	-2	4	30716
7276	-2	4	30720
7277	-4	6	30726
7278	-2	4	30730
7279	-2	4	30734
7280	-2	4	30738
7281	-2	4	30742
7282	-2	4	30746
7283	-2	4	30750
7284	-2	4	30754
7285	-2	4	30758
7286	-2	4	30762
7287	-2	4	30766
7288	-2	4	30770
7289	-2	4	30774
7290	-2	4	30778
7291	-2	4	30782
7292	-2	4	30786
7293	-2	4	30790
7294	-2	4	30794
7295	-4	6	30800
7296	-2	4	30804
7297	-2	4	30808
7298	-2	4	30812
7299	-2	4	30816
7300	-2	4	30820
7301	-2	4	30824
7302	-2	4	30828
7303	-2	4	30832
7304	-4	6	30838
7305	-2	4	30842
7306	-2	4	30846
7307	-2	4	30850
7308	-2	4	30854
7309	-2	4	30858
7310	-2	4	30862
7311	-2	4	30866
7312	-2	4	30870
7313	-2	4	30874
7314	-2	4	30878
7315	-2	4	30882
7316	-2	4	30886
7317	-2	4	30890
7318	-4	6	30896
7319	-3	5	30901
7320	-2	4	30905
7321	-2	4	30909
7322	-2	4	30913
7323	-2	4	30917
7324	-2	4	30921
7325	-2	4	30925
7326	-2	4	30929
7327	-2	4	30933
7328	-2	4	30937
7329	-2	4	30941
7330	-4	6	30947
7331	-2	4	30951
7332	-2	4	30955
7333	-2	4	30959
7334	-2	4	30963
7335	-2	4	30967
7336	-2	4	30971
7337	-2	4	30975
7338	-2	4	30979
7339	-2	4	30983
7340	-2	4	30987
7341	-2	4	30991
7342	-2	4	30995
7343	-2	4	30999
7344	-2	4	31003
7345	-3	5	31008
7346	-2	4	31012
7347	-2	4	31016
7348	-2	4	31020
7349	-2	4	31024
7350	-2	4	31028
7351	-2	4	31032
7352	-2	4	31036
7353	-2	4	31040
7354	-2	4	31044
7355	-2	4	31048
7356	-2	4	31052
7357	-2	4	31056
7358	-2	4	31060
7359	-2	4	31064
7360	-2	4	31068
7361	-2	4	31072
7362	-2	4	31076
7363	-2	4	31080
7364	-2	4	31084
7365	-2	4	31088
7366	-2	4	31092
7367	-2	4	31096
7368	-2	4	31100
7369	-2	4	31104
7370	-2	4	31108
7371	-2	4	31112
7372	-2	4	31116
7373	-2	4	31120
7374	-2	4	31124
7375	-2	4	31128
7376	-2	4	31132
7377	-2	4	31136
7378	-4	6	31142
7379	-2	4	31146
7380	-2	4	31150
7381	-2	4	31154
7382	-2	4	31158
7383	-2	4	31162
7384	-2	4	31166
7385	-2	4	31170
7386	-2	4	31174
7387	-2	4	31178
7388	-2	4	31182
7389	-2	4	31186
7390	-2	4	31190
7391	-2	4	31194
7392	-2	4	31198
7393	-2	4	31202
7394	-2	4	31206
7395	-2	4	31210
7396	-3	5	31215
7397	-2	4	31219
7398	-2	4	31223
7399	-2	4	31227
7400	-2	4	31231
7401	-2	4	31235
7402	-2	4	31239
7403	-2	4	31243
7404	-2	4	31247
7405	-2	4	31251
7406	-2	4	31255
7407	-2	4	31259
7408	-2	4	31263
7409	-2	4	31267
7410	-2	4	31271
7411	-2	4	31275
7412	-2	4	31279
7413	-2	4	31283
7414	-2	4	31287
7415	-4	6	31293
7416	-2	4	31297
7417	-2	4	31301
7418	-2	4	31305
7419	-2	4	31309
7420	-2	4	31313
7421	-2	4	31317
7422	-3	5	31322
7423	-2	4	31326
7424	-4	6	31332
7425	-2	4	31336
7426	-4	6	31342
7427	-2	4	31346
7428	-4	6	31352
7429	-2	4	31356
7430	-2	4	31360
7431	-2	4	31364
7432	-2	4	31368
7433	-2	4	31372
7434	-2	4	31376
7435	-2	4	31380
7436	-2	4	31384
7437	-2	4	31388
7438	-2	4	31392
7439	-2	4	31396
7440	-2	4	31400
7441	-2	4	31404
7442	-2	4	31408
7443	-2	4	31412
7444	-2	4	31416
7445	-2	4	31420
7446	-2	4	31424
7447	-2	4	31428
7448	-2	4	31432
7449	-2	4	31436
7450	-4	6	31442
7451	-2	4	31446
7452	-2	4	31450
7453	-2	4	31454
7454	-2	4	31458
7455	-4	6	31464
7456	-2	4	31468
7457	-2	4	31472
7458	-2	4	31476
7459	-2	4	31480
7460	-2	4	31484
7461	-4	6	31490
7462	-2	4	31494
7463	-2	4	31498
7464	-2	4	31502
7465	-2	4	31506
7466	-2	4	31510
7467	-2	4	31514
7468	-2	4	31518
7469	-2	4	31522
7470	-2	4	31526
7471	-2	4	31530
7472	-2	4	31534
7473	-2	4	31538
7474	-2	4	31542
7475	-2	4	31546
7476	-2	4	31550
7477	-2	4	31554
7478	-2	4	31558
7479	-2	4	31562
7480	-2	4	31566
7481	-2	4	31570
7482	-2	4	31574
7483	-2	4	31578
7484	-2	4	31582
7485	-2	4	31586
7486	-4	6	31592
7487	-2	4	31596
7488	-2	4	31600
7489	-2	4	31604
7490	-2	4	31608
7491	-2	4	31612
7492	-2	4	31616
7493	-2	4	31620
7494	-2	4	31624
7495	-3	5	31629
7496	-2	4	31633
7497	-2	4	31637
7498	-2	4	31641
7499	-2	4	31645
7500	-2	4	31649
7501	-2	4	31653
7502	-2	4	31657
7503	-4	6	31663
7504	-2	4	31667
7505	-2	4	31671
7506	-2	4	31675
7507	-2	4	31679
7508	-2	4	31683
7509	-2	4	31687
7510	-2	4	31691
7511	-2	4	31695
7512	-2	4	31699
7513	-2	4	31703
7514	-2	4	31707
7515	-2	4	31711
7516	-2	4	31715
7517	-2	4	31719
7518	-2	4	31723
7519	-2	4	31727
7520	-2	4	31731
7521	-2	4	31735
7522	-2	4	31739
7523	-2	4	31743
7524	-2	4	31747
7525	-2	4	31751
7526	-2	4	31755
7527	-2	4	31759
7528	-2	4	31763
7529	-2	4	31767
7530	-2	4	31771
7531	-2	4	31775
7532	-2	4	31779
7533	-2	4	31783
7534	-2	4	31787
7535	-2	4	31791
7536	-2	4	31795
7537	-4	6	31801
7538	-2	4	31805
7539	-2	4	31809
7540	-4	6	31815
7541	-2	4	31819
7542	-2	4	31823
7543	-2	4	31827
7544	-2	4	31831
7545	-2	4	31835
7546	-2	4	31839
7547	-2	4	31843
7548	-2	4	31847
7549	-2	4	31851
7550	-2	4	31855
7551	-2	4	31859
7552	-2	4	31863
7553	-2	4	31867
7554	-2	4	31871
7555	-2	4	31875
7556	-2	4	31879
7557	-2	4	31883
7558	-2	4	31887
7559	-2	4	31891
7560	-2	4	31895
7561	-2	4	31899
7562	-2	4	31903
7563	-2	4	31907
7564	-2	4	31911
7565	-2	4	31915
7566	-2	4	31919
7567	-2	4	31923
7568	-2	4	31927
7569	-2	4	31931
7570	-4	6	31937
7571	-2	4	31941
7572	-2	4	31945
7573	-2	4	31949
7574	-4	6	31955
7575	-2	4	31959
7576	-2	4	31963
7577	-2	4	31967
7578	-2	4	31971
7579	-2	4	31975
7580	-2	4	31979
7581	-2	4	31983
7582	-2	4	31987
7583	-2	4	31991
7584	-2	4	31995
7585	-2	4	31999
7586	-2	4	32003
7587	-2	4	32007
7588	-2	4	32011
7589	-2	4	32015
7590	-2	4	32019
7591	-2	4	32023
7592	-2	4	32027
7593	-2	4	32031
7594	-2	4	32035
7595	-4	6	32041
7596	-2	4	32045
7597	-2	4	32049
7598	-2	4	32053
7599	-2	4	32057
7600	-2	4	32061
7601	-2	4	32065
7602	-2	4	32069
7603	-2	4	32073
7604	-2	4	32077
7605	-2	4	32081
7606	-2	4	32085
7607	-2	4	32089
7608	-3	5	32094
7609	-2	4	32098
7610	-2	4	32102
7611	-2	4	32106
7612	-2	4	32110
7613	-2	4	32114
7614	-2	4	32118
7615	-2	4	32122
7616	-2	4	32126
7617	-2	4	32130
7618	-2	4	32134
7619	-2	4	32138
7620	-2	4	32142
7621	-2	4	32146
7622	-2	4	32150
7623	-2	4	32154
7624	-2	4	32158
7625	-2	4	32162
7626	-2	4	32166
7627	-2	4	32170
7628	-2	4	32174
7629	-2	4	32178
7630	-2	4	32182
7631	-2	4	32186
7632	-4	6	32192
7633	-2	4	32196
7634	-2	4	32200
7635	-2	4	32204
7636	-2	4	32208
7637	-2	4	32212
7638	-2	4	32216
7639	-2	4	32220
7640	-2	4	32224
7641	-2	4	32228
7642	-2	4	32232
7643	-2	4	32236
7644	-2	4	32240
7645	-2	4	32244
7646	-2	4	32248
7647	-2	4	32252
7648	-2	4	32256
7649	-2	4	32260
7650	-4	6	32266
7651	-2	4	32270
7652	-3	5	32275
7653	-2	4	32279
7654	-2	4	32283
7655	-2	4	32287
7656	-2	4	32291
7657	-2	4	32295
7658	-2	4	32299
7659	-2	4	32303
7660	-2	4	32307
7661	-2	4	32311
7662	-2	4	32315
7663	-2	4	32319
7664	-2	4	32323
7665	-2	4	32327
7666	-2	4	32331
7667	-2	4	32335
7668	-2	4	32339
7669	-2	4	32343
7670	-2	4	32347
7671	-3	5	32352
7672	-2	4	32356
7673	-2	4	32360
7674	-2	4	32364
7675	-2	4	32368
7676	-2	4	32372
7677	-2	4	32376
7678	-2	4	32380
7679	-2	4	32384
7680	-2	4	32388
7681	-2	4	32392
7682	-2	4	32396
7683	-2	4	32400
7684	-2	4	32404
7685	-2	4	32408
7686	-2	4	32412
7687	-2	4	32416
7688	-2	4	32420
7689	-2	4	32424
7690	-2	4	32428
7691	-2	4	32432
7692	-2	4	32436
7693	-2	4	32440
7694	-2	4	32444
7695	-2	4	32448
7696	-2	4	32452
7697	-2	4	32456
7698	-2	4	32460
7699	-2	4	32464
7700	-2	4	32468
7701	-2	4	32472
7702	-2	4	32476
7703	-4	6	32482
7704	-2	4	32486
7705	-2	4	32490
7706	-2	4	32494
7707	-2	4	32498
7708	-2	4	32502
7709	-2	4	32506
7710	-2	4	32510
7711	-2	4	32514
7712	-2	4	32518
7713	-2	4	32522
7714	-2	4	32526
7715	-4	6	32532
7716	-2	4	32536
7717	-2	4	32540
7718	-2	4	32544
7719	-2	4	32548
7720	-2	4	32552
7721	-2	4	32556
7722	-2	4	32560
7723	-2	4	32564
7724	-2	4	32568
7725	-2	4	32572
7726	-4	6	32578
7727	-2	4	32582
7728	-4	6	32588
7729	-2	4	32592
7730	-2	4	32596
7731	-2	4	32600
7732	-4	6	32606
7733	-2	4	32610
7734	-2	4	32614
7735	-2	4	32618
7736	-2	4	32622
7737	-2	4	32626
7738	-2	4	32630
7739	-2	4	32634
7740	-2	4	32638
7741	-2	4	32642
7742	-4	6	32648
7743	-2	4	32652
7744	-2	4	32656
7745	-6	8	32664
7746	-2	4	32668
7747	-4	6	32674
7748	-2	4	32678
7749	-2	4	32682
7750	-2	4	32686
7751	-2	4	32690
7752	-2	4	32694
7753	-2	4	32698
7754	-2	4	32702
7755	-2	4	32706
7756	-4	6	32712
7757	-2	4	32716
7758	-2	4	32720
7759	-2	4	32724
7760	-2	4	32728
7761	-2	4	32732
7762	-2	4	32736
7763	-2	4	32740
7764	-2	4	32744
7765	-2	4	32748
7766	-2	4	32752
7767	-2	4	32756
7768	-2	4	32760
7769	-2	4	32764
7770	-2	4	32768
7771	-2	4	32772
7772	-2	4	32776
7773	-2	4	32780
7774	-2	4	32784
7775	-2	4	32788
7776	-2	4	32792
7777	-2	4	32796
7778	-2	4	32800
7779	-2	4	32804
7780	-2	4	32808
7781	-2	4	32812
7782	-2	4	32816
7783	-2	4	32820
7784	-2	4	32824
7785	-2	4	32828
7786	-2	4	32832
7787	-2	4	32836
7788	-2	4	32840
7789	-3	5	32845
7790	-2	4	32849
7791	-2	4	32853
7792	-2	4	32857
7793	-2	4	32861
7794	-2	4	32865
7795	-2	4	32869
7796	-4	6	32875
7797	-2	4	32879
7798	-2	4	32883
7799	-6	8	32891
7800	-2	4	32895
7801	-2	4	32899
7802	-2	4	32903
7803	-2	4	32907
7804	-2	4	32911
7805	-2	4	32915
7806	-2	4	32919
7807	-2	4	32923
7808	-2	4	32927
7809	-2	4	32931
7810	-2	4	32935
7811	-2	4	32939
7812	-2	4	32943
7813	-2	4	32947
7814	-2	4	32951
7815	-4	6	32957
7816	-2	4	32961
7817	-2	4	32965
7818	-2	4	32969
7819	-2	4	32973
7820	-2	4	32977
7821	-2	4	32981
7822	-2	4	32985
7823	-2	4	32989
7824	-2	4	32993
7825	-2	4	32997
7826	-2	4	33001
7827	-2	4	33005
7828	-2	4	33009
7829	-2	4	33013
7830	-2	4	33017
7831	-2	4	33021
7832	-2	4	33025
7833	-2	4	33029
7834	-2	4	33033
7835	-2	4	33037
7836	-2	4	33041
7837	-2	4	33045
7838	-2	4	33049
7839	-2	4	33053
7840	-2	4	33057
7841	-2	4	33061
7842	-2	4	33065
7843	-2	4	33069
7844	-2	4	33073
7845	-5	7	33080
7846	-2	4	33084
7847	-2	4	33088
7848	-2	4	33092
7849	-2	4	33096
7850	-2	4	33100
7851	-2	4	33104
7852	-3	5	33109
7853	-2	4	33113
7854	-4	6	33119
7855	-2	4	33123
7856	-2	4	33127
7857	-2	4	33131
7858	-2	4	33135
7859	-2	4	33139
7860	-5	7	33146
7861	-2	4	33150
7862	-2	4	33154
7863	-3	5	33159
7864	-2	4	33163
7865	-2	4	33167
7866	-2	4	33171
7867	-2	4	33175
7868	-4	6	33181
7869	-2	4	33185
7870	-2	4	33189
7871	-4	6	33195
7872	-2	4	33199
7873	-3	5	33204
7874	-2	4	33208
7875	-2	4	33212
7876	-2	4	33216
7877	-2	4	33220
7878	-2	4	33224
7879	-2	4	33228
7880	-2	4	33232
7881	-2	4	33236
7882	-4	6	33242
7883	-2	4	33246
7884	-2	4	33250
7885	-2	4	33254
7886	-2	4	33258
7887	-3	5	33263
7888	-2	4	33267
7889	-2	4	33271
7890	-2	4	33275
7891	-4	6	33281
7892	-2	4	33285
7893	-2	4	33289
7894	-2	4	33293
7895	-2	4	33297
7896	-2	4	33301
7897	-2	4	33305
7898	-2	4	33309
7899	-2	4	33313
7900	-2	4	33317
7901	-2	4	33321
7902	-2	4	33325
7903	-2	4	33329
7904	-2	4	33333
7905	-2	4	33337
7906	-2	4	33341
7907	-2	4	33345
7908	-2	4	33349
7909	-2	4	33353
7910	-3	5	33358
7911	-2	4	33362
7912	-2	4	33366
7913	-2	4	33370
7914	-2	4	33374
7915	-3	5	33379
7916	-2	4	33383
7917	-2	4	33387
7918	-2	4	33391
7919	-2	4	33395
7920	-2	4	33399
7921	-2	4	33403
7922	-4	6	33409
7923	-2	4	33413
7924	-2	4	33417
7925	-2	4	33421
7926	-2	4	33425
7927	-2	4	33429
7928	-2	4	33433
7929	-2	4	33437
7930	-2	4	33441
7931	-2	4	33445
7932	-2	4	33449
7933	-2	4	33453
7934	-2	4	33457
7935	-2	4	33461
7936	-2	4	33465
7937	-2	4	33469
7938	-2	4	33473
7939	-2	4	33477
7940	-2	4	33481
7941	-2	4	33485
7942	-2	4	33489
7943	-2	4	33493
7944	-2	4	33497
7945	-4	6	33503
7946	-2	4	33507
7947	-2	4	33511
7948	-2	4	33515
7949	-4	6	33521
7950	-2	4	33525
7951	-2	4	33529
7952	-2	4	33533
7953	-2	4	33537
7954	-2	4	33541
7955	-2	4	33545
7956	-2	4	33549
7957	-2	4	33553
7958	-2	4	33557
7959	-2	4	33561
7960	-2	4	33565
7961	-2	4	33569
7962	-2	4	33573
7963	-2	4	33577
7964	-2	4	33581
7965	-2	4	33585
7966	-2	4	33589
7967	-2	4	33593
7968	-2	4	33597
7969	-2	4	33601
7970	-2	4	33605
7971	-2	4	33609
7972	-2	4	33613
7973	-2	4	33617
7974	-2	4	33621
7975	-2	4	33625
7976	-2	4	33629
7977	-2	4	33633
7978	-2	4	33637
7979	-2	4	33641
7980	-2	4	33645
7981	-2	4	33649
7982	-2	4	33653
7983	-2	4	33657
7984	-4	6	33663
7985	-2	4	33667
7986	-2	4	33671
7987	-2	4	33675
7988	-2	4	33679
7989	-2	4	33683
7990	-2	4	33687
7991	-2	4	33691
7992	-2	4	33695
7993	-2	4	33699
7994	-2	4	33703
7995	-2	4	33707
7996	-2	4	33711
7997	-2	4	33715
7998	-2	4	33719
7999	-2	4	33723
8000	-2	4	33727
8001	-2	4	33731
8002	-2	4	33735
8003	-2	4	33739
8004	-2	4	33743
8005	-2	4	33747
8006	-2	4	33751
8007	-2	4	33755
8008	-2	4	33759
8009	-2	4	33763
8010	-2	4	33767
8011	-2	4	33771
8012	-2	4	33775
8013	-2	4	33779
8014	-2	4	33783
8015	-2	4	33787
8016	-2	4	33791
8017	-2	4	33795
8018	-2	4	33799
8019	-2	4	33803
8020	-2	4	33807
8021	-2	4	33811
8022	-2	4	33815
8023	-2	4	33819
8024	-2	4	33823
8025	-2	4	33827
8026	-2	4	33831
8027	-2	4	33835
8028	-2	4	33839
8029	-2	4	33843
8030	-2	4	33847
8031	-2	4	33851
8032	-2	4	33855
8033	-4	6	33861
8034	-2	4	33865
8035	-2	4	33869
8036	-2	4	33873
8037	-2	4	33877
8038	-2	4	33881
8039	-2	4	33885
8040	-2	4	33889
8041	-2	4	33893
8042	-2	4	33897
8043	-2	4	33901
8044	-2	4	33905
8045	-2	4	33909
8046	-2	4	33913
8047	-2	4	33917
8048	-2	4	33921
8049	-2	4	33925
8050	-2	4	33929
8051	-2	4	33933
8052	-2	4	33937
8053	-2	4	33941
8054	-2	4	33945
8055	-2	4	33949
8056	-2	4	33953
8057	-2	4	33957
8058	-2	4	33961
8059	-2	4	33965
8060	-2	4	33969
8061	-2	4	33973
8062	-2	4	33977
8063	-3	5	33982
8064	-2	4	33986
8065	-2	4	33990
8066	-2	4	33994
8067	-2	4	33998
8068	-2	4	34002
8069	-2	4	34006
8070	-2	4	34010
8071	-2	4	34014
8072	-2	4	34018
8073	-2	4	34022
8074	-2	4	34026
8075	-2	4	34030
8076	-2	4	34034
8077	-2	4	34038
8078	-2	4	34042
8079	-2	4	34046
8080	-2	4	34050
8081	-2	4	34054
8082	-2	4	34058
8083	-2	4	34062
8084	-6	8	34070
8085	-2	4	34074
8086	-2	4	34078
8087	-2	4	34082
8088	-2	4	34086
8089	-2	4	34090
8090	-2	4	34094
8091	-2	4	34098
8092	-3	5	34103
8093	-2	4	34107
8094	-2	4	34111
8095	-2	4	34115
8096	-2	4	34119
8097	-4	6	34125
8098	-2	4	34129
8099	-2	4	34133
8100	-4	6	34139
8101	-2	4	34143
8102	-4	6	34149
8103	-2	4	34153
8104	-2	4	34157
8105	-2	4	34161
8106	-2	4	34165
8107	-2	4	34169
8108	-4	6	34175
8109	-2	4	34179
8110	-2	4	34183
8111	-2	4	34187
8112	-4	6	34193
8113	-2	4	34197
8114	-2	4	34201
8115	-2	4	34205
8116	-2	4	34209
8117	-2	4	34213
8118	-2	4	34217
8119	-2	4	34221
8120	-4	6	34227
8121	-2	4	34231
8122	-2	4	34235
8123	-2	4	34239
8124	-2	4	34243
8125	-2	4	34247
8126	-2	4	34251
8127	-2	4	34255
8128	-2	4	34259
8129	-2	4	34263
8130	-2	4	34267
8131	-2	4	34271
8132	-2	4	34275
8133	-2	4	34279
8134	-2	4	34283
8135	-2	4	34287
8136	-2	4	34291
8137	-2	4	34295
8138	-2	4	34299
8139	-2	4	34303
8140	-2	4	34307
8141	-4	6	34313
8142	-6	8	34321
8143	-2	4	34325
8144	-2	4	34329
8145	-2	4	34333
8146	-2	4	34337
8147	-2	4	34341
8148	-2	4	34345
8149	-2	4	34349
8150	-2	4	34353
8151	-2	4	34357
8152	-2	4	34361
8153	-2	4	34365
8154	-2	4	34369
8155	-2	4	34373
8156	-2	4	34377
8157	-2	4	34381
8158	-2	4	34385
8159	-2	4	34389
8160	-2	4	34393
8161	-2	4	34397
8162	-2	4	34401
8163	-2	4	34405
8164	-2	4	34409
8165	-2	4	34413
8166	-2	4	34417
8167	-2	4	34421
8168	-2	4	34425
8169	-2	4	34429
8170	-2	4	34433
8171	-2	4	34437
8172	-2	4	34441
8173	-2	4	34445
8174	-2	4	34449
8175	-2	4	34453
8176	-2	4	34457
8177	-2	4	34461
8178	-2	4	34465
8179	-2	4	34469
8180	-2	4	34473
8181	-2	4	34477
8182	-4	6	34483
8183	-4	6	34489
8184	-2	4	34493
8185	-2	4	34497
8186	-2	4	34501
8187	-2	4	34505
8188	-2	4	34509
8189	-2	4	34513
8190	-2	4	34517
8191	-2	4	34521
8192	-2	4	34525
8193	-2	4	34529
8194	-2	4	34533
8195	-2	4	34537
8196	-2	4	34541
8197	-2	4	34545
8198	-2	4	34549
8199	-2	4	34553
8200	-2	4	34557
8201	-2	4	34561
8202	-2	4	34565
8203	-2	4	34569
8204	-2	4	34573
8205	-2	4	34577
8206	-2	4	34581
8207	-2	4	34585
8208	-2	4	34589
8209	-2	4	34593
8210	-2	4	34597
8211	-2	4	34601
8212	-2	4	34605
8213	-2	4	34609
8214	-2	4	34613
8215	-2	4	34617
8216	-2	4	34621
8217	-2	4	34625
8218	-2	4	34629
8219	-2	4	34633
8220	-2	4	34637
8221	-2	4	34641
8222	-2	4	34645
8223	-2	4	34649
8224	-2	4	34653
8225	-2	4	34657
8226	-2	4	34661
8227	-2	4	34665
8228	-2	4	34669
8229	-2	4	34673
8230	-2	4	34677
8231	-2	4	34681
8232	-2	4	34685
8233	-2	4	34689
8234	-2	4	34693
8235	-2	4	34697
8236	-2	4	34701
8237	-2	4	34705
8238	-2	4	34709
8239	-2	4	34713
8240	-2	4	34717
8241	-2	4	34721
8242	-2	4	34725
8243	-2	4	34729
8244	-2	4	34733
8245	-2	4	34737
8246	-2	4	34741
8247	-2	4	34745
8248	-2	4	34749
8249	-2	4	34753
8250	-2	4	34757
8251	-2	4	34761
8252	-2	4	34765
8253	-2	4	34769
8254	-3	5	34774
8255	-2	4	34778
8256	-2	4	34782
8257	-3	5	34787
8258	-2	4	34791
8259	-2	4	34795
8260	-2	4	34799
8261	-2	4	34803
8262	-2	4	34807
8263	-2	4	34811
8264	-2	4	34815
8265	-2	4	34819
8266	-2	4	34823
8267	-2	4	34827
8268	-2	4	34831
8269	-2	4	34835
8270	-2	4	34839
8271	-2	4	34843
8272	-2	4	34847
8273	-2	4	34851
8274	-2	4	34855
8275	-2	4	34859
8276	-2	4	34863
8277	-2	4	34867
8278	-2	4	34871
8279	-2	4	34875
8280	-2	4	34879
8281	-2	4	34883
8282	-2	4	34887
8283	-2	4	34891
8284	-2	4	34895
8285	-2	4	34899
8286	-2	4	34903
8287	-2	4	34907
8288	-2	4	34911
8289	-2	4	34915
8290	-2	4	34919
8291	-2	4	34923
8292	-2	4	34927
8293	-2	4	34931
8294	-2	4	34935
8295	-2	4	34939
8296	-2	4	34943
8297	-2	4	34947
8298	-2	4	34951
8299	-2	4	34955
8300	-2	4	34959
8301	-2	4	34963
8302	-2	4	34967
8303	-2	4	34971
8304	-2	4	34975
8305	-4	6	34981
8306	-2	4	34985
8307	-2	4	34989
8308	-2	4	34993
8309	-2	4	34997
8310	-2	4	35001
8311	-2	4	35005
8312	-2	4	35009
8313	-2	4	35013
8314	-2	4	35017
8315	-3	5	35022
8316	-2	4	35026
8317	-2	4	35030
8318	-2	4	35034
8319	-2	4	35038
8320	-2	4	35042
8321	-2	4	35046
8322	-2	4	35050
8323	-2	4	35054
8324	-2	4	35058
8325	-2	4	35062
8326	-2	4	35066
8327	-2	4	35070
8328	-2	4	35074
8329	-2	4	35078
8330	-2	4	35082
8331	-2	4	35086
8332	-2	4	35090
8333	-2	4	35094
8334	-2	4	35098
8335	-2	4	35102
8336	-2	4	35106
8337	-2	4	35110
8338	-6	8	35118
8339	-2	4	35122
8340	-2	4	35126
8341	-2	4	35130
8342	-2	4	35134
8343	-2	4	35138
8344	-2	4	35142
8345	-2	4	35146
8346	-2	4	35150
8347	-2	4	35154
8348	-2	4	35158
8349	-2	4	35162
8350	-2	4	35166
8351	-4	6	35172
8352	-2	4	35176
8353	-2	4	35180
8354	-2	4	35184
8355	-2	4	35188
8356	-4	6	35194
8357	-2	4	35198
8358	-2	4	35202
8359	-2	4	35206
8360	-2	4	35210
8361	-2	4	35214
8362	-4	6	35220
8363	-2	4	35224
8364	-4	6	35230
8365	-2	4	35234
8366	-2	4	35238
8367	-2	4	35242
8368	-2	4	35246
8369	-2	4	35250
8370	-2	4	35254
8371	-2	4	35258
8372	-2	4	35262
8373	-2	4	35266
8374	-2	4	35270
8375	-2	4	35274
8376	-4	6	35280
8377	-2	4	35284
8378	-2	4	35288
8379	-2	4	35292
8380	-2	4	35296
8381	-4	6	35302
8382	-2	4	35306
8383	-2	4	35310
8384	-2	4	35314
8385	-2	4	35318
8386	-2	4	35322
8387	-2	4	35326
8388	-2	4	35330
8389	-2	4	35334
8390	-2	4	35338
8391	-2	4	35342
8392	-2	4	35346
8393	-2	4	35350
8394	-2	4	35354
8395	-2	4	35358
8396	-2	4	35362
8397	-2	4	35366
8398	-2	4	35370
8399	-2	4	35374
8400	-5	7	35381
8401	-2	4	35385
8402	-2	4	35389
8403	-2	4	35393
8404	-2	4	35397
8405	-2	4	35401
8406	-2	4	35405
8407	-2	4	35409
8408	-2	4	35413
8409	-2	4	35417
8410	-2	4	35421
8411	-2	4	35425
8412	-2	4	35429
8413	-2	4	35433
8414	-2	4	35437
8415	-4	6	35443
8416	-2	4	35447
8417	-3	5	35452
8418	-2	4	35456
8419	-4	6	35462
8420	-2	4	35466
8421	-2	4	35470
8422	-2	4	35474
8423	-2	4	35478
8424	-2	4	35482
8425	-2	4	35486
8426	-2	4	35490
8427	-2	4	35494
8428	-2	4	35498
8429	-2	4	35502
8430	-2	4	35506
8431	-2	4	35510
8432	-2	4	35514
8433	-2	4	35518
8434	-4	6	35524
8435	-2	4	35528
8436	-2	4	35532
8437	-2	4	35536
8438	-2	4	35540
8439	-2	4	35544
8440	-2	4	35548
8441	-2	4	35552
8442	-2	4	35556
8443	-2	4	35560
8444	-2	4	35564
8445	-2	4	35568
8446	-2	4	35572
8447	-2	4	35576
8448	-2	4	35580
8449	-2	4	35584
8450	-2	4	35588
8451	-2	4	35592
8452	-2	4	35596
8453	-2	4	35600
8454	-2	4	35604
8455	-2	4	35608
8456	-2	4	35612
8457	-2	4	35616
8458	-2	4	35620
8459	-2	4	35624
8460	-2	4	35628
8461	-2	4	35632
8462	-2	4	35636
8463	-2	4	35640
8464	-2	4	35644
8465	-2	4	35648
8466	-2	4	35652
8467	-2	4	35656
8468	-2	4	35660
8469	-2	4	35664
8470	-2	4	35668
8471	-2	4	35672
8472	-2	4	35676
8473	-2	4	35680
8474	-2	4	35684
8475	-2	4	35688
8476	-2	4	35692
8477	-2	4	35696
8478	-2	4	35700
8479	-2	4	35704
8480	-3	5	35709
8481	-2	4	35713
8482	-2	4	35717
8483	-2	4	35721
8484	-2	4	35725
8485	-2	4	35729
8486	-4	6	35735
8487	-2	4	35739
8488	-2	4	35743
8489	-2	4	35747
8490	-2	4	35751
8491	-2	4	35755
8492	-2	4	35759
8493	-2	4	35763
8494	-2	4	35767
8495	-2	4	35771
8496	-2	4	35775
8497	-2	4	35779
8498	-4	6	35785
8499	-2	4	35789
8500	-2	4	35793
8501	-2	4	35797
8502	-2	4	35801
8503	-2	4	35805
8504	-2	4	35809
8505	-2	4	35813
8506	-2	4	35817
8507	-4	6	35823
8508	-2	4	35827
8509	-2	4	35831
8510	-2	4	35835
8511	-2	4	35839
8512	-2	4	35843
8513	-2	4	35847
8514	-2	4	35851
8515	-2	4	35855
8516	-2	4	35859
8517	-4	6	35865
8518	-2	4	35869
8519	-2	4	35873
8520	-2	4	35877
8521	-2	4	35881
8522	-2	4	35885
8523	-2	4	35889
8524	-2	4	35893
8525	-2	4	35897
8526	-2	4	35901
8527	-2	4	35905
8528	-4	6	35911
8529	-2	4	35915
8530	-2	4	35919
8531	-2	4	35923
8532	-2	4	35927
8533	-2	4	35931
8534	-4	6	35937
8535	-2	4	35941
8536	-2	4	35945
8537	-2	4	35949
8538	-2	4	35953
8539	-2	4	35957
8540	-2	4	35961
8541	-2	4	35965
8542	-2	4	35969
8543	-2	4	35973
8544	-2	4	35977
8545	-4	6	35983
8546	-2	4	35987
8547	-2	4	35991
8548	-2	4	35995
8549	-4	6	36001
8550	-2	4	36005
8551	-2	4	36009
8552	-2	4	36013
8553	-2	4	36017
8554	-2	4	36021
8555	-2	4	36025
8556	-2	4	36029
8557	-2	4	36033
8558	-2	4	36037
8559	-2	4	36041
8560	-2	4	36045
8561	-2	4	36049
8562	-2	4	36053
8563	-2	4	36057
8564	-2	4	36061
8565	-2	4	36065
8566	-2	4	36069
8567	-2	4	36073
8568	-2	4	36077
8569	-2	4	36081
8570	-2	4	36085
8571	-2	4	36089
8572	-2	4	36093
8573	-2	4	36097
8574	-2	4	36101
8575	-2	4	36105
8576	-2	4	36109
8577	-4	6	36115
8578	-2	4	36119
8579	-2	4	36123
8580	-2	4	36127
8581	-4	6	36133
8582	-2	4	36137
8583	-2	4	36141
8584	-2	4	36145
8585	-2	4	36149
8586	-2	4	36153
8587	-2	4	36157
8588	-2	4	36161
8589	-2	4	36165
8590	-2	4	36169
8591	-2	4	36173
8592	-2	4	36177
8593	-2	4	36181
8594	-3	5	36186
8595	-2	4	36190
8596	-2	4	36194
8597	-2	4	36198
8598	-2	4	36202
8599	-2	4	36206
8600	-2	4	36210
8601	-2	4	36214
8602	-2	4	36218
8603	-2	4	36222
8604	-2	4	36226
8605	-2	4	36230
8606	-2	4	36234
8607	-2	4	36238
8608	-2	4	36242
8609	-2	4	36246
8610	-2	4	36250
8611	-4	6	36256
8612	-2	4	36260
8613	-2	4	36264
8614	-2	4	36268
8615	-2	4	36272
8616	-2	4	36276
8617	-2	4	36280
8618	-2	4	36284
8619	-2	4	36288
8620	-2	4	36292
8621	-2	4	36296
8622	-2	4	36300
8623	-2	4	36304
8624	-2	4	36308
8625	-2	4	36312
8626	-6	8	36320
8627	-2	4	36324
8628	-2	4	36328
8629	-2	4	36332
8630	-2	4	36336
8631	-2	4	36340
8632	-2	4	36344
8633	-2	4	36348
8634	-2	4	36352
8635	-2	4	36356
8636	-2	4	36360
8637	-2	4	36364
8638	-2	4	36368
8639	-2	4	36372
8640	-2	4	36376
8641	-2	4	36380
8642	-2	4	36384
8643	-2	4	36388
8644	-2	4	36392
8645	-2	4	36396
8646	-2	4	36400
8647	-2	4	36404
8648	-2	4	36408
8649	-2	4	36412
8650	-2	4	36416
8651	-2	4	36420
8652	-2	4	36424
8653	-2	4	36428
8654	-2	4	36432
8655	-2	4	36436
8656	-2	4	36440
8657	-2	4	36444
8658	-2	4	36448
8659	-2	4	36452
8660	-2	4	36456
8661	-3	5	36461
8662	-2	4	36465
8663	-2	4	36469
8664	-2	4	36473
8665	-2	4	36477
8666	-2	4	36481
8667	-2	4	36485
8668	-2	4	36489
8669	-2	4	36493
8670	-2	4	36497
8671	-2	4	36501
8672	-2	4	36505
8673	-2	4	36509
8674	-2	4	36513
8675	-2	4	36517
8676	-2	4	36521
8677	-2	4	36525
8678	-2	4	36529
8679	-2	4	36533
8680	-2	4	36537
8681	-2	4	36541
8682	-2	4	36545
8683	-2	4	36549
8684	-2	4	36553
8685	-2	4	36557
8686	-2	4	36561
8687	-2	4	36565
8688	-2	4	36569
8689	-2	4	36573
8690	-2	4	36577
8691	-2	4	36581
8692	-2	4	36585
8693	-2	4	36589
8694	-2	4	36593
8695	-2	4	36597
8696	-2	4	36601
8697	-2	4	36605
8698	-2	4	36609
8699	-6	8	36617
8700	-2	4	36621
8701	-2	4	36625
8702	-2	4	36629
8703	-2	4	36633
8704	-2	4	36637
8705	-2	4	36641
8706	-2	4	36645
8707	-2	4	36649
8708	-2	4	36653
8709	-4	6	36659
8710	-2	4	36663
8711	-2	4	36667
8712	-2	4	36671
8713	-4	6	36677
8714	-2	4	36681
8715	-2	4	36685
8716	-2	4	36689
8717	-2	4	36693
8718	-2	4	36697
8719	-2	4	36701
8720	-2	4	36705
8721	-2	4	36709
8722	-2	4	36713
8723	-2	4	36717
8724	-2	4	36721
8725	-2	4	36725
8726	-2	4	36729
8727	-2	4	36733
8728	-2	4	36737
8729	-2	4	36741
8730	-2	4	36745
8731	-2	4	36749
8732	-2	4	36753
8733	-2	4	36757
8734	-2	4	36761
8735	-2	4	36765
8736	-2	4	36769
8737	-2	4	36773
8738	-2	4	36777
8739	-3	5	36782
8740	-2	4	36786
8741	-2	4	36790
8742	-2	4	36794
8743	-2	4	36798
8744	-2	4	36802
8745	-2	4	36806
8746	-2	4	36810
8747	-2	4	36814
8748	-2	4	36818
8749	-2	4	36822
8750	-4	6	36828
8751	-2	4	36832
8752	-2	4	36836
8753	-2	4	36840
8754	-2	4	36844
8755	-2	4	36848
8756	-2	4	36852
8757	-2	4	36856
8758	-2	4	36860
8759	-2	4	36864
8760	-2	4	36868
8761	-2	4	36872
8762	-2	4	36876
8763	-2	4	36880
8764	-2	4	36884
8765	-2	4	36888
8766	-4	6	36894
8767	-2	4	36898
8768	-2	4	36902
8769	-2	4	36906
8770	-2	4	36910
8771	-2	4	36914
8772	-2	4	36918
8773	-2	4	36922
8774	-2	4	36926
8775	-2	4	36930
8776	-2	4	36934
8777	-2	4	36938
8778	-2	4	36942
8779	-2	4	36946
8780	-2	4	36950
8781	-2	4	36954
8782	-2	4	36958
8783	-2	4	36962
8784	-2	4	36966
8785	-2	4	36970
8786	-2	4	36974
8787	-2	4	36978
8788	-4	6	36984
8789	-2	4	36988
8790	-2	4	36992
8791	-2	4	36996
8792	-2	4	37000
8793	-2	4	37004
8794	-2	4	37008
8795	-2	4	37012
8796	-2	4	37016
8797	-2	4	37020
8798	-2	4	37024
8799	-2	4	37028
8800	-2	4	37032
8801	-2	4	37036
8802	-2	4	37040
8803	-2	4	37044
8804	-2	4	37048
8805	-2	4	37052
8806	-2	4	37056
8807	-2	4	37060
8808	-2	4	37064
8809	-2	4	37068
8810	-2	4	37072
8811	-2	4	37076
8812	-2	4	37080
8813	-2	4	37084
8814	-2	4	37088
8815	-2	4	37092
8816	-2	4	37096
8817	-2	4	37100
8818	-2	4	37104
8819	-2	4	37108
8820	-2	4	37112
8821	-2	4	37116
8822	-2	4	37120
8823	-2	4	37124
8824	-2	4	37128
8825	-2	4	37132
8826	-2	4	37136
8827	-2	4	37140
8828	-2	4	37144
8829	-2	4	37148
8830	-2	4	37152
8831	-2	4	37156
8832	-2	4	37160
8833	-2	4	37164
8834	-2	4	37168
8835	-2	4	37172
8836	-2	4	37176
8837	-3	5	37181
8838	-4	6	37187
8839	-2	4	37191
8840	-2	4	37195
8841	-2	4	37199
8842	-2	4	37203
8843	-2	4	37207
8844	-2	4	37211
8845	-2	4	37215
8846	-2	4	37219
8847	-2	4	37223
8848	-2	4	37227
8849	-4	6	37233
8850	-2	4	37237
8851	-2	4	37241
8852	-2	4	37245
8853	-4	6	37251
8854	-3	5	37256
8855	-2	4	37260
8856	-2	4	37264
8857	-2	4	37268
8858	-2	4	37272
8859	-2	4	37276
8860	-2	4	37280
8861	-2	4	37284
8862	-2	4	37288
8863	-2	4	37292
8864	-2	4	37296
8865	-2	4	37300
8866	-2	4	37304
8867	-2	4	37308
8868	-2	4	37312
8869	-2	4	37316
8870	-2	4	37320
8871	-2	4	37324
8872	-2	4	37328
8873	-2	4	37332
8874	-2	4	37336
8875	-2	4	37340
8876	-2	4	37344
8877	-2	4	37348
8878	-2	4	37352
8879	-2	4	37356
8880	-2	4	37360
8881	-2	4	37364
8882	-2	4	37368
8883	-2	4	37372
8884	-2	4	37376
8885	-2	4	37380
8886	-2	4	37384
8887	-2	4	37388
8888	-2	4	37392
8889	-2	4	37396
8890	-2	4	37400
8891	-2	4	37404
8892	-2	4	37408
8893	-2	4	37412
8894	-2	4	37416
8895	-2	4	37420
8896	-2	4	37424
8897	-2	4	37428
8898	-2	4	37432
8899	-2	4	37436
8900	-2	4	37440
8901	-2	4	37444
8902	-2	4	37448
8903	-2	4	37452
8904	-5	7	37459
8905	-2	4	37463
8906	-2	4	37467
8907	-3	5	37472
8908	-2	4	37476
8909	-2	4	37480
8910	-2	4	37484
8911	-2	4	37488
8912	-2	4	37492
8913	-2	4	37496
8914	-2	4	37500
8915	-2	4	37504
8916	-2	4	37508
8917	-2	4	37512
8918	-2	4	37516
8919	-2	4	37520
8920	-3	5	37525
8921	-2	4	37529
8922	-2	4	37533
8923	-2	4	37537
8924	-2	4	37541
8925	-2	4	37545
8926	-2	4	37549
8927	-2	4	37553
8928	-2	4	37557
8929	-2	4	37561
8930	-2	4	37565
8931	-2	4	37569
8932	-2	4	37573
8933	-2	4	37577
8934	-4	6	37583
8935	-2	4	37587
8936	-4	6	37593
8937	-4	6	37599
8938	-2	4	37603
8939	-2	4	37607
8940	-2	4	37611
8941	-2	4	37615
8942	-2	4	37619
8943	-2	4	37623
8944	-2	4	37627
8945	-2	4	37631
8946	-2	4	37635
8947	-4	6	37641
8948	-2	4	37645
8949	-2	4	37649
8950	-2	4	37653
8951	-2	4	37657
8952	-4	6	37663
8953	-2	4	37667
8954	-2	4	37671
8955	-2	4	37675
8956	-2	4	37679
8957	-2	4	37683
8958	-2	4	37687
8959	-2	4	37691
8960	-4	6	37697
8961	-2	4	37701
8962	-4	6	37707
8963	-2	4	37711
8964	-2	4	37715
8965	-2	4	37719
8966	-2	4	37723
8967	-2	4	37727
8968	-2	4	37731
8969	-2	4	37735
8970	-2	4	37739
8971	-2	4	37743
8972	-4	6	37749
8973	-2	4	37753
8974	-2	4	37757
8975	-2	4	37761
8976	-2	4	37765
8977	-2	4	37769
8978	-2	4	37773
8979	-2	4	37777
8980	-2	4	37781
8981	-3	5	37786
8982	-2	4	37790
8983	-2	4	37794
8984	-2	4	37798
8985	-2	4	37802
8986	-2	4	37806
8987	-4	6	37812
8988	-2	4	37816
8989	-2	4	37820
8990	-2	4	37824
8991	-2	4	37828
8992	-4	6	37834
8993	-2	4	37838
8994	-2	4	37842
8995	-2	4	37846
8996	-2	4	37850
8997	-4	6	37856
8998	-2	4	37860
8999	-2	4	37864
9000	-2	4	37868
9001	-2	4	37872
9002	-2	4	37876
9003	-3	5	37881
9004	-2	4	37885
9005	-2	4	37889
9006	-2	4	37893
9007	-2	4	37897
9008	-2	4	37901
9009	-2	4	37905
9010	-3	5	37910
9011	-2	4	37914
9012	-2	4	37918
9013	-2	4	37922
9014	-2	4	37926
9015	-2	4	37930
9016	-2	4	37934
9017	-2	4	37938
9018	-4	6	37944
9019	-2	4	37948
9020	-2	4	37952
9021	-2	4	37956
9022	-2	4	37960
9023	-2	4	37964
9024	-2	4	37968
9025	-2	4	37972
9026	-2	4	37976
9027	-2	4	37980
9028	-2	4	37984
9029	-2	4	37988
9030	-2	4	37992
9031	-2	4	37996
9032	-2	4	38000
9033	-2	4	38004
9034	-3	5	38009
9035	-2	4	38013
9036	-4	6	38019
9037	-2	4	38023
9038	-2	4	38027
9039	-3	5	38032
9040	-2	4	38036
9041	-2	4	38040
9042	-2	4	38044
9043	-2	4	38048
9044	-2	4	38052
9045	-2	4	38056
9046	-2	4	38060
9047	-2	4	38064
9048	-2	4	38068
9049	-2	4	38072
9050	-2	4	38076
9051	-2	4	38080
9052	-2	4	38084
9053	-2	4	38088
9054	-2	4	38092
9055	-2	4	38096
9056	-2	4	38100
9057	-4	6	38106
9058	-6	8	38114
9059	-2	4	38118
9060	-2	4	38122
9061	-2	4	38126
9062	-2	4	38130
9063	-4	6	38136
9064	-2	4	38140
9065	-2	4	38144
9066	-2	4	38148
9067	-2	4	38152
9068	-2	4	38156
9069	-2	4	38160
9070	-2	4	38164
9071	-2	4	38168
9072	-2	4	38172
9073	-2	4	38176
9074	-2	4	38180
9075	-4	6	38186
9076	-2	4	38190
9077	-2	4	38194
9078	-4	6	38200
9079	-2	4	38204
9080	-2	4	38208
9081	-2	4	38212
9082	-2	4	38216
9083	-2	4	38220
9084	-2	4	38224
9085	-4	6	38230
9086	-2	4	38234
9087	-2	4	38238
9088	-2	4	38242
9089	-2	4	38246
9090	-2	4	38250
9091	-2	4	38254
9092	-2	4	38258
9093	-2	4	38262
9094	-2	4	38266
9095	-4	6	38272
9096	-2	4	38276
9097	-2	4	38280
9098	-2	4	38284
9099	-2	4	38288
9100	-4	6	38294
9101	-2	4	38298
9102	-4	6	38304
9103	-2	4	38308
9104	-2	4	38312
9105	-2	4	38316
9106	-2	4	38320
9107	-3	5	38325
9108	-2	4	38329
9109	-2	4	38333
9110	-2	4	38337
9111	-4	6	38343
9112	-2	4	38347
9113	-2	4	38351
9114	-2	4	38355
9115	-2	4	38359
9116	-2	4	38363
9117	-2	4	38367
9118	-2	4	38371
9119	-2	4	38375
9120	-2	4	38379
9121	-2	4	38383
9122	-2	4	38387
9123	-2	4	38391
9124	-2	4	38395
9125	-2	4	38399
9126	-2	4	38403
9127	-2	4	38407
9128	-2	4	38411
9129	-2	4	38415
9130	-2	4	38419
9131	-2	4	38423
9132	-2	4	38427
9133	-2	4	38431
9134	-2	4	38435
9135	-2	4	38439
9136	-2	4	38443
9137	-2	4	38447
9138	-2	4	38451
9139	-2	4	38455
9140	-2	4	38459
9141	-2	4	38463
9142	-2	4	38467
9143	-2	4	38471
9144	-4	6	38477
9145	-2	4	38481
9146	-2	4	38485
9147	-2	4	38489
9148	-2	4	38493
9149	-2	4	38497
9150	-2	4	38501
9151	-2	4	38505
9152	-2	4	38509
9153	-2	4	38513
9154	-2	4	38517
9155	-2	4	38521
9156	-2	4	38525
9157	-2	4	38529
9158	-2	4	38533
9159	-2	4	38537
9160	-2	4	38541
9161	-2	4	38545
9162	-2	4	38549
9163	-2	4	38553
9164	-2	4	38557
9165	-2	4	38561
9166	-2	4	38565
9167	-2	4	38569
9168	-2	4	38573
9169	-2	4	38577
9170	-2	4	38581
9171	-2	4	38585
9172	-2	4	38589
9173	-2	4	38593
9174	-2	4	38597
9175	-2	4	38601
9176	-2	4	38605
9177	-2	4	38609
9178	-2	4	38613
9179	-2	4	38617
9180	-2	4	38621
9181	-2	4	38625
9182	-2	4	38629
9183	-2	4	38633
9184	-2	4	38637
9185	-2	4	38641
9186	-2	4	38645
9187	-2	4	38649
9188	-2	4	38653
9189	-2	4	38657
9190	-2	4	38661
9191	-2	4	38665
9192	-2	4	38669
9193	-2	4	38673
9194	-2	4	38677
9195	-2	4	38681
9196	-2	4	38685
9197	-2	4	38689
9198	-2	4	38693
9199	-2	4	38697
9200	-2	4	38701
9201	-2	4	38705
9202	-2	4	38709
9203	-2	4	38713
9204	-3	5	38718
9205	-2	4	38722
9206	-2	4	38726
9207	-2	4	38730
9208	-4	6	38736
9209	-2	4	38740
9210	-2	4	38744
9211	-2	4	38748
9212	-4	6	38754
9213	-2	4	38758
9214	-2	4	38762
9215	-2	4	38766
9216	-2	4	38770
9217	-2	4	38774
9218	-2	4	38778
9219	-2	4	38782
9220	-2	4	38786
9221	-2	4	38790
9222	-2	4	38794
9223	-2	4	38798
9224	-2	4	38802
9225	-2	4	38806
9226	-2	4	38810
9227	-2	4	38814
9228	-2	4	38818
9229	-2	4	38822
9230	-2	4	38826
9231	-2	4	38830
9232	-2	4	38834
9233	-2	4	38838
9234	-2	4	38842
9235	-2	4	38846
9236	-2	4	38850
9237	-2	4	38854
9238	-2	4	38858
9239	-2	4	38862
9240	-2	4	38866
9241	-2	4	38870
9242	-2	4	38874
9243	-2	4	38878
9244	-4	6	38884
9245	-2	4	38888
9246	-2	4	38892
9247	-2	4	38896
9248	-2	4	38900
9249	-2	4	38904
9250	-2	4	38908
9251	-2	4	38912
9252	-2	4	38916
9253	-2	4	38920
9254	-2	4	38924
9255	-2	4	38928
9256	-2	4	38932
9257	-2	4	38936
9258	-2	4	38940
9259	-2	4	38944
9260	-2	4	38948
9261	-2	4	38952
9262	-2	4	38956
9263	-2	4	38960
9264	-2	4	38964
9265	-2	4	38968
9266	-2	4	38972
9267	-2	4	38976
9268	-2	4	38980
9269	-2	4	38984
9270	-2	4	38988
9271	-2	4	38992
9272	-2	4	38996
9273	-2	4	39000
9274	-2	4	39004
9275	-2	4	39008
9276	-2	4	39012
9277	-2	4	39016
9278	-2	4	39020
9279	-2	4	39024
9280	-2	4	39028
9281	-2	4	39032
9282	-2	4	39036
9283	-2	4	39040
9284	-2	4	39044
9285	-2	4	39048
9286	-2	4	39052
9287	-2	4	39056
9288	-2	4	39060
9289	-2	4	39064
9290	-2	4	39068
9291	-2	4	39072
9292	-3	5	39077
9293	-2	4	39081
9294	-2	4	39085
9295	-2	4	39089
9296	-2	4	39093
9297	-2	4	39097
9298	-3	5	39102
9299	-2	4	39106
9300	-2	4	39110
9301	-2	4	39114
9302	-2	4	39118
9303	-2	4	39122
9304	-2	4	39126
9305	-2	4	39130
9306	-2	4	39134
9307	-2	4	39138
9308	-3	5	39143
9309	-2	4	39147
9310	-3	5	39152
9311	-2	4	39156
9312	-4	6	39162
9313	-2	4	39166
9314	-2	4	39170
9315	-2	4	39174
9316	-2	4	39178
9317	-2	4	39182
9318	-2	4	39186
9319	-2	4	39190
9320	-2	4	39194
9321	-2	4	39198
9322	-2	4	39202
9323	-2	4	39206
9324	-2	4	39210
9325	-2	4	39214
9326	-2	4	39218
9327	-2	4	39222
9328	-2	4	39226
9329	-2	4	39230
9330	-2	4	39234
9331	-2	4	39238
9332	-2	4	39242
9333	-2	4	39246
9334	-2	4	39250
9335	-3	5	39255
9336	-2	4	39259
9337	-2	4	39263
9338	-2	4	39267
9339	-2	4	39271
9340	-2	4	39275
9341	-2	4	39279
9342	-2	4	39283
9343	-2	4	39287
9344	-2	4	39291
9345	-2	4	39295
9346	-2	4	39299
9347	-2	4	39303
9348	-2	4	39307
9349	-2	4	39311
9350	-2	4	39315
9351	-2	4	39319
9352	-2	4	39323
9353	-2	4	39327
9354	-2	4	39331
9355	-2	4	39335
9356	-2	4	39339
9357	-2	4	39343
9358	-2	4	39347
9359	-2	4	39351
9360	-2	4	39355
9361	-2	4	39359
9362	-2	4	39363
9363	-2	4	39367
9364	-2	4	39371
9365	-2	4	39375
9366	-2	4	39379
9367	-2	4	39383
9368	-2	4	39387
9369	-2	4	39391
9370	-2	4	39395
9371	-2	4	39399
9372	-2	4	39403
9373	-2	4	39407
9374	-2	4	39411
9375	-2	4	39415
9376	-2	4	39419
9377	-4	6	39425
9378	-2	4	39429
9379	-2	4	39433
9380	-2	4	39437
9381	-2	4	39441
9382	-2	4	39445
9383	-4	6	39451
9384	-2	4	39455
9385	-2	4	39459
9386	-2	4	39463
9387	-2	4	39467
9388	-4	6	39473
9389	-2	4	39477
9390	-2	4	39481
9391	-2	4	39485
9392	-2	4	39489
9393	-4	6	39495
9394	-2	4	39499
9395	-2	4	39503
9396	-2	4	39507
9397	-2	4	39511
9398	-2	4	39515
9399	-2	4	39519
9400	-2	4	39523
9401	-2	4	39527
9402	-2	4	39531
9403	-2	4	39535
9404	-2	4	39539
9405	-2	4	39543
9406	-2	4	39547
9407	-2	4	39551
9408	-2	4	39555
9409	-4	6	39561
9410	-2	4	39565
9411	-2	4	39569
9412	-4	6	39575
9413	-2	4	39579
9414	-2	4	39583
9415	-2	4	39587
9416	-2	4	39591
9417	-2	4	39595
9418	-2	4	39599
9419	-2	4	39603
9420	-2	4	39607
9421	-2	4	39611
9422	-2	4	39615
9423	-2	4	39619
9424	-2	4	39623
9425	-2	4	39627
9426	-2	4	39631
9427	-2	4	39635
9428	-2	4	39639
9429	-2	4	39643
9430	-2	4	39647
9431	-4	6	39653
9432	-3	5	39658
9433	-2	4	39662
9434	-2	4	39666
9435	-2	4	39670
9436	-6	8	39678
9437	-2	4	39682
9438	-2	4	39686
9439	-2	4	39690
9440	-2	4	39694
9441	-2	4	39698
9442	-2	4	39702
9443	-2	4	39706
9444	-2	4	39710
9445	-2	4	39714
9446	-2	4	39718
9447	-2	4	39722
9448	-2	4	39726
9449	-4	6	39732
9450	-2	4	39736
9451	-4	6	39742
9452	-2	4	39746
9453	-2	4	39750
9454	-2	4	39754
9455	-2	4	39758
9456	-2	4	39762
9457	-2	4	39766
9458	-2	4	39770
9459	-2	4	39774
9460	-2	4	39778
9461	-2	4	39782
9462	-4	6	39788
9463	-2	4	39792
9464	-2	4	39796
9465	-2	4	39800
9466	-10	12	39812
9467	-4	6	39818
9468	-2	4	39822
9469	-2	4	39826
9470	-2	4	39830
9471	-2	4	39834
9472	-2	4	39838
9473	-2	4	39842
9474	-2	4	39846
9475	-2	4	39850
9476	-2	4	39854
9477	-2	4	39858
9478	-2	4	39862
9479	-2	4	39866
9480	-2	4	39870
9481	-2	4	39874
9482	-2	4	39878
9483	-2	4	39882
9484	-2	4	39886
9485	-2	4	39890
9486	-2	4	39894
9487	-2	4	39898
9488	-2	4	39902
9489	-2	4	39906
9490	-2	4	39910
9491	-2	4	39914
9492	-2	4	39918
9493	-2	4	39922
9494	-2	4	39926
9495	-2	4	39930
9496	-2	4	39934
9497	-2	4	39938
9498	-2	4	39942
9499	-2	4	39946
9500	-2	4	39950
9501	-2	4	39954
9502	-2	4	39958
9503	-2	4	39962
9504	-2	4	39966
9505	-2	4	39970
9506	-2	4	39974
9507	-2	4	39978
9508	-2	4	39982
9509	-2	4	39986
9510	-2	4	39990
9511	-2	4	39994
9512	-2	4	39998
9513	-2	4	40002
9514	-2	4	40006
9515	-2	4	40010
9516	-2	4	40014
9517	-2	4	40018
9518	-2	4	40022
9519	-2	4	40026
9520	-2	4	40030
9521	-2	4	40034
9522	-2	4	40038
9523	-2	4	40042
9524	-5	7	40049
9525	-2	4	40053
9526	-2	4	40057
9527	-2	4	40061
9528	-2	4	40065
9529	-2	4	40069
9530	-2	4	40073
9531	-2	4	40077
9532	-2	4	40081
9533	-2	4	40085
9534	-2	4	40089
9535	-2	4	40093
9536	-2	4	40097
9537	-2	4	40101
9538	-2	4	40105
9539	-2	4	40109
9540	-2	4	40113
9541	-2	4	40117
9542	-2	4	40121
9543	-2	4	40125
9544	-2	4	40129
9545	-2	4	40133
9546	-2	4	40137
9547	-2	4	40141
9548	-4	6	40147
9549	-2	4	40151
9550	-4	6	40157
9551	-2	4	40161
9552	-2	4	40165
9553	-2	4	40169
9554	-2	4	40173
9555	-4	6	40179
9556	-2	4	40183
9557	-2	4	40187
9558	-2	4	40191
9559	-2	4	40195
9560	-2	4	40199
9561	-2	4	40203
9562	-2	4	40207
9563	-2	4	40211
9564	-2	4	40215
9565	-2	4	40219
9566	-2	4	40223
9567	-2	4	40227
9568	-6	8	40235
9569	-4	6	40241
9570	-2	4	40245
9571	-2	4	40249
9572	-2	4	40253
9573	-2	4	40257
9574	-2	4	40261
9575	-2	4	40265
9576	-2	4	40269
9577	-2	4	40273
9578	-2	4	40277
9579	-2	4	40281
9580	-2	4	40285
9581	-2	4	40289
9582	-2	4	40293
9583	-2	4	40297
9584	-4	6	40303
9585	-2	4	40307
9586	-2	4	40311
9587	-2	4	40315
9588	-2	4	40319
9589	-2	4	40323
9590	-2	4	40327
9591	-2	4	40331
9592	-2	4	40335
9593	-2	4	40339
9594	-2	4	40343
9595	-2	4	40347
9596	-2	4	40351
9597	-2	4	40355
9598	-2	4	40359
9599	-2	4	40363
9600	-4	6	40369
9601	-2	4	40373
9602	-2	4	40377
9603	-2	4	40381
9604	-2	4	40385
9605	-2	4	40389
9606	-2	4	40393
9607	-2	4	40397
9608	-2	4	40401
9609	-2	4	40405
9610	-2	4	40409
9611	-2	4	40413
9612	-2	4	40417
9613	-2	4	40421
9614	-2	4	40425
9615	-2	4	40429
9616	-2	4	40433
9617	-4	6	40439
9618	-2	4	40443
9619	-2	4	40447
9620	-2	4	40451
9621	-2	4	40455
9622	-2	4	40459
9623	-2	4	40463
9624	-4	6	40469
9625	-2	4	40473
9626	-2	4	40477
9627	-2	4	40481
9628	-2	4	40485
9629	-2	4	40489
9630	-2	4	40493
9631	-2	4	40497
9632	-2	4	40501
9633	-2	4	40505
9634	-4	6	40511
9635	-2	4	40515
9636	-2	4	40519
9637	-4	6	40525
9638	-2	4	40529
9639	-2	4	40533
9640	-2	4	40537
9641	-2	4	40541
9642	-2	4	40545
9643	-2	4	40549
9644	-2	4	40553
9645	-2	4	40557
9646	-2	4	40561
9647	-2	4	40565
9648	-2	4	40569
9649	-2	4	40573
9650	-2	4	40577
9651	-3	5	40582
9652	-2	4	40586
9653	-2	4	40590
9654	-2	4	40594
9655	-2	4	40598
9656	-2	4	40602
9657	-4	6	40608
9658	-2	4	40612
9659	-2	4	40616
9660	-4	6	40622
9661	-2	4	40626
9662	-4	6	40632
9663	-2	4	40636
9664	-2	4	40640
9665	-2	4	40644
9666	-2	4	40648
9667	-2	4	40652
9668	-2	4	40656
9669	-2	4	40660
9670	-2	4	40664
9671	-2	4	40668
9672	-2	4	40672
9673	-2	4	40676
9674	-2	4	40680
9675	-2	4	40684
9676	-2	4	40688
9677	-2	4	40692
9678	-2	4	40696
9679	-2	4	40700
9680	-2	4	40704
9681	-2	4	40708
9682	-2	4	40712
9683	-3	5	40717
9684	-2	4	40721
9685	-2	4	40725
9686	-2	4	40729
9687	-2	4	40733
9688	-2	4	40737
9689	-2	4	40741
9690	-2	4	40745
9691	-2	4	40749
9692	-2	4	40753
9693	-2	4	40757
9694	-2	4	40761
9695	-2	4	40765
9696	-2	4	40769
9697	-2	4	40773
9698	-2	4	40777
9699	-2	4	40781
9700	-2	4	40785
9701	-2	4	40789
9702	-2	4	40793
9703	-2	4	40797
9704	-2	4	40801
9705	-2	4	40805
9706	-2	4	40809
9707	-2	4	40813
9708	-2	4	40817
9709	-4	6	40823
9710	-2	4	40827
9711	-2	4	40831
9712	-2	4	40835
9713	-2	4	40839
9714	-2	4	40843
9715	-2	4	40847
9716	-2	4	40851
9717	-2	4	40855
9718	-2	4	40859
9719	-2	4	40863
9720	-2	4	40867
9721	-2	4	40871
9722	-2	4	40875
9723	-4	6	40881
9724	-2	4	40885
9725	-2	4	40889
9726	-2	4	40893
9727	-2	4	40897
9728	-2	4	40901
9729	-2	4	40905
9730	-2	4	40909
9731	-2	4	40913
9732	-2	4	40917
9733	-2	4	40921
9734	-2	4	40925
9735	-2	4	40929
9736	-2	4	40933
9737	-2	4	40937
9738	-2	4	40941
9739	-2	4	40945
9740	-2	4	40949
9741	-2	4	40953
9742	-2	4	40957
9743	-2	4	40961
9744	-2	4	40965
9745	-2	4	40969
9746	-2	4	40973
9747	-2	4	40977
9748	-2	4	40981
9749	-2	4	40985
9750	-2	4	40989
9751	-2	4	40993
9752	-2	4	40997
9753	-2	4	41001
9754	-2	4	41005
9755	-2	4	41009
9756	-2	4	41013
9757	-2	4	41017
9758	-2	4	41021
9759	-2	4	41025
9760	-2	4	41029
9761	-2	4	41033
9762	-2	4	41037
9763	-2	4	41041
9764	-2	4	41045
9765	-4	6	41051
9766	-2	4	41055
9767	-2	4	41059
9768	-2	4	41063
9769	-2	4	41067
9770	-2	4	41071
9771	-2	4	41075
9772	-2	4	41079
9773	-2	4	41083
9774	-2	4	41087
9775	-2	4	41091
9776	-2	4	41095
9777	-2	4	41099
9778	-2	4	41103
9779	-2	4	41107
9780	-2	4	41111
9781	-2	4	41115
9782	-2	4	41119
9783	-2	4	41123
9784	-2	4	41127
9785	-2	4	41131
9786	-2	4	41135
9787	-2	4	41139
9788	-2	4	41143
9789	-2	4	41147
9790	-3	5	41152
9791	-2	4	41156
9792	-2	4	41160
9793	-2	4	41164
9794	-2	4	41168
9795	-2	4	41172
9796	-2	4	41176
9797	-2	4	41180
9798	-2	4	41184
9799	-2	4	41188
9800	-2	4	41192
9801	-2	4	41196
9802	-2	4	41200
9803	-2	4	41204
9804	-4	6	41210
9805	-2	4	41214
9806	-2	4	41218
9807	-2	4	41222
9808	-2	4	41226
9809	-2	4	41230
9810	-2	4	41234
9811	-2	4	41238
9812	-6	8	41246
9813	-2	4	41250
9814	-2	4	41254
9815	-2	4	41258
9816	-2	4	41262
9817	-2	4	41266
9818	-2	4	41270
9819	-2	4	41274
9820	-2	4	41278
9821	-3	5	41283
9822	-2	4	41287
9823	-2	4	41291
9824	-5	7	41298
9825	-2	4	41302
9826	-2	4	41306
9827	-2	4	41310
9828	-2	4	41314
9829	-2	4	41318
9830	-2	4	41322
9831	-2	4	41326
9832	-6	8	41334
9833	-2	4	41338
9834	-2	4	41342
9835	-2	4	41346
9836	-2	4	41350
9837	-2	4	41354
9838	-2	4	41358
9839	-2	4	41362
9840	-2	4	41366
9841	-2	4	41370
9842	-2	4	41374
9843	-2	4	41378
9844	-2	4	41382
9845	-2	4	41386
9846	-2	4	41390
9847	-2	4	41394
9848	-2	4	41398
9849	-2	4	41402
9850	-2	4	41406
9851	-2	4	41410
9852	-2	4	41414
9853	-2	4	41418
9854	-2	4	41422
9855	-2	4	41426
9856	-2	4	41430
9857	-2	4	41434
9858	-2	4	41438
9859	-2	4	41442
9860	-2	4	41446
9861	-2	4	41450
9862	-2	4	41454
9863	-2	4	41458
9864	-2	4	41462
9865	-2	4	41466
9866	-2	4	41470
9867	-2	4	41474
9868	-2	4	41478
9869	-2	4	41482
9870	-2	4	41486
9871	-4	6	41492
9872	-4	6	41498
9873	-2	4	41502
9874	-2	4	41506
9875	-2	4	41510
9876	-2	4	41514
9877	-2	4	41518
9878	-2	4	41522
9879	-2	4	41526
9880	-2	4	41530
9881	-2	4	41534
9882	-2	4	41538
9883	-2	4	41542
9884	-2	4	41546
9885	-3	5	41551
9886	-2	4	41555
9887	-2	4	41559
9888	-2	4	41563
9889	-2	4	41567
9890	-2	4	41571
9891	-2	4	41575
9892	-2	4	41579
9893	-4	6	41585
9894	-2	4	41589
9895	-2	4	41593
9896	-2	4	41597
9897	-2	4	41601
9898	-2	4	41605
9899	-2	4	41609
9900	-4	6	41615
9901	-2	4	41619
9902	-2	4	41623
9903	-2	4	41627
9904	-2	4	41631
9905	-2	4	41635
9906	-2	4	41639
9907	-2	4	41643
9908	-2	4	41647
9909	-2	4	41651
9910	-2	4	41655
9911	-2	4	41659
9912	-2	4	41663
9913	-2	4	41667
9914	-2	4	41671
9915	-2	4	41675
9916	-2	4	41679
9917	-2	4	41683
9918	-2	4	41687
9919	-2	4	41691
9920	-2	4	41695
9921	-2	4	41699
9922	-2	4	41703
9923	-2	4	41707
9924	-2	4	41711
9925	-2	4	41715
9926	-3	5	41720
9927	-2	4	41724
9928	-2	4	41728
9929	-2	4	41732
9930	-2	4	41736
9931	-2	4	41740
9932	-2	4	41744
9933	-2	4	41748
9934	-2	4	41752
9935	-2	4	41756
9936	-2	4	41760
9937	-2	4	41764
9938	-2	4	41768
9939	-2	4	41772
9940	-2	4	41776
9941	-2	4	41780
9942	-2	4	41784
9943	-2	4	41788
9944	-2	4	41792
9945	-2	4	41796
9946	-4	6	41802
9947	-2	4	41806
9948	-2	4	41810
9949	-2	4	41814
9950	-2	4	41818
9951	-2	4	41822
9952	-2	4	41826
9953	-2	4	41830
9954	-2	4	41834
9955	-2	4	41838
9956	-2	4	41842
9957	-5	7	41849
9958	-6	8	41857
9959	-2	4	41861
9960	-2	4	41865
9961	-2	4	41869
9962	-2	4	41873
9963	-2	4	41877
9964	-2	4	41881
9965	-2	4	41885
9966	-2	4	41889
9967	-2	4	41893
9968	-2	4	41897
9969	-2	4	41901
9970	-2	4	41905
9971	-2	4	41909
9972	-2	4	41913
9973	-2	4	41917
9974	-2	4	41921
9975	-2	4	41925
9976	-2	4	41929
9977	-2	4	41933
9978	-2	4	41937
9979	-4	6	41943
9980	-5	7	41950
9981	-2	4	41954
9982	-2	4	41958
9983	-2	4	41962
9984	-2	4	41966
9985	-2	4	41970
9986	-2	4	41974
9987	-4	6	41980
9988	-2	4	41984
9989	-2	4	41988
9990	-2	4	41992
9991	-2	4	41996
9992	-2	4	42000
9993	-4	6	42006
9994	-2	4	42010
9995	-2	4	42014
9996	-2	4	42018
9997	-2	4	42022
9998	-2	4	42026
9999	-4	6	42032
10000	-2	4	42036
10001	-2	4	42040
10002	-2	4	42044
10003	-2	4	42048
10004	-2	4	42052
10005	-2	4	42056
10006	-2	4	42060
10007	-2	4	42064
10008	-2	4	42068
10009	-2	4	42072
10010	-2	4	42076
10011	-2	4	42080
10012	-2	4	42084
10013	-2	4	42088
10014	-2	4	42092
10015	-2	4	42096
10016	-2	4	42100
10017	-2	4	42104
10018	-2	4	42108
10019	-2	4	42112
10020	-2	4	42116
10021	-4	6	42122
10022	-2	4	42126
10023	-2	4	42130
10024	-2	4	42134
10025	-2	4	42138
10026	-2	4	42142
10027	-2	4	42146
10028	-2	4	42150
10029	-4	6	42156
10030	-2	4	42160
10031	-2	4	42164
10032	-2	4	42168
10033	-2	4	42172
10034	-2	4	42176
10035	-2	4	42180
10036	-2	4	42184
10037	-2	4	42188
10038	-2	4	42192
10039	-2	4	42196
10040	-2	4	42200
10041	-2	4	42204
10042	-2	4	42208
10043	-2	4	42212
10044	-2	4	42216
10045	-2	4	42220
10046	-2	4	42224
10047	-2	4	42228
10048	-2	4	42232
10049	-2	4	42236
10050	-2	4	42240
10051	-4	6	42246
10052	-2	4	42250
10053	-2	4	42254
10054	-2	4	42258
10055	-2	4	42262
10056	-3	5	42267
10057	-2	4	42271
10058	-2	4	42275
10059	-2	4	42279
10060	-2	4	42283
10061	-2	4	42287
10062	-2	4	42291
10063	-2	4	42295
10064	-2	4	42299
10065	-2	4	42303
10066	-2	4	42307
10067	-4	6	42313
10068	-2	4	42317
10069	-2	4	42321
10070	-2	4	42325
10071	-4	6	42331
10072	-2	4	42335
10073	-2	4	42339
10074	-2	4	42343
10075	-2	4	42347
10076	-2	4	42351
10077	-2	4	42355
10078	-2	4	42359
10079	-2	4	42363
10080	-2	4	42367
10081	-2	4	42371
10082	-2	4	42375
10083	-2	4	42379
10084	-2	4	42383
10085	-2	4	42387
10086	-2	4	42391
10087	-2	4	42395
10088	-2	4	42399
10089	-2	4	42403
10090	-4	6	42409
10091	-2	4	42413
10092	-2	4	42417
10093	-2	4	42421
10094	-2	4	42425
10095	-2	4	42429
10096	-2	4	42433
10097	-4	6	42439
10098	-2	4	42443
10099	-2	4	42447
10100	-4	6	42453
10101	-2	4	42457
10102	-2	4	42461
10103	-2	4	42465
10104	-2	4	42469
10105	-2	4	42473
10106	-2	4	42477
10107	-2	4	42481
10108	-2	4	42485
10109	-2	4	42489
10110	-2	4	42493
10111	-2	4	42497
10112	-2	4	42501
10113	-2	4	42505
10114	-2	4	42509
10115	-2	4	42513
10116	-2	4	42517
10117	-2	4	42521
10118	-2	4	42525
10119	-2	4	42529
10120	-2	4	42533
10121	-2	4	42537
10122	-2	4	42541
10123	-2	4	42545
10124	-2	4	42549
10125	-2	4	42553
10126	-2	4	42557
10127	-2	4	42561
10128	-2	4	42565
10129	-2	4	42569
10130	-2	4	42573
10131	-4	6	42579
10132	-2	4	42583
10133	-2	4	42587
10134	-2	4	42591
10135	-2	4	42595
10136	-2	4	42599
10137	-2	4	42603
10138	-2	4	42607
10139	-2	4	42611
10140	-2	4	42615
10141	-2	4	42619
10142	-2	4	42623
10143	-2	4	42627
10144	-2	4	42631
10145	-2	4	42635
10146	-2	4	42639
10147	-2	4	42643
10148	-2	4	42647
10149	-2	4	42651
10150	-2	4	42655
10151	-4	6	42661
10152	-2	4	42665
10153	-4	6	42671
10154	-4	6	42677
10155	-2	4	42681
10156	-2	4	42685
10157	-2	4	42689
10158	-2	4	42693
10159	-2	4	42697
10160	-2	4	42701
10161	-2	4	42705
10162	-2	4	42709
10163	-2	4	42713
10164	-2	4	42717
10165	-2	4	42721
10166	-2	4	42725
10167	-2	4	42729
10168	-2	4	42733
10169	-4	6	42739
10170	-2	4	42743
10171	-3	5	42748
10172	-2	4	42752
10173	-2	4	42756
10174	-2	4	42760
10175	-2	4	42764
10176	-2	4	42768
10177	-2	4	42772
10178	-2	4	42776
10179	-2	4	42780
10180	-2	4	42784
10181	-2	4	42788
10182	-4	6	42794
10183	-2	4	42798
10184	-2	4	42802
10185	-2	4	42806
10186	-2	4	42810
10187	-2	4	42814
10188	-2	4	42818
10189	-2	4	42822
10190	-2	4	42826
10191	-2	4	42830
10192	-2	4	42834
10193	-4	6	42840
10194	-2	4	42844
10195	-2	4	42848
10196	-2	4	42852
10197	-2	4	42856
10198	-2	4	42860
10199	-2	4	42864
10200	-2	4	42868
10201	-2	4	42872
10202	-2	4	42876
10203	-2	4	42880
10204	-2	4	42884
10205	-2	4	42888
10206	-2	4	42892
10207	-2	4	42896
10208	-2	4	42900
10209	-2	4	42904
10210	-2	4	42908
10211	-2	4	42912
10212	-2	4	42916
10213	-2	4	42920
10214	-2	4	42924
10215	-2	4	42928
10216	-4	6	42934
10217	-2	4	42938
10218	-2	4	42942
10219	-2	4	42946
10220	-2	4	42950
10221	-2	4	42954
10222	-2	4	42958
10223	-3	5	42963
10224	-2	4	42967
10225	-2	4	42971
10226	-2	4	42975
10227	-2	4	42979
10228	-2	4	42983
10229	-2	4	42987
10230	-2	4	42991
10231	-2	4	42995
10232	-3	5	43000
10233	-2	4	43004
10234	-2	4	43008
10235	-2	4	43012
10236	-2	4	43016
10237	-2	4	43020
10238	-2	4	43024
10239	-2	4	43028
10240	-2	4	43032
10241	-2	4	43036
10242	-2	4	43040
10243	-2	4	43044
10244	-2	4	43048
10245	-2	4	43052
10246	-2	4	43056
10247	-2	4	43060
10248	-2	4	43064
10249	-2	4	43068
10250	-2	4	43072
10251	-2	4	43076
10252	-2	4	43080
10253	-2	4	43084
10254	-2	4	43088
10255	-2	4	43092
10256	-2	4	43096
10257	-2	4	43100
10258	-2	4	43104
10259	-2	4	43108
10260	-2	4	43112
10261	-4	6	43118
10262	-2	4	43122
10263	-2	4	43126
10264	-2	4	43130
10265	-2	4	43134
10266	-2	4	43138
10267	-2	4	43142
10268	-2	4	43146
10269	-2	4	43150
10270	-2	4	43154
10271	-4	6	43160
10272	-2	4	43164
10273	-2	4	43168
10274	-2	4	43172
10275	-3	5	43177
10276	-2	4	43181
10277	-2	4	43185
10278	-2	4	43189
10279	-2	4	43193
10280	-2	4	43197
10281	-2	4	43201
10282	-2	4	43205
10283	-2	4	43209
10284	-2	4	43213
10285	-3	5	43218
10286	-2	4	43222
10287	-2	4	43226
10288	-2	4	43230
10289	-2	4	43234
10290	-2	4	43238
10291	-2	4	43242
10292	-2	4	43246
10293	-2	4	43250
10294	-2	4	43254
10295	-2	4	43258
10296	-2	4	43262
10297	-2	4	43266
10298	-2	4	43270
10299	-2	4	43274
10300	-2	4	43278
10301	-2	4	43282
10302	-4	6	43288
10303	-2	4	43292
10304	-3	5	43297
10305	-2	4	43301
10306	-2	4	43305
10307	-2	4	43309
10308	-2	4	43313
10309	-2	4	43317
10310	-2	4	43321
10311	-2	4	43325
10312	-2	4	43329
10313	-2	4	43333
10314	-2	4	43337
10315	-2	4	43341
10316	-2	4	43345
10317	-2	4	43349
10318	-2	4	43353
10319	-2	4	43357
10320	-2	4	43361
10321	-3	5	43366
10322	-2	4	43370
10323	-2	4	43374
10324	-2	4	43378
10325	-2	4	43382
10326	-2	4	43386
10327	-2	4	43390
10328	-5	7	43397
10329	-2	4	43401
10330	-2	4	43405
10331	-2	4	43409
10332	-2	4	43413
10333	-2	4	43417
10334	-2	4	43421
10335	-2	4	43425
10336	-2	4	43429
10337	-2	4	43433
10338	-2	4	43437
10339	-2	4	43441
10340	-2	4	43445
10341	-2	4	43449
10342	-2	4	43453
10343	-2	4	43457
10344	-2	4	43461
10345	-2	4	43465
10346	-2	4	43469
10347	-2	4	43473
10348	-2	4	43477
10349	-2	4	43481
10350	-2	4	43485
10351	-2	4	43489
10352	-2	4	43493
10353	-2	4	43497
10354	-2	4	43501
10355	-2	4	43505
10356	-2	4	43509
10357	-2	4	43513
10358	-2	4	43517
10359	-2	4	43521
10360	-2	4	43525
10361	-2	4	43529
10362	-2	4	43533
10363	-2	4	43537
10364	-2	4	43541
10365	-2	4	43545
10366	-2	4	43549
10367	-2	4	43553
10368	-2	4	43557
10369	-2	4	43561
10370	-2	4	43565
10371	-2	4	43569
10372	-2	4	43573
10373	-2	4	43577
10374	-2	4	43581
10375	-2	4	43585
10376	-2	4	43589
10377	-2	4	43593
10378	-2	4	43597
10379	-2	4	43601
10380	-2	4	43605
10381	-2	4	43609
10382	-2	4	43613
10383	-2	4	43617
10384	-2	4	43621
10385	-2	4	43625
10386	-2	4	43629
10387	-2	4	43633
10388	-2	4	43637
10389	-2	4	43641
10390	-2	4	43645
10391	-2	4	43649
10392	-2	4	43653
10393	-2	4	43657
10394	-2	4	43661
10395	-2	4	43665
10396	-2	4	43669
10397	-4	6	43675
10398	-2	4	43679
10399	-2	4	43683
10400	-2	4	43687
10401	-2	4	43691
10402	-2	4	43695
10403	-2	4	43699
10404	-2	4	43703
10405	-2	4	43707
10406	-2	4	43711
10407	-2	4	43715
10408	-2	4	43719
10409	-4	6	43725
10410	-2	4	43729
10411	-2	4	43733
10412	-2	4	43737
10413	-2	4	43741
10414	-2	4	43745
10415	-2	4	43749
10416	-2	4	43753
10417	-2	4	43757
10418	-2	4	43761
10419	-2	4	43765
10420	-2	4	43769
10421	-2	4	43773
10422	-2	4	43777
10423	-2	4	43781
10424	-3	5	43786
10425	-2	4	43790
10426	-4	6	43796
10427	-2	4	43800
10428	-2	4	43804
10429	-2	4	43808
10430	-2	4	43812
10431	-2	4	43816
10432	-2	4	43820
10433	-2	4	43824
10434	-2	4	43828
10435	-2	4	43832
10436	-2	4	43836
10437	-2	4	43840
10438	-2	4	43844
10439	-2	4	43848
10440	-4	6	43854
10441	-2	4	43858
10442	-2	4	43862
10443	-2	4	43866
10444	-2	4	43870
10445	-2	4	43874
10446	-2	4	43878
10447	-2	4	43882
10448	-2	4	43886
10449	-2	4	43890
10450	-2	4	43894
10451	-2	4	43898
10452	-2	4	43902
10453	-2	4	43906
10454	-4	6	43912
10455	-2	4	43916
10456	-2	4	43920
10457	-2	4	43924
10458	-2	4	43928
10459	-2	4	43932
10460	-2	4	43936
10461	-2	4	43940
10462	-2	4	43944
10463	-2	4	43948
10464	-2	4	43952
10465	-6	8	43960
10466	-2	4	43964
10467	-2	4	43968
10468	-2	4	43972
10469	-2	4	43976
10470	-4	6	43982
10471	-2	4	43986
10472	-2	4	43990
10473	-2	4	43994
10474	-2	4	43998
10475	-3	5	44003
10476	-2	4	44007
10477	-2	4	44011
10478	-2	4	44015
10479	-2	4	44019
10480	-2	4	44023
10481	-2	4	44027
10482	-2	4	44031
10483	-2	4	44035
10484	-2	4	44039
10485	-5	7	44046
10486	-2	4	44050
10487	-2	4	44054
10488	-2	4	44058
10489	-2	4	44062
10490	-2	4	44066
10491	-2	4	44070
10492	-2	4	44074
10493	-2	4	44078
10494	-2	4	44082
10495	-2	4	44086
10496	-4	6	44092
10497	-2	4	44096
10498	-2	4	44100
10499	-2	4	44104
10500	-2	4	44108
10501	-2	4	44112
10502	-2	4	44116
10503	-2	4	44120
10504	-2	4	44124
10505	-3	5	44129
10506	-2	4	44133
10507	-2	4	44137
10508	-2	4	44141
10509	-2	4	44145
10510	-2	4	44149
10511	-2	4	44153
10512	-2	4	44157
10513	-2	4	44161
10514	-2	4	44165
10515	-4	6	44171
10516	-2	4	44175
10517	-2	4	44179
10518	-2	4	44183
10519	-3	5	44188
10520	-2	4	44192
10521	-2	4	44196
10522	-2	4	44200
10523	-2	4	44204
10524	-2	4	44208
10525	-2	4	44212
10526	-2	4	44216
10527	-2	4	44220
10528	-2	4	44224
10529	-2	4	44228
10530	-2	4	44232
10531	-2	4	44236
10532	-2	4	44240
10533	-2	4	44244
10534	-2	4	44248
10535	-4	6	44254
10536	-2	4	44258
10537	-2	4	44262
10538	-2	4	44266
10539	-2	4	44270
10540	-4	6	44276
10541	-2	4	44280
10542	-2	4	44284
10543	-2	4	44288
10544	-2	4	44292
10545	-2	4	44296
10546	-2	4	44300
10547	-2	4	44304
10548	-2	4	44308
10549	-2	4	44312
10550	-2	4	44316
10551	-2	4	44320
10552	-2	4	44324
10553	-4	6	44330
10554	-2	4	44334
10555	-2	4	44338
10556	-2	4	44342
10557	-2	4	44346
10558	-2	4	44350
10559	-2	4	44354
10560	-4	6	44360
10561	-2	4	44364
10562	-3	5	44369
10563	-4	6	44375
10564	-2	4	44379
10565	-2	4	44383
10566	-2	4	44387
10567	-2	4	44391
10568	-2	4	44395
10569	-2	4	44399
10570	-2	4	44403
10571	-2	4	44407
10572	-2	4	44411
10573	-2	4	44415
10574	-2	4	44419
10575	-2	4	44423
10576	-2	4	44427
10577	-2	4	44431
10578	-2	4	44435
10579	-2	4	44439
10580	-2	4	44443
10581	-2	4	44447
10582	-2	4	44451
10583	-2	4	44455
10584	-2	4	44459
10585	-2	4	44463
10586	-2	4	44467
10587	-2	4	44471
10588	-2	4	44475
10589	-2	4	44479
10590	-2	4	44483
10591	-2	4	44487
10592	-2	4	44491
10593	-2	4	44495
10594	-2	4	44499
10595	-2	4	44503
10596	-2	4	44507
10597	-2	4	44511
10598	-2	4	44515
10599	-2	4	44519
10600	-2	4	44523
10601	-2	4	44527
10602	-2	4	44531
10603	-2	4	44535
10604	-2	4	44539
10605	-2	4	44543
10606	-2	4	44547
10607	-2	4	44551
10608	-2	4	44555
10609	-2	4	44559
10610	-2	4	44563
10611	-2	4	44567
10612	-2	4	44571
10613	-2	4	44575
10614	-2	4	44579
10615	-2	4	44583
10616	-2	4	44587
10617	-2	4	44591
10618	-2	4	44595
10619	-2	4	44599
10620	-2	4	44603
10621	-2	4	44607
10622	-2	4	44611
10623	-2	4	44615
10624	-2	4	44619
10625	-2	4	44623
10626	-2	4	44627
10627	-2	4	44631
10628	-2	4	44635
10629	-2	4	44639
10630	-2	4	44643
10631	-2	4	44647
10632	-2	4	44651
10633	-2	4	44655
10634	-2	4	44659
10635	-2	4	44663
10636	-2	4	44667
10637	-3	5	44672
10638	-2	4	44676
10639	-2	4	44680
10640	-2	4	44684
10641	-2	4	44688
10642	-2	4	44692
10643	-2	4	44696
10644	-2	4	44700
10645	-2	4	44704
10646	-2	4	44708
10647	-2	4	44712
10648	-2	4	44716
10649	-2	4	44720
10650	-2	4	44724
10651	-2	4	44728
10652	-5	7	44735
10653	-2	4	44739
10654	-2	4	44743
10655	-4	6	44749
10656	-2	4	44753
10657	-2	4	44757
10658	-2	4	44761
10659	-2	4	44765
10660	-2	4	44769
10661	-2	4	44773
10662	-2	4	44777
10663	-2	4	44781
10664	-2	4	44785
10665	-2	4	44789
10666	-2	4	44793
10667	-2	4	44797
10668	-2	4	44801
10669	-2	4	44805
10670	-2	4	44809
10671	-2	4	44813
10672	-2	4	44817
10673	-2	4	44821
10674	-2	4	44825
10675	-2	4	44829
10676	-3	5	44834
10677	-2	4	44838
10678	-2	4	44842
10679	-2	4	44846
10680	-2	4	44850
10681	-2	4	44854
10682	-2	4	44858
10683	-2	4	44862
10684	-2	4	44866
10685	-2	4	44870
10686	-2	4	44874
10687	-2	4	44878
10688	-2	4	44882
10689	-2	4	44886
10690	-2	4	44890
10691	-2	4	44894
10692	-2	4	44898
10693	-2	4	44902
10694	-2	4	44906
10695	-2	4	44910
10696	-2	4	44914
10697	-4	6	44920
10698	-2	4	44924
10699	-2	4	44928
10700	-2	4	44932
10701	-2	4	44936
10702	-2	4	44940
10703	-2	4	44944
10704	-2	4	44948
10705	-2	4	44952
10706	-6	8	44960
10707	-2	4	44964
10708	-2	4	44968
10709	-2	4	44972
10710	-2	4	44976
10711	-2	4	44980
10712	-2	4	44984
10713	-2	4	44988
10714	-2	4	44992
10715	-2	4	44996
10716	-2	4	45000
10717	-2	4	45004
10718	-2	4	45008
10719	-2	4	45012
10720	-4	6	45018
10721	-2	4	45022
10722	-2	4	45026
10723	-4	6	45032
10724	-2	4	45036
10725	-2	4	45040
10726	-2	4	45044
10727	-2	4	45048
10728	-2	4	45052
10729	-2	4	45056
10730	-4	6	45062
10731	-2	4	45066
10732	-4	6	45072
10733	-2	4	45076
10734	-2	4	45080
10735	-2	4	45084
10736	-2	4	45088
10737	-2	4	45092
10738	-3	5	45097
10739	-2	4	45101
10740	-2	4	45105
10741	-2	4	45109
10742	-2	4	45113
10743	-2	4	45117
10744	-2	4	45121
10745	-2	4	45125
10746	-2	4	45129
10747	-2	4	45133
10748	-2	4	45137
10749	-2	4	45141
10750	-2	4	45145
10751	-2	4	45149
10752	-2	4	45153
10753	-2	4	45157
10754	-2	4	45161
10755	-2	4	45165
10756	-2	4	45169
10757	-2	4	45173
10758	-2	4	45177
10759	-2	4	45181
10760	-2	4	45185
10761	-2	4	45189
10762	-2	4	45193
10763	-2	4	45197
10764	-2	4	45201
10765	-4	6	45207
10766	-2	4	45211
10767	-2	4	45215
10768	-2	4	45219
10769	-2	4	45223
10770	-2	4	45227
10771	-2	4	45231
10772	-2	4	45235
10773	-2	4	45239
10774	-2	4	45243
10775	-2	4	45247
10776	-2	4	45251
10777	-2	4	45255
10778	-2	4	45259
10779	-2	4	45263
10780	-4	6	45269
10781	-2	4	45273
10782	-2	4	45277
10783	-2	4	45281
10784	-3	5	45286
10785	-2	4	45290
10786	-2	4	45294
10787	-2	4	45298
10788	-2	4	45302
10789	-2	4	45306
10790	-2	4	45310
10791	-2	4	45314
10792	-2	4	45318
10793	-2	4	45322
10794	-2	4	45326
10795	-2	4	45330
10796	-2	4	45334
10797	-2	4	45338
10798	-2	4	45342
10799	-2	4	45346
10800	-2	4	45350
10801	-2	4	45354
10802	-2	4	45358
10803	-2	4	45362
10804	-2	4	45366
10805	-2	4	45370
10806	-2	4	45374
10807	-2	4	45378
10808	-3	5	45383
10809	-2	4	45387
10810	-2	4	45391
10811	-2	4	45395
10812	-2	4	45399
10813	-2	4	45403
10814	-2	4	45407
10815	-2	4	45411
10816	-2	4	45415
10817	-2	4	45419
10818	-2	4	45423
10819	-2	4	45427
10820	-2	4	45431
10821	-4	6	45437
10822	-4	6	45443
10823	-2	4	45447
10824	-2	4	45451
10825	-2	4	45455
10826	-2	4	45459
10827	-2	4	45463
10828	-2	4	45467
10829	-2	4	45471
10830	-2	4	45475
10831	-2	4	45479
10832	-2	4	45483
10833	-2	4	45487
10834	-2	4	45491
10835	-2	4	45495
10836	-2	4	45499
10837	-2	4	45503
10838	-2	4	45507
10839	-2	4	45511
10840	-2	4	45515
10841	-2	4	45519
10842	-2	4	45523
10843	-2	4	45527
10844	-2	4	45531
10845	-2	4	45535
10846	-2	4	45539
10847	-2	4	45543
10848	-2	4	45547
10849	-2	4	45551
10850	-2	4	45555
10851	-2	4	45559
10852	-2	4	45563
10853	-2	4	45567
10854	-2	4	45571
10855	-2	4	45575
10856	-2	4	45579
10857	-2	4	45583
10858	-2	4	45587
10859	-2	4	45591
10860	-2	4	45595
10861	-2	4	45599
10862	-2	4	45603
10863	-2	4	45607
10864	-2	4	45611
10865	-4	6	45617
10866	-2	4	45621
10867	-3	5	45626
10868	-2	4	45630
10869	-2	4	45634
10870	-2	4	45638
10871	-4	6	45644
10872	-2	4	45648
10873	-2	4	45652
10874	-2	4	45656
10875	-2	4	45660
10876	-3	5	45665
10877	-2	4	45669
10878	-2	4	45673
10879	-2	4	45677
10880	-2	4	45681
10881	-2	4	45685
10882	-3	5	45690
10883	-4	6	45696
10884	-2	4	45700
10885	-2	4	45704
10886	-2	4	45708
10887	-2	4	45712
10888	-2	4	45716
10889	-4	6	45722
10890	-2	4	45726
10891	-2	4	45730
10892	-2	4	45734
10893	-2	4	45738
10894	-2	4	45742
10895	-2	4	45746
10896	-2	4	45750
10897	-2	4	45754
10898	-2	4	45758
10899	-2	4	45762
10900	-2	4	45766
10901	-2	4	45770
10902	-2	4	45774
10903	-2	4	45778
10904	-2	4	45782
10905	-2	4	45786
10906	-2	4	45790
10907	-2	4	45794
10908	-2	4	45798
10909	-2	4	45802
10910	-2	4	45806
10911	-2	4	45810
10912	-2	4	45814
10913	-2	4	45818
10914	-2	4	45822
10915	-2	4	45826
10916	-2	4	45830
10917	-2	4	45834
10918	-2	4	45838
10919	-2	4	45842
10920	-2	4	45846
10921	-2	4	45850
10922	-2	4	45854
10923	-2	4	45858
10924	-2	4	45862
10925	-2	4	45866
10926	-2	4	45870
10927	-2	4	45874
10928	-3	5	45879
10929	-2	4	45883
10930	-2	4	45887
10931	-2	4	45891
10932	-2	4	45895
10933	-2	4	45899
10934	-3	5	45904
10935	-2	4	45908
10936	-2	4	45912
10937	-2	4	45916
10938	-2	4	45920
10939	-2	4	45924
10940	-2	4	45928
10941	-2	4	45932
10942	-2	4	45936
10943	-2	4	45940
10944	-2	4	45944
10945	-2	4	45948
10946	-2	4	45952
10947	-2	4	45956
10948	-2	4	45960
10949	-2	4	45964
10950	-5	7	45971
10951	-2	4	45975
10952	-2	4	45979
10953	-4	6	45985
10954	-2	4	45989
10955	-2	4	45993
10956	-2	4	45997
10957	-2	4	46001
10958	-2	4	46005
10959	-2	4	46009
10960	-2	4	46013
10961	-2	4	46017
10962	-2	4	46021
10963	-2	4	46025
10964	-2	4	46029
10965	-2	4	46033
10966	-4	6	46039
10967	-2	4	46043
10968	-2	4	46047
10969	-2	4	46051
10970	-2	4	46055
10971	-2	4	46059
10972	-2	4	46063
10973	-2	4	46067
10974	-2	4	46071
10975	-2	4	46075
10976	-2	4	46079
10977	-2	4	46083
10978	-2	4	46087
10979	-2	4	46091
10980	-2	4	46095
10981	-2	4	46099
10982	-3	5	46104
10983	-2	4	46108
10984	-2	4	46112
10985	-2	4	46116
10986	-2	4	46120
10987	-2	4	46124
10988	-4	6	46130
10989	-2	4	46134
10990	-2	4	46138
10991	-2	4	46142
10992	-2	4	46146
10993	-2	4	46150
10994	-2	4	46154
10995	-2	4	46158
10996	-4	6	46164
10997	-2	4	46168
10998	-2	4	46172
10999	-2	4	46176
11000	-2	4	46180
11001	-2	4	46184
11002	-4	6	46190
11003	-2	4	46194
11004	-2	4	46198
11005	-2	4	46202
11006	-2	4	46206
11007	-2	4	46210
11008	-2	4	46214
11009	-2	4	46218
11010	-2	4	46222
11011	-2	4	46226
11012	-2	4	46230
11013	-2	4	46234
11014	-2	4	46238
11015	-2	4	46242
11016	-2	4	46246
11017	-2	4	46250
11018	-2	4	46254
11019	-2	4	46258
11020	-2	4	46262
11021	-2	4	46266
11022	-2	4	46270
11023	-2	4	46274
11024	-2	4	46278
11025	-2	4	46282
11026	-2	4	46286
11027	-2	4	46290
11028	-2	4	46294
11029	-2	4	46298
11030	-2	4	46302
11031	-2	4	46306
11032	-2	4	46310
11033	-2	4	46314
11034	-2	4	46318
11035	-2	4	46322
11036	-2	4	46326
11037	-4	6	46332
11038	-2	4	46336
11039	-2	4	46340
11040	-2	4	46344
11041	-2	4	46348
11042	-4	6	46354
11043	-2	4	46358
11044	-2	4	46362
11045	-2	4	46366
11046	-2	4	46370
11047	-2	4	46374
11048	-2	4	46378
11049	-2	4	46382
11050	-2	4	46386
11051	-2	4	46390
11052	-2	4	46394
11053	-2	4	46398
11054	-2	4	46402
11055	-2	4	46406
11056	-2	4	46410
11057	-2	4	46414
11058	-2	4	46418
11059	-2	4	46422
11060	-2	4	46426
11061	-2	4	46430
11062	-2	4	46434
11063	-2	4	46438
11064	-2	4	46442
11065	-2	4	46446
11066	-2	4	46450
11067	-2	4	46454
11068	-2	4	46458
11069	-2	4	46462
11070	-4	6	46468
11071	-2	4	46472
11072	-2	4	46476
11073	-2	4	46480
11074	-2	4	46484
11075	-4	6	46490
11076	-2	4	46494
11077	-2	4	46498
11078	-2	4	46502
11079	-2	4	46506
11080	-2	4	46510
11081	-2	4	46514
11082	-2	4	46518
11083	-2	4	46522
11084	-2	4	46526
11085	-2	4	46530
11086	-3	5	46535
11087	-2	4	46539
11088	-2	4	46543
11089	-2	4	46547
11090	-2	4	46551
11091	-2	4	46555
11092	-3	5	46560
11093	-2	4	46564
11094	-2	4	46568
11095	-2	4	46572
11096	-2	4	46576
11097	-2	4	46580
11098	-2	4	46584
11099	-2	4	46588
11100	-2	4	46592
11101	-2	4	46596
11102	-2	4	46600
11103	-4	6	46606
11104	-2	4	46610
11105	-2	4	46614
11106	-2	4	46618
11107	-2	4	46622
11108	-2	4	46626
11109	-2	4	46630
11110	-4	6	46636
11111	-2	4	46640
11112	-2	4	46644
11113	-2	4	46648
11114	-2	4	46652
11115	-2	4	46656
11116	-2	4	46660
11117	-2	4	46664
11118	-2	4	46668
11119	-2	4	46672
11120	-2	4	46676
11121	-2	4	46680
11122	-2	4	46684
11123	-3	5	46689
11124	-2	4	46693
11125	-2	4	46697
11126	-2	4	46701
11127	-2	4	46705
11128	-2	4	46709
11129	-2	4	46713
11130	-2	4	46717
11131	-2	4	46721
11132	-2	4	46725
11133	-2	4	46729
11134	-2	4	46733
11135	-2	4	46737
11136	-2	4	46741
11137	-2	4	46745
11138	-2	4	46749
11139	-2	4	46753
11140	-2	4	46757
11141	-2	4	46761
11142	-2	4	46765
11143	-2	4	46769
11144	-2	4	46773
11145	-2	4	46777
11146	-2	4	46781
11147	-3	5	46786
11148	-4	6	46792
11149	-2	4	46796
11150	-2	4	46800
11151	-2	4	46804
11152	-2	4	46808
11153	-2	4	46812
11154	-3	5	46817
11155	-2	4	46821
11156	-2	4	46825
11157	-2	4	46829
11158	-2	4	46833
11159	-2	4	46837
11160	-2	4	46841
11161	-2	4	46845
11162	-2	4	46849
11163	-2	4	46853
11164	-2	4	46857
11165	-2	4	46861
11166	-2	4	46865
11167	-2	4	46869
11168	-2	4	46873
11169	-2	4	46877
11170	-2	4	46881
11171	-2	4	46885
11172	-2	4	46889
11173	-2	4	46893
11174	-2	4	46897
11175	-2	4	46901
11176	-2	4	46905
11177	-2	4	46909
11178	-2	4	46913
11179	-2	4	46917
11180	-2	4	46921
11181	-2	4	46925
11182	-2	4	46929
11183	-2	4	46933
11184	-2	4	46937
11185	-2	4	46941
11186	-2	4	46945
11187	-2	4	46949
11188	-2	4	46953
11189	-4	6	46959
11190	-2	4	46963
11191	-2	4	46967
11192	-2	4	46971
11193	-2	4	46975
11194	-2	4	46979
11195	-2	4	46983
11196	-2	4	46987
11197	-4	6	46993
11198	-2	4	46997
11199	-2	4	47001
11200	-2	4	47005
11201	-2	4	47009
11202	-2	4	47013
11203	-2	4	47017
11204	-2	4	47021
11205	-2	4	47025
11206	-2	4	47029
11207	-2	4	47033
11208	-4	6	47039
11209	-2	4	47043
11210	-2	4	47047
11211	-2	4	47051
11212	-2	4	47055
11213	-2	4	47059
11214	-2	4	47063
11215	-2	4	47067
11216	-2	4	47071
11217	-2	4	47075
11218	-2	4	47079
11219	-2	4	47083
11220	-2	4	47087
11221	-2	4	47091
11222	-2	4	47095
11223	-2	4	47099
11224	-2	4	47103
11225	-2	4	47107
11226	-2	4	47111
11227	-2	4	47115
11228	-2	4	47119
11229	-2	4	47123
11230	-2	4	47127
11231	-2	4	47131
11232	-2	4	47135
11233	-2	4	47139
11234	-4	6	47145
11235	-3	5	47150
11236	-4	6	47156
11237	-2	4	47160
11238	-2	4	47164
11239	-2	4	47168
11240	-2	4	47172
11241	-2	4	47176
11242	-2	4	47180
11243	-2	4	47184
11244	-2	4	47188
11245	-2	4	47192
11246	-2	4	47196
11247	-2	4	47200
11248	-2	4	47204
11249	-2	4	47208
11250	-2	4	47212
11251	-2	4	47216
11252	-2	4	47220
11253	-2	4	47224
11254	-2	4	47228
11255	-2	4	47232
11256	-2	4	47236
11257	-2	4	47240
11258	-2	4	47244
11259	-2	4	47248
11260	-2	4	47252
11261	-4	6	47258
11262	-2	4	47262
11263	-2	4	47266
11264	-2	4	47270
11265	-2	4	47274
11266	-2	4	47278
11267	-2	4	47282
11268	-2	4	47286
11269	-2	4	47290
11270	-2	4	47294
11271	-2	4	47298
11272	-2	4	47302
11273	-2	4	47306
11274	-2	4	47310
11275	-2	4	47314
11276	-2	4	47318
11277	-2	4	47322
11278	-2	4	47326
11279	-2	4	47330
11280	-2	4	47334
11281	-2	4	47338
11282	-2	4	47342
11283	-2	4	47346
11284	-2	4	47350
11285	-2	4	47354
11286	-2	4	47358
11287	-2	4	47362
11288	-2	4	47366
11289	-2	4	47370
11290	-2	4	47374
11291	-3	5	47379
11292	-2	4	47383
11293	-2	4	47387
11294	-2	4	47391
11295	-2	4	47395
11296	-2	4	47399
11297	-2	4	47403
11298	-2	4	47407
11299	-2	4	47411
11300	-2	4	47415
11301	-2	4	47419
11302	-2	4	47423
11303	-3	5	47428
11304	-2	4	47432
11305	-6	8	47440
11306	-2	4	47444
11307	-2	4	47448
11308	-2	4	47452
11309	-2	4	47456
11310	-2	4	47460
11311	-2	4	47464
11312	-2	4	47468
11313	-2	4	47472
11314	-2	4	47476
11315	-2	4	47480
11316	-2	4	47484
11317	-2	4	47488
11318	-2	4	47492
11319	-2	4	47496
11320	-2	4	47500
11321	-2	4	47504
11322	-2	4	47508
11323	-2	4	47512
11324	-3	5	47517
11325	-2	4	47521
11326	-2	4	47525
11327	-2	4	47529
11328	-4	6	47535
11329	-2	4	47539
11330	-2	4	47543
11331	-2	4	47547
11332	-2	4	47551
11333	-2	4	47555
11334	-2	4	47559
11335	-2	4	47563
11336	-2	4	47567
11337	-2	4	47571
11338	-2	4	47575
11339	-2	4	47579
11340	-2	4	47583
11341	-2	4	47587
11342	-2	4	47591
11343	-2	4	47595
11344	-2	4	47599
11345	-2	4	47603
11346	-2	4	47607
11347	-2	4	47611
11348	-2	4	47615
11349	-2	4	47619
11350	-2	4	47623
11351	-2	4	47627
11352	-2	4	47631
11353	-2	4	47635
11354	-2	4	47639
11355	-2	4	47643
11356	-2	4	47647
11357	-3	5	47652
11358	-2	4	47656
11359	-2	4	47660
11360	-2	4	47664
11361	-2	4	47668
11362	-2	4	47672
11363	-2	4	47676
11364	-2	4	47680
11365	-2	4	47684
11366	-2	4	47688
11367	-2	4	47692
11368	-4	6	47698
11369	-2	4	47702
11370	-2	4	47706
11371	-2	4	47710
11372	-2	4	47714
11373	-2	4	47718
11374	-4	6	47724
11375	-2	4	47728
11376	-2	4	47732
11377	-2	4	47736
11378	-3	5	47741
11379	-2	4	47745
11380	-2	4	47749
11381	-2	4	47753
11382	-2	4	47757
11383	-2	4	47761
11384	-2	4	47765
11385	-2	4	47769
11386	-2	4	47773
11387	-2	4	47777
11388	-2	4	47781
11389	-2	4	47785
11390	-2	4	47789
11391	-2	4	47793
11392	-2	4	47797
11393	-2	4	47801
11394	-2	4	47805
11395	-2	4	47809
11396	-2	4	47813
11397	-2	4	47817
11398	-2	4	47821
11399	-2	4	47825
11400	-2	4	47829
11401	-4	6	47835
11402	-2	4	47839
11403	-4	6	47845
11404	-2	4	47849
11405	-2	4	47853
11406	-2	4	47857
11407	-2	4	47861
11408	-2	4	47865
11409	-2	4	47869
11410	-2	4	47873
11411	-2	4	47877
11412	-2	4	47881
11413	-2	4	47885
11414	-2	4	47889
11415	-2	4	47893
11416	-2	4	47897
11417	-2	4	47901
11418	-4	6	47907
11419	-2	4	47911
11420	-2	4	47915
11421	-2	4	47919
11422	-2	4	47923
11423	-2	4	47927
11424	-2	4	47931
11425	-2	4	47935
11426	-2	4	47939
11427	-2	4	47943
11428	-2	4	47947
11429	-2	4	47951
11430	-2	4	47955
11431	-2	4	47959
11432	-2	4	47963
11433	-2	4	47967
11434	-2	4	47971
11435	-2	4	47975
11436	-2	4	47979
11437	-2	4	47983
11438	-2	4	47987
11439	-2	4	47991
11440	-4	6	47997
11441	-2	4	48001
11442	-2	4	48005
11443	-2	4	48009
11444	-2	4	48013
11445	-2	4	48017
11446	-2	4	48021
11447	-2	4	48025
11448	-2	4	48029
11449	-2	4	48033
11450	-2	4	48037
11451	-2	4	48041
11452	-2	4	48045
11453	-2	4	48049
11454	-4	6	48055
11455	-2	4	48059
11456	-2	4	48063
11457	-2	4	48067
11458	-2	4	48071
11459	-2	4	48075
11460	-2	4	48079
11461	-2	4	48083
11462	-2	4	48087
11463	-2	4	48091
11464	-4	6	48097
11465	-2	4	48101
11466	-4	6	48107
11467	-2	4	48111
11468	-2	4	48115
11469	-2	4	48119
11470	-4	6	48125
11471	-2	4	48129
11472	-2	4	48133
11473	-2	4	48137
11474	-2	4	48141
11475	-2	4	48145
11476	-2	4	48149
11477	-2	4	48153
11478	-2	4	48157
11479	-2	4	48161
11480	-2	4	48165
11481	-2	4	48169
11482	-2	4	48173
11483	-2	4	48177
11484	-2	4	48181
11485	-2	4	48185
11486	-2	4	48189
11487	-2	4	48193
11488	-2	4	48197
11489	-2	4	48201
11490	-2	4	48205
11491	-2	4	48209
11492	-2	4	48213
11493	-2	4	48217
11494	-2	4	48221
11495	-2	4	48225
11496	-2	4	48229
11497	-2	4	48233
11498	-2	4	48237
11499	-2	4	48241
11500	-2	4	48245
11501	-2	4	48249
11502	-2	4	48253
11503	-2	4	48257
11504	-2	4	48261
11505	-2	4	48265
11506	-2	4	48269
11507	-2	4	48273
11508	-2	4	48277
11509	-2	4	48281
11510	-2	4	48285
11511	-2	4	48289
11512	-2	4	48293
11513	-2	4	48297
11514	-2	4	48301
11515	-2	4	48305
11516	-2	4	48309
11517	-2	4	48313
11518	-4	6	48319
11519	-2	4	48323
11520	-2	4	48327
11521	-2	4	48331
11522	-2	4	48335
11523	-4	6	48341
11524	-2	4	48345
11525	-2	4	48349
11526	-2	4	48353
11527	-2	4	48357
11528	-2	4	48361
11529	-2	4	48365
11530	-2	4	48369
11531	-2	4	48373
11532	-2	4	48377
11533	-2	4	48381
11534	-2	4	48385
11535	-2	4	48389
11536	-2	4	48393
11537	-2	4	48397
11538	-2	4	48401
11539	-2	4	48405
11540	-2	4	48409
11541	-2	4	48413
11542	-2	4	48417
11543	-2	4	48421
11544	-2	4	48425
11545	-2	4	48429
11546	-2	4	48433
11547	-4	6	48439
11548	-2	4	48443
11549	-2	4	48447
11550	-2	4	48451
11551	-2	4	48455
11552	-2	4	48459
11553	-2	4	48463
11554	-2	4	48467
11555	-2	4	48471
11556	-3	5	48476
11557	-2	4	48480
11558	-2	4	48484
11559	-2	4	48488
11560	-2	4	48492
11561	-2	4	48496
11562	-2	4	48500
11563	-2	4	48504
11564	-2	4	48508
11565	-2	4	48512
11566	-2	4	48516
11567	-2	4	48520
11568	-6	8	48528
11569	-2	4	48532
11570	-2	4	48536
11571	-2	4	48540
11572	-2	4	48544
11573	-2	4	48548
11574	-2	4	48552
11575	-3	5	48557
11576	-2	4	48561
11577	-2	4	48565
11578	-2	4	48569
11579	-2	4	48573
11580	-2	4	48577
11581	-2	4	48581
11582	-2	4	48585
11583	-2	4	48589
11584	-4	6	48595
11585	-2	4	48599
11586	-2	4	48603
11587	-2	4	48607
11588	-2	4	48611
11589	-2	4	48615
11590	-2	4	48619
11591	-2	4	48623
11592	-2	4	48627
11593	-3	5	48632
11594	-2	4	48636
11595	-2	4	48640
11596	-2	4	48644
11597	-2	4	48648
11598	-2	4	48652
11599	-2	4	48656
11600	-2	4	48660
11601	-2	4	48664
11602	-2	4	48668
11603	-2	4	48672
11604	-2	4	48676
11605	-2	4	48680
11606	-2	4	48684
11607	-2	4	48688
11608	-2	4	48692
11609	-2	4	48696
11610	-2	4	48700
11611	-2	4	48704
11612	-2	4	48708
11613	-2	4	48712
11614	-2	4	48716
11615	-4	6	48722
11616	-2	4	48726
11617	-2	4	48730
11618	-2	4	48734
11619	-2	4	48738
11620	-2	4	48742
11621	-2	4	48746
11622	-2	4	48750
11623	-2	4	48754
11624	-2	4	48758
11625	-2	4	48762
11626	-2	4	48766
11627	-2	4	48770
11628	-6	8	48778
11629	-2	4	48782
11630	-2	4	48786
11631	-2	4	48790
11632	-2	4	48794
11633	-2	4	48798
11634	-2	4	48802
11635	-4	6	48808
11636	-2	4	48812
11637	-2	4	48816
11638	-2	4	48820
11639	-2	4	48824
11640	-2	4	48828
11641	-2	4	48832
11642	-2	4	48836
11643	-2	4	48840
11644	-2	4	48844
11645	-2	4	48848
11646	-2	4	48852
11647	-2	4	48856
11648	-3	5	48861
11649	-2	4	48865
11650	-4	6	48871
11651	-2	4	48875
11652	-2	4	48879
11653	-2	4	48883
11654	-2	4	48887
11655	-2	4	48891
11656	-2	4	48895
11657	-2	4	48899
11658	-2	4	48903
11659	-2	4	48907
11660	-2	4	48911
11661	-2	4	48915
11662	-2	4	48919
11663	-3	5	48924
11664	-2	4	48928
11665	-2	4	48932
11666	-2	4	48936
11667	-2	4	48940
11668	-2	4	48944
11669	-2	4	48948
11670	-2	4	48952
11671	-2	4	48956
11672	-2	4	48960
11673	-2	4	48964
11674	-2	4	48968
11675	-2	4	48972
11676	-2	4	48976
11677	-2	4	48980
11678	-2	4	48984
11679	-3	5	48989
11680	-4	6	48995
11681	-2	4	48999
11682	-4	6	49005
11683	-2	4	49009
11684	-2	4	49013
11685	-2	4	49017
11686	-3	5	49022
11687	-2	4	49026
11688	-2	4	49030
11689	-2	4	49034
11690	-2	4	49038
11691	-2	4	49042
11692	-2	4	49046
11693	-2	4	49050
11694	-2	4	49054
11695	-2	4	49058
11696	-2	4	49062
11697	-2	4	49066
11698	-2	4	49070
11699	-2	4	49074
11700	-2	4	49078
11701	-2	4	49082
11702	-2	4	49086
11703	-4	6	49092
11704	-2	4	49096
11705	-2	4	49100
11706	-2	4	49104
11707	-2	4	49108
11708	-2	4	49112
11709	-2	4	49116
11710	-2	4	49120
11711	-2	4	49124
11712	-2	4	49128
11713	-2	4	49132
11714	-2	4	49136
11715	-4	6	49142
11716	-2	4	49146
11717	-2	4	49150
11718	-2	4	49154
11719	-2	4	49158
11720	-2	4	49162
11721	-2	4	49166
11722	-4	6	49172
11723	-2	4	49176
11724	-4	6	49182
11725	-2	4	49186
11726	-2	4	49190
11727	-2	4	49194
11728	-2	4	49198
11729	-2	4	49202
11730	-2	4	49206
11731	-2	4	49210
11732	-2	4	49214
11733	-2	4	49218
11734	-3	5	49223
11735	-2	4	49227
11736	-2	4	49231
11737	-2	4	49235
11738	-2	4	49239
11739	-2	4	49243
11740	-2	4	49247
11741	-2	4	49251
11742	-2	4	49255
11743	-2	4	49259
11744	-2	4	49263
11745	-2	4	49267
11746	-2	4	49271
11747	-2	4	49275
11748	-2	4	49279
11749	-2	4	49283
11750	-2	4	49287
11751	-2	4	49291
11752	-2	4	49295
11753	-2	4	49299
11754	-2	4	49303
11755	-2	4	49307
11756	-2	4	49311
11757	-2	4	49315
11758	-2	4	49319
11759	-2	4	49323
11760	-2	4	49327
11761	-2	4	49331
11762	-4	6	49337
11763	-2	4	49341
11764	-2	4	49345
11765	-2	4	49349
11766	-2	4	49353
11767	-2	4	49357
11768	-2	4	49361
11769	-2	4	49365
11770	-2	4	49369
11771	-2	4	49373
11772	-3	5	49378
11773	-2	4	49382
11774	-2	4	49386
11775	-2	4	49390
11776	-2	4	49394
11777	-2	4	49398
11778	-2	4	49402
11779	-2	4	49406
11780	-2	4	49410
11781	-4	6	49416
11782	-2	4	49420
11783	-2	4	49424
11784	-2	4	49428
11785	-2	4	49432
11786	-2	4	49436
11787	-2	4	49440
11788	-2	4	49444
11789	-2	4	49448
11790	-2	4	49452
11791	-2	4	49456
11792	-2	4	49460
11793	-2	4	49464
11794	-2	4	49468
11795	-2	4	49472
11796	-2	4	49476
11797	-2	4	49480
11798	-2	4	49484
11799	-2	4	49488
11800	-2	4	49492
11801	-2	4	49496
11802	-5	7	49503
11803	-2	4	49507
11804	-3	5	49512
11805	-2	4	49516
11806	-2	4	49520
11807	-2	4	49524
11808	-2	4	49528
11809	-2	4	49532
11810	-2	4	49536
11811	-2	4	49540
11812	-2	4	49544
11813	-2	4	49548
11814	-2	4	49552
11815	-2	4	49556
11816	-2	4	49560
11817	-4	6	49566
11818	-2	4	49570
11819	-2	4	49574
11820	-2	4	49578
11821	-2	4	49582
11822	-2	4	49586
11823	-2	4	49590
11824	-2	4	49594
11825	-2	4	49598
11826	-2	4	49602
11827	-2	4	49606
11828	-2	4	49610
11829	-2	4	49614
11830	-2	4	49618
11831	-2	4	49622
11832	-2	4	49626
11833	-2	4	49630
11834	-2	4	49634
11835	-2	4	49638
11836	-2	4	49642
11837	-2	4	49646
11838	-2	4	49650
11839	-2	4	49654
11840	-2	4	49658
11841	-2	4	49662
11842	-2	4	49666
11843	-2	4	49670
11844	-3	5	49675
11845	-2	4	49679
11846	-2	4	49683
11847	-2	4	49687
11848	-2	4	49691
11849	-2	4	49695
11850	-2	4	49699
11851	-2	4	49703
11852	-2	4	49707
11853	-2	4	49711
11854	-2	4	49715
11855	-4	6	49721
11856	-2	4	49725
11857	-2	4	49729
11858	-2	4	49733
11859	-2	4	49737
11860	-2	4	49741
11861	-2	4	49745
11862	-2	4	49749
11863	-2	4	49753
11864	-2	4	49757
11865	-2	4	49761
11866	-2	4	49765
11867	-2	4	49769
11868	-3	5	49774
11869	-2	4	49778
11870	-4	6	49784
11871	-2	4	49788
11872	-2	4	49792
11873	-2	4	49796
11874	-2	4	49800
11875	-2	4	49804
11876	-2	4	49808
11877	-2	4	49812
11878	-2	4	49816
11879	-2	4	49820
11880	-2	4	49824
11881	-2	4	49828
11882	-2	4	49832
11883	-2	4	49836
11884	-2	4	49840
11885	-2	4	49844
11886	-2	4	49848
11887	-2	4	49852
11888	-2	4	49856
11889	-2	4	49860
11890	-2	4	49864
11891	-2	4	49868
11892	-2	4	49872
11893	-2	4	49876
11894	-2	4	49880
11895	-2	4	49884
11896	-2	4	49888
11897	-2	4	49892
11898	-2	4	49896
11899	-2	4	49900
11900	-4	6	49906
11901	-2	4	49910
11902	-2	4	49914
11903	-2	4	49918
11904	-2	4	49922
11905	-2	4	49926
11906	-2	4	49930
11907	-2	4	49934
11908	-2	4	49938
11909	-2	4	49942
11910	-2	4	49946
11911	-2	4	49950
11912	-2	4	49954
11913	-2	4	49958
11914	-2	4	49962
11915	-2	4	49966
11916	-2	4	49970
11917	-2	4	49974
11918	-2	4	49978
11919	-2	4	49982
11920	-2	4	49986
11921	-2	4	49990
11922	-2	4	49994
11923	-2	4	49998
11924	-2	4	50002
11925	-2	4	50006
11926	-2	4	50010
11927	-2	4	50014
11928	-2	4	50018
11929	-2	4	50022
11930	-2	4	50026
11931	-2	4	50030
11932	-2	4	50034
11933	-2	4	50038
11934	-2	4	50042
11935	-2	4	50046
11936	-2	4	50050
11937	-2	4	50054
11938	-2	4	50058
11939	-2	4	50062
11940	-2	4	50066
11941	-2	4	50070
11942	-2	4	50074
11943	-2	4	50078
11944	-2	4	50082
11945	-2	4	50086
11946	-2	4	50090
11947	-2	4	50094
11948	-2	4	50098
11949	-2	4	50102
11950	-4	6	50108
11951	-2	4	50112
11952	-2	4	50116
11953	-4	6	50122
11954	-2	4	50126
11955	-2	4	50130
11956	-2	4	50134
11957	-2	4	50138
11958	-2	4	50142
11959	-2	4	50146
11960	-3	5	50151
11961	-2	4	50155
11962	-2	4	50159
11963	-2	4	50163
11964	-2	4	50167
11965	-2	4	50171
11966	-2	4	50175
11967	-2	4	50179
11968	-2	4	50183
11969	-2	4	50187
11970	-2	4	50191
11971	-2	4	50195
11972	-2	4	50199
11973	-2	4	50203
11974	-2	4	50207
11975	-2	4	50211
11976	-2	4	50215
11977	-2	4	50219
11978	-2	4	50223
11979	-2	4	50227
11980	-2	4	50231
11981	-2	4	50235
11982	-2	4	50239
11983	-2	4	50243
11984	-2	4	50247
11985	-2	4	50251
11986	-2	4	50255
11987	-2	4	50259
11988	-4	6	50265
11989	-2	4	50269
11990	-2	4	50273
11991	-4	6	50279
11992	-2	4	50283
11993	-2	4	50287
11994	-2	4	50291
11995	-2	4	50295
11996	-2	4	50299
11997	-2	4	50303
11998	-2	4	50307
11999	-2	4	50311
12000	-2	4	50315
12001	-2	4	50319
12002	-2	4	50323
12003	-2	4	50327
12004	-3	5	50332
12005	-2	4	50336
12006	-3	5	50341
12007	-3	5	50346
12008	-2	4	50350
12009	-2	4	50354
12010	-3	5	50359
12011	-4	6	50365
12012	-2	4	50369
12013	-2	4	50373
12014	-6	8	50381
12015	-2	4	50385
12016	-2	4	50389
12017	-2	4	50393
12018	-2	4	50397
12019	-2	4	50401
12020	-2	4	50405
12021	-2	4	50409
12022	-2	4	50413
12023	-2	4	50417
12024	-2	4	50421
12025	-4	6	50427
12026	-2	4	50431
12027	-2	4	50435
12028	-2	4	50439
12029	-2	4	50443
12030	-2	4	50447
12031	-2	4	50451
12032	-2	4	50455
12033	-2	4	50459
12034	-2	4	50463
12035	-2	4	50467
12036	-2	4	50471
12037	-2	4	50475
12038	-2	4	50479
12039	-4	6	50485
12040	-2	4	50489
12041	-2	4	50493
12042	-2	4	50497
12043	-2	4	50501
12044	-2	4	50505
12045	-2	4	50509
12046	-2	4	50513
12047	-2	4	50517
12048	-2	4	50521
12049	-2	4	50525
12050	-4	6	50531
12051	-2	4	50535
12052	-2	4	50539
12053	-2	4	50543
12054	-2	4	50547
12055	-2	4	50551
12056	-2	4	50555
12057	-2	4	50559
12058	-3	5	50564
12059	-4	6	50570
12060	-2	4	50574
12061	-2	4	50578
12062	-2	4	50582
12063	-2	4	50586
12064	-2	4	50590
12065	-2	4	50594
12066	-2	4	50598
12067	-2	4	50602
12068	-2	4	50606
12069	-4	6	50612
12070	-2	4	50616
12071	-3	5	50621
12072	-2	4	50625
12073	-2	4	50629
12074	-2	4	50633
12075	-2	4	50637
12076	-2	4	50641
12077	-2	4	50645
12078	-2	4	50649
12079	-2	4	50653
12080	-2	4	50657
12081	-2	4	50661
12082	-2	4	50665
12083	-2	4	50669
12084	-2	4	50673
12085	-2	4	50677
12086	-2	4	50681
12087	-2	4	50685
12088	-2	4	50689
12089	-2	4	50693
12090	-2	4	50697
12091	-2	4	50701
12092	-2	4	50705
12093	-2	4	50709
12094	-2	4	50713
12095	-2	4	50717
12096	-2	4	50721
12097	-2	4	50725
12098	-2	4	50729
12099	-2	4	50733
12100	-2	4	50737
12101	-2	4	50741
12102	-2	4	50745
12103	-2	4	50749
12104	-2	4	50753
12105	-2	4	50757
12106	-4	6	50763
12107	-2	4	50767
12108	-2	4	50771
12109	-2	4	50775
12110	-3	5	50780
12111	-2	4	50784
12112	-2	4	50788
12113	-2	4	50792
12114	-2	4	50796
12115	-2	4	50800
12116	-2	4	50804
12117	-2	4	50808
12118	-2	4	50812
12119	-2	4	50816
12120	-2	4	50820
12121	-2	4	50824
12122	-2	4	50828
12123	-2	4	50832
12124	-2	4	50836
12125	-2	4	50840
12126	-2	4	50844
12127	-2	4	50848
12128	-2	4	50852
12129	-2	4	50856
12130	-2	4	50860
12131	-2	4	50864
12132	-2	4	50868
12133	-2	4	50872
12134	-2	4	50876
12135	-2	4	50880
12136	-4	6	50886
12137	-2	4	50890
12138	-2	4	50894
12139	-4	6	50900
12140	-2	4	50904
12141	-2	4	50908
12142	-2	4	50912
12143	-2	4	50916
12144	-2	4	50920
12145	-2	4	50924
12146	-2	4	50928
12147	-4	6	50934
12148	-2	4	50938
12149	-2	4	50942
12150	-2	4	50946
12151	-2	4	50950
12152	-2	4	50954
12153	-2	4	50958
12154	-2	4	50962
12155	-2	4	50966
12156	-2	4	50970
12157	-2	4	50974
12158	-4	6	50980
12159	-2	4	50984
12160	-2	4	50988
12161	-2	4	50992
12162	-2	4	50996
12163	-4	6	51002
12164	-2	4	51006
12165	-2	4	51010
12166	-2	4	51014
12167	-2	4	51018
12168	-2	4	51022
12169	-2	4	51026
12170	-2	4	51030
12171	-2	4	51034
12172	-2	4	51038
12173	-2	4	51042
12174	-2	4	51046
12175	-2	4	51050
12176	-2	4	51054
12177	-2	4	51058
12178	-2	4	51062
12179	-2	4	51066
12180	-2	4	51070
12181	-2	4	51074
12182	-2	4	51078
12183	-2	4	51082
12184	-2	4	51086
12185	-2	4	51090
12186	-2	4	51094
12187	-2	4	51098
12188	-2	4	51102
12189	-4	6	51108
12190	-2	4	51112
12191	-2	4	51116
12192	-2	4	51120
12193	-2	4	51124
12194	-2	4	51128
12195	-2	4	51132
12196	-2	4	51136
12197	-2	4	51140
12198	-2	4	51144
12199	-2	4	51148
12200	-2	4	51152
12201	-2	4	51156
12202	-2	4	51160
12203	-2	4	51164
12204	-2	4	51168
12205	-2	4	51172
12206	-2	4	51176
12207	-2	4	51180
12208	-2	4	51184
12209	-2	4	51188
12210	-2	4	51192
12211	-2	4	51196
12212	-6	8	51204
12213	-2	4	51208
12214	-2	4	51212
12215	-2	4	51216
12216	-2	4	51220
12217	-2	4	51224
12218	-2	4	51228
12219	-2	4	51232
12220	-4	6	51238
12221	-2	4	51242
12222	-2	4	51246
12223	-2	4	51250
12224	-2	4	51254
12225	-4	6	51260
12226	-2	4	51264
12227	-2	4	51268
12228	-2	4	51272
12229	-4	6	51278
12230	-2	4	51282
12231	-2	4	51286
12232	-2	4	51290
12233	-2	4	51294
12234	-2	4	51298
12235	-4	6	51304
12236	-2	4	51308
12237	-2	4	51312
12238	-9	11	51323
12239	-5	7	51330
12240	-2	4	51334
12241	-2	4	51338
12242	-2	4	51342
12243	-2	4	51346
12244	-2	4	51350
12245	-2	4	51354
12246	-2	4	51358
12247	-2	4	51362
12248	-2	4	51366
12249	-2	4	51370
12250	-2	4	51374
12251	-2	4	51378
12252	-2	4	51382
12253	-2	4	51386
12254	-2	4	51390
12255	-2	4	51394
12256	-2	4	51398
12257	-2	4	51402
12258	-2	4	51406
12259	-2	4	51410
12260	-4	6	51416
12261	-2	4	51420
12262	-2	4	51424
12263	-2	4	51428
12264	-2	4	51432
12265	-2	4	51436
12266	-2	4	51440
12267	-2	4	51444
12268	-2	4	51448
12269	-2	4	51452
12270	-2	4	51456
12271	-2	4	51460
12272	-2	4	51464
12273	-2	4	51468
12274	-2	4	51472
12275	-2	4	51476
12276	-2	4	51480
12277	-2	4	51484
12278	-2	4	51488
12279	-2	4	51492
12280	-2	4	51496
12281	-2	4	51500
12282	-4	6	51506
12283	-2	4	51510
12284	-2	4	51514
12285	-2	4	51518
12286	-2	4	51522
12287	-2	4	51526
12288	-2	4	51530
12289	-2	4	51534
12290	-2	4	51538
12291	-2	4	51542
12292	-2	4	51546
12293	-2	4	51550
12294	-2	4	51554
12295	-2	4	51558
12296	-2	4	51562
12297	-4	6	51568
12298	-2	4	51572
12299	-2	4	51576
12300	-2	4	51580
12301	-2	4	51584
12302	-2	4	51588
12303	-2	4	51592
12304	-2	4	51596
12305	-2	4	51600
12306	-2	4	51604
12307	-2	4	51608
12308	-2	4	51612
12309	-2	4	51616
12310	-2	4	51620
12311	-2	4	51624
12312	-2	4	51628
12313	-2	4	51632
12314	-2	4	51636
12315	-2	4	51640
12316	-2	4	51644
12317	-2	4	51648
12318	-2	4	51652
12319	-2	4	51656
12320	-2	4	51660
12321	-2	4	51664
12322	-2	4	51668
12323	-2	4	51672
12324	-2	4	51676
12325	-2	4	51680
12326	-2	4	51684
12327	-2	4	51688
12328	-2	4	51692
12329	-2	4	51696
12330	-2	4	51700
12331	-2	4	51704
12332	-2	4	51708
12333	-2	4	51712
12334	-2	4	51716
12335	-2	4	51720
12336	-2	4	51724
12337	-2	4	51728
12338	-2	4	51732
12339	-2	4	51736
12340	-2	4	51740
12341	-2	4	51744
12342	-2	4	51748
12343	-2	4	51752
12344	-2	4	51756
12345	-2	4	51760
12346	-2	4	51764
12347	-2	4	51768
12348	-2	4	51772
12349	-2	4	51776
12350	-2	4	51780
12351	-4	6	51786
12352	-2	4	51790
12353	-2	4	51794
12354	-2	4	51798
12355	-2	4	51802
12356	-2	4	51806
12357	-2	4	51810
12358	-2	4	51814
12359	-2	4	51818
12360	-2	4	51822
12361	-2	4	51826
12362	-2	4	51830
12363	-2	4	51834
12364	-2	4	51838
12365	-2	4	51842
12366	-2	4	51846
12367	-2	4	51850
12368	-2	4	51854
12369	-2	4	51858
12370	-2	4	51862
12371	-2	4	51866
12372	-2	4	51870
12373	-2	4	51874
12374	-2	4	51878
12375	-2	4	51882
12376	-6	8	51890
12377	-2	4	51894
12378	-2	4	51898
12379	-2	4	51902
12380	-2	4	51906
12381	-2	4	51910
12382	-2	4	51914
12383	-2	4	51918
12384	-2	4	51922
12385	-5	7	51929
12386	-2	4	51933
12387	-2	4	51937
12388	-3	5	51942
12389	-2	4	51946
12390	-2	4	51950
12391	-2	4	51954
12392	-2	4	51958
12393	-2	4	51962
12394	-2	4	51966
12395	-2	4	51970
12396	-2	4	51974
12397	-2	4	51978
12398	-4	6	51984
12399	-2	4	51988
12400	-2	4	51992
12401	-2	4	51996
12402	-2	4	52000
12403	-2	4	52004
12404	-2	4	52008
12405	-2	4	52012
12406	-2	4	52016
12407	-2	4	52020
12408	-2	4	52024
12409	-2	4	52028
12410	-2	4	52032
12411	-2	4	52036
12412	-2	4	52040
12413	-2	4	52044
12414	-3	5	52049
12415	-2	4	52053
12416	-2	4	52057
12417	-2	4	52061
12418	-2	4	52065
12419	-2	4	52069
12420	-2	4	52073
12421	-2	4	52077
12422	-2	4	52081
12423	-2	4	52085
12424	-2	4	52089
12425	-3	5	52094
12426	-3	5	52099
12427	-2	4	52103
12428	-2	4	52107
12429	-2	4	52111
12430	-2	4	52115
12431	-2	4	52119
12432	-2	4	52123
12433	-2	4	52127
12434	-2	4	52131
12435	-2	4	52135
12436	-2	4	52139
12437	-2	4	52143
12438	-2	4	52147
12439	-2	4	52151
12440	-2	4	52155
12441	-2	4	52159
12442	-2	4	52163
12443	-2	4	52167
12444	-2	4	52171
12445	-2	4	52175
12446	-2	4	52179
12447	-2	4	52183
12448	-2	4	52187
12449	-2	4	52191
12450	-2	4	52195
12451	-2	4	52199
12452	-2	4	52203
12453	-2	4	52207
12454	-2	4	52211
12455	-2	4	52215
12456	-2	4	52219
12457	-2	4	52223
12458	-2	4	52227
12459	-2	4	52231
12460	-4	6	52237
12461	-2	4	52241
12462	-2	4	52245
12463	-2	4	52249
12464	-2	4	52253
12465	-2	4	52257
12466	-2	4	52261
12467	-2	4	52265
12468	-2	4	52269
12469	-2	4	52273
12470	-2	4	52277
12471	-2	4	52281
12472	-2	4	52285
12473	-2	4	52289
12474	-2	4	52293
12475	-2	4	52297
12476	-2	4	52301
12477	-2	4	52305
12478	-3	5	52310
12479	-2	4	52314
12480	-2	4	52318
12481	-2	4	52322
12482	-2	4	52326
12483	-2	4	52330
12484	-2	4	52334
12485	-2	4	52338
12486	-2	4	52342
12487	-2	4	52346
12488	-2	4	52350
12489	-2	4	52354
12490	-2	4	52358
12491	-2	4	52362
12492	-2	4	52366
12493	-2	4	52370
12494	-2	4	52374
12495	-2	4	52378
12496	-4	6	52384
12497	-2	4	52388
12498	-2	4	52392
12499	-2	4	52396
12500	-2	4	52400
12501	-2	4	52404
12502	-2	4	52408
12503	-3	5	52413
12504	-2	4	52417
12505	-2	4	52421
12506	-2	4	52425
12507	-2	4	52429
12508	-2	4	52433
12509	-2	4	52437
12510	-2	4	52441
12511	-2	4	52445
12512	-3	5	52450
12513	-2	4	52454
12514	-2	4	52458
12515	-2	4	52462
12516	-2	4	52466
12517	-2	4	52470
12518	-2	4	52474
12519	-2	4	52478
12520	-2	4	52482
12521	-2	4	52486
12522	-2	4	52490
12523	-3	5	52495
12524	-2	4	52499
12525	-2	4	52503
12526	-2	4	52507
12527	-2	4	52511
12528	-2	4	52515
12529	-2	4	52519
12530	-2	4	52523
12531	-4	6	52529
12532	-2	4	52533
12533	-2	4	52537
12534	-2	4	52541
12535	-2	4	52545
12536	-2	4	52549
12537	-2	4	52553
12538	-2	4	52557
12539	-2	4	52561
12540	-2	4	52565
12541	-2	4	52569
12542	-2	4	52573
12543	-2	4	52577
12544	-2	4	52581
12545	-2	4	52585
12546	-2	4	52589
12547	-2	4	52593
12548	-2	4	52597
12549	-2	4	52601
12550	-2	4	52605
12551	-2	4	52609
12552	-2	4	52613
12553	-2	4	52617
12554	-2	4	52621
12555	-2	4	52625
12556	-2	4	52629
12557	-2	4	52633
12558	-2	4	52637
12559	-2	4	52641
12560	-2	4	52645
12561	-2	4	52649
12562	-2	4	52653
12563	-2	4	52657
12564	-2	4	52661
12565	-2	4	52665
12566	-2	4	52669
12567	-2	4	52673
12568	-2	4	52677
12569	-2	4	52681
12570	-2	4	52685
12571	-2	4	52689
12572	-2	4	52693
12573	-2	4	52697
12574	-2	4	52701
12575	-2	4	52705
12576	-2	4	52709
12577	-2	4	52713
12578	-4	6	52719
12579	-2	4	52723
12580	-2	4	52727
12581	-2	4	52731
12582	-2	4	52735
12583	-2	4	52739
12584	-2	4	52743
12585	-2	4	52747
12586	-2	4	52751
12587	-4	6	52757
12588	-2	4	52761
12589	-2	4	52765
12590	-2	4	52769
12591	-2	4	52773
12592	-2	4	52777
12593	-2	4	52781
12594	-2	4	52785
12595	-2	4	52789
12596	-2	4	52793
12597	-2	4	52797
12598	-2	4	52801
12599	-2	4	52805
12600	-2	4	52809
12601	-2	4	52813
12602	-2	4	52817
12603	-2	4	52821
12604	-2	4	52825
12605	-2	4	52829
12606	-2	4	52833
12607	-2	4	52837
12608	-2	4	52841
12609	-2	4	52845
12610	-2	4	52849
12611	-2	4	52853
12612	-2	4	52857
12613	-2	4	52861
12614	-2	4	52865
12615	-2	4	52869
12616	-3	5	52874
12617	-2	4	52878
12618	-2	4	52882
12619	-2	4	52886
12620	-2	4	52890
12621	-2	4	52894
12622	-2	4	52898
12623	-2	4	52902
12624	-2	4	52906
12625	-2	4	52910
12626	-4	6	52916
12627	-2	4	52920
12628	-2	4	52924
12629	-2	4	52928
12630	-2	4	52932
12631	-2	4	52936
12632	-2	4	52940
12633	-2	4	52944
12634	-2	4	52948
12635	-2	4	52952
12636	-2	4	52956
12637	-2	4	52960
12638	-2	4	52964
12639	-2	4	52968
12640	-2	4	52972
12641	-2	4	52976
12642	-2	4	52980
12643	-2	4	52984
12644	-2	4	52988
12645	-2	4	52992
12646	-2	4	52996
12647	-2	4	53000
12648	-2	4	53004
12649	-2	4	53008
12650	-2	4	53012
12651	-2	4	53016
12652	-2	4	53020
12653	-2	4	53024
12654	-2	4	53028
12655	-2	4	53032
12656	-2	4	53036
12657	-2	4	53040
12658	-2	4	53044
12659	-2	4	53048
12660	-2	4	53052
12661	-2	4	53056
12662	-2	4	53060
12663	-2	4	53064
12664	-2	4	53068
12665	-2	4	53072
12666	-2	4	53076
12667	-2	4	53080
12668	-2	4	53084
12669	-2	4	53088
12670	-2	4	53092
12671	-2	4	53096
12672	-2	4	53100
12673	-2	4	53104
12674	-2	4	53108
12675	-2	4	53112
12676	-2	4	53116
12677	-4	6	53122
12678	-2	4	53126
12679	-2	4	53130
12680	-2	4	53134
12681	-2	4	53138
12682	-2	4	53142
12683	-2	4	53146
12684	-2	4	53150
12685	-2	4	53154
12686	-2	4	53158
12687	-2	4	53162
12688	-2	4	53166
12689	-2	4	53170
12690	-2	4	53174
12691	-2	4	53178
12692	-4	6	53184
12693	-2	4	53188
12694	-2	4	53192
12695	-2	4	53196
12696	-2	4	53200
12697	-2	4	53204
12698	-2	4	53208
12699	-2	4	53212
12700	-2	4	53216
12701	-2	4	53220
12702	-2	4	53224
12703	-2	4	53228
12704	-2	4	53232
12705	-2	4	53236
12706	-2	4	53240
12707	-2	4	53244
12708	-2	4	53248
12709	-4	6	53254
12710	-2	4	53258
12711	-2	4	53262
12712	-2	4	53266
12713	-2	4	53270
12714	-2	4	53274
12715	-4	6	53280
12716	-2	4	53284
12717	-2	4	53288
12718	-2	4	53292
12719	-2	4	53296
12720	-2	4	53300
12721	-2	4	53304
12722	-2	4	53308
12723	-2	4	53312
12724	-2	4	53316
12725	-2	4	53320
12726	-4	6	53326
12727	-2	4	53330
12728	-2	4	53334
12729	-2	4	53338
12730	-2	4	53342
12731	-2	4	53346
12732	-4	6	53352
12733	-2	4	53356
12734	-2	4	53360
12735	-2	4	53364
12736	-2	4	53368
12737	-2	4	53372
12738	-2	4	53376
12739	-7	9	53385
12740	-2	4	53389
12741	-2	4	53393
12742	-2	4	53397
12743	-2	4	53401
12744	-2	4	53405
12745	-2	4	53409
12746	-2	4	53413
12747	-2	4	53417
12748	-2	4	53421
12749	-2	4	53425
12750	-2	4	53429
12751	-2	4	53433
12752	-2	4	53437
12753	-2	4	53441
12754	-2	4	53445
12755	-2	4	53449
12756	-2	4	53453
12757	-2	4	53457
12758	-2	4	53461
12759	-2	4	53465
12760	-2	4	53469
12761	-2	4	53473
12762	-2	4	53477
12763	-2	4	53481
12764	-2	4	53485
12765	-2	4	53489
12766	-2	4	53493
12767	-2	4	53497
12768	-2	4	53501
12769	-2	4	53505
12770	-2	4	53509
12771	-2	4	53513
12772	-2	4	53517
12773	-2	4	53521
12774	-2	4	53525
12775	-2	4	53529
12776	-2	4	53533
12777	-2	4	53537
12778	-4	6	53543
12779	-2	4	53547
12780	-2	4	53551
12781	-4	6	53557
12782	-2	4	53561
12783	-2	4	53565
12784	-2	4	53569
12785	-4	6	53575
12786	-2	4	53579
12787	-2	4	53583
12788	-2	4	53587
12789	-4	6	53593
12790	-2	4	53597
12791	-3	5	53602
12792	-2	4	53606
12793	-2	4	53610
12794	-2	4	53614
12795	-2	4	53618
12796	-4	6	53624
12797	-2	4	53628
12798	-2	4	53632
12799	-2	4	53636
12800	-2	4	53640
12801	-2	4	53644
12802	-4	6	53650
12803	-2	4	53654
12804	-4	6	53660
12805	-2	4	53664
12806	-2	4	53668
12807	-2	4	53672
12808	-2	4	53676
12809	-2	4	53680
12810	-2	4	53684
12811	-2	4	53688
12812	-2	4	53692
12813	-2	4	53696
12814	-2	4	53700
12815	-2	4	53704
12816	-2	4	53708
12817	-2	4	53712
12818	-2	4	53716
12819	-3	5	53721
12820	-2	4	53725
12821	-2	4	53729
12822	-2	4	53733
12823	-2	4	53737
12824	-2	4	53741
12825	-2	4	53745
12826	-4	6	53751
12827	-4	6	53757
12828	-2	4	53761
12829	-2	4	53765
12830	-2	4	53769
12831	-2	4	53773
12832	-2	4	53777
12833	-2	4	53781
12834	-2	4	53785
12835	-2	4	53789
12836	-2	4	53793
12837	-2	4	53797
12838	-2	4	53801
12839	-2	4	53805
12840	-2	4	53809
12841	-4	6	53815
12842	-2	4	53819
12843	-2	4	53823
12844	-4	6	53829
12845	-2	4	53833
12846	-2	4	53837
12847	-2	4	53841
12848	-2	4	53845
12849	-2	4	53849
12850	-2	4	53853
12851	-2	4	53857
12852	-2	4	53861
12853	-2	4	53865
12854	-2	4	53869
12855	-2	4	53873
12856	-2	4	53877
12857	-2	4	53881
12858	-2	4	53885
12859	-2	4	53889
12860	-2	4	53893
12861	-4	6	53899
12862	-2	4	53903
12863	-2	4	53907
12864	-2	4	53911
12865	-2	4	53915
12866	-2	4	53919
12867	-2	4	53923
12868	-4	6	53929
12869	-2	4	53933
12870	-2	4	53937
12871	-2	4	53941
12872	-2	4	53945
12873	-2	4	53949
12874	-2	4	53953
12875	-2	4	53957
12876	-2	4	53961
12877	-2	4	53965
12878	-2	4	53969
12879	-2	4	53973
12880	-2	4	53977
12881	-2	4	53981
12882	-2	4	53985
12883	-2	4	53989
12884	-2	4	53993
12885	-2	4	53997
12886	-4	6	54003
12887	-2	4	54007
12888	-2	4	54011
12889	-2	4	54015
12890	-2	4	54019
12891	-2	4	54023
12892	-2	4	54027
12893	-2	4	54031
12894	-2	4	54035
12895	-2	4	54039
12896	-2	4	54043
12897	-2	4	54047
12898	-2	4	54051
12899	-2	4	54055
12900	-2	4	54059
12901	-2	4	54063
12902	-2	4	54067
12903	-2	4	54071
12904	-2	4	54075
12905	-4	6	54081
12906	-2	4	54085
12907	-2	4	54089
12908	-2	4	54093
12909	-4	6	54099
12910	-2	4	54103
12911	-2	4	54107
12912	-2	4	54111
12913	-2	4	54115
12914	-4	6	54121
12915	-2	4	54125
12916	-2	4	54129
12917	-2	4	54133
12918	-2	4	54137
12919	-2	4	54141
12920	-2	4	54145
12921	-2	4	54149
12922	-2	4	54153
12923	-2	4	54157
12924	-2	4	54161
12925	-2	4	54165
12926	-2	4	54169
12927	-2	4	54173
12928	-2	4	54177
12929	-2	4	54181
12930	-2	4	54185
12931	-2	4	54189
12932	-2	4	54193
12933	-2	4	54197
12934	-2	4	54201
12935	-2	4	54205
12936	-2	4	54209
12937	-2	4	54213
12938	-2	4	54217
12939	-4	6	54223
12940	-2	4	54227
12941	-2	4	54231
12942	-2	4	54235
12943	-2	4	54239
12944	-2	4	54243
12945	-2	4	54247
12946	-2	4	54251
12947	-2	4	54255
12948	-2	4	54259
12949	-2	4	54263
12950	-2	4	54267
12951	-2	4	54271
12952	-2	4	54275
12953	-2	4	54279
12954	-2	4	54283
12955	-2	4	54287
12956	-2	4	54291
12957	-2	4	54295
12958	-2	4	54299
12959	-2	4	54303
12960	-2	4	54307
12961	-2	4	54311
12962	-2	4	54315
12963	-2	4	54319
12964	-2	4	54323
12965	-2	4	54327
12966	-2	4	54331
12967	-2	4	54335
12968	-2	4	54339
12969	-4	6	54345
12970	-2	4	54349
12971	-2	4	54353
12972	-2	4	54357
12973	-2	4	54361
12974	-3	5	54366
12975	-2	4	54370
12976	-2	4	54374
12977	-2	4	54378
12978	-4	6	54384
12979	-2	4	54388
12980	-2	4	54392
12981	-2	4	54396
12982	-2	4	54400
12983	-2	4	54404
12984	-2	4	54408
12985	-2	4	54412
12986	-2	4	54416
12987	-2	4	54420
12988	-2	4	54424
12989	-2	4	54428
12990	-2	4	54432
12991	-2	4	54436
12992	-2	4	54440
12993	-2	4	54444
12994	-2	4	54448
12995	-2	4	54452
12996	-2	4	54456
12997	-2	4	54460
12998	-2	4	54464
12999	-2	4	54468
13000	-2	4	54472
13001	-2	4	54476
13002	-2	4	54480
13003	-2	4	54484
13004	-2	4	54488
13005	-2	4	54492
13006	-2	4	54496
13007	-2	4	54500
13008	-2	4	54504
13009	-2	4	54508
13010	-4	6	54514
13011	-2	4	54518
13012	-2	4	54522
13013	-2	4	54526
13014	-2	4	54530
13015	-2	4	54534
13016	-2	4	54538
13017	-2	4	54542
13018	-2	4	54546
13019	-2	4	54550
13020	-2	4	54554
13021	-2	4	54558
13022	-4	6	54564
13023	-2	4	54568
13024	-2	4	54572
13025	-2	4	54576
13026	-2	4	54580
13027	-2	4	54584
13028	-2	4	54588
13029	-2	4	54592
13030	-5	7	54599
13031	-2	4	54603
13032	-2	4	54607
13033	-2	4	54611
13034	-2	4	54615
13035	-2	4	54619
13036	-2	4	54623
13037	-2	4	54627
13038	-2	4	54631
13039	-2	4	54635
13040	-2	4	54639
13041	-6	8	54647
13042	-2	4	54651
13043	-2	4	54655
13044	-2	4	54659
13045	-4	6	54665
13046	-2	4	54669
13047	-4	6	54675
13048	-2	4	54679
13049	-2	4	54683
13050	-4	6	54689
13051	-2	4	54693
13052	-2	4	54697
13053	-2	4	54701
13054	-2	4	54705
13055	-2	4	54709
13056	-2	4	54713
13057	-2	4	54717
13058	-2	4	54721
13059	-2	4	54725
13060	-2	4	54729
13061	-2	4	54733
13062	-2	4	54737
13063	-2	4	54741
13064	-2	4	54745
13065	-2	4	54749
13066	-2	4	54753
13067	-2	4	54757
13068	-3	5	54762
13069	-2	4	54766
13070	-2	4	54770
13071	-2	4	54774
13072	-2	4	54778
13073	-2	4	54782
13074	-2	4	54786
13075	-2	4	54790
13076	-2	4	54794
13077	-2	4	54798
13078	-4	6	54804
13079	-2	4	54808
13080	-2	4	54812
13081	-2	4	54816
13082	-4	6	54822
13083	-4	6	54828
13084	-2	4	54832
13085	-2	4	54836
13086	-2	4	54840
13087	-4	6	54846
13088	-2	4	54850
13089	-2	4	54854
13090	-2	4	54858
13091	-2	4	54862
13092	-2	4	54866
13093	-2	4	54870
13094	-2	4	54874
13095	-2	4	54878
13096	-2	4	54882
13097	-2	4	54886
13098	-2	4	54890
13099	-3	5	54895
13100	-2	4	54899
13101	-2	4	54903
13102	-2	4	54907
13103	-2	4	54911
13104	-2	4	54915
13105	-2	4	54919
13106	-2	4	54923
13107	-2	4	54927
13108	-2	4	54931
13109	-2	4	54935
13110	-2	4	54939
13111	-2	4	54943
13112	-2	4	54947
13113	-2	4	54951
13114	-2	4	54955
13115	-3	5	54960
13116	-2	4	54964
13117	-2	4	54968
13118	-2	4	54972
13119	-2	4	54976
13120	-6	8	54984
13121	-2	4	54988
13122	-2	4	54992
13123	-2	4	54996
13124	-2	4	55000
13125	-2	4	55004
13126	-2	4	55008
13127	-2	4	55012
13128	-2	4	55016
13129	-2	4	55020
13130	-2	4	55024
13131	-2	4	55028
13132	-2	4	55032
13133	-2	4	55036
13134	-2	4	55040
13135	-2	4	55044
13136	-2	4	55048
13137	-2	4	55052
13138	-2	4	55056
13139	-2	4	55060
13140	-2	4	55064
13141	-2	4	55068
13142	-2	4	55072
13143	-4	6	55078
13144	-2	4	55082
13145	-2	4	55086
13146	-2	4	55090
13147	-2	4	55094
13148	-2	4	55098
13149	-2	4	55102
13150	-2	4	55106
13151	-2	4	55110
13152	-2	4	55114
13153	-2	4	55118
13154	-2	4	55122
13155	-2	4	55126
13156	-2	4	55130
13157	-2	4	55134
13158	-2	4	55138
13159	-2	4	55142
13160	-2	4	55146
13161	-2	4	55150
13162	-2	4	55154
13163	-2	4	55158
13164	-2	4	55162
13165	-2	4	55166
13166	-2	4	55170
13167	-2	4	55174
13168	-2	4	55178
13169	-2	4	55182
13170	-2	4	55186
13171	-2	4	55190
13172	-2	4	55194
13173	-2	4	55198
13174	-2	4	55202
13175	-2	4	55206
13176	-2	4	55210
13177	-2	4	55214
13178	-2	4	55218
13179	-2	4	55222
13180	-3	5	55227
13181	-2	4	55231
13182	-2	4	55235
13183	-2	4	55239
13184	-2	4	55243
13185	-2	4	55247
13186	-2	4	55251
13187	-2	4	55255
13188	-2	4	55259
13189	-2	4	55263
13190	-2	4	55267
13191	-2	4	55271
13192	-2	4	55275
13193	-2	4	55279
13194	-2	4	55283
13195	-2	4	55287
13196	-2	4	55291
13197	-3	5	55296
13198	-2	4	55300
13199	-2	4	55304
13200	-2	4	55308
13201	-2	4	55312
13202	-2	4	55316
13203	-2	4	55320
13204	-2	4	55324
13205	-2	4	55328
13206	-2	4	55332
13207	-2	4	55336
13208	-2	4	55340
13209	-2	4	55344
13210	-2	4	55348
13211	-2	4	55352
13212	-2	4	55356
13213	-2	4	55360
13214	-2	4	55364
13215	-2	4	55368
13216	-2	4	55372
13217	-2	4	55376
13218	-2	4	55380
13219	-2	4	55384
13220	-2	4	55388
13221	-4	6	55394
13222	-2	4	55398
13223	-2	4	55402
13224	-2	4	55406
13225	-2	4	55410
13226	-2	4	55414
13227	-2	4	55418
13228	-2	4	55422
13229	-4	6	55428
13230	-2	4	55432
13231	-2	4	55436
13232	-2	4	55440
13233	-2	4	55444
13234	-2	4	55448
13235	-2	4	55452
13236	-2	4	55456
13237	-2	4	55460
13238	-2	4	55464
13239	-2	4	55468
13240	-2	4	55472
13241	-2	4	55476
13242	-4	6	55482
13243	-2	4	55486
13244	-2	4	55490
13245	-2	4	55494
13246	-2	4	55498
13247	-2	4	55502
13248	-2	4	55506
13249	-2	4	55510
13250	-2	4	55514
13251	-2	4	55518
13252	-2	4	55522
13253	-2	4	55526
13254	-2	4	55530
13255	-2	4	55534
13256	-2	4	55538
13257	-2	4	55542
13258	-2	4	55546
13259	-2	4	55550
13260	-2	4	55554
13261	-4	6	55560
13262	-2	4	55564
13263	-2	4	55568
13264	-2	4	55572
13265	-2	4	55576
13266	-2	4	55580
13267	-2	4	55584
13268	-2	4	55588
13269	-2	4	55592
13270	-2	4	55596
13271	-2	4	55600
13272	-2	4	55604
13273	-2	4	55608
13274	-4	6	55614
13275	-2	4	55618
13276	-4	6	55624
13277	-2	4	55628
13278	-2	4	55632
13279	-4	6	55638
13280	-2	4	55642
13281	-2	4	55646
13282	-2	4	55650
13283	-2	4	55654
13284	-2	4	55658
13285	-4	6	55664
13286	-2	4	55668
13287	-2	4	55672
13288	-2	4	55676
13289	-2	4	55680
13290	-4	6	55686
13291	-2	4	55690
13292	-2	4	55694
13293	-2	4	55698
13294	-2	4	55702
13295	-2	4	55706
13296	-2	4	55710
13297	-2	4	55714
13298	-2	4	55718
13299	-3	5	55723
13300	-2	4	55727
13301	-2	4	55731
13302	-2	4	55735
13303	-2	4	55739
13304	-2	4	55743
13305	-2	4	55747
13306	-2	4	55751
13307	-2	4	55755
13308	-2	4	55759
13309	-2	4	55763
13310	-2	4	55767
13311	-2	4	55771
13312	-2	4	55775
13313	-2	4	55779
13314	-2	4	55783
13315	-2	4	55787
13316	-2	4	55791
13317	-2	4	55795
13318	-2	4	55799
13319	-5	7	55806
13320	-2	4	55810
13321	-2	4	55814
13322	-2	4	55818
13323	-2	4	55822
13324	-2	4	55826
13325	-2	4	55830
13326	-2	4	55834
13327	-2	4	55838
13328	-2	4	55842
13329	-2	4	55846
13330	-2	4	55850
13331	-2	4	55854
13332	-2	4	55858
13333	-3	5	55863
13334	-2	4	55867
13335	-2	4	55871
13336	-4	6	55877
13337	-2	4	55881
13338	-2	4	55885
13339	-2	4	55889
13340	-2	4	55893
13341	-2	4	55897
13342	-2	4	55901
13343	-2	4	55905
13344	-2	4	55909
13345	-2	4	55913
13346	-2	4	55917
13347	-2	4	55921
13348	-2	4	55925
13349	-2	4	55929
13350	-2	4	55933
13351	-2	4	55937
13352	-2	4	55941
13353	-2	4	55945
13354	-2	4	55949
13355	-2	4	55953
13356	-4	6	55959
13357	-2	4	55963
13358	-2	4	55967
13359	-2	4	55971
13360	-2	4	55975
13361	-2	4	55979
13362	-2	4	55983
13363	-2	4	55987
13364	-2	4	55991
13365	-2	4	55995
13366	-2	4	55999
13367	-2	4	56003
13368	-2	4	56007
13369	-2	4	56011
13370	-2	4	56015
13371	-2	4	56019
13372	-2	4	56023
13373	-2	4	56027
13374	-2	4	56031
13375	-2	4	56035
13376	-2	4	56039
13377	-2	4	56043
13378	-2	4	56047
13379	-2	4	56051
13380	-2	4	56055
13381	-2	4	56059
13382	-2	4	56063
13383	-2	4	56067
13384	-2	4	56071
13385	-2	4	56075
13386	-2	4	56079
13387	-3	5	56084
13388	-2	4	56088
13389	-2	4	56092
13390	-2	4	56096
13391	-4	6	56102
13392	-2	4	56106
13393	-2	4	56110
13394	-4	6	56116
13395	-2	4	56120
13396	-2	4	56124
13397	-2	4	56128
13398	-2	4	56132
13399	-2	4	56136
13400	-2	4	56140
13401	-2	4	56144
13402	-2	4	56148
13403	-2	4	56152
13404	-2	4	56156
13405	-2	4	56160
13406	-2	4	56164
13407	-2	4	56168
13408	-2	4	56172
13409	-2	4	56176
13410	-2	4	56180
13411	-2	4	56184
13412	-2	4	56188
13413	-2	4	56192
13414	-2	4	56196
13415	-4	6	56202
13416	-4	6	56208
13417	-2	4	56212
13418	-2	4	56216
13419	-3	5	56221
13420	-2	4	56225
13421	-2	4	56229
13422	-4	6	56235
13423	-2	4	56239
13424	-2	4	56243
13425	-2	4	56247
13426	-2	4	56251
13427	-2	4	56255
13428	-2	4	56259
13429	-2	4	56263
13430	-2	4	56267
13431	-2	4	56271
13432	-3	5	56276
13433	-2	4	56280
13434	-2	4	56284
13435	-4	6	56290
13436	-4	6	56296
13437	-2	4	56300
13438	-2	4	56304
13439	-4	6	56310
13440	-2	4	56314
13441	-2	4	56318
13442	-2	4	56322
13443	-2	4	56326
13444	-2	4	56330
13445	-2	4	56334
13446	-2	4	56338
13447	-2	4	56342
13448	-2	4	56346
13449	-2	4	56350
13450	-2	4	56354
13451	-2	4	56358
13452	-2	4	56362
13453	-2	4	56366
13454	-2	4	56370
13455	-2	4	56374
13456	-2	4	56378
13457	-2	4	56382
13458	-2	4	56386
13459	-2	4	56390
13460	-3	5	56395
13461	-2	4	56399
13462	-2	4	56403
13463	-2	4	56407
13464	-4	6	56413
13465	-2	4	56417
13466	-2	4	56421
13467	-2	4	56425
13468	-2	4	56429
13469	-2	4	56433
13470	-2	4	56437
13471	-2	4	56441
13472	-2	4	56445
13473	-2	4	56449
13474	-2	4	56453
13475	-2	4	56457
13476	-2	4	56461
13477	-2	4	56465
13478	-2	4	56469
13479	-2	4	56473
13480	-2	4	56477
13481	-2	4	56481
13482	-2	4	56485
13483	-2	4	56489
13484	-2	4	56493
13485	-2	4	56497
13486	-2	4	56501
13487	-2	4	56505
13488	-2	4	56509
13489	-4	6	56515
13490	-2	4	56519
13491	-3	5	56524
13492	-2	4	56528
13493	-2	4	56532
13494	-2	4	56536
13495	-2	4	56540
13496	-2	4	56544
13497	-2	4	56548
13498	-2	4	56552
13499	-2	4	56556
13500	-2	4	56560
13501	-4	6	56566
13502	-2	4	56570
13503	-5	7	56577
13504	-2	4	56581
13505	-2	4	56585
13506	-2	4	56589
13507	-2	4	56593
13508	-2	4	56597
13509	-2	4	56601
13510	-2	4	56605
13511	-2	4	56609
13512	-2	4	56613
13513	-2	4	56617
13514	-2	4	56621
13515	-2	4	56625
13516	-2	4	56629
13517	-2	4	56633
13518	-2	4	56637
13519	-2	4	56641
13520	-2	4	56645
13521	-2	4	56649
13522	-2	4	56653
13523	-2	4	56657
13524	-2	4	56661
13525	-2	4	56665
13526	-2	4	56669
13527	-2	4	56673
13528	-2	4	56677
13529	-2	4	56681
13530	-3	5	56686
13531	-2	4	56690
13532	-2	4	56694
13533	-2	4	56698
13534	-2	4	56702
13535	-2	4	56706
13536	-2	4	56710
13537	-2	4	56714
13538	-4	6	56720
13539	-2	4	56724
13540	-2	4	56728
13541	-2	4	56732
13542	-2	4	56736
13543	-2	4	56740
13544	-3	5	56745
13545	-4	6	56751
13546	-2	4	56755
13547	-2	4	56759
13548	-2	4	56763
13549	-2	4	56767
13550	-2	4	56771
13551	-2	4	56775
13552	-2	4	56779
13553	-2	4	56783
13554	-2	4	56787
13555	-2	4	56791
13556	-2	4	56795
13557	-2	4	56799
13558	-4	6	56805
13559	-2	4	56809
13560	-2	4	56813
13561	-2	4	56817
13562	-2	4	56821
13563	-2	4	56825
13564	-2	4	56829
13565	-2	4	56833
13566	-2	4	56837
13567	-2	4	56841
13568	-2	4	56845
13569	-4	6	56851
13570	-2	4	56855
13571	-2	4	56859
13572	-2	4	56863
13573	-2	4	56867
13574	-2	4	56871
13575	-2	4	56875
13576	-2	4	56879
13577	-2	4	56883
13578	-2	4	56887
13579	-2	4	56891
13580	-2	4	56895
13581	-2	4	56899
13582	-2	4	56903
13583	-2	4	56907
13584	-2	4	56911
13585	-2	4	56915
13586	-2	4	56919
13587	-2	4	56923
13588	-2	4	56927
13589	-2	4	56931
13590	-2	4	56935
13591	-3	5	56940
13592	-2	4	56944
13593	-2	4	56948
13594	-2	4	56952
13595	-2	4	56956
13596	-2	4	56960
13597	-2	4	56964
13598	-2	4	56968
13599	-2	4	56972
13600	-2	4	56976
13601	-4	6	56982
13602	-2	4	56986
13603	-2	4	56990
13604	-2	4	56994
13605	-2	4	56998
13606	-2	4	57002
13607	-2	4	57006
13608	-2	4	57010
13609	-2	4	57014
13610	-2	4	57018
13611	-2	4	57022
13612	-2	4	57026
13613	-2	4	57030
13614	-2	4	57034
13615	-2	4	57038
13616	-2	4	57042
13617	-2	4	57046
13618	-2	4	57050
13619	-3	5	57055
13620	-2	4	57059
13621	-2	4	57063
13622	-2	4	57067
13623	-2	4	57071
13624	-2	4	57075
13625	-2	4	57079
13626	-2	4	57083
13627	-2	4	57087
13628	-4	6	57093
13629	-2	4	57097
13630	-2	4	57101
13631	-4	6	57107
13632	-4	6	57113
13633	-2	4	57117
13634	-4	6	57123
13635	-2	4	57127
13636	-2	4	57131
13637	-2	4	57135
13638	-2	4	57139
13639	-2	4	57143
13640	-2	4	57147
13641	-2	4	57151
13642	-2	4	57155
13643	-2	4	57159
13644	-2	4	57163
13645	-2	4	57167
13646	-2	4	57171
13647	-2	4	57175
13648	-2	4	57179
13649	-2	4	57183
13650	-2	4	57187
13651	-2	4	57191
13652	-2	4	57195
13653	-4	6	57201
13654	-2	4	57205
13655	-2	4	57209
13656	-2	4	57213
13657	-2	4	57217
13658	-2	4	57221
13659	-2	4	57225
13660	-2	4	57229
13661	-2	4	57233
13662	-2	4	57237
13663	-2	4	57241
13664	-2	4	57245
13665	-2	4	57249
13666	-2	4	57253
13667	-2	4	57257
13668	-2	4	57261
13669	-2	4	57265
13670	-2	4	57269
13671	-4	6	57275
13672	-2	4	57279
13673	-2	4	57283
13674	-2	4	57287
13675	-2	4	57291
13676	-2	4	57295
13677	-2	4	57299
13678	-4	6	57305
13679	-4	6	57311
13680	-2	4	57315
13681	-2	4	57319
13682	-2	4	57323
13683	-2	4	57327
13684	-2	4	57331
13685	-2	4	57335
13686	-2	4	57339
13687	-2	4	57343
13688	-2	4	57347
13689	-2	4	57351
13690	-2	4	57355
13691	-2	4	57359
13692	-2	4	57363
13693	-2	4	57367
13694	-2	4	57371
13695	-2	4	57375
13696	-2	4	57379
13697	-2	4	57383
13698	-2	4	57387
13699	-2	4	57391
13700	-2	4	57395
13701	-2	4	57399
13702	-2	4	57403
13703	-2	4	57407
13704	-2	4	57411
13705	-2	4	57415
13706	-2	4	57419
13707	-2	4	57423
13708	-2	4	57427
13709	-2	4	57431
13710	-2	4	57435
13711	-2	4	57439
13712	-2	4	57443
13713	-2	4	57447
13714	-2	4	57451
13715	-2	4	57455
13716	-2	4	57459
13717	-2	4	57463
13718	-2	4	57467
13719	-2	4	57471
13720	-2	4	57475
13721	-2	4	57479
13722	-2	4	57483
13723	-2	4	57487
13724	-2	4	57491
13725	-2	4	57495
13726	-2	4	57499
13727	-2	4	57503
13728	-2	4	57507
13729	-2	4	57511
13730	-2	4	57515
13731	-2	4	57519
13732	-2	4	57523
13733	-2	4	57527
13734	-2	4	57531
13735	-2	4	57535
13736	-2	4	57539
13737	-2	4	57543
13738	-2	4	57547
13739	-2	4	57551
13740	-4	6	57557
13741	-2	4	57561
13742	-2	4	57565
13743	-2	4	57569
13744	-2	4	57573
13745	-2	4	57577
13746	-2	4	57581
13747	-2	4	57585
13748	-2	4	57589
13749	-2	4	57593
13750	-2	4	57597
13751	-2	4	57601
13752	-2	4	57605
13753	-2	4	57609
13754	-2	4	57613
13755	-4	6	57619
13756	-2	4	57623
13757	-4	6	57629
13758	-4	6	57635
13759	-2	4	57639
13760	-2	4	57643
13761	-2	4	57647
13762	-2	4	57651
13763	-2	4	57655
13764	-2	4	57659
13765	-4	6	57665
13766	-2	4	57669
13767	-2	4	57673
13768	-2	4	57677
13769	-2	4	57681
13770	-2	4	57685
13771	-3	5	57690
13772	-2	4	57694
13773	-2	4	57698
13774	-2	4	57702
13775	-2	4	57706
13776	-2	4	57710
13777	-2	4	57714
13778	-2	4	57718
13779	-2	4	57722
13780	-2	4	57726
13781	-2	4	57730
13782	-2	4	57734
13783	-2	4	57738
13784	-2	4	57742
13785	-2	4	57746
13786	-2	4	57750
13787	-2	4	57754
13788	-2	4	57758
13789	-2	4	57762
13790	-2	4	57766
13791	-2	4	57770
13792	-2	4	57774
13793	-2	4	57778
13794	-2	4	57782
13795	-2	4	57786
13796	-2	4	57790
13797	-2	4	57794
13798	-2	4	57798
13799	-2	4	57802
13800	-2	4	57806
13801	-2	4	57810
13802	-4	6	57816
13803	-2	4	57820
13804	-2	4	57824
13805	-2	4	57828
13806	-2	4	57832
13807	-2	4	57836
13808	-2	4	57840
13809	-2	4	57844
13810	-2	4	57848
13811	-2	4	57852
13812	-2	4	57856
13813	-2	4	57860
13814	-2	4	57864
13815	-2	4	57868
13816	-2	4	57872
13817	-2	4	57876
13818	-4	6	57882
13819	-2	4	57886
13820	-2	4	57890
13821	-2	4	57894
13822	-2	4	57898
13823	-2	4	57902
13824	-2	4	57906
13825	-2	4	57910
13826	-2	4	57914
13827	-2	4	57918
13828	-2	4	57922
13829	-2	4	57926
13830	-2	4	57930
13831	-2	4	57934
13832	-2	4	57938
13833	-2	4	57942
13834	-2	4	57946
13835	-2	4	57950
13836	-2	4	57954
13837	-2	4	57958
13838	-2	4	57962
13839	-2	4	57966
13840	-2	4	57970
13841	-4	6	57976
13842	-2	4	57980
13843	-2	4	57984
13844	-2	4	57988
13845	-2	4	57992
13846	-2	4	57996
13847	-2	4	58000
13848	-2	4	58004
13849	-2	4	58008
13850	-2	4	58012
13851	-2	4	58016
13852	-2	4	58020
13853	-2	4	58024
13854	-2	4	58028
13855	-2	4	58032
13856	-2	4	58036
13857	-2	4	58040
13858	-2	4	58044
13859	-2	4	58048
13860	-2	4	58052
13861	-2	4	58056
13862	-2	4	58060
13863	-2	4	58064
13864	-2	4	58068
13865	-2	4	58072
13866	-2	4	58076
13867	-2	4	58080
13868	-2	4	58084
13869	-2	4	58088
13870	-2	4	58092
13871	-2	4	58096
13872	-2	4	58100
13873	-2	4	58104
13874	-2	4	58108
13875	-2	4	58112
13876	-3	5	58117
13877	-2	4	58121
13878	-2	4	58125
13879	-2	4	58129
13880	-2	4	58133
13881	-2	4	58137
13882	-2	4	58141
13883	-4	6	58147
13884	-2	4	58151
13885	-2	4	58155
13886	-2	4	58159
13887	-2	4	58163
13888	-2	4	58167
13889	-2	4	58171
13890	-2	4	58175
13891	-2	4	58179
13892	-2	4	58183
13893	-2	4	58187
13894	-3	5	58192
13895	-2	4	58196
13896	-2	4	58200
13897	-2	4	58204
13898	-2	4	58208
13899	-2	4	58212
13900	-2	4	58216
13901	-4	6	58222
13902	-2	4	58226
13903	-2	4	58230
13904	-2	4	58234
13905	-2	4	58238
13906	-2	4	58242
13907	-2	4	58246
13908	-2	4	58250
13909	-4	6	58256
13910	-2	4	58260
13911	-2	4	58264
13912	-5	7	58271
13913	-2	4	58275
13914	-2	4	58279
13915	-2	4	58283
13916	-2	4	58287
13917	-2	4	58291
13918	-2	4	58295
13919	-2	4	58299
13920	-2	4	58303
13921	-2	4	58307
13922	-2	4	58311
13923	-2	4	58315
13924	-2	4	58319
13925	-2	4	58323
13926	-2	4	58327
13927	-2	4	58331
13928	-2	4	58335
13929	-2	4	58339
13930	-2	4	58343
13931	-2	4	58347
13932	-4	6	58353
13933	-2	4	58357
13934	-2	4	58361
13935	-2	4	58365
13936	-2	4	58369
13937	-2	4	58373
13938	-2	4	58377
13939	-2	4	58381
13940	-6	8	58389
13941	-2	4	58393
13942	-2	4	58397
13943	-2	4	58401
13944	-2	4	58405
13945	-2	4	58409
13946	-2	4	58413
13947	-4	6	58419
13948	-2	4	58423
13949	-2	4	58427
13950	-2	4	58431
13951	-4	6	58437
13952	-2	4	58441
13953	-2	4	58445
13954	-2	4	58449
13955	-2	4	58453
13956	-4	6	58459
13957	-2	4	58463
13958	-2	4	58467
13959	-2	4	58471
13960	-2	4	58475
13961	-4	6	58481
13962	-4	6	58487
13963	-4	6	58493
13964	-2	4	58497
13965	-4	6	58503
13966	-2	4	58507
13967	-2	4	58511
13968	-2	4	58515
13969	-2	4	58519
13970	-4	6	58525
13971	-4	6	58531
13972	-2	4	58535
13973	-2	4	58539
13974	-2	4	58543
13975	-2	4	58547
13976	-2	4	58551
13977	-2	4	58555
13978	-2	4	58559
13979	-2	4	58563
13980	-2	4	58567
13981	-2	4	58571
13982	-2	4	58575
13983	-2	4	58579
13984	-2	4	58583
13985	-2	4	58587
13986	-2	4	58591
13987	-2	4	58595
13988	-2	4	58599
13989	-2	4	58603
13990	-2	4	58607
13991	-2	4	58611
13992	-2	4	58615
13993	-2	4	58619
13994	-2	4	58623
13995	-2	4	58627
13996	-2	4	58631
13997	-2	4	58635
13998	-2	4	58639
13999	-2	4	58643
14000	-2	4	58647
14001	-4	6	58653
14002	-2	4	58657
14003	-2	4	58661
14004	-2	4	58665
14005	-2	4	58669
14006	-2	4	58673
14007	-2	4	58677
14008	-2	4	58681
14009	-2	4	58685
14010	-2	4	58689
14011	-2	4	58693
14012	-2	4	58697
14013	-2	4	58701
14014	-2	4	58705
14015	-2	4	58709
14016	-2	4	58713
14017	-2	4	58717
14018	-2	4	58721
14019	-2	4	58725
14020	-4	6	58731
14021	-2	4	58735
14022	-2	4	58739
14023	-2	4	58743
14024	-2	4	58747
14025	-2	4	58751
14026	-2	4	58755
14027	-2	4	58759
14028	-2	4	58763
14029	-2	4	58767
14030	-2	4	58771
14031	-2	4	58775
14032	-4	6	58781
14033	-4	6	58787
14034	-2	4	58791
14035	-2	4	58795
14036	-2	4	58799
14037	-2	4	58803
14038	-2	4	58807
14039	-2	4	58811
14040	-2	4	58815
14041	-2	4	58819
14042	-2	4	58823
14043	-2	4	58827
14044	-2	4	58831
14045	-2	4	58835
14046	-2	4	58839
14047	-2	4	58843
14048	-2	4	58847
14049	-2	4	58851
14050	-2	4	58855
14051	-4	6	58861
14052	-2	4	58865
14053	-2	4	58869
14054	-2	4	58873
14055	-2	4	58877
14056	-2	4	58881
14057	-2	4	58885
14058	-2	4	58889
14059	-2	4	58893
14060	-2	4	58897
14061	-2	4	58901
14062	-2	4	58905
14063	-4	6	58911
14064	-2	4	58915
14065	-2	4	58919
14066	-2	4	58923
14067	-2	4	58927
14068	-2	4	58931
14069	-2	4	58935
14070	-2	4	58939
14071	-2	4	58943
14072	-4	6	58949
14073	-2	4	58953
14074	-2	4	58957
14075	-2	4	58961
14076	-2	4	58965
14077	-2	4	58969
14078	-2	4	58973
14079	-2	4	58977
14080	-2	4	58981
14081	-2	4	58985
14082	-4	6	58991
14083	-2	4	58995
14084	-2	4	58999
14085	-2	4	59003
14086	-2	4	59007
14087	-4	6	59013
14088	-2	4	59017
14089	-2	4	59021
14090	-2	4	59025
14091	-2	4	59029
14092	-4	6	59035
14093	-4	6	59041
14094	-2	4	59045
14095	-2	4	59049
14096	-2	4	59053
14097	-2	4	59057
14098	-2	4	59061
14099	-2	4	59065
14100	-2	4	59069
14101	-2	4	59073
14102	-2	4	59077
14103	-2	4	59081
14104	-2	4	59085
14105	-2	4	59089
14106	-2	4	59093
14107	-2	4	59097
14108	-2	4	59101
14109	-2	4	59105
14110	-2	4	59109
14111	-2	4	59113
14112	-4	6	59119
14113	-2	4	59123
14114	-2	4	59127
14115	-2	4	59131
14116	-2	4	59135
14117	-2	4	59139
14118	-2	4	59143
14119	-2	4	59147
14120	-2	4	59151
14121	-2	4	59155
14122	-2	4	59159
14123	-2	4	59163
14124	-2	4	59167
14125	-2	4	59171
14126	-2	4	59175
14127	-2	4	59179
14128	-2	4	59183
14129	-2	4	59187
14130	-2	4	59191
14131	-2	4	59195
14132	-2	4	59199
14133	-2	4	59203
14134	-4	6	59209
14135	-2	4	59213
14136	-2	4	59217
14137	-5	7	59224
14138	-2	4	59228
14139	-2	4	59232
14140	-2	4	59236
14141	-2	4	59240
14142	-2	4	59244
14143	-2	4	59248
14144	-2	4	59252
14145	-2	4	59256
14146	-2	4	59260
14147	-2	4	59264
14148	-2	4	59268
14149	-2	4	59272
14150	-2	4	59276
14151	-2	4	59280
14152	-2	4	59284
14153	-2	4	59288
14154	-2	4	59292
14155	-2	4	59296
14156	-2	4	59300
14157	-2	4	59304
14158	-2	4	59308
14159	-2	4	59312
14160	-2	4	59316
14161	-2	4	59320
14162	-2	4	59324
14163	-4	6	59330
14164	-2	4	59334
14165	-2	4	59338
14166	-2	4	59342
14167	-2	4	59346
14168	-2	4	59350
14169	-2	4	59354
14170	-2	4	59358
14171	-3	5	59363
14172	-2	4	59367
14173	-2	4	59371
14174	-2	4	59375
14175	-2	4	59379
14176	-2	4	59383
14177	-2	4	59387
14178	-2	4	59391
14179	-2	4	59395
14180	-2	4	59399
14181	-2	4	59403
14182	-2	4	59407
14183	-2	4	59411
14184	-2	4	59415
14185	-2	4	59419
14186	-2	4	59423
14187	-2	4	59427
14188	-2	4	59431
14189	-2	4	59435
14190	-2	4	59439
14191	-2	4	59443
14192	-2	4	59447
14193	-2	4	59451
14194	-2	4	59455
14195	-2	4	59459
14196	-2	4	59463
14197	-2	4	59467
14198	-2	4	59471
14199	-2	4	59475
14200	-2	4	59479
14201	-2	4	59483
14202	-2	4	59487
14203	-2	4	59491
14204	-2	4	59495
14205	-2	4	59499
14206	-2	4	59503
14207	-2	4	59507
14208	-2	4	59511
14209	-2	4	59515
14210	-2	4	59519
14211	-2	4	59523
14212	-2	4	59527
14213	-4	6	59533
14214	-2	4	59537
14215	-2	4	59541
14216	-2	4	59545
14217	-2	4	59549
14218	-2	4	59553
14219	-2	4	59557
14220	-4	6	59563
14221	-2	4	59567
14222	-2	4	59571
14223	-2	4	59575
14224	-2	4	59579
14225	-2	4	59583
14226	-2	4	59587
14227	-2	4	59591
14228	-2	4	59595
14229	-2	4	59599
14230	-2	4	59603
14231	-2	4	59607
14232	-2	4	59611
14233	-2	4	59615
14234	-2	4	59619
14235	-2	4	59623
14236	-2	4	59627
14237	-4	6	59633
14238	-2	4	59637
14239	-3	5	59642
14240	-2	4	59646
14241	-2	4	59650
14242	-2	4	59654
14243	-2	4	59658
14244	-2	4	59662
14245	-2	4	59666
14246	-2	4	59670
14247	-2	4	59674
14248	-2	4	59678
14249	-2	4	59682
14250	-2	4	59686
14251	-2	4	59690
14252	-2	4	59694
14253	-2	4	59698
14254	-2	4	59702
14255	-2	4	59706
14256	-4	6	59712
14257	-2	4	59716
14258	-5	7	59723
14259	-2	4	59727
14260	-2	4	59731
14261	-2	4	59735
14262	-2	4	59739
14263	-2	4	59743
14264	-3	5	59748
14265	-2	4	59752
14266	-2	4	59756
14267	-2	4	59760
14268	-2	4	59764
14269	-4	6	59770
14270	-2	4	59774
14271	-2	4	59778
14272	-2	4	59782
14273	-2	4	59786
14274	-2	4	59790
14275	-2	4	59794
14276	-2	4	59798
14277	-2	4	59802
14278	-2	4	59806
14279	-2	4	59810
14280	-2	4	59814
14281	-2	4	59818
14282	-2	4	59822
14283	-2	4	59826
14284	-2	4	59830
14285	-2	4	59834
14286	-2	4	59838
14287	-2	4	59842
14288	-2	4	59846
14289	-2	4	59850
14290	-2	4	59854
14291	-2	4	59858
14292	-2	4	59862
14293	-2	4	59866
14294	-2	4	59870
14295	-2	4	59874
14296	-2	4	59878
14297	-2	4	59882
14298	-2	4	59886
14299	-2	4	59890
14300	-2	4	59894
14301	-2	4	59898
14302	-2	4	59902
14303	-2	4	59906
14304	-2	4	59910
14305	-2	4	59914
14306	-2	4	59918
14307	-4	6	59924
14308	-2	4	59928
14309	-2	4	59932
14310	-2	4	59936
14311	-2	4	59940
14312	-4	6	59946
14313	-2	4	59950
14314	-2	4	59954
14315	-2	4	59958
14316	-2	4	59962
14317	-4	6	59968
14318	-2	4	59972
14319	-2	4	59976
14320	-2	4	59980
14321	-2	4	59984
14322	-2	4	59988
14323	-2	4	59992
14324	-2	4	59996
14325	-2	4	60000
14326	-2	4	60004
14327	-4	6	60010
14328	-2	4	60014
14329	-2	4	60018
14330	-2	4	60022
14331	-2	4	60026
14332	-3	5	60031
14333	-2	4	60035
14334	-2	4	60039
14335	-2	4	60043
14336	-2	4	60047
14337	-5	7	60054
14338	-2	4	60058
14339	-2	4	60062
14340	-4	6	60068
14341	-2	4	60072
14342	-2	4	60076
14343	-4	6	60082
14344	-2	4	60086
14345	-4	6	60092
14346	-2	4	60096
14347	-2	4	60100
14348	-2	4	60104
14349	-2	4	60108
14350	-2	4	60112
14351	-2	4	60116
14352	-2	4	60120
14353	-2	4	60124
14354	-2	4	60128
14355	-2	4	60132
14356	-2	4	60136
14357	-2	4	60140
14358	-2	4	60144
14359	-2	4	60148
14360	-2	4	60152
14361	-2	4	60156
14362	-2	4	60160
14363	-2	4	60164
14364	-3	5	60169
14365	-2	4	60173
14366	-2	4	60177
14367	-2	4	60181
14368	-2	4	60185
14369	-2	4	60189
14370	-2	4	60193
14371	-2	4	60197
14372	-2	4	60201
14373	-2	4	60205
14374	-2	4	60209
14375	-2	4	60213
14376	-2	4	60217
14377	-2	4	60221
14378	-2	4	60225
14379	-2	4	60229
14380	-2	4	60233
14381	-2	4	60237
14382	-2	4	60241
14383	-2	4	60245
14384	-2	4	60249
14385	-2	4	60253
14386	-2	4	60257
14387	-2	4	60261
14388	-2	4	60265
14389	-3	5	60270
14390	-2	4	60274
14391	-2	4	60278
14392	-2	4	60282
14393	-2	4	60286
14394	-2	4	60290
14395	-2	4	60294
14396	-2	4	60298
14397	-2	4	60302
14398	-2	4	60306
14399	-2	4	60310
14400	-2	4	60314
14401	-2	4	60318
14402	-2	4	60322
14403	-4	6	60328
14404	-2	4	60332
14405	-2	4	60336
14406	-2	4	60340
14407	-2	4	60344
14408	-2	4	60348
14409	-2	4	60352
14410	-2	4	60356
14411	-2	4	60360
14412	-2	4	60364
14413	-2	4	60368
14414	-2	4	60372
14415	-2	4	60376
14416	-2	4	60380
14417	-2	4	60384
14418	-2	4	60388
14419	-2	4	60392
14420	-2	4	60396
14421	-2	4	60400
14422	-2	4	60404
14423	-2	4	60408
14424	-2	4	60412
14425	-4	6	60418
14426	-2	4	60422
14427	-2	4	60426
14428	-3	5	60431
14429	-2	4	60435
14430	-2	4	60439
14431	-2	4	60443
14432	-2	4	60447
14433	-2	4	60451
14434	-2	4	60455
14435	-2	4	60459
14436	-2	4	60463
14437	-2	4	60467
14438	-2	4	60471
14439	-4	6	60477
14440	-2	4	60481
14441	-2	4	60485
14442	-2	4	60489
14443	-2	4	60493
14444	-2	4	60497
14445	-2	4	60501
14446	-2	4	60505
14447	-2	4	60509
14448	-2	4	60513
14449	-2	4	60517
14450	-4	6	60523
14451	-2	4	60527
14452	-2	4	60531
14453	-2	4	60535
14454	-2	4	60539
14455	-2	4	60543
14456	-2	4	60547
14457	-2	4	60551
14458	-2	4	60555
14459	-2	4	60559
14460	-2	4	60563
14461	-2	4	60567
14462	-2	4	60571
14463	-2	4	60575
14464	-2	4	60579
14465	-2	4	60583
14466	-2	4	60587
14467	-2	4	60591
14468	-2	4	60595
14469	-2	4	60599
14470	-2	4	60603
14471	-2	4	60607
14472	-2	4	60611
14473	-2	4	60615
14474	-2	4	60619
14475	-4	6	60625
14476	-2	4	60629
14477	-2	4	60633
14478	-2	4	60637
14479	-2	4	60641
14480	-2	4	60645
14481	-2	4	60649
14482	-2	4	60653
14483	-2	4	60657
14484	-2	4	60661
14485	-2	4	60665
14486	-2	4	60669
14487	-2	4	60673
14488	-2	4	60677
14489	-2	4	60681
14490	-2	4	60685
14491	-4	6	60691
14492	-2	4	60695
14493	-2	4	60699
14494	-2	4	60703
14495	-2	4	60707
14496	-2	4	60711
14497	-2	4	60715
14498	-2	4	60719
14499	-2	4	60723
14500	-2	4	60727
14501	-2	4	60731
14502	-2	4	60735
14503	-2	4	60739
14504	-2	4	60743
14505	-4	6	60749
14506	-2	4	60753
14507	-2	4	60757
14508	-2	4	60761
14509	-3	5	60766
14510	-4	6	60772
14511	-2	4	60776
14512	-2	4	60780
14513	-2	4	60784
14514	-2	4	60788
14515	-2	4	60792
14516	-2	4	60796
14517	-2	4	60800
14518	-2	4	60804
14519	-2	4	60808
14520	-2	4	60812
14521	-2	4	60816
14522	-2	4	60820
14523	-2	4	60824
14524	-2	4	60828
14525	-2	4	60832
14526	-2	4	60836
14527	-2	4	60840
14528	-2	4	60844
14529	-2	4	60848
14530	-4	6	60854
14531	-2	4	60858
14532	-2	4	60862
14533	-2	4	60866
14534	-2	4	60870
14535	-2	4	60874
14536	-2	4	60878
14537	-2	4	60882
14538	-2	4	60886
14539	-2	4	60890
14540	-2	4	60894
14541	-2	4	60898
14542	-2	4	60902
14543	-2	4	60906
14544	-2	4	60910
14545	-4	6	60916
14546	-2	4	60920
14547	-2	4	60924
14548	-2	4	60928
14549	-2	4	60932
14550	-2	4	60936
14551	-2	4	60940
14552	-2	4	60944
14553	-2	4	60948
14554	-2	4	60952
14555	-2	4	60956
14556	-2	4	60960
14557	-2	4	60964
14558	-2	4	60968
14559	-2	4	60972
14560	-2	4	60976
14561	-2	4	60980
14562	-2	4	60984
14563	-2	4	60988
14564	-2	4	60992
14565	-2	4	60996
14566	-2	4	61000
14567	-2	4	61004
14568	-2	4	61008
14569	-2	4	61012
14570	-2	4	61016
14571	-2	4	61020
14572	-2	4	61024
14573	-2	4	61028
14574	-2	4	61032
14575	-2	4	61036
14576	-2	4	61040
14577	-2	4	61044
14578	-2	4	61048
14579	-2	4	61052
14580	-2	4	61056
14581	-4	6	61062
14582	-2	4	61066
14583	-2	4	61070
14584	-2	4	61074
14585	-2	4	61078
14586	-2	4	61082
14587	-2	4	61086
14588	-2	4	61090
14589	-2	4	61094
14590	-2	4	61098
14591	-2	4	61102
14592	-2	4	61106
14593	-2	4	61110
14594	-2	4	61114
14595	-2	4	61118
14596	-2	4	61122
14597	-2	4	61126
14598	-2	4	61130
14599	-4	6	61136
14600	-2	4	61140
14601	-2	4	61144
14602	-2	4	61148
14603	-2	4	61152
14604	-2	4	61156
14605	-2	4	61160
14606	-2	4	61164
14607	-2	4	61168
14608	-2	4	61172
14609	-2	4	61176
14610	-2	4	61180
14611	-2	4	61184
14612	-2	4	61188
14613	-2	4	61192
14614	-2	4	61196
14615	-2	4	61200
14616	-2	4	61204
14617	-2	4	61208
14618	-2	4	61212
14619	-6	8	61220
14620	-2	4	61224
14621	-2	4	61228
14622	-2	4	61232
14623	-2	4	61236
14624	-2	4	61240
14625	-4	6	61246
14626	-2	4	61250
14627	-2	4	61254
14628	-2	4	61258
14629	-2	4	61262
14630	-2	4	61266
14631	-4	6	61272
14632	-4	6	61278
14633	-4	6	61284
14634	-2	4	61288
14635	-2	4	61292
14636	-2	4	61296
14637	-2	4	61300
14638	-2	4	61304
14639	-2	4	61308
14640	-2	4	61312
14641	-2	4	61316
14642	-2	4	61320
14643	-2	4	61324
14644	-2	4	61328
14645	-2	4	61332
14646	-2	4	61336
14647	-4	6	61342
14648	-3	5	61347
14649	-2	4	61351
14650	-2	4	61355
14651	-2	4	61359
14652	-2	4	61363
14653	-2	4	61367
14654	-2	4	61371
14655	-2	4	61375
14656	-2	4	61379
14657	-2	4	61383
14658	-2	4	61387
14659	-2	4	61391
14660	-2	4	61395
14661	-2	4	61399
14662	-2	4	61403
14663	-2	4	61407
14664	-2	4	61411
14665	-2	4	61415
14666	-2	4	61419
14667	-2	4	61423
14668	-2	4	61427
14669	-2	4	61431
14670	-2	4	61435
14671	-2	4	61439
14672	-2	4	61443
14673	-2	4	61447
14674	-2	4	61451
14675	-2	4	61455
14676	-2	4	61459
14677	-2	4	61463
14678	-2	4	61467
14679	-2	4	61471
14680	-2	4	61475
14681	-2	4	61479
14682	-2	4	61483
14683	-2	4	61487
14684	-2	4	61491
14685	-2	4	61495
14686	-2	4	61499
14687	-2	4	61503
14688	-2	4	61507
14689	-2	4	61511
14690	-2	4	61515
14691	-2	4	61519
14692	-2	4	61523
14693	-2	4	61527
14694	-2	4	61531
14695	-2	4	61535
14696	-2	4	61539
14697	-2	4	61543
14698	-2	4	61547
14699	-2	4	61551
14700	-2	4	61555
14701	-2	4	61559
14702	-2	4	61563
14703	-2	4	61567
14704	-2	4	61571
14705	-2	4	61575
14706	-2	4	61579
14707	-2	4	61583
14708	-2	4	61587
14709	-2	4	61591
14710	-2	4	61595
14711	-2	4	61599
14712	-2	4	61603
14713	-2	4	61607
14714	-2	4	61611
14715	-2	4	61615
14716	-2	4	61619
14717	-2	4	61623
14718	-2	4	61627
14719	-2	4	61631
14720	-2	4	61635
14721	-2	4	61639
14722	-2	4	61643
14723	-2	4	61647
14724	-2	4	61651
14725	-2	4	61655
14726	-2	4	61659
14727	-2	4	61663
14728	-2	4	61667
14729	-2	4	61671
14730	-2	4	61675
14731	-2	4	61679
14732	-2	4	61683
14733	-2	4	61687
14734	-2	4	61691
14735	-2	4	61695
14736	-2	4	61699
14737	-2	4	61703
14738	-3	5	61708
14739	-2	4	61712
14740	-2	4	61716
14741	-2	4	61720
14742	-2	4	61724
14743	-2	4	61728
14744	-2	4	61732
14745	-2	4	61736
14746	-4	6	61742
14747	-4	6	61748
14748	-2	4	61752
14749	-2	4	61756
14750	-2	4	61760
14751	-2	4	61764
14752	-2	4	61768
14753	-2	4	61772
14754	-2	4	61776
14755	-2	4	61780
14756	-2	4	61784
14757	-2	4	61788
14758	-2	4	61792
14759	-2	4	61796
14760	-2	4	61800
14761	-2	4	61804
14762	-2	4	61808
14763	-4	6	61814
14764	-2	4	61818
14765	-2	4	61822
14766	-2	4	61826
14767	-2	4	61830
14768	-2	4	61834
14769	-2	4	61838
14770	-2	4	61842
14771	-2	4	61846
14772	-2	4	61850
14773	-2	4	61854
14774	-2	4	61858
14775	-2	4	61862
14776	-2	4	61866
14777	-2	4	61870
14778	-2	4	61874
14779	-2	4	61878
14780	-2	4	61882
14781	-2	4	61886
14782	-2	4	61890
14783	-2	4	61894
14784	-2	4	61898
14785	-2	4	61902
14786	-3	5	61907
14787	-2	4	61911
14788	-2	4	61915
14789	-2	4	61919
14790	-2	4	61923
14791	-2	4	61927
14792	-2	4	61931
14793	-2	4	61935
14794	-2	4	61939
14795	-2	4	61943
14796	-2	4	61947
14797	-2	4	61951
14798	-2	4	61955
14799	-2	4	61959
14800	-2	4	61963
14801	-4	6	61969
14802	-3	5	61974
14803	-4	6	61980
14804	-2	4	61984
14805	-2	4	61988
14806	-3	5	61993
14807	-2	4	61997
14808	-2	4	62001
14809	-2	4	62005
14810	-2	4	62009
14811	-4	6	62015
14812	-2	4	62019
14813	-2	4	62023
14814	-2	4	62027
14815	-2	4	62031
14816	-2	4	62035
14817	-2	4	62039
14818	-2	4	62043
14819	-2	4	62047
14820	-2	4	62051
14821	-2	4	62055
14822	-2	4	62059
14823	-2	4	62063
14824	-2	4	62067
14825	-2	4	62071
14826	-2	4	62075
14827	-2	4	62079
14828	-2	4	62083
14829	-2	4	62087
14830	-3	5	62092
14831	-2	4	62096
14832	-2	4	62100
14833	-2	4	62104
14834	-2	4	62108
14835	-2	4	62112
14836	-2	4	62116
14837	-2	4	62120
14838	-2	4	62124
14839	-2	4	62128
14840	-2	4	62132
14841	-2	4	62136
14842	-2	4	62140
14843	-2	4	62144
14844	-2	4	62148
14845	-2	4	62152
14846	-2	4	62156
14847	-2	4	62160
14848	-2	4	62164
14849	-2	4	62168
14850	-2	4	62172
14851	-2	4	62176
14852	-2	4	62180
14853	-2	4	62184
14854	-2	4	62188
14855	-2	4	62192
14856	-2	4	62196
14857	-2	4	62200
14858	-2	4	62204
14859	-2	4	62208
14860	-2	4	62212
14861	-2	4	62216
14862	-2	4	62220
14863	-2	4	62224
14864	-2	4	62228
14865	-2	4	62232
14866	-2	4	62236
14867	-2	4	62240
14868	-4	6	62246
14869	-2	4	62250
14870	-2	4	62254
14871	-2	4	62258
14872	-2	4	62262
14873	-2	4	62266
14874	-2	4	62270
14875	-2	4	62274
14876	-4	6	62280
14877	-2	4	62284
14878	-2	4	62288
14879	-2	4	62292
14880	-2	4	62296
14881	-2	4	62300
14882	-2	4	62304
14883	-2	4	62308
14884	-2	4	62312
14885	-2	4	62316
14886	-2	4	62320
14887	-2	4	62324
14888	-2	4	62328
14889	-2	4	62332
14890	-2	4	62336
14891	-2	4	62340
14892	-2	4	62344
14893	-2	4	62348
14894	-2	4	62352
14895	-2	4	62356
14896	-2	4	62360
14897	-2	4	62364
14898	-4	6	62370
14899	-2	4	62374
14900	-2	4	62378
14901	-2	4	62382
14902	-2	4	62386
14903	-2	4	62390
14904	-2	4	62394
14905	-2	4	62398
14906	-2	4	62402
14907	-2	4	62406
14908	-2	4	62410
14909	-2	4	62414
14910	-2	4	62418
14911	-2	4	62422
14912	-2	4	62426
14913	-2	4	62430
14914	-2	4	62434
14915	-2	4	62438
14916	-2	4	62442
14917	-2	4	62446
14918	-2	4	62450
14919	-2	4	62454
14920	-4	6	62460
14921	-2	4	62464
14922	-2	4	62468
14923	-4	6	62474
14924	-2	4	62478
14925	-2	4	62482
14926	-2	4	62486
14927	-2	4	62490
14928	-2	4	62494
14929	-2	4	62498
14930	-2	4	62502
14931	-2	4	62506
14932	-2	4	62510
14933	-3	5	62515
14934	-4	6	62521
14935	-3	5	62526
14936	-4	6	62532
14937	-4	6	62538
14938	-2	4	62542
14939	-2	4	62546
14940	-2	4	62550
14941	-2	4	62554
14942	-2	4	62558
14943	-2	4	62562
14944	-2	4	62566
14945	-2	4	62570
14946	-2	4	62574
14947	-2	4	62578
14948	-2	4	62582
14949	-2	4	62586
14950	-2	4	62590
14951	-2	4	62594
14952	-2	4	62598
14953	-2	4	62602
14954	-2	4	62606
14955	-2	4	62610
14956	-2	4	62614
14957	-2	4	62618
14958	-2	4	62622
14959	-2	4	62626
14960	-2	4	62630
14961	-3	5	62635
14962	-2	4	62639
14963	-2	4	62643
14964	-2	4	62647
14965	-2	4	62651
14966	-2	4	62655
14967	-2	4	62659
14968	-2	4	62663
14969	-2	4	62667
14970	-2	4	62671
14971	-4	6	62677
14972	-2	4	62681
14973	-2	4	62685
14974	-2	4	62689
14975	-2	4	62693
14976	-2	4	62697
14977	-2	4	62701
14978	-2	4	62705
14979	-2	4	62709
14980	-2	4	62713
14981	-2	4	62717
14982	-2	4	62721
14983	-2	4	62725
14984	-2	4	62729
14985	-2	4	62733
14986	-2	4	62737
14987	-2	4	62741
14988	-3	5	62746
14989	-2	4	62750
14990	-2	4	62754
14991	-2	4	62758
14992	-2	4	62762
14993	-2	4	62766
14994	-2	4	62770
14995	-2	4	62774
14996	-2	4	62778
14997	-2	4	62782
14998	-2	4	62786
14999	-2	4	62790
15000	-2	4	62794
15001	-2	4	62798
15002	-2	4	62802
15003	-2	4	62806
15004	-2	4	62810
15005	-2	4	62814
15006	-2	4	62818
15007	-2	4	62822
15008	-2	4	62826
15009	-2	4	62830
15010	-2	4	62834
15011	-2	4	62838
15012	-2	4	62842
15013	-3	5	62847
15014	-2	4	62851
15015	-2	4	62855
15016	-2	4	62859
15017	-2	4	62863
15018	-2	4	62867
15019	-4	6	62873
15020	-2	4	62877
15021	-2	4	62881
15022	-2	4	62885
15023	-2	4	62889
15024	-2	4	62893
15025	-2	4	62897
15026	-2	4	62901
15027	-2	4	62905
15028	-2	4	62909
15029	-2	4	62913
15030	-2	4	62917
15031	-2	4	62921
15032	-2	4	62925
15033	-2	4	62929
15034	-2	4	62933
15035	-2	4	62937
15036	-2	4	62941
15037	-2	4	62945
15038	-3	5	62950
15039	-2	4	62954
15040	-4	6	62960
15041	-2	4	62964
15042	-2	4	62968
15043	-2	4	62972
15044	-2	4	62976
15045	-2	4	62980
15046	-2	4	62984
15047	-2	4	62988
15048	-2	4	62992
15049	-2	4	62996
15050	-2	4	63000
15051	-3	5	63005
15052	-2	4	63009
15053	-2	4	63013
15054	-2	4	63017
15055	-2	4	63021
15056	-2	4	63025
15057	-3	5	63030
15058	-3	5	63035
15059	-2	4	63039
15060	-2	4	63043
15061	-2	4	63047
15062	-2	4	63051
15063	-2	4	63055
15064	-2	4	63059
15065	-2	4	63063
15066	-2	4	63067
15067	-2	4	63071
15068	-2	4	63075
15069	-2	4	63079
15070	-2	4	63083
15071	-2	4	63087
15072	-2	4	63091
15073	-2	4	63095
15074	-4	6	63101
15075	-2	4	63105
15076	-2	4	63109
15077	-2	4	63113
15078	-2	4	63117
15079	-2	4	63121
15080	-2	4	63125
15081	-2	4	63129
15082	-2	4	63133
15083	-2	4	63137
15084	-2	4	63141
15085	-2	4	63145
15086	-2	4	63149
15087	-2	4	63153
15088	-2	4	63157
15089	-2	4	63161
15090	-2	4	63165
15091	-2	4	63169
15092	-2	4	63173
15093	-2	4	63177
15094	-2	4	63181
15095	-2	4	63185
15096	-2	4	63189
15097	-2	4	63193
15098	-2	4	63197
15099	-2	4	63201
15100	-2	4	63205
15101	-2	4	63209
15102	-2	4	63213
15103	-2	4	63217
15104	-2	4	63221
15105	-2	4	63225
15106	-2	4	63229
15107	-2	4	63233
15108	-2	4	63237
15109	-2	4	63241
15110	-2	4	63245
15111	-2	4	63249
15112	-4	6	63255
15113	-2	4	63259
15114	-2	4	63263
15115	-2	4	63267
15116	-2	4	63271
15117	-2	4	63275
15118	-2	4	63279
15119	-2	4	63283
15120	-2	4	63287
15121	-2	4	63291
15122	-2	4	63295
15123	-6	8	63303
15124	-2	4	63307
15125	-2	4	63311
15126	-2	4	63315
15127	-2	4	63319
15128	-2	4	63323
15129	-2	4	63327
15130	-2	4	63331
15131	-2	4	63335
15132	-4	6	63341
15133	-2	4	63345
15134	-4	6	63351
15135	-2	4	63355
15136	-2	4	63359
15137	-2	4	63363
15138	-2	4	63367
15139	-2	4	63371
15140	-2	4	63375
15141	-2	4	63379
15142	-2	4	63383
15143	-2	4	63387
15144	-2	4	63391
15145	-2	4	63395
15146	-2	4	63399
15147	-2	4	63403
15148	-2	4	63407
15149	-2	4	63411
15150	-2	4	63415
15151	-2	4	63419
15152	-2	4	63423
15153	-2	4	63427
15154	-2	4	63431
15155	-2	4	63435
15156	-2	4	63439
15157	-2	4	63443
15158	-2	4	63447
15159	-2	4	63451
15160	-2	4	63455
15161	-2	4	63459
15162	-2	4	63463
15163	-2	4	63467
15164	-2	4	63471
15165	-2	4	63475
15166	-2	4	63479
15167	-2	4	63483
15168	-2	4	63487
15169	-2	4	63491
15170	-2	4	63495
15171	-2	4	63499
15172	-2	4	63503
15173	-2	4	63507
15174	-2	4	63511
15175	-2	4	63515
15176	-2	4	63519
15177	-2	4	63523
15178	-2	4	63527
15179	-2	4	63531
15180	-2	4	63535
15181	-2	4	63539
15182	-6	8	63547
15183	-2	4	63551
15184	-2	4	63555
15185	-2	4	63559
15186	-2	4	63563
15187	-2	4	63567
15188	-2	4	63571
15189	-4	6	63577
15190	-2	4	63581
15191	-2	4	63585
15192	-2	4	63589
15193	-2	4	63593
15194	-2	4	63597
15195	-2	4	63601
15196	-2	4	63605
15197	-2	4	63609
15198	-2	4	63613
15199	-2	4	63617
15200	-2	4	63621
15201	-4	6	63627
15202	-2	4	63631
15203	-4	6	63637
15204	-2	4	63641
15205	-2	4	63645
15206	-2	4	63649
15207	-4	6	63655
15208	-2	4	63659
15209	-2	4	63663
15210	-4	6	63669
15211	-2	4	63673
15212	-2	4	63677
15213	-2	4	63681
15214	-3	5	63686
15215	-2	4	63690
15216	-2	4	63694
15217	-2	4	63698
15218	-2	4	63702
15219	-4	6	63708
15220	-2	4	63712
15221	-2	4	63716
15222	-4	6	63722
15223	-2	4	63726
15224	-2	4	63730
15225	-2	4	63734
15226	-2	4	63738
15227	-2	4	63742
15228	-2	4	63746
15229	-2	4	63750
15230	-2	4	63754
15231	-2	4	63758
15232	-2	4	63762
15233	-2	4	63766
15234	-2	4	63770
15235	-2	4	63774
15236	-2	4	63778
15237	-2	4	63782
15238	-2	4	63786
15239	-2	4	63790
15240	-2	4	63794
15241	-2	4	63798
15242	-2	4	63802
15243	-2	4	63806
15244	-2	4	63810
15245	-2	4	63814
15246	-2	4	63818
15247	-2	4	63822
15248	-2	4	63826
15249	-2	4	63830
15250	-2	4	63834
15251	-2	4	63838
15252	-2	4	63842
15253	-2	4	63846
15254	-2	4	63850
15255	-2	4	63854
15256	-4	6	63860
15257	-2	4	63864
15258	-2	4	63868
15259	-2	4	63872
15260	-2	4	63876
15261	-2	4	63880
15262	-2	4	63884
15263	-2	4	63888
15264	-2	4	63892
15265	-2	4	63896
15266	-2	4	63900
15267	-2	4	63904
15268	-4	6	63910
15269	-2	4	63914
15270	-2	4	63918
15271	-2	4	63922
15272	-2	4	63926
15273	-2	4	63930
15274	-2	4	63934
15275	-2	4	63938
15276	-2	4	63942
15277	-2	4	63946
15278	-3	5	63951
15279	-2	4	63955
15280	-2	4	63959
15281	-2	4	63963
15282	-2	4	63967
15283	-2	4	63971
15284	-2	4	63975
15285	-2	4	63979
15286	-2	4	63983
15287	-2	4	63987
15288	-2	4	63991
15289	-2	4	63995
15290	-2	4	63999
15291	-2	4	64003
15292	-2	4	64007
15293	-2	4	64011
15294	-2	4	64015
15295	-2	4	64019
15296	-2	4	64023
15297	-2	4	64027
15298	-4	6	64033
15299	-2	4	64037
15300	-2	4	64041
15301	-2	4	64045
15302	-2	4	64049
15303	-2	4	64053
15304	-2	4	64057
15305	-2	4	64061
15306	-2	4	64065
15307	-2	4	64069
15308	-2	4	64073
15309	-2	4	64077
15310	-2	4	64081
15311	-2	4	64085
15312	-2	4	64089
15313	-2	4	64093
15314	-2	4	64097
15315	-2	4	64101
15316	-4	6	64107
15317	-2	4	64111
15318	-4	6	64117
15319	-2	4	64121
15320	-2	4	64125
15321	-2	4	64129
15322	-4	6	64135
15323	-2	4	64139
15324	-2	4	64143
15325	-2	4	64147
15326	-4	6	64153
15327	-2	4	64157
15328	-2	4	64161
15329	-2	4	64165
15330	-2	4	64169
15331	-2	4	64173
15332	-2	4	64177
15333	-2	4	64181
15334	-2	4	64185
15335	-2	4	64189
15336	-2	4	64193
15337	-2	4	64197
15338	-2	4	64201
15339	-2	4	64205
15340	-2	4	64209
15341	-2	4	64213
15342	-2	4	64217
15343	-4	6	64223
15344	-2	4	64227
15345	-2	4	64231
15346	-2	4	64235
15347	-2	4	64239
15348	-2	4	64243
15349	-2	4	64247
15350	-2	4	64251
15351	-2	4	64255
15352	-2	4	64259
15353	-2	4	64263
15354	-2	4	64267
15355	-2	4	64271
15356	-2	4	64275
15357	-3	5	64280
15358	-2	4	64284
15359	-2	4	64288
15360	-2	4	64292
15361	-2	4	64296
15362	-2	4	64300
15363	-2	4	64304
15364	-2	4	64308
15365	-2	4	64312
15366	-2	4	64316
15367	-2	4	64320
15368	-2	4	64324
15369	-2	4	64328
15370	-2	4	64332
15371	-2	4	64336
15372	-5	7	64343
15373	-2	4	64347
15374	-4	6	64353
15375	-2	4	64357
15376	-2	4	64361
15377	-2	4	64365
15378	-2	4	64369
15379	-2	4	64373
15380	-2	4	64377
15381	-2	4	64381
15382	-2	4	64385
15383	-2	4	64389
15384	-2	4	64393
15385	-2	4	64397
15386	-2	4	64401
15387	-2	4	64405
15388	-2	4	64409
15389	-2	4	64413
15390	-2	4	64417
15391	-2	4	64421
15392	-2	4	64425
15393	-2	4	64429
15394	-2	4	64433
15395	-2	4	64437
15396	-2	4	64441
15397	-2	4	64445
15398	-2	4	64449
15399	-2	4	64453
15400	-2	4	64457
15401	-2	4	64461
15402	-2	4	64465
15403	-2	4	64469
15404	-2	4	64473
15405	-2	4	64477
15406	-2	4	64481
15407	-2	4	64485
15408	-2	4	64489
15409	-2	4	64493
15410	-2	4	64497
15411	-2	4	64501
15412	-4	6	64507
15413	-2	4	64511
15414	-2	4	64515
15415	-2	4	64519
15416	-2	4	64523
15417	-2	4	64527
15418	-2	4	64531
15419	-2	4	64535
15420	-2	4	64539
15421	-2	4	64543
15422	-2	4	64547
15423	-2	4	64551
15424	-2	4	64555
15425	-2	4	64559
15426	-2	4	64563
15427	-2	4	64567
15428	-2	4	64571
15429	-2	4	64575
15430	-2	4	64579
15431	-2	4	64583
15432	-2	4	64587
15433	-4	6	64593
15434	-2	4	64597
15435	-2	4	64601
15436	-2	4	64605
15437	-2	4	64609
15438	-2	4	64613
15439	-2	4	64617
15440	-2	4	64621
15441	-2	4	64625
15442	-2	4	64629
15443	-2	4	64633
15444	-2	4	64637
15445	-2	4	64641
15446	-2	4	64645
15447	-2	4	64649
15448	-2	4	64653
15449	-2	4	64657
15450	-2	4	64661
15451	-2	4	64665
15452	-2	4	64669
15453	-2	4	64673
15454	-2	4	64677
15455	-2	4	64681
15456	-2	4	64685
15457	-2	4	64689
15458	-2	4	64693
15459	-2	4	64697
15460	-2	4	64701
15461	-2	4	64705
15462	-2	4	64709
15463	-2	4	64713
15464	-2	4	64717
15465	-2	4	64721
15466	-2	4	64725
15467	-2	4	64729
15468	-2	4	64733
15469	-2	4	64737
15470	-2	4	64741
15471	-2	4	64745
15472	-2	4	64749
15473	-2	4	64753
15474	-2	4	64757
15475	-2	4	64761
15476	-2	4	64765
15477	-2	4	64769
15478	-2	4	64773
15479	-2	4	64777
15480	-2	4	64781
15481	-2	4	64785
15482	-2	4	64789
15483	-2	4	64793
15484	-2	4	64797
15485	-2	4	64801
15486	-2	4	64805
15487	-2	4	64809
15488	-2	4	64813
15489	-2	4	64817
15490	-2	4	64821
15491	-4	6	64827
15492	-2	4	64831
15493	-4	6	64837
15494	-2	4	64841
15495	-2	4	64845
15496	-2	4	64849
15497	-6	8	64857
15498	-2	4	64861
15499	-2	4	64865
15500	-2	4	64869
15501	-2	4	64873
15502	-2	4	64877
15503	-2	4	64881
15504	-4	6	64887
15505	-2	4	64891
15506	-2	4	64895
15507	-3	5	64900
15508	-2	4	64904
15509	-2	4	64908
15510	-3	5	64913
15511	-2	4	64917
15512	-2	4	64921
15513	-2	4	64925
15514	-2	4	64929
15515	-2	4	64933
15516	-2	4	64937
15517	-2	4	64941
15518	-2	4	64945
15519	-2	4	64949
15520	-2	4	64953
15521	-2	4	64957
15522	-4	6	64963
15523	-2	4	64967
15524	-2	4	64971
15525	-2	4	64975
15526	-2	4	64979
15527	-2	4	64983
15528	-2	4	64987
15529	-2	4	64991
15530	-2	4	64995
15531	-4	6	65001
15532	-2	4	65005
15533	-2	4	65009
15534	-2	4	65013
15535	-2	4	65017
15536	-2	4	65021
15537	-2	4	65025
15538	-2	4	65029
15539	-2	4	65033
15540	-2	4	65037
15541	-2	4	65041
15542	-2	4	65045
15543	-2	4	65049
15544	-2	4	65053
15545	-2	4	65057
15546	-2	4	65061
15547	-2	4	65065
15548	-2	4	65069
15549	-2	4	65073
15550	-2	4	65077
15551	-4	6	65083
15552	-2	4	65087
15553	-2	4	65091
15554	-2	4	65095
15555	-2	4	65099
15556	-2	4	65103
15557	-2	4	65107
15558	-2	4	65111
15559	-2	4	65115
15560	-2	4	65119
15561	-2	4	65123
15562	-2	4	65127
15563	-2	4	65131
15564	-2	4	65135
15565	-2	4	65139
15566	-2	4	65143
15567	-2	4	65147
15568	-2	4	65151
15569	-2	4	65155
15570	-2	4	65159
15571	-3	5	65164
15572	-2	4	65168
15573	-2	4	65172
15574	-2	4	65176
15575	-2	4	65180
15576	-2	4	65184
15577	-2	4	65188
15578	-2	4	65192
15579	-2	4	65196
15580	-2	4	65200
15581	-2	4	65204
15582	-2	4	65208
15583	-2	4	65212
15584	-2	4	65216
15585	-2	4	65220
15586	-2	4	65224
15587	-4	6	65230
15588	-2	4	65234
15589	-2	4	65238
15590	-4	6	65244
15591	-4	6	65250
15592	-2	4	65254
15593	-2	4	65258
15594	-2	4	65262
15595	-3	5	65267
15596	-2	4	65271
15597	-2	4	65275
15598	-2	4	65279
15599	-2	4	65283
15600	-2	4	65287
15601	-2	4	65291
15602	-2	4	65295
15603	-2	4	65299
15604	-2	4	65303
15605	-2	4	65307
15606	-2	4	65311
15607	-2	4	65315
15608	-2	4	65319
15609	-2	4	65323
15610	-2	4	65327
15611	-2	4	65331
15612	-2	4	65335
15613	-2	4	65339
15614	-2	4	65343
15615	-2	4	65347
15616	-2	4	65351
15617	-2	4	65355
15618	-2	4	65359
15619	-2	4	65363
15620	-2	4	65367
15621	-2	4	65371
15622	-2	4	65375
15623	-2	4	65379
15624	-2	4	65383
15625	-2	4	65387
15626	-2	4	65391
15627	-2	4	65395
15628	-2	4	65399
15629	-2	4	65403
15630	-2	4	65407
15631	-2	4	65411
15632	-2	4	65415
15633	-2	4	65419
15634	-2	4	65423
15635	-2	4	65427
15636	-2	4	65431
15637	-4	6	65437
15638	-2	4	65441
15639	-2	4	65445
15640	-2	4	65449
15641	-2	4	65453
15642	-2	4	65457
15643	-3	5	65462
15644	-2	4	65466
15645	-2	4	65470
15646	-2	4	65474
15647	-2	4	65478
15648	-2	4	65482
15649	-2	4	65486
15650	-2	4	65490
15651	-2	4	65494
15652	-2	4	65498
15653	-2	4	65502
15654	-2	4	65506
15655	-2	4	65510
15656	-2	4	65514
15657	-2	4	65518
15658	-2	4	65522
15659	-2	4	65526
15660	-2	4	65530
15661	-2	4	65534
15662	-5	7	65541
15663	-2	4	65545
15664	-2	4	65549
15665	-2	4	65553
15666	-2	4	65557
15667	-2	4	65561
15668	-2	4	65565
15669	-2	4	65569
15670	-2	4	65573
15671	-2	4	65577
15672	-2	4	65581
15673	-2	4	65585
15674	-2	4	65589
15675	-2	4	65593
15676	-2	4	65597
15677	-2	4	65601
15678	-3	5	65606
15679	-2	4	65610
15680	-2	4	65614
15681	-2	4	65618
15682	-2	4	65622
15683	-2	4	65626
15684	-2	4	65630
15685	-2	4	65634
15686	-2	4	65638
15687	-2	4	65642
15688	-2	4	65646
15689	-2	4	65650
15690	-2	4	65654
15691	-2	4	65658
15692	-2	4	65662
15693	-2	4	65666
15694	-4	6	65672
15695	-2	4	65676
15696	-2	4	65680
15697	-2	4	65684
15698	-2	4	65688
15699	-2	4	65692
15700	-2	4	65696
15701	-2	4	65700
15702	-4	6	65706
15703	-2	4	65710
15704	-2	4	65714
15705	-2	4	65718
15706	-2	4	65722
15707	-2	4	65726
15708	-4	6	65732
15709	-2	4	65736
15710	-2	4	65740
15711	-2	4	65744
15712	-2	4	65748
15713	-2	4	65752
15714	-2	4	65756
15715	-3	5	65761
15716	-2	4	65765
15717	-2	4	65769
15718	-4	6	65775
15719	-2	4	65779
15720	-2	4	65783
15721	-2	4	65787
15722	-2	4	65791
15723	-2	4	65795
15724	-2	4	65799
15725	-2	4	65803
15726	-2	4	65807
15727	-2	4	65811
15728	-2	4	65815
15729	-3	5	65820
15730	-2	4	65824
15731	-2	4	65828
15732	-2	4	65832
15733	-2	4	65836
15734	-2	4	65840
15735	-2	4	65844
15736	-2	4	65848
15737	-2	4	65852
15738	-2	4	65856
15739	-2	4	65860
15740	-2	4	65864
15741	-2	4	65868
15742	-2	4	65872
15743	-2	4	65876
15744	-3	5	65881
15745	-2	4	65885
15746	-2	4	65889
15747	-2	4	65893
15748	-2	4	65897
15749	-2	4	65901
15750	-2	4	65905
15751	-2	4	65909
15752	-2	4	65913
15753	-2	4	65917
15754	-2	4	65921
15755	-2	4	65925
15756	-2	4	65929
15757	-2	4	65933
15758	-2	4	65937
15759	-2	4	65941
15760	-2	4	65945
15761	-2	4	65949
15762	-2	4	65953
15763	-2	4	65957
15764	-2	4	65961
15765	-2	4	65965
15766	-2	4	65969
15767	-2	4	65973
15768	-3	5	65978
15769	-2	4	65982
15770	-2	4	65986
15771	-2	4	65990
15772	-2	4	65994
15773	-2	4	65998
15774	-3	5	66003
15775	-2	4	66007
15776	-2	4	66011
15777	-2	4	66015
15778	-3	5	66020
15779	-2	4	66024
15780	-4	6	66030
15781	-2	4	66034
15782	-3	5	66039
15783	-2	4	66043
15784	-2	4	66047
15785	-2	4	66051
15786	-2	4	66055
15787	-2	4	66059
15788	-2	4	66063
15789	-2	4	66067
15790	-2	4	66071
15791	-2	4	66075
15792	-2	4	66079
15793	-2	4	66083
15794	-2	4	66087
15795	-4	6	66093
15796	-6	8	66101
15797	-2	4	66105
15798	-2	4	66109
15799	-2	4	66113
15800	-2	4	66117
15801	-2	4	66121
15802	-2	4	66125
15803	-2	4	66129
15804	-2	4	66133
15805	-2	4	66137
15806	-2	4	66141
15807	-2	4	66145
15808	-2	4	66149
15809	-2	4	66153
15810	-2	4	66157
15811	-2	4	66161
15812	-2	4	66165
15813	-2	4	66169
15814	-2	4	66173
15815	-2	4	66177
15816	-2	4	66181
15817	-3	5	66186
15818	-2	4	66190
15819	-2	4	66194
15820	-2	4	66198
15821	-2	4	66202
15822	-2	4	66206
15823	-2	4	66210
15824	-2	4	66214
15825	-2	4	66218
15826	-2	4	66222
15827	-2	4	66226
15828	-2	4	66230
15829	-2	4	66234
15830	-2	4	66238
15831	-4	6	66244
15832	-3	5	66249
15833	-2	4	66253
15834	-2	4	66257
15835	-2	4	66261
15836	-2	4	66265
15837	-2	4	66269
15838	-2	4	66273
15839	-2	4	66277
15840	-2	4	66281
15841	-4	6	66287
15842	-2	4	66291
15843	-4	6	66297
15844	-2	4	66301
15845	-2	4	66305
15846	-4	6	66311
15847	-2	4	66315
15848	-2	4	66319
15849	-2	4	66323
15850	-2	4	66327
15851	-2	4	66331
15852	-2	4	66335
15853	-2	4	66339
15854	-2	4	66343
15855	-2	4	66347
15856	-2	4	66351
15857	-2	4	66355
15858	-2	4	66359
15859	-2	4	66363
15860	-2	4	66367
15861	-2	4	66371
15862	-2	4	66375
15863	-2	4	66379
15864	-2	4	66383
15865	-2	4	66387
15866	-2	4	66391
15867	-2	4	66395
15868	-2	4	66399
15869	-2	4	66403
15870	-4	6	66409
15871	-2	4	66413
15872	-2	4	66417
15873	-2	4	66421
15874	-2	4	66425
15875	-2	4	66429
15876	-2	4	66433
15877	-2	4	66437
15878	-2	4	66441
15879	-2	4	66445
15880	-2	4	66449
15881	-2	4	66453
15882	-2	4	66457
15883	-2	4	66461
15884	-2	4	66465
15885	-2	4	66469
15886	-2	4	66473
15887	-2	4	66477
15888	-2	4	66481
15889	-2	4	66485
15890	-2	4	66489
15891	-2	4	66493
15892	-2	4	66497
15893	-3	5	66502
15894	-2	4	66506
15895	-2	4	66510
15896	-2	4	66514
15897	-2	4	66518
15898	-2	4	66522
15899	-2	4	66526
15900	-2	4	66530
15901	-2	4	66534
15902	-2	4	66538
15903	-2	4	66542
15904	-2	4	66546
15905	-2	4	66550
15906	-2	4	66554
15907	-4	6	66560
15908	-2	4	66564
15909	-2	4	66568
15910	-4	6	66574
15911	-2	4	66578
15912	-2	4	66582
15913	-2	4	66586
15914	-2	4	66590
15915	-2	4	66594
15916	-2	4	66598
15917	-2	4	66602
15918	-2	4	66606
15919	-2	4	66610
15920	-2	4	66614
15921	-2	4	66618
15922	-2	4	66622
15923	-2	4	66626
15924	-2	4	66630
15925	-2	4	66634
15926	-2	4	66638
15927	-2	4	66642
15928	-2	4	66646
15929	-2	4	66650
15930	-2	4	66654
15931	-2	4	66658
15932	-2	4	66662
15933	-2	4	66666
15934	-2	4	66670
15935	-2	4	66674
15936	-2	4	66678
15937	-2	4	66682
15938	-2	4	66686
15939	-4	6	66692
15940	-2	4	66696
15941	-2	4	66700
15942	-2	4	66704
15943	-2	4	66708
15944	-2	4	66712
15945	-2	4	66716
15946	-2	4	66720
15947	-2	4	66724
15948	-2	4	66728
15949	-2	4	66732
15950	-2	4	66736
15951	-2	4	66740
15952	-2	4	66744
15953	-2	4	66748
15954	-4	6	66754
15955	-2	4	66758
15956	-2	4	66762
15957	-2	4	66766
15958	-2	4	66770
15959	-2	4	66774
15960	-2	4	66778
15961	-2	4	66782
15962	-2	4	66786
15963	-2	4	66790
15964	-2	4	66794
15965	-2	4	66798
15966	-2	4	66802
15967	-2	4	66806
15968	-2	4	66810
15969	-4	6	66816
15970	-2	4	66820
15971	-2	4	66824
15972	-2	4	66828
15973	-2	4	66832
15974	-2	4	66836
15975	-2	4	66840
15976	-2	4	66844
15977	-2	4	66848
15978	-2	4	66852
15979	-2	4	66856
15980	-2	4	66860
15981	-2	4	66864
15982	-2	4	66868
15983	-2	4	66872
15984	-2	4	66876
15985	-2	4	66880
15986	-2	4	66884
15987	-2	4	66888
15988	-2	4	66892
15989	-4	6	66898
15990	-4	6	66904
15991	-2	4	66908
15992	-2	4	66912
15993	-2	4	66916
15994	-2	4	66920
15995	-2	4	66924
15996	-2	4	66928
15997	-2	4	66932
15998	-2	4	66936
15999	-2	4	66940
16000	-2	4	66944
16001	-2	4	66948
16002	-2	4	66952
16003	-2	4	66956
16004	-2	4	66960
16005	-2	4	66964
16006	-2	4	66968
16007	-2	4	66972
16008	-2	4	66976
16009	-2	4	66980
16010	-2	4	66984
16011	-2	4	66988
16012	-2	4	66992
16013	-2	4	66996
16014	-2	4	67000
16015	-2	4	67004
16016	-2	4	67008
16017	-2	4	67012
16018	-3	5	67017
16019	-2	4	67021
16020	-3	5	67026
16021	-2	4	67030
16022	-2	4	67034
16023	-2	4	67038
16024	-4	6	67044
16025	-2	4	67048
16026	-2	4	67052
16027	-2	4	67056
16028	-4	6	67062
16029	-2	4	67066
16030	-2	4	67070
16031	-2	4	67074
16032	-2	4	67078
16033	-2	4	67082
16034	-2	4	67086
16035	-2	4	67090
16036	-2	4	67094
16037	-2	4	67098
16038	-2	4	67102
16039	-2	4	67106
16040	-2	4	67110
16041	-2	4	67114
16042	-2	4	67118
16043	-2	4	67122
16044	-2	4	67126
16045	-2	4	67130
16046	-2	4	67134
16047	-2	4	67138
16048	-3	5	67143
16049	-2	4	67147
16050	-2	4	67151
16051	-2	4	67155
16052	-2	4	67159
16053	-2	4	67163
16054	-2	4	67167
16055	-2	4	67171
16056	-2	4	67175
16057	-2	4	67179
16058	-2	4	67183
16059	-2	4	67187
16060	-2	4	67191
16061	-2	4	67195
16062	-2	4	67199
16063	-2	4	67203
16064	-2	4	67207
16065	-2	4	67211
16066	-2	4	67215
16067	-2	4	67219
16068	-2	4	67223
16069	-2	4	67227
16070	-2	4	67231
16071	-2	4	67235
16072	-2	4	67239
16073	-4	6	67245
16074	-2	4	67249
16075	-2	4	67253
16076	-2	4	67257
16077	-2	4	67261
16078	-2	4	67265
16079	-2	4	67269
16080	-2	4	67273
16081	-2	4	67277
16082	-2	4	67281
16083	-2	4	67285
16084	-2	4	67289
16085	-2	4	67293
16086	-2	4	67297
16087	-4	6	67303
16088	-2	4	67307
16089	-2	4	67311
16090	-2	4	67315
16091	-2	4	67319
16092	-2	4	67323
16093	-2	4	67327
16094	-2	4	67331
16095	-2	4	67335
16096	-2	4	67339
16097	-2	4	67343
16098	-2	4	67347
16099	-2	4	67351
16100	-2	4	67355
16101	-2	4	67359
16102	-2	4	67363
16103	-2	4	67367
16104	-2	4	67371
16105	-2	4	67375
16106	-2	4	67379
16107	-2	4	67383
16108	-2	4	67387
16109	-2	4	67391
16110	-2	4	67395
16111	-2	4	67399
16112	-2	4	67403
16113	-2	4	67407
16114	-2	4	67411
16115	-2	4	67415
16116	-2	4	67419
16117	-2	4	67423
16118	-2	4	67427
16119	-2	4	67431
16120	-2	4	67435
16121	-2	4	67439
16122	-2	4	67443
16123	-2	4	67447
16124	-2	4	67451
16125	-2	4	67455
16126	-2	4	67459
16127	-2	4	67463
16128	-2	4	67467
16129	-2	4	67471
16130	-3	5	67476
16131	-2	4	67480
16132	-2	4	67484
16133	-2	4	67488
16134	-2	4	67492
16135	-2	4	67496
16136	-2	4	67500
16137	-2	4	67504
16138	-2	4	67508
16139	-2	4	67512
16140	-2	4	67516
16141	-2	4	67520
16142	-2	4	67524
16143	-2	4	67528
16144	-2	4	67532
16145	-2	4	67536
16146	-2	4	67540
16147	-2	4	67544
16148	-2	4	67548
16149	-4	6	67554
16150	-2	4	67558
16151	-2	4	67562
16152	-2	4	67566
16153	-4	6	67572
16154	-2	4	67576
16155	-2	4	67580
16156	-3	5	67585
16157	-2	4	67589
16158	-4	6	67595
16159	-3	5	67600
16160	-2	4	67604
16161	-2	4	67608
16162	-2	4	67612
16163	-2	4	67616
16164	-2	4	67620
16165	-2	4	67624
16166	-2	4	67628
16167	-2	4	67632
16168	-2	4	67636
16169	-2	4	67640
16170	-2	4	67644
16171	-2	4	67648
16172	-2	4	67652
16173	-2	4	67656
16174	-2	4	67660
16175	-2	4	67664
16176	-2	4	67668
16177	-2	4	67672
16178	-2	4	67676
16179	-2	4	67680
16180	-2	4	67684
16181	-2	4	67688
16182	-3	5	67693
16183	-2	4	67697
16184	-2	4	67701
16185	-2	4	67705
16186	-4	6	67711
16187	-4	6	67717
16188	-4	6	67723
16189	-2	4	67727
16190	-2	4	67731
16191	-2	4	67735
16192	-2	4	67739
16193	-2	4	67743
16194	-2	4	67747
16195	-4	6	67753
16196	-2	4	67757
16197	-2	4	67761
16198	-2	4	67765
16199	-2	4	67769
16200	-2	4	67773
16201	-2	4	67777
16202	-2	4	67781
16203	-2	4	67785
16204	-2	4	67789
16205	-2	4	67793
16206	-4	6	67799
16207	-2	4	67803
16208	-2	4	67807
16209	-2	4	67811
16210	-2	4	67815
16211	-2	4	67819
16212	-2	4	67823
16213	-2	4	67827
16214	-2	4	67831
16215	-2	4	67835
16216	-2	4	67839
16217	-2	4	67843
16218	-2	4	67847
16219	-3	5	67852
16220	-2	4	67856
16221	-2	4	67860
16222	-2	4	67864
16223	-2	4	67868
16224	-2	4	67872
16225	-4	6	67878
16226	-2	4	67882
16227	-2	4	67886
16228	-2	4	67890
16229	-2	4	67894
16230	-4	6	67900
16231	-2	4	67904
16232	-4	6	67910
16233	-2	4	67914
16234	-2	4	67918
16235	-2	4	67922
16236	-2	4	67926
16237	-2	4	67930
16238	-2	4	67934
16239	-2	4	67938
16240	-2	4	67942
16241	-4	6	67948
16242	-2	4	67952
16243	-2	4	67956
16244	-2	4	67960
16245	-2	4	67964
16246	-2	4	67968
16247	-2	4	67972
16248	-2	4	67976
16249	-2	4	67980
16250	-2	4	67984
16251	-2	4	67988
16252	-2	4	67992
16253	-2	4	67996
16254	-2	4	68000
16255	-2	4	68004
16256	-2	4	68008
16257	-2	4	68012
16258	-2	4	68016
16259	-2	4	68020
16260	-2	4	68024
16261	-2	4	68028
16262	-2	4	68032
16263	-2	4	68036
16264	-2	4	68040
16265	-2	4	68044
16266	-2	4	68048
16267	-2	4	68052
16268	-2	4	68056
16269	-2	4	68060
16270	-2	4	68064
16271	-2	4	68068
16272	-2	4	68072
16273	-2	4	68076
16274	-2	4	68080
16275	-2	4	68084
16276	-2	4	68088
16277	-2	4	68092
16278	-2	4	68096
16279	-2	4	68100
16280	-2	4	68104
16281	-2	4	68108
16282	-2	4	68112
16283	-2	4	68116
16284	-2	4	68120
16285	-4	6	68126
16286	-4	6	68132
16287	-2	4	68136
16288	-2	4	68140
16289	-2	4	68144
16290	-2	4	68148
16291	-2	4	68152
16292	-2	4	68156
16293	-2	4	68160
16294	-2	4	68164
16295	-2	4	68168
16296	-2	4	68172
16297	-2	4	68176
16298	-2	4	68180
16299	-2	4	68184
16300	-2	4	68188
16301	-2	4	68192
16302	-2	4	68196
16303	-4	6	68202
16304	-2	4	68206
16305	-2	4	68210
16306	-2	4	68214
16307	-2	4	68218
16308	-2	4	68222
16309	-2	4	68226
16310	-2	4	68230
16311	-2	4	68234
16312	-2	4	68238
16313	-2	4	68242
16314	-2	4	68246
16315	-2	4	68250
16316	-2	4	68254
16317	-2	4	68258
16318	-2	4	68262
16319	-2	4	68266
16320	-2	4	68270
16321	-2	4	68274
16322	-2	4	68278
16323	-4	6	68284
16324	-2	4	68288
16325	-2	4	68292
16326	-2	4	68296
16327	-2	4	68300
16328	-2	4	68304
16329	-2	4	68308
16330	-2	4	68312
16331	-2	4	68316
16332	-2	4	68320
16333	-2	4	68324
16334	-2	4	68328
16335	-2	4	68332
16336	-3	5	68337
16337	-2	4	68341
16338	-2	4	68345
16339	-2	4	68349
16340	-2	4	68353
16341	-2	4	68357
16342	-2	4	68361
16343	-2	4	68365
16344	-2	4	68369
16345	-4	6	68375
16346	-2	4	68379
16347	-2	4	68383
16348	-2	4	68387
16349	-2	4	68391
16350	-2	4	68395
16351	-4	6	68401
16352	-2	4	68405
16353	-2	4	68409
16354	-2	4	68413
16355	-2	4	68417
16356	-2	4	68421
16357	-4	6	68427
16358	-2	4	68431
16359	-2	4	68435
16360	-2	4	68439
16361	-2	4	68443
16362	-2	4	68447
16363	-2	4	68451
16364	-4	6	68457
16365	-2	4	68461
16366	-3	5	68466
16367	-2	4	68470
16368	-3	5	68475
16369	-2	4	68479
16370	-2	4	68483
16371	-2	4	68487
16372	-2	4	68491
16373	-2	4	68495
16374	-2	4	68499
16375	-2	4	68503
16376	-2	4	68507
16377	-2	4	68511
16378	-2	4	68515
16379	-2	4	68519
16380	-4	6	68525
16381	-3	5	68530
16382	-2	4	68534
16383	-2	4	68538
16384	-2	4	68542
16385	-2	4	68546
16386	-2	4	68550
16387	-2	4	68554
16388	-2	4	68558
16389	-2	4	68562
16390	-2	4	68566
16391	-2	4	68570
16392	-2	4	68574
16393	-2	4	68578
16394	-2	4	68582
16395	-2	4	68586
16396	-2	4	68590
16397	-4	6	68596
16398	-2	4	68600
16399	-2	4	68604
16400	-3	5	68609
16401	-2	4	68613
16402	-2	4	68617
16403	-2	4	68621
16404	-2	4	68625
16405	-2	4	68629
16406	-2	4	68633
16407	-3	5	68638
16408	-2	4	68642
16409	-2	4	68646
16410	-2	4	68650
16411	-2	4	68654
16412	-2	4	68658
16413	-2	4	68662
16414	-2	4	68666
16415	-2	4	68670
16416	-2	4	68674
16417	-2	4	68678
16418	-2	4	68682
16419	-2	4	68686
16420	-2	4	68690
16421	-2	4	68694
16422	-2	4	68698
16423	-2	4	68702
16424	-2	4	68706
16425	-2	4	68710
16426	-2	4	68714
16427	-2	4	68718
16428	-4	6	68724
16429	-2	4	68728
16430	-2	4	68732
16431	-2	4	68736
16432	-2	4	68740
16433	-4	6	68746
16434	-2	4	68750
16435	-2	4	68754
16436	-2	4	68758
16437	-4	6	68764
16438	-2	4	68768
16439	-2	4	68772
16440	-2	4	68776
16441	-2	4	68780
16442	-2	4	68784
16443	-2	4	68788
16444	-2	4	68792
16445	-2	4	68796
16446	-2	4	68800
16447	-4	6	68806
16448	-2	4	68810
16449	-2	4	68814
16450	-2	4	68818
16451	-2	4	68822
16452	-2	4	68826
16453	-2	4	68830
16454	-2	4	68834
16455	-2	4	68838
16456	-2	4	68842
16457	-4	6	68848
16458	-2	4	68852
16459	-2	4	68856
16460	-2	4	68860
16461	-4	6	68866
16462	-2	4	68870
16463	-4	6	68876
16464	-2	4	68880
16465	-2	4	68884
16466	-2	4	68888
16467	-2	4	68892
16468	-2	4	68896
16469	-2	4	68900
16470	-2	4	68904
16471	-2	4	68908
16472	-2	4	68912
16473	-2	4	68916
16474	-2	4	68920
16475	-2	4	68924
16476	-2	4	68928
16477	-2	4	68932
16478	-2	4	68936
16479	-2	4	68940
16480	-2	4	68944
16481	-2	4	68948
16482	-2	4	68952
16483	-2	4	68956
16484	-2	4	68960
16485	-2	4	68964
16486	-3	5	68969
16487	-2	4	68973
16488	-2	4	68977
16489	-2	4	68981
16490	-6	8	68989
16491	-2	4	68993
16492	-2	4	68997
16493	-2	4	69001
16494	-2	4	69005
16495	-2	4	69009
16496	-2	4	69013
16497	-2	4	69017
16498	-2	4	69021
16499	-2	4	69025
16500	-4	6	69031
16501	-2	4	69035
16502	-2	4	69039
16503	-2	4	69043
16504	-4	6	69049
16505	-2	4	69053
16506	-2	4	69057
16507	-2	4	69061
16508	-2	4	69065
16509	-2	4	69069
16510	-2	4	69073
16511	-2	4	69077
16512	-2	4	69081
16513	-2	4	69085
16514	-2	4	69089
16515	-2	4	69093
16516	-2	4	69097
16517	-2	4	69101
16518	-2	4	69105
16519	-2	4	69109
16520	-2	4	69113
16521	-2	4	69117
16522	-2	4	69121
16523	-4	6	69127
16524	-2	4	69131
16525	-3	5	69136
16526	-2	4	69140
16527	-2	4	69144
16528	-2	4	69148
16529	-2	4	69152
16530	-2	4	69156
16531	-2	4	69160
16532	-2	4	69164
16533	-2	4	69168
16534	-2	4	69172
16535	-2	4	69176
16536	-2	4	69180
16537	-2	4	69184
16538	-2	4	69188
16539	-2	4	69192
16540	-2	4	69196
16541	-2	4	69200
16542	-2	4	69204
16543	-2	4	69208
16544	-2	4	69212
16545	-2	4	69216
16546	-2	4	69220
16547	-2	4	69224
16548	-2	4	69228
16549	-2	4	69232
16550	-2	4	69236
16551	-2	4	69240
16552	-2	4	69244
16553	-2	4	69248
16554	-2	4	69252
16555	-2	4	69256
16556	-2	4	69260
16557	-2	4	69264
16558	-2	4	69268
16559	-2	4	69272
16560	-2	4	69276
16561	-2	4	69280
16562	-2	4	69284
16563	-4	6	69290
16564	-2	4	69294
16565	-2	4	69298
16566	-2	4	69302
16567	-2	4	69306
16568	-4	6	69312
16569	-3	5	69317
16570	-2	4	69321
16571	-2	4	69325
16572	-2	4	69329
16573	-2	4	69333
16574	-2	4	69337
16575	-2	4	69341
16576	-2	4	69345
16577	-2	4	69349
16578	-2	4	69353
16579	-2	4	69357
16580	-2	4	69361
16581	-2	4	69365
16582	-2	4	69369
16583	-2	4	69373
16584	-2	4	69377
16585	-2	4	69381
16586	-2	4	69385
16587	-2	4	69389
16588	-2	4	69393
16589	-2	4	69397
16590	-2	4	69401
16591	-2	4	69405
16592	-2	4	69409
16593	-4	6	69415
16594	-2	4	69419
16595	-2	4	69423
16596	-2	4	69427
16597	-2	4	69431
16598	-2	4	69435
16599	-2	4	69439
16600	-2	4	69443
16601	-2	4	69447
16602	-2	4	69451
16603	-2	4	69455
16604	-2	4	69459
16605	-2	4	69463
16606	-2	4	69467
16607	-2	4	69471
16608	-2	4	69475
16609	-2	4	69479
16610	-2	4	69483
16611	-2	4	69487
16612	-2	4	69491
16613	-2	4	69495
16614	-2	4	69499
16615	-2	4	69503
16616	-2	4	69507
16617	-2	4	69511
16618	-2	4	69515
16619	-2	4	69519
16620	-2	4	69523
16621	-2	4	69527
16622	-2	4	69531
16623	-2	4	69535
16624	-2	4	69539
16625	-3	5	69544
16626	-2	4	69548
16627	-2	4	69552
16628	-2	4	69556
16629	-2	4	69560
16630	-2	4	69564
16631	-2	4	69568
16632	-2	4	69572
16633	-2	4	69576
16634	-2	4	69580
16635	-2	4	69584
16636	-2	4	69588
16637	-2	4	69592
16638	-2	4	69596
16639	-2	4	69600
16640	-2	4	69604
16641	-2	4	69608
16642	-2	4	69612
16643	-2	4	69616
16644	-2	4	69620
16645	-2	4	69624
16646	-2	4	69628
16647	-2	4	69632
16648	-2	4	69636
16649	-2	4	69640
16650	-2	4	69644
16651	-2	4	69648
16652	-2	4	69652
16653	-2	4	69656
16654	-2	4	69660
16655	-2	4	69664
16656	-2	4	69668
16657	-2	4	69672
16658	-2	4	69676
16659	-2	4	69680
16660	-2	4	69684
16661	-2	4	69688
16662	-2	4	69692
16663	-2	4	69696
16664	-2	4	69700
16665	-2	4	69704
16666	-2	4	69708
16667	-2	4	69712
16668	-2	4	69716
16669	-2	4	69720
16670	-2	4	69724
16671	-2	4	69728
16672	-2	4	69732
16673	-2	4	69736
16674	-2	4	69740
16675	-2	4	69744
16676	-2	4	69748
16677	-2	4	69752
16678	-2	4	69756
16679	-2	4	69760
16680	-4	6	69766
16681	-2	4	69770
16682	-2	4	69774
16683	-2	4	69778
16684	-2	4	69782
16685	-3	5	69787
16686	-2	4	69791
16687	-2	4	69795
16688	-2	4	69799
16689	-4	6	69805
16690	-2	4	69809
16691	-2	4	69813
16692	-2	4	69817
16693	-4	6	69823
16694	-2	4	69827
16695	-4	6	69833
16696	-2	4	69837
16697	-2	4	69841
16698	-2	4	69845
16699	-4	6	69851
16700	-2	4	69855
16701	-2	4	69859
16702	-2	4	69863
16703	-2	4	69867
16704	-2	4	69871
16705	-2	4	69875
16706	-6	8	69883
16707	-2	4	69887
16708	-4	6	69893
16709	-2	4	69897
16710	-2	4	69901
16711	-4	6	69907
16712	-2	4	69911
16713	-2	4	69915
16714	-2	4	69919
16715	-2	4	69923
16716	-4	6	69929
16717	-2	4	69933
16718	-2	4	69937
16719	-2	4	69941
16720	-2	4	69945
16721	-2	4	69949
16722	-2	4	69953
16723	-2	4	69957
16724	-2	4	69961
16725	-2	4	69965
16726	-2	4	69969
16727	-2	4	69973
16728	-2	4	69977
16729	-2	4	69981
16730	-2	4	69985
16731	-2	4	69989
16732	-2	4	69993
16733	-2	4	69997
16734	-2	4	70001
16735	-2	4	70005
16736	-2	4	70009
16737	-2	4	70013
16738	-4	6	70019
16739	-2	4	70023
16740	-2	4	70027
16741	-2	4	70031
16742	-2	4	70035
16743	-2	4	70039
16744	-2	4	70043
16745	-2	4	70047
16746	-2	4	70051
16747	-2	4	70055
16748	-2	4	70059
16749	-2	4	70063
16750	-2	4	70067
16751	-2	4	70071
16752	-2	4	70075
16753	-2	4	70079
16754	-2	4	70083
16755	-2	4	70087
16756	-2	4	70091
16757	-4	6	70097
16758	-3	5	70102
16759	-2	4	70106
16760	-2	4	70110
16761	-2	4	70114
16762	-2	4	70118
16763	-2	4	70122
16764	-2	4	70126
16765	-2	4	70130
16766	-2	4	70134
16767	-2	4	70138
16768	-2	4	70142
16769	-2	4	70146
16770	-2	4	70150
16771	-2	4	70154
16772	-2	4	70158
16773	-2	4	70162
16774	-2	4	70166
16775	-2	4	70170
16776	-2	4	70174
16777	-2	4	70178
16778	-2	4	70182
16779	-2	4	70186
16780	-2	4	70190
16781	-2	4	70194
16782	-2	4	70198
16783	-4	6	70204
16784	-2	4	70208
16785	-2	4	70212
16786	-2	4	70216
16787	-2	4	70220
16788	-4	6	70226
16789	-2	4	70230
16790	-3	5	70235
16791	-2	4	70239
16792	-2	4	70243
16793	-2	4	70247
16794	-2	4	70251
16795	-2	4	70255
16796	-2	4	70259
16797	-2	4	70263
16798	-2	4	70267
16799	-4	6	70273
16800	-2	4	70277
16801	-2	4	70281
16802	-2	4	70285
16803	-2	4	70289
16804	-2	4	70293
16805	-2	4	70297
16806	-2	4	70301
16807	-2	4	70305
16808	-2	4	70309
16809	-2	4	70313
16810	-2	4	70317
16811	-2	4	70321
16812	-2	4	70325
16813	-2	4	70329
16814	-2	4	70333
16815	-2	4	70337
16816	-2	4	70341
16817	-2	4	70345
16818	-3	5	70350
16819	-2	4	70354
16820	-2	4	70358
16821	-2	4	70362
16822	-2	4	70366
16823	-2	4	70370
16824	-2	4	70374
16825	-2	4	70378
16826	-2	4	70382
16827	-2	4	70386
16828	-2	4	70390
16829	-2	4	70394
16830	-2	4	70398
16831	-2	4	70402
16832	-2	4	70406
16833	-2	4	70410
16834	-2	4	70414
16835	-2	4	70418
16836	-2	4	70422
16837	-2	4	70426
16838	-2	4	70430
16839	-2	4	70434
16840	-2	4	70438
16841	-2	4	70442
16842	-2	4	70446
16843	-2	4	70450
16844	-2	4	70454
16845	-2	4	70458
16846	-2	4	70462
16847	-2	4	70466
16848	-2	4	70470
16849	-2	4	70474
16850	-2	4	70478
16851	-2	4	70482
16852	-2	4	70486
16853	-2	4	70490
16854	-2	4	70494
16855	-2	4	70498
16856	-2	4	70502
16857	-2	4	70506
16858	-2	4	70510
16859	-2	4	70514
16860	-2	4	70518
16861	-2	4	70522
16862	-2	4	70526
16863	-2	4	70530
16864	-2	4	70534
16865	-2	4	70538
16866	-2	4	70542
16867	-2	4	70546
16868	-2	4	70550
16869	-2	4	70554
16870	-2	4	70558
16871	-2	4	70562
16872	-2	4	70566
16873	-2	4	70570
16874	-2	4	70574
16875	-2	4	70578
16876	-2	4	70582
16877	-2	4	70586
16878	-2	4	70590
16879	-2	4	70594
16880	-2	4	70598
16881	-2	4	70602
16882	-2	4	70606
16883	-2	4	70610
16884	-2	4	70614
16885	-2	4	70618
16886	-2	4	70622
16887	-2	4	70626
16888	-2	4	70630
16889	-2	4	70634
16890	-2	4	70638
16891	-2	4	70642
16892	-2	4	70646
16893	-2	4	70650
16894	-2	4	70654
16895	-4	6	70660
16896	-2	4	70664
16897	-2	4	70668
16898	-2	4	70672
16899	-2	4	70676
16900	-2	4	70680
16901	-2	4	70684
16902	-2	4	70688
16903	-2	4	70692
16904	-4	6	70698
16905	-2	4	70702
16906	-2	4	70706
16907	-2	4	70710
16908	-2	4	70714
16909	-2	4	70718
16910	-2	4	70722
16911	-2	4	70726
16912	-2	4	70730
16913	-2	4	70734
16914	-2	4	70738
16915	-2	4	70742
16916	-2	4	70746
16917	-2	4	70750
16918	-2	4	70754
16919	-2	4	70758
16920	-2	4	70762
16921	-2	4	70766
16922	-2	4	70770
16923	-2	4	70774
16924	-2	4	70778
16925	-2	4	70782
16926	-2	4	70786
16927	-2	4	70790
16928	-2	4	70794
16929	-2	4	70798
16930	-2	4	70802
16931	-2	4	70806
16932	-2	4	70810
16933	-2	4	70814
16934	-2	4	70818
16935	-2	4	70822
16936	-2	4	70826
16937	-2	4	70830
16938	-2	4	70834
16939	-2	4	70838
16940	-2	4	70842
16941	-2	4	70846
16942	-2	4	70850
16943	-4	6	70856
16944	-2	4	70860
16945	-2	4	70864
16946	-2	4	70868
16947	-2	4	70872
16948	-2	4	70876
16949	-2	4	70880
16950	-2	4	70884
16951	-2	4	70888
16952	-2	4	70892
16953	-2	4	70896
16954	-2	4	70900
16955	-2	4	70904
16956	-2	4	70908
16957	-2	4	70912
16958	-2	4	70916
16959	-4	6	70922
16960	-2	4	70926
16961	-4	6	70932
16962	-2	4	70936
16963	-2	4	70940
16964	-2	4	70944
16965	-2	4	70948
16966	-4	6	70954
16967	-2	4	70958
16968	-2	4	70962
16969	-2	4	70966
16970	-2	4	70970
16971	-2	4	70974
16972	-2	4	70978
16973	-2	4	70982
16974	-2	4	70986
16975	-3	5	70991
16976	-2	4	70995
16977	-2	4	70999
16978	-2	4	71003
16979	-2	4	71007
16980	-4	6	71013
16981	-2	4	71017
16982	-2	4	71021
16983	-2	4	71025
16984	-2	4	71029
16985	-4	6	71035
16986	-2	4	71039
16987	-2	4	71043
16988	-2	4	71047
16989	-2	4	71051
16990	-2	4	71055
16991	-2	4	71059
16992	-2	4	71063
16993	-2	4	71067
16994	-2	4	71071
16995	-2	4	71075
16996	-2	4	71079
16997	-2	4	71083
16998	-2	4	71087
16999	-2	4	71091
17000	-2	4	71095
17001	-2	4	71099
17002	-2	4	71103
17003	-2	4	71107
17004	-2	4	71111
17005	-2	4	71115
17006	-2	4	71119
17007	-2	4	71123
17008	-2	4	71127
17009	-2	4	71131
17010	-2	4	71135
17011	-2	4	71139
17012	-2	4	71143
17013	-4	6	71149
17014	-2	4	71153
17015	-2	4	71157
17016	-2	4	71161
17017	-2	4	71165
17018	-2	4	71169
17019	-2	4	71173
17020	-4	6	71179
17021	-2	4	71183
17022	-2	4	71187
17023	-2	4	71191
17024	-4	6	71197
17025	-2	4	71201
17026	-2	4	71205
17027	-2	4	71209
17028	-2	4	71213
17029	-2	4	71217
17030	-2	4	71221
17031	-2	4	71225
17032	-4	6	71231
17033	-2	4	71235
17034	-2	4	71239
17035	-2	4	71243
17036	-2	4	71247
17037	-4	6	71253
17038	-2	4	71257
17039	-2	4	71261
17040	-2	4	71265
17041	-2	4	71269
17042	-2	4	71273
17043	-2	4	71277
17044	-2	4	71281
17045	-2	4	71285
17046	-2	4	71289
17047	-2	4	71293
17048	-2	4	71297
17049	-2	4	71301
17050	-2	4	71305
17051	-3	5	71310
17052	-2	4	71314
17053	-2	4	71318
17054	-2	4	71322
17055	-2	4	71326
17056	-2	4	71330
17057	-2	4	71334
17058	-2	4	71338
17059	-2	4	71342
17060	-2	4	71346
17061	-2	4	71350
17062	-2	4	71354
17063	-2	4	71358
17064	-2	4	71362
17065	-2	4	71366
17066	-2	4	71370
17067	-2	4	71374
17068	-2	4	71378
17069	-2	4	71382
17070	-2	4	71386
17071	-2	4	71390
17072	-2	4	71394
17073	-2	4	71398
17074	-2	4	71402
17075	-2	4	71406
17076	-2	4	71410
17077	-2	4	71414
17078	-2	4	71418
17079	-3	5	71423
17080	-2	4	71427
17081	-2	4	71431
17082	-2	4	71435
17083	-2	4	71439
17084	-2	4	71443
17085	-2	4	71447
17086	-2	4	71451
17087	-2	4	71455
17088	-2	4	71459
17089	-2	4	71463
17090	-2	4	71467
17091	-2	4	71471
17092	-2	4	71475
17093	-2	4	71479
17094	-2	4	71483
17095	-2	4	71487
17096	-2	4	71491
17097	-2	4	71495
17098	-2	4	71499
17099	-2	4	71503
17100	-2	4	71507
17101	-2	4	71511
17102	-2	4	71515
17103	-2	4	71519
17104	-2	4	71523
17105	-2	4	71527
17106	-2	4	71531
17107	-2	4	71535
17108	-2	4	71539
17109	-2	4	71543
17110	-2	4	71547
17111	-2	4	71551
17112	-4	6	71557
17113	-2	4	71561
17114	-2	4	71565
17115	-2	4	71569
17116	-6	8	71577
17117	-2	4	71581
17118	-2	4	71585
17119	-4	6	71591
17120	-2	4	71595
17121	-2	4	71599
17122	-2	4	71603
17123	-2	4	71607
17124	-2	4	71611
17125	-2	4	71615
17126	-2	4	71619
17127	-2	4	71623
17128	-2	4	71627
17129	-2	4	71631
17130	-2	4	71635
17131	-2	4	71639
17132	-2	4	71643
17133	-2	4	71647
17134	-2	4	71651
17135	-2	4	71655
17136	-2	4	71659
17137	-2	4	71663
17138	-2	4	71667
17139	-2	4	71671
17140	-2	4	71675
17141	-2	4	71679
17142	-2	4	71683
17143	-2	4	71687
17144	-2	4	71691
17145	-4	6	71697
17146	-2	4	71701
17147	-2	4	71705
17148	-2	4	71709
17149	-2	4	71713
17150	-2	4	71717
17151	-2	4	71721
17152	-2	4	71725
17153	-2	4	71729
17154	-2	4	71733
17155	-2	4	71737
17156	-4	6	71743
17157	-2	4	71747
17158	-2	4	71751
17159	-2	4	71755
17160	-2	4	71759
17161	-2	4	71763
17162	-2	4	71767
17163	-2	4	71771
17164	-2	4	71775
17165	-2	4	71779
17166	-2	4	71783
17167	-2	4	71787
17168	-2	4	71791
17169	-2	4	71795
17170	-2	4	71799
17171	-4	6	71805
17172	-2	4	71809
17173	-2	4	71813
17174	-2	4	71817
17175	-2	4	71821
17176	-2	4	71825
17177	-2	4	71829
17178	-2	4	71833
17179	-2	4	71837
17180	-2	4	71841
17181	-2	4	71845
17182	-2	4	71849
17183	-2	4	71853
17184	-2	4	71857
17185	-2	4	71861
17186	-2	4	71865
17187	-2	4	71869
17188	-2	4	71873
17189	-2	4	71877
17190	-2	4	71881
17191	-4	6	71887
17192	-2	4	71891
17193	-2	4	71895
17194	-2	4	71899
17195	-2	4	71903
17196	-2	4	71907
17197	-2	4	71911
17198	-2	4	71915
17199	-3	5	71920
17200	-2	4	71924
17201	-2	4	71928
17202	-2	4	71932
17203	-2	4	71936
17204	-2	4	71940
17205	-2	4	71944
17206	-2	4	71948
17207	-2	4	71952
17208	-2	4	71956
17209	-2	4	71960
17210	-2	4	71964
17211	-2	4	71968
17212	-2	4	71972
17213	-2	4	71976
17214	-2	4	71980
17215	-2	4	71984
17216	-2	4	71988
17217	-2	4	71992
17218	-2	4	71996
17219	-2	4	72000
17220	-2	4	72004
17221	-2	4	72008
17222	-2	4	72012
17223	-2	4	72016
17224	-2	4	72020
17225	-2	4	72024
17226	-2	4	72028
17227	-2	4	72032
17228	-2	4	72036
17229	-2	4	72040
17230	-2	4	72044
17231	-2	4	72048
17232	-2	4	72052
17233	-2	4	72056
17234	-2	4	72060
17235	-2	4	72064
17236	-2	4	72068
17237	-2	4	72072
17238	-2	4	72076
17239	-2	4	72080
17240	-2	4	72084
17241	-2	4	72088
17242	-2	4	72092
17243	-2	4	72096
17244	-2	4	72100
17245	-2	4	72104
17246	-2	4	72108
17247	-2	4	72112
17248	-2	4	72116
17249	-2	4	72120
17250	-2	4	72124
17251	-2	4	72128
17252	-2	4	72132
17253	-2	4	72136
17254	-2	4	72140
17255	-2	4	72144
17256	-2	4	72148
17257	-2	4	72152
17258	-2	4	72156
17259	-2	4	72160
17260	-4	6	72166
17261	-2	4	72170
17262	-2	4	72174
17263	-2	4	72178
17264	-2	4	72182
17265	-2	4	72186
17266	-2	4	72190
17267	-2	4	72194
17268	-2	4	72198
17269	-2	4	72202
17270	-2	4	72206
17271	-2	4	72210
17272	-2	4	72214
17273	-2	4	72218
17274	-2	4	72222
17275	-2	4	72226
17276	-2	4	72230
17277	-2	4	72234
17278	-4	6	72240
17279	-2	4	72244
17280	-2	4	72248
17281	-2	4	72252
17282	-2	4	72256
17283	-2	4	72260
17284	-2	4	72264
17285	-2	4	72268
17286	-2	4	72272
17287	-2	4	72276
17288	-2	4	72280
17289	-2	4	72284
17290	-2	4	72288
17291	-2	4	72292
17292	-2	4	72296
17293	-2	4	72300
17294	-2	4	72304
17295	-2	4	72308
17296	-2	4	72312
17297	-2	4	72316
17298	-2	4	72320
17299	-2	4	72324
17300	-2	4	72328
17301	-2	4	72332
17302	-2	4	72336
17303	-2	4	72340
17304	-2	4	72344
17305	-2	4	72348
17306	-4	6	72354
17307	-2	4	72358
17308	-3	5	72363
17309	-2	4	72367
17310	-2	4	72371
17311	-2	4	72375
17312	-2	4	72379
17313	-2	4	72383
17314	-2	4	72387
17315	-2	4	72391
17316	-2	4	72395
17317	-2	4	72399
17318	-2	4	72403
17319	-2	4	72407
17320	-2	4	72411
17321	-2	4	72415
17322	-2	4	72419
17323	-2	4	72423
17324	-2	4	72427
17325	-2	4	72431
17326	-2	4	72435
17327	-2	4	72439
17328	-2	4	72443
17329	-2	4	72447
17330	-2	4	72451
17331	-3	5	72456
17332	-2	4	72460
17333	-2	4	72464
17334	-2	4	72468
17335	-2	4	72472
17336	-2	4	72476
17337	-2	4	72480
17338	-2	4	72484
17339	-2	4	72488
17340	-2	4	72492
17341	-2	4	72496
17342	-2	4	72500
17343	-2	4	72504
17344	-2	4	72508
17345	-4	6	72514
17346	-2	4	72518
17347	-2	4	72522
17348	-2	4	72526
17349	-2	4	72530
17350	-5	7	72537
17351	-2	4	72541
17352	-2	4	72545
17353	-2	4	72549
17354	-2	4	72553
17355	-2	4	72557
17356	-2	4	72561
17357	-4	6	72567
17358	-2	4	72571
17359	-2	4	72575
17360	-2	4	72579
17361	-2	4	72583
17362	-3	5	72588
17363	-2	4	72592
17364	-2	4	72596
17365	-2	4	72600
17366	-2	4	72604
17367	-2	4	72608
17368	-2	4	72612
17369	-2	4	72616
17370	-2	4	72620
17371	-2	4	72624
17372	-2	4	72628
17373	-2	4	72632
17374	-2	4	72636
17375	-2	4	72640
17376	-2	4	72644
17377	-2	4	72648
17378	-2	4	72652
17379	-2	4	72656
17380	-2	4	72660
17381	-2	4	72664
17382	-2	4	72668
17383	-2	4	72672
17384	-2	4	72676
17385	-3	5	72681
17386	-2	4	72685
17387	-2	4	72689
17388	-2	4	72693
17389	-2	4	72697
17390	-2	4	72701
17391	-2	4	72705
17392	-2	4	72709
17393	-2	4	72713
17394	-2	4	72717
17395	-2	4	72721
17396	-4	6	72727
17397	-2	4	72731
17398	-2	4	72735
17399	-2	4	72739
17400	-2	4	72743
17401	-2	4	72747
17402	-2	4	72751
17403	-2	4	72755
17404	-2	4	72759
17405	-2	4	72763
17406	-2	4	72767
17407	-2	4	72771
17408	-2	4	72775
17409	-2	4	72779
17410	-4	6	72785
17411	-2	4	72789
17412	-2	4	72793
17413	-2	4	72797
17414	-4	6	72803
17415	-2	4	72807
17416	-2	4	72811
17417	-2	4	72815
17418	-2	4	72819
17419	-4	6	72825
17420	-4	6	72831
17421	-2	4	72835
17422	-2	4	72839
17423	-2	4	72843
17424	-2	4	72847
17425	-4	6	72853
17426	-2	4	72857
17427	-2	4	72861
17428	-2	4	72865
17429	-2	4	72869
17430	-2	4	72873
17431	-2	4	72877
17432	-2	4	72881
17433	-2	4	72885
17434	-4	6	72891
17435	-2	4	72895
17436	-2	4	72899
17437	-2	4	72903
17438	-2	4	72907
17439	-2	4	72911
17440	-2	4	72915
17441	-4	6	72921
17442	-4	6	72927
17443	-2	4	72931
17444	-2	4	72935
17445	-2	4	72939
17446	-2	4	72943
17447	-2	4	72947
17448	-2	4	72951
17449	-2	4	72955
17450	-2	4	72959
17451	-2	4	72963
17452	-2	4	72967
17453	-2	4	72971
17454	-2	4	72975
17455	-2	4	72979
17456	-2	4	72983
17457	-2	4	72987
17458	-2	4	72991
17459	-2	4	72995
17460	-2	4	72999
17461	-2	4	73003
17462	-2	4	73007
17463	-2	4	73011
17464	-2	4	73015
17465	-2	4	73019
17466	-2	4	73023
17467	-2	4	73027
17468	-2	4	73031
17469	-2	4	73035
17470	-2	4	73039
17471	-2	4	73043
17472	-2	4	73047
17473	-2	4	73051
17474	-2	4	73055
17475	-2	4	73059
17476	-2	4	73063
17477	-2	4	73067
17478	-2	4	73071
17479	-2	4	73075
17480	-2	4	73079
17481	-4	6	73085
17482	-2	4	73089
17483	-2	4	73093
17484	-2	4	73097
17485	-2	4	73101
17486	-2	4	73105
17487	-2	4	73109
17488	-2	4	73113
17489	-2	4	73117
17490	-4	6	73123
17491	-2	4	73127
17492	-2	4	73131
17493	-2	4	73135
17494	-2	4	73139
17495	-2	4	73143
17496	-2	4	73147
17497	-2	4	73151
17498	-2	4	73155
17499	-2	4	73159
17500	-2	4	73163
17501	-2	4	73167
17502	-2	4	73171
17503	-2	4	73175
17504	-2	4	73179
17505	-2	4	73183
17506	-2	4	73187
17507	-2	4	73191
17508	-2	4	73195
17509	-4	6	73201
17510	-2	4	73205
17511	-2	4	73209
17512	-2	4	73213
17513	-2	4	73217
17514	-2	4	73221
17515	-2	4	73225
17516	-2	4	73229
17517	-2	4	73233
17518	-2	4	73237
17519	-2	4	73241
17520	-3	5	73246
17521	-2	4	73250
17522	-2	4	73254
17523	-2	4	73258
17524	-2	4	73262
17525	-4	6	73268
17526	-2	4	73272
17527	-2	4	73276
17528	-5	7	73283
17529	-2	4	73287
17530	-2	4	73291
17531	-2	4	73295
17532	-2	4	73299
17533	-2	4	73303
17534	-2	4	73307
17535	-2	4	73311
17536	-2	4	73315
17537	-2	4	73319
17538	-2	4	73323
17539	-2	4	73327
17540	-2	4	73331
17541	-4	6	73337
17542	-2	4	73341
17543	-2	4	73345
17544	-2	4	73349
17545	-2	4	73353
17546	-2	4	73357
17547	-2	4	73361
17548	-2	4	73365
17549	-2	4	73369
17550	-2	4	73373
17551	-2	4	73377
17552	-2	4	73381
17553	-2	4	73385
17554	-2	4	73389
17555	-2	4	73393
17556	-2	4	73397
17557	-2	4	73401
17558	-2	4	73405
17559	-2	4	73409
17560	-2	4	73413
17561	-2	4	73417
17562	-2	4	73421
17563	-2	4	73425
17564	-4	6	73431
17565	-2	4	73435
17566	-2	4	73439
17567	-2	4	73443
17568	-3	5	73448
17569	-2	4	73452
17570	-2	4	73456
17571	-2	4	73460
17572	-2	4	73464
17573	-2	4	73468
17574	-2	4	73472
17575	-2	4	73476
17576	-2	4	73480
17577	-2	4	73484
17578	-2	4	73488
17579	-2	4	73492
17580	-2	4	73496
17581	-2	4	73500
17582	-2	4	73504
17583	-2	4	73508
17584	-2	4	73512
17585	-2	4	73516
17586	-2	4	73520
17587	-2	4	73524
17588	-2	4	73528
17589	-2	4	73532
17590	-2	4	73536
17591	-2	4	73540
17592	-2	4	73544
17593	-2	4	73548
17594	-2	4	73552
17595	-2	4	73556
17596	-2	4	73560
17597	-2	4	73564
17598	-2	4	73568
17599	-2	4	73572
17600	-2	4	73576
17601	-2	4	73580
17602	-2	4	73584
17603	-2	4	73588
17604	-2	4	73592
17605	-2	4	73596
17606	-4	6	73602
17607	-2	4	73606
17608	-2	4	73610
17609	-4	6	73616
17610	-2	4	73620
17611	-2	4	73624
17612	-2	4	73628
17613	-2	4	73632
17614	-2	4	73636
17615	-3	5	73641
17616	-2	4	73645
17617	-2	4	73649
17618	-2	4	73653
17619	-2	4	73657
17620	-2	4	73661
17621	-2	4	73665
17622	-2	4	73669
17623	-2	4	73673
17624	-2	4	73677
17625	-2	4	73681
17626	-2	4	73685
17627	-2	4	73689
17628	-2	4	73693
17629	-4	6	73699
17630	-2	4	73703
17631	-2	4	73707
17632	-2	4	73711
17633	-2	4	73715
17634	-4	6	73721
17635	-2	4	73725
17636	-2	4	73729
17637	-2	4	73733
17638	-2	4	73737
17639	-2	4	73741
17640	-2	4	73745
17641	-2	4	73749
17642	-2	4	73753
17643	-4	6	73759
17644	-2	4	73763
17645	-2	4	73767
17646	-2	4	73771
17647	-2	4	73775
17648	-2	4	73779
17649	-3	5	73784
17650	-2	4	73788
17651	-2	4	73792
17652	-2	4	73796
17653	-2	4	73800
17654	-2	4	73804
17655	-2	4	73808
17656	-2	4	73812
17657	-2	4	73816
17658	-2	4	73820
17659	-2	4	73824
17660	-2	4	73828
17661	-3	5	73833
17662	-2	4	73837
17663	-2	4	73841
17664	-2	4	73845
17665	-2	4	73849
17666	-2	4	73853
17667	-2	4	73857
17668	-2	4	73861
17669	-2	4	73865
17670	-2	4	73869
17671	-2	4	73873
17672	-2	4	73877
17673	-2	4	73881
17674	-2	4	73885
17675	-2	4	73889
17676	-2	4	73893
17677	-2	4	73897
17678	-2	4	73901
17679	-2	4	73905
17680	-3	5	73910
17681	-2	4	73914
17682	-2	4	73918
17683	-2	4	73922
17684	-2	4	73926
17685	-2	4	73930
17686	-2	4	73934
17687	-4	6	73940
17688	-2	4	73944
17689	-2	4	73948
17690	-2	4	73952
17691	-2	4	73956
17692	-2	4	73960
17693	-2	4	73964
17694	-3	5	73969
17695	-2	4	73973
17696	-2	4	73977
17697	-4	6	73983
17698	-2	4	73987
17699	-2	4	73991
17700	-2	4	73995
17701	-2	4	73999
17702	-2	4	74003
17703	-2	4	74007
17704	-2	4	74011
17705	-2	4	74015
17706	-4	6	74021
17707	-2	4	74025
17708	-2	4	74029
17709	-2	4	74033
17710	-2	4	74037
17711	-2	4	74041
17712	-2	4	74045
17713	-2	4	74049
17714	-2	4	74053
17715	-2	4	74057
17716	-4	6	74063
17717	-2	4	74067
17718	-2	4	74071
17719	-2	4	74075
17720	-3	5	74080
17721	-2	4	74084
17722	-2	4	74088
17723	-2	4	74092
17724	-2	4	74096
17725	-2	4	74100
17726	-2	4	74104
17727	-4	6	74110
17728	-2	4	74114
17729	-2	4	74118
17730	-2	4	74122
17731	-2	4	74126
17732	-2	4	74130
17733	-2	4	74134
17734	-2	4	74138
17735	-2	4	74142
17736	-2	4	74146
17737	-2	4	74150
17738	-2	4	74154
17739	-2	4	74158
17740	-2	4	74162
17741	-2	4	74166
17742	-2	4	74170
17743	-2	4	74174
17744	-2	4	74178
17745	-2	4	74182
17746	-4	6	74188
17747	-2	4	74192
17748	-2	4	74196
17749	-4	6	74202
17750	-2	4	74206
17751	-2	4	74210
17752	-2	4	74214
17753	-2	4	74218
17754	-2	4	74222
17755	-2	4	74226
17756	-2	4	74230
17757	-2	4	74234
17758	-2	4	74238
17759	-4	6	74244
17760	-2	4	74248
17761	-2	4	74252
17762	-2	4	74256
17763	-2	4	74260
17764	-2	4	74264
17765	-2	4	74268
17766	-2	4	74272
17767	-2	4	74276
17768	-4	6	74282
17769	-2	4	74286
17770	-2	4	74290
17771	-2	4	74294
17772	-2	4	74298
17773	-2	4	74302
17774	-2	4	74306
17775	-2	4	74310
17776	-2	4	74314
17777	-2	4	74318
17778	-2	4	74322
17779	-2	4	74326
17780	-2	4	74330
17781	-2	4	74334
17782	-2	4	74338
17783	-2	4	74342
17784	-2	4	74346
17785	-2	4	74350
17786	-2	4	74354
17787	-2	4	74358
17788	-2	4	74362
17789	-2	4	74366
17790	-2	4	74370
17791	-2	4	74374
17792	-3	5	74379
17793	-2	4	74383
17794	-2	4	74387
17795	-2	4	74391
17796	-2	4	74395
17797	-2	4	74399
17798	-2	4	74403
17799	-2	4	74407
17800	-2	4	74411
17801	-2	4	74415
17802	-2	4	74419
17803	-2	4	74423
17804	-2	4	74427
17805	-2	4	74431
17806	-2	4	74435
17807	-2	4	74439
17808	-2	4	74443
17809	-2	4	74447
17810	-2	4	74451
17811	-2	4	74455
17812	-2	4	74459
17813	-2	4	74463
17814	-2	4	74467
17815	-2	4	74471
17816	-2	4	74475
17817	-2	4	74479
17818	-2	4	74483
17819	-2	4	74487
17820	-2	4	74491
17821	-2	4	74495
17822	-2	4	74499
17823	-2	4	74503
17824	-2	4	74507
17825	-2	4	74511
17826	-2	4	74515
17827	-3	5	74520
17828	-2	4	74524
17829	-2	4	74528
17830	-2	4	74532
17831	-2	4	74536
17832	-2	4	74540
17833	-2	4	74544
17834	-2	4	74548
17835	-2	4	74552
17836	-2	4	74556
17837	-2	4	74560
17838	-2	4	74564
17839	-2	4	74568
17840	-2	4	74572
17841	-4	6	74578
17842	-2	4	74582
17843	-2	4	74586
17844	-2	4	74590
17845	-2	4	74594
17846	-2	4	74598
17847	-2	4	74602
17848	-2	4	74606
17849	-4	6	74612
17850	-2	4	74616
17851	-2	4	74620
17852	-2	4	74624
17853	-2	4	74628
17854	-2	4	74632
17855	-2	4	74636
17856	-2	4	74640
17857	-2	4	74644
17858	-2	4	74648
17859	-2	4	74652
17860	-2	4	74656
17861	-2	4	74660
17862	-2	4	74664
17863	-2	4	74668
17864	-2	4	74672
17865	-2	4	74676
17866	-2	4	74680
17867	-2	4	74684
17868	-2	4	74688
17869	-3	5	74693
17870	-2	4	74697
17871	-2	4	74701
17872	-2	4	74705
17873	-2	4	74709
17874	-2	4	74713
17875	-2	4	74717
17876	-2	4	74721
17877	-2	4	74725
17878	-2	4	74729
17879	-2	4	74733
17880	-2	4	74737
17881	-2	4	74741
17882	-2	4	74745
17883	-2	4	74749
17884	-2	4	74753
17885	-2	4	74757
17886	-2	4	74761
17887	-2	4	74765
17888	-2	4	74769
17889	-2	4	74773
17890	-2	4	74777
17891	-2	4	74781
17892	-4	6	74787
17893	-4	6	74793
17894	-2	4	74797
17895	-2	4	74801
17896	-2	4	74805
17897	-2	4	74809
17898	-2	4	74813
17899	-2	4	74817
17900	-2	4	74821
17901	-2	4	74825
17902	-2	4	74829
17903	-2	4	74833
17904	-2	4	74837
17905	-2	4	74841
17906	-2	4	74845
17907	-2	4	74849
17908	-2	4	74853
17909	-2	4	74857
17910	-2	4	74861
17911	-2	4	74865
17912	-2	4	74869
17913	-6	8	74877
17914	-2	4	74881
17915	-2	4	74885
17916	-2	4	74889
17917	-2	4	74893
17918	-2	4	74897
17919	-2	4	74901
17920	-2	4	74905
17921	-2	4	74909
17922	-2	4	74913
17923	-2	4	74917
17924	-2	4	74921
17925	-2	4	74925
17926	-2	4	74929
17927	-4	6	74935
17928	-2	4	74939
17929	-2	4	74943
17930	-2	4	74947
17931	-2	4	74951
17932	-3	5	74956
17933	-2	4	74960
17934	-2	4	74964
17935	-2	4	74968
17936	-2	4	74972
17937	-2	4	74976
17938	-2	4	74980
17939	-2	4	74984
17940	-2	4	74988
17941	-4	6	74994
17942	-2	4	74998
17943	-2	4	75002
17944	-2	4	75006
17945	-2	4	75010
17946	-2	4	75014
17947	-2	4	75018
17948	-2	4	75022
17949	-2	4	75026
17950	-2	4	75030
17951	-2	4	75034
17952	-2	4	75038
17953	-2	4	75042
17954	-2	4	75046
17955	-2	4	75050
17956	-2	4	75054
17957	-2	4	75058
17958	-2	4	75062
17959	-2	4	75066
17960	-4	6	75072
17961	-2	4	75076
17962	-2	4	75080
17963	-2	4	75084
17964	-2	4	75088
17965	-2	4	75092
17966	-3	5	75097
17967	-2	4	75101
17968	-2	4	75105
17969	-2	4	75109
17970	-2	4	75113
17971	-2	4	75117
17972	-2	4	75121
17973	-2	4	75125
17974	-2	4	75129
17975	-2	4	75133
17976	-2	4	75137
17977	-2	4	75141
17978	-2	4	75145
17979	-2	4	75149
17980	-2	4	75153
17981	-6	8	75161
17982	-2	4	75165
17983	-2	4	75169
17984	-2	4	75173
17985	-2	4	75177
17986	-2	4	75181
17987	-2	4	75185
17988	-2	4	75189
17989	-2	4	75193
17990	-2	4	75197
17991	-2	4	75201
17992	-2	4	75205
17993	-3	5	75210
17994	-4	6	75216
17995	-2	4	75220
17996	-2	4	75224
17997	-2	4	75228
17998	-2	4	75232
17999	-2	4	75236
18000	-2	4	75240
18001	-2	4	75244
18002	-2	4	75248
18003	-2	4	75252
18004	-2	4	75256
18005	-2	4	75260
18006	-2	4	75264
18007	-2	4	75268
18008	-2	4	75272
18009	-2	4	75276
18010	-2	4	75280
18011	-2	4	75284
18012	-3	5	75289
18013	-2	4	75293
18014	-3	5	75298
18015	-2	4	75302
18016	-2	4	75306
18017	-2	4	75310
18018	-2	4	75314
18019	-2	4	75318
18020	-2	4	75322
18021	-2	4	75326
18022	-2	4	75330
18023	-2	4	75334
18024	-2	4	75338
18025	-2	4	75342
18026	-2	4	75346
18027	-2	4	75350
18028	-2	4	75354
18029	-2	4	75358
18030	-2	4	75362
18031	-2	4	75366
18032	-2	4	75370
18033	-2	4	75374
18034	-2	4	75378
18035	-2	4	75382
18036	-2	4	75386
18037	-2	4	75390
18038	-2	4	75394
18039	-2	4	75398
18040	-2	4	75402
18041	-2	4	75406
18042	-2	4	75410
18043	-2	4	75414
18044	-2	4	75418
18045	-2	4	75422
18046	-2	4	75426
18047	-2	4	75430
18048	-2	4	75434
18049	-2	4	75438
18050	-2	4	75442
18051	-2	4	75446
18052	-3	5	75451
18053	-2	4	75455
18054	-2	4	75459
18055	-2	4	75463
18056	-2	4	75467
18057	-2	4	75471
18058	-2	4	75475
18059	-2	4	75479
18060	-2	4	75483
18061	-2	4	75487
18062	-2	4	75491
18063	-2	4	75495
18064	-2	4	75499
18065	-4	6	75505
18066	-2	4	75509
18067	-2	4	75513
18068	-6	8	75521
18069	-2	4	75525
18070	-2	4	75529
18071	-2	4	75533
18072	-2	4	75537
18073	-4	6	75543
18074	-2	4	75547
18075	-2	4	75551
18076	-2	4	75555
18077	-2	4	75559
18078	-2	4	75563
18079	-2	4	75567
18080	-2	4	75571
18081	-2	4	75575
18082	-2	4	75579
18083	-2	4	75583
18084	-2	4	75587
18085	-2	4	75591
18086	-3	5	75596
18087	-2	4	75600
18088	-2	4	75604
18089	-2	4	75608
18090	-2	4	75612
18091	-2	4	75616
18092	-2	4	75620
18093	-2	4	75624
18094	-2	4	75628
18095	-2	4	75632
18096	-2	4	75636
18097	-2	4	75640
18098	-2	4	75644
18099	-2	4	75648
18100	-2	4	75652
18101	-2	4	75656
18102	-2	4	75660
18103	-2	4	75664
18104	-2	4	75668
18105	-2	4	75672
18106	-2	4	75676
18107	-4	6	75682
18108	-2	4	75686
18109	-2	4	75690
18110	-2	4	75694
18111	-2	4	75698
18112	-2	4	75702
18113	-2	4	75706
18114	-2	4	75710
18115	-2	4	75714
18116	-2	4	75718
18117	-2	4	75722
18118	-2	4	75726
18119	-2	4	75730
18120	-2	4	75734
18121	-2	4	75738
18122	-2	4	75742
18123	-2	4	75746
18124	-2	4	75750
18125	-2	4	75754
18126	-2	4	75758
18127	-2	4	75762
18128	-2	4	75766
18129	-2	4	75770
18130	-2	4	75774
18131	-2	4	75778
18132	-2	4	75782
18133	-2	4	75786
18134	-2	4	75790
18135	-2	4	75794
18136	-2	4	75798
18137	-2	4	75802
18138	-2	4	75806
18139	-2	4	75810
18140	-2	4	75814
18141	-2	4	75818
18142	-2	4	75822
18143	-2	4	75826
18144	-2	4	75830
18145	-2	4	75834
18146	-2	4	75838
18147	-2	4	75842
18148	-2	4	75846
18149	-2	4	75850
18150	-2	4	75854
18151	-2	4	75858
18152	-2	4	75862
18153	-2	4	75866
18154	-2	4	75870
18155	-2	4	75874
18156	-2	4	75878
18157	-4	6	75884
18158	-4	6	75890
18159	-2	4	75894
18160	-2	4	75898
18161	-2	4	75902
18162	-2	4	75906
18163	-4	6	75912
18164	-2	4	75916
18165	-2	4	75920
18166	-4	6	75926
18167	-2	4	75930
18168	-2	4	75934
18169	-4	6	75940
18170	-2	4	75944
18171	-4	6	75950
18172	-2	4	75954
18173	-2	4	75958
18174	-2	4	75962
18175	-2	4	75966
18176	-2	4	75970
18177	-2	4	75974
18178	-2	4	75978
18179	-2	4	75982
18180	-2	4	75986
18181	-2	4	75990
18182	-2	4	75994
18183	-2	4	75998
18184	-2	4	76002
18185	-2	4	76006
18186	-2	4	76010
18187	-2	4	76014
18188	-2	4	76018
18189	-2	4	76022
18190	-2	4	76026
18191	-2	4	76030
18192	-2	4	76034
18193	-2	4	76038
18194	-2	4	76042
18195	-2	4	76046
18196	-2	4	76050
18197	-2	4	76054
18198	-2	4	76058
18199	-2	4	76062
18200	-2	4	76066
18201	-2	4	76070
18202	-2	4	76074
18203	-2	4	76078
18204	-2	4	76082
18205	-2	4	76086
18206	-2	4	76090
18207	-2	4	76094
18208	-2	4	76098
18209	-2	4	76102
18210	-4	6	76108
18211	-2	4	76112
18212	-2	4	76116
18213	-2	4	76120
18214	-2	4	76124
18215	-2	4	76128
18216	-2	4	76132
18217	-2	4	76136
18218	-2	4	76140
18219	-2	4	76144
18220	-2	4	76148
18221	-2	4	76152
18222	-4	6	76158
18223	-2	4	76162
18224	-2	4	76166
18225	-4	6	76172
18226	-2	4	76176
18227	-2	4	76180
18228	-2	4	76184
18229	-2	4	76188
18230	-2	4	76192
18231	-4	6	76198
18232	-2	4	76202
18233	-2	4	76206
18234	-2	4	76210
18235	-4	6	76216
18236	-4	6	76222
18237	-2	4	76226
18238	-2	4	76230
18239	-2	4	76234
18240	-2	4	76238
18241	-2	4	76242
18242	-4	6	76248
18243	-2	4	76252
18244	-2	4	76256
18245	-2	4	76260
18246	-2	4	76264
18247	-2	4	76268
18248	-3	5	76273
18249	-2	4	76277
18250	-2	4	76281
18251	-2	4	76285
18252	-2	4	76289
18253	-2	4	76293
18254	-2	4	76297
18255	-2	4	76301
18256	-2	4	76305
18257	-2	4	76309
18258	-2	4	76313
18259	-2	4	76317
18260	-2	4	76321
18261	-2	4	76325
18262	-2	4	76329
18263	-2	4	76333
18264	-2	4	76337
18265	-2	4	76341
18266	-2	4	76345
18267	-2	4	76349
18268	-2	4	76353
18269	-2	4	76357
18270	-2	4	76361
18271	-2	4	76365
18272	-2	4	76369
18273	-2	4	76373
18274	-2	4	76377
18275	-2	4	76381
18276	-2	4	76385
18277	-2	4	76389
18278	-2	4	76393
18279	-2	4	76397
18280	-4	6	76403
18281	-5	7	76410
18282	-2	4	76414
18283	-2	4	76418
18284	-2	4	76422
18285	-2	4	76426
18286	-2	4	76430
18287	-2	4	76434
18288	-2	4	76438
18289	-2	4	76442
18290	-2	4	76446
18291	-2	4	76450
18292	-2	4	76454
18293	-2	4	76458
18294	-2	4	76462
18295	-2	4	76466
18296	-2	4	76470
18297	-2	4	76474
18298	-2	4	76478
18299	-2	4	76482
18300	-2	4	76486
18301	-2	4	76490
18302	-2	4	76494
18303	-2	4	76498
18304	-2	4	76502
18305	-2	4	76506
18306	-2	4	76510
18307	-4	6	76516
18308	-4	6	76522
18309	-2	4	76526
18310	-2	4	76530
18311	-2	4	76534
18312	-2	4	76538
18313	-2	4	76542
18314	-2	4	76546
18315	-2	4	76550
18316	-2	4	76554
18317	-2	4	76558
18318	-2	4	76562
18319	-2	4	76566
18320	-2	4	76570
18321	-2	4	76574
18322	-2	4	76578
18323	-2	4	76582
18324	-2	4	76586
18325	-2	4	76590
18326	-2	4	76594
18327	-2	4	76598
18328	-2	4	76602
18329	-2	4	76606
18330	-2	4	76610
18331	-2	4	76614
18332	-2	4	76618
18333	-2	4	76622
18334	-2	4	76626
18335	-2	4	76630
18336	-2	4	76634
18337	-2	4	76638
18338	-2	4	76642
18339	-2	4	76646
18340	-2	4	76650
18341	-4	6	76656
18342	-2	4	76660
18343	-2	4	76664
18344	-3	5	76669
18345	-2	4	76673
18346	-2	4	76677
18347	-2	4	76681
18348	-2	4	76685
18349	-2	4	76689
18350	-2	4	76693
18351	-2	4	76697
18352	-2	4	76701
18353	-2	4	76705
18354	-2	4	76709
18355	-2	4	76713
18356	-2	4	76717
18357	-2	4	76721
18358	-2	4	76725
18359	-2	4	76729
18360	-2	4	76733
18361	-2	4	76737
18362	-2	4	76741
18363	-4	6	76747
18364	-2	4	76751
18365	-2	4	76755
18366	-2	4	76759
18367	-2	4	76763
18368	-2	4	76767
18369	-2	4	76771
18370	-2	4	76775
18371	-2	4	76779
18372	-2	4	76783
18373	-2	4	76787
18374	-2	4	76791
18375	-2	4	76795
18376	-2	4	76799
18377	-2	4	76803
18378	-4	6	76809
18379	-2	4	76813
18380	-4	6	76819
18381	-2	4	76823
18382	-2	4	76827
18383	-2	4	76831
18384	-2	4	76835
18385	-2	4	76839
18386	-2	4	76843
18387	-2	4	76847
18388	-2	4	76851
18389	-4	6	76857
18390	-2	4	76861
18391	-2	4	76865
18392	-2	4	76869
18393	-2	4	76873
18394	-2	4	76877
18395	-2	4	76881
18396	-2	4	76885
18397	-2	4	76889
18398	-2	4	76893
18399	-2	4	76897
18400	-2	4	76901
18401	-2	4	76905
18402	-2	4	76909
18403	-2	4	76913
18404	-2	4	76917
18405	-2	4	76921
18406	-2	4	76925
18407	-2	4	76929
18408	-2	4	76933
18409	-2	4	76937
18410	-2	4	76941
18411	-2	4	76945
18412	-2	4	76949
18413	-2	4	76953
18414	-2	4	76957
18415	-2	4	76961
18416	-2	4	76965
18417	-2	4	76969
18418	-2	4	76973
18419	-2	4	76977
18420	-2	4	76981
18421	-2	4	76985
18422	-2	4	76989
18423	-4	6	76995
18424	-2	4	76999
18425	-2	4	77003
18426	-2	4	77007
18427	-2	4	77011
18428	-2	4	77015
18429	-2	4	77019
18430	-2	4	77023
18431	-2	4	77027
18432	-2	4	77031
18433	-2	4	77035
18434	-2	4	77039
18435	-2	4	77043
18436	-2	4	77047
18437	-4	6	77053
18438	-2	4	77057
18439	-2	4	77061
18440	-2	4	77065
18441	-2	4	77069
18442	-2	4	77073
18443	-4	6	77079
18444	-2	4	77083
18445	-2	4	77087
18446	-2	4	77091
18447	-2	4	77095
18448	-2	4	77099
18449	-4	6	77105
18450	-2	4	77109
18451	-2	4	77113
18452	-2	4	77117
18453	-2	4	77121
18454	-2	4	77125
18455	-2	4	77129
18456	-2	4	77133
18457	-2	4	77137
18458	-2	4	77141
18459	-4	6	77147
18460	-2	4	77151
18461	-2	4	77155
18462	-2	4	77159
18463	-2	4	77163
18464	-2	4	77167
18465	-2	4	77171
18466	-2	4	77175
18467	-2	4	77179
18468	-2	4	77183
18469	-4	6	77189
18470	-2	4	77193
18471	-2	4	77197
18472	-4	6	77203
18473	-4	6	77209
18474	-2	4	77213
18475	-2	4	77217
18476	-2	4	77221
18477	-2	4	77225
18478	-2	4	77229
18479	-2	4	77233
18480	-2	4	77237
18481	-2	4	77241
18482	-2	4	77245
18483	-2	4	77249
18484	-2	4	77253
18485	-2	4	77257
18486	-2	4	77261
18487	-3	5	77266
18488	-2	4	77270
18489	-2	4	77274
18490	-2	4	77278
18491	-2	4	77282
18492	-2	4	77286
18493	-2	4	77290
18494	-2	4	77294
18495	-2	4	77298
18496	-4	6	77304
18497	-2	4	77308
18498	-2	4	77312
18499	-2	4	77316
18500	-2	4	77320
18501	-2	4	77324
18502	-2	4	77328
18503	-2	4	77332
18504	-2	4	77336
18505	-2	4	77340
18506	-2	4	77344
18507	-2	4	77348
18508	-2	4	77352
18509	-6	8	77360
18510	-2	4	77364
18511	-4	6	77370
18512	-2	4	77374
18513	-2	4	77378
18514	-2	4	77382
18515	-2	4	77386
18516	-2	4	77390
18517	-2	4	77394
18518	-2	4	77398
18519	-3	5	77403
18520	-6	8	77411
18521	-2	4	77415
18522	-2	4	77419
18523	-2	4	77423
18524	-2	4	77427
18525	-2	4	77431
18526	-2	4	77435
18527	-4	6	77441
18528	-2	4	77445
18529	-2	4	77449
18530	-2	4	77453
18531	-2	4	77457
18532	-2	4	77461
18533	-2	4	77465
18534	-4	6	77471
18535	-2	4	77475
18536	-2	4	77479
18537	-2	4	77483
18538	-3	5	77488
18539	-2	4	77492
18540	-2	4	77496
18541	-2	4	77500
18542	-2	4	77504
18543	-2	4	77508
18544	-2	4	77512
18545	-4	6	77518
18546	-2	4	77522
18547	-2	4	77526
18548	-2	4	77530
18549	-2	4	77534
18550	-2	4	77538
18551	-2	4	77542
18552	-2	4	77546
18553	-2	4	77550
18554	-2	4	77554
18555	-2	4	77558
18556	-2	4	77562
18557	-4	6	77568
18558	-2	4	77572
18559	-2	4	77576
18560	-2	4	77580
18561	-2	4	77584
18562	-2	4	77588
18563	-4	6	77594
18564	-2	4	77598
18565	-2	4	77602
18566	-2	4	77606
18567	-2	4	77610
18568	-2	4	77614
18569	-2	4	77618
18570	-2	4	77622
18571	-2	4	77626
18572	-2	4	77630
18573	-2	4	77634
18574	-2	4	77638
18575	-2	4	77642
18576	-2	4	77646
18577	-2	4	77650
18578	-2	4	77654
18579	-2	4	77658
18580	-2	4	77662
18581	-2	4	77666
18582	-3	5	77671
18583	-2	4	77675
18584	-2	4	77679
18585	-2	4	77683
18586	-2	4	77687
18587	-4	6	77693
18588	-2	4	77697
18589	-2	4	77701
18590	-2	4	77705
18591	-4	6	77711
18592	-2	4	77715
18593	-2	4	77719
18594	-2	4	77723
18595	-2	4	77727
18596	-2	4	77731
18597	-4	6	77737
18598	-2	4	77741
18599	-2	4	77745
18600	-2	4	77749
18601	-2	4	77753
18602	-2	4	77757
18603	-2	4	77761
18604	-2	4	77765
18605	-4	6	77771
18606	-2	4	77775
18607	-2	4	77779
18608	-2	4	77783
18609	-2	4	77787
18610	-2	4	77791
18611	-2	4	77795
18612	-2	4	77799
18613	-2	4	77803
18614	-2	4	77807
18615	-2	4	77811
18616	-2	4	77815
18617	-2	4	77819
18618	-4	6	77825
18619	-2	4	77829
18620	-2	4	77833
18621	-2	4	77837
18622	-2	4	77841
18623	-2	4	77845
18624	-2	4	77849
18625	-2	4	77853
18626	-2	4	77857
18627	-2	4	77861
18628	-2	4	77865
18629	-2	4	77869
18630	-4	6	77875
18631	-2	4	77879
18632	-2	4	77883
18633	-2	4	77887
18634	-2	4	77891
18635	-2	4	77895
18636	-2	4	77899
18637	-2	4	77903
18638	-2	4	77907
18639	-2	4	77911
18640	-2	4	77915
18641	-2	4	77919
18642	-4	6	77925
18643	-2	4	77929
18644	-2	4	77933
18645	-2	4	77937
18646	-2	4	77941
18647	-4	6	77947
18648	-2	4	77951
18649	-2	4	77955
18650	-2	4	77959
18651	-2	4	77963
18652	-2	4	77967
18653	-2	4	77971
18654	-2	4	77975
18655	-2	4	77979
18656	-2	4	77983
18657	-2	4	77987
18658	-2	4	77991
18659	-2	4	77995
18660	-2	4	77999
18661	-2	4	78003
18662	-2	4	78007
18663	-2	4	78011
18664	-2	4	78015
18665	-2	4	78019
18666	-4	6	78025
18667	-2	4	78029
18668	-2	4	78033
18669	-2	4	78037
18670	-2	4	78041
18671	-2	4	78045
18672	-2	4	78049
18673	-2	4	78053
18674	-2	4	78057
18675	-2	4	78061
18676	-2	4	78065
18677	-2	4	78069
18678	-2	4	78073
18679	-2	4	78077
18680	-4	6	78083
18681	-2	4	78087
18682	-2	4	78091
18683	-2	4	78095
18684	-2	4	78099
18685	-2	4	78103
18686	-2	4	78107
18687	-3	5	78112
18688	-2	4	78116
18689	-2	4	78120
18690	-2	4	78124
18691	-2	4	78128
18692	-2	4	78132
18693	-3	5	78137
18694	-2	4	78141
18695	-2	4	78145
18696	-2	4	78149
18697	-2	4	78153
18698	-2	4	78157
18699	-2	4	78161
18700	-2	4	78165
18701	-2	4	78169
18702	-2	4	78173
18703	-2	4	78177
18704	-2	4	78181
18705	-2	4	78185
18706	-2	4	78189
18707	-2	4	78193
18708	-2	4	78197
18709	-2	4	78201
18710	-2	4	78205
18711	-2	4	78209
18712	-2	4	78213
18713	-2	4	78217
18714	-2	4	78221
18715	-2	4	78225
18716	-2	4	78229
18717	-2	4	78233
18718	-4	6	78239
18719	-2	4	78243
18720	-2	4	78247
18721	-2	4	78251
18722	-2	4	78255
18723	-2	4	78259
18724	-2	4	78263
18725	-2	4	78267
18726	-4	6	78273
18727	-2	4	78277
18728	-2	4	78281
18729	-2	4	78285
18730	-2	4	78289
18731	-2	4	78293
18732	-2	4	78297
18733	-2	4	78301
18734	-2	4	78305
18735	-2	4	78309
18736	-2	4	78313
18737	-2	4	78317
18738	-2	4	78321
18739	-2	4	78325
18740	-2	4	78329
18741	-2	4	78333
18742	-2	4	78337
18743	-2	4	78341
18744	-4	6	78347
18745	-2	4	78351
18746	-2	4	78355
18747	-2	4	78359
18748	-2	4	78363
18749	-2	4	78367
18750	-4	6	78373
18751	-4	6	78379
18752	-2	4	78383
18753	-2	4	78387
18754	-4	6	78393
18755	-4	6	78399
18756	-2	4	78403
18757	-2	4	78407
18758	-2	4	78411
18759	-2	4	78415
18760	-2	4	78419
18761	-2	4	78423
18762	-4	6	78429
18763	-2	4	78433
18764	-2	4	78437
18765	-2	4	78441
18766	-2	4	78445
18767	-2	4	78449
18768	-2	4	78453
18769	-2	4	78457
18770	-2	4	78461
18771	-2	4	78465
18772	-2	4	78469
18773	-2	4	78473
18774	-2	4	78477
18775	-2	4	78481
18776	-2	4	78485
18777	-2	4	78489
18778	-2	4	78493
18779	-2	4	78497
18780	-2	4	78501
18781	-4	6	78507
18782	-2	4	78511
18783	-2	4	78515
18784	-2	4	78519
18785	-2	4	78523
18786	-2	4	78527
18787	-2	4	78531
18788	-2	4	78535
18789	-2	4	78539
18790	-2	4	78543
18791	-2	4	78547
18792	-2	4	78551
18793	-2	4	78555
18794	-2	4	78559
18795	-2	4	78563
18796	-2	4	78567
18797	-2	4	78571
18798	-2	4	78575
18799	-2	4	78579
18800	-2	4	78583
18801	-2	4	78587
18802	-2	4	78591
18803	-2	4	78595
18804	-2	4	78599
18805	-2	4	78603
18806	-2	4	78607
18807	-2	4	78611
18808	-2	4	78615
18809	-2	4	78619
18810	-2	4	78623
18811	-2	4	78627
18812	-2	4	78631
18813	-2	4	78635
18814	-2	4	78639
18815	-2	4	78643
18816	-2	4	78647
18817	-2	4	78651
18818	-4	6	78657
18819	-2	4	78661
18820	-2	4	78665
18821	-4	6	78671
18822	-2	4	78675
18823	-2	4	78679
18824	-2	4	78683
18825	-2	4	78687
18826	-2	4	78691
18827	-3	5	78696
18828	-2	4	78700
18829	-2	4	78704
18830	-2	4	78708
18831	-2	4	78712
18832	-2	4	78716
18833	-2	4	78720
18834	-2	4	78724
18835	-2	4	78728
18836	-2	4	78732
18837	-4	6	78738
18838	-3	5	78743
18839	-2	4	78747
18840	-2	4	78751
18841	-4	6	78757
18842	-2	4	78761
18843	-2	4	78765
18844	-2	4	78769
18845	-2	4	78773
18846	-2	4	78777
18847	-2	4	78781
18848	-2	4	78785
18849	-2	4	78789
18850	-2	4	78793
18851	-2	4	78797
18852	-2	4	78801
18853	-2	4	78805
18854	-2	4	78809
18855	-2	4	78813
18856	-2	4	78817
18857	-2	4	78821
18858	-2	4	78825
18859	-2	4	78829
18860	-2	4	78833
18861	-2	4	78837
18862	-2	4	78841
18863	-2	4	78845
18864	-3	5	78850
18865	-2	4	78854
18866	-4	6	78860
18867	-2	4	78864
18868	-2	4	78868
18869	-2	4	78872
18870	-2	4	78876
18871	-2	4	78880
18872	-2	4	78884
18873	-2	4	78888
18874	-2	4	78892
18875	-2	4	78896
18876	-2	4	78900
18877	-2	4	78904
18878	-4	6	78910
18879	-2	4	78914
18880	-2	4	78918
18881	-2	4	78922
18882	-2	4	78926
18883	-2	4	78930
18884	-2	4	78934
18885	-2	4	78938
18886	-2	4	78942
18887	-2	4	78946
18888	-2	4	78950
18889	-2	4	78954
18890	-2	4	78958
18891	-2	4	78962
18892	-2	4	78966
18893	-2	4	78970
18894	-2	4	78974
18895	-2	4	78978
18896	-2	4	78982
18897	-2	4	78986
18898	-2	4	78990
18899	-2	4	78994
18900	-2	4	78998
18901	-2	4	79002
18902	-3	5	79007
18903	-2	4	79011
18904	-2	4	79015
18905	-2	4	79019
18906	-2	4	79023
18907	-2	4	79027
18908	-2	4	79031
18909	-2	4	79035
18910	-2	4	79039
18911	-2	4	79043
18912	-2	4	79047
18913	-2	4	79051
18914	-3	5	79056
18915	-2	4	79060
18916	-2	4	79064
18917	-2	4	79068
18918	-2	4	79072
18919	-2	4	79076
18920	-2	4	79080
18921	-2	4	79084
18922	-2	4	79088
18923	-2	4	79092
18924	-2	4	79096
18925	-2	4	79100
18926	-2	4	79104
18927	-2	4	79108
18928	-2	4	79112
18929	-2	4	79116
18930	-2	4	79120
18931	-2	4	79124
18932	-2	4	79128
18933	-2	4	79132
18934	-2	4	79136
18935	-2	4	79140
18936	-2	4	79144
18937	-2	4	79148
18938	-2	4	79152
18939	-2	4	79156
18940	-4	6	79162
18941	-2	4	79166
18942	-2	4	79170
18943	-2	4	79174
18944	-2	4	79178
18945	-3	5	79183
18946	-2	4	79187
18947	-2	4	79191
18948	-2	4	79195
18949	-2	4	79199
18950	-2	4	79203
18951	-4	6	79209
18952	-2	4	79213
18953	-2	4	79217
18954	-2	4	79221
18955	-2	4	79225
18956	-2	4	79229
18957	-2	4	79233
18958	-2	4	79237
18959	-2	4	79241
18960	-2	4	79245
18961	-2	4	79249
18962	-2	4	79253
18963	-2	4	79257
18964	-2	4	79261
18965	-3	5	79266
18966	-2	4	79270
18967	-2	4	79274
18968	-2	4	79278
18969	-2	4	79282
18970	-2	4	79286
18971	-2	4	79290
18972	-2	4	79294
18973	-2	4	79298
18974	-2	4	79302
18975	-2	4	79306
18976	-2	4	79310
18977	-2	4	79314
18978	-2	4	79318
18979	-2	4	79322
18980	-2	4	79326
18981	-2	4	79330
18982	-2	4	79334
18983	-2	4	79338
18984	-2	4	79342
18985	-2	4	79346
18986	-2	4	79350
18987	-2	4	79354
18988	-2	4	79358
18989	-4	6	79364
18990	-2	4	79368
18991	-2	4	79372
18992	-2	4	79376
18993	-2	4	79380
18994	-2	4	79384
18995	-2	4	79388
18996	-4	6	79394
18997	-2	4	79398
18998	-2	4	79402
18999	-2	4	79406
19000	-2	4	79410
19001	-2	4	79414
19002	-3	5	79419
19003	-2	4	79423
19004	-2	4	79427
19005	-2	4	79431
19006	-2	4	79435
19007	-2	4	79439
19008	-2	4	79443
19009	-2	4	79447
19010	-4	6	79453
19011	-2	4	79457
19012	-2	4	79461
19013	-2	4	79465
19014	-2	4	79469
19015	-2	4	79473
19016	-2	4	79477
19017	-2	4	79481
19018	-2	4	79485
19019	-2	4	79489
19020	-2	4	79493
19021	-2	4	79497
19022	-2	4	79501
19023	-2	4	79505
19024	-2	4	79509
19025	-2	4	79513
19026	-2	4	79517
19027	-2	4	79521
19028	-4	6	79527
19029	-2	4	79531
19030	-2	4	79535
19031	-2	4	79539
19032	-2	4	79543
19033	-2	4	79547
19034	-2	4	79551
19035	-2	4	79555
19036	-2	4	79559
19037	-2	4	79563
19038	-2	4	79567
19039	-2	4	79571
19040	-2	4	79575
19041	-2	4	79579
19042	-2	4	79583
19043	-2	4	79587
19044	-2	4	79591
19045	-2	4	79595
19046	-2	4	79599
19047	-2	4	79603
19048	-2	4	79607
19049	-2	4	79611
19050	-2	4	79615
19051	-2	4	79619
19052	-4	6	79625
19053	-2	4	79629
19054	-2	4	79633
19055	-2	4	79637
19056	-2	4	79641
19057	-4	6	79647
19058	-2	4	79651
19059	-2	4	79655
19060	-2	4	79659
19061	-2	4	79663
19062	-2	4	79667
19063	-2	4	79671
19064	-2	4	79675
19065	-2	4	79679
19066	-2	4	79683
19067	-4	6	79689
19068	-2	4	79693
19069	-2	4	79697
19070	-4	6	79703
19071	-2	4	79707
19072	-2	4	79711
19073	-3	5	79716
19074	-2	4	79720
19075	-2	4	79724
19076	-2	4	79728
19077	-2	4	79732
19078	-2	4	79736
19079	-2	4	79740
19080	-2	4	79744
19081	-2	4	79748
19082	-2	4	79752
19083	-2	4	79756
19084	-2	4	79760
19085	-2	4	79764
19086	-2	4	79768
19087	-4	6	79774
19088	-2	4	79778
19089	-2	4	79782
19090	-2	4	79786
19091	-2	4	79790
19092	-2	4	79794
19093	-2	4	79798
19094	-2	4	79802
19095	-2	4	79806
19096	-2	4	79810
19097	-2	4	79814
19098	-2	4	79818
19099	-2	4	79822
19100	-2	4	79826
19101	-2	4	79830
19102	-2	4	79834
19103	-2	4	79838
19104	-2	4	79842
19105	-2	4	79846
19106	-2	4	79850
19107	-2	4	79854
19108	-2	4	79858
19109	-2	4	79862
19110	-2	4	79866
19111	-4	6	79872
19112	-2	4	79876
19113	-2	4	79880
19114	-2	4	79884
19115	-2	4	79888
19116	-2	4	79892
19117	-4	6	79898
19118	-2	4	79902
19119	-4	6	79908
19120	-2	4	79912
19121	-2	4	79916
19122	-2	4	79920
19123	-2	4	79924
19124	-2	4	79928
19125	-2	4	79932
19126	-2	4	79936
19127	-2	4	79940
19128	-2	4	79944
19129	-2	4	79948
19130	-2	4	79952
19131	-2	4	79956
19132	-2	4	79960
19133	-2	4	79964
19134	-4	6	79970
19135	-2	4	79974
19136	-2	4	79978
19137	-2	4	79982
19138	-3	5	79987
19139	-4	6	79993
19140	-2	4	79997
19141	-2	4	80001
19142	-2	4	80005
19143	-2	4	80009
19144	-2	4	80013
19145	-2	4	80017
19146	-2	4	80021
19147	-2	4	80025
19148	-4	6	80031
19149	-2	4	80035
19150	-2	4	80039
19151	-2	4	80043
19152	-2	4	80047
19153	-2	4	80051
19154	-2	4	80055
19155	-2	4	80059
19156	-2	4	80063
19157	-2	4	80067
19158	-3	5	80072
19159	-4	6	80078
19160	-4	6	80084
19161	-2	4	80088
19162	-2	4	80092
19163	-2	4	80096
19164	-2	4	80100
19165	-2	4	80104
19166	-2	4	80108
19167	-2	4	80112
19168	-2	4	80116
19169	-2	4	80120
19170	-2	4	80124
19171	-2	4	80128
19172	-2	4	80132
19173	-2	4	80136
19174	-2	4	80140
19175	-2	4	80144
19176	-2	4	80148
19177	-2	4	80152
19178	-2	4	80156
19179	-2	4	80160
19180	-2	4	80164
19181	-2	4	80168
19182	-2	4	80172
19183	-2	4	80176
19184	-2	4	80180
19185	-2	4	80184
19186	-2	4	80188
19187	-2	4	80192
19188	-2	4	80196
19189	-2	4	80200
19190	-2	4	80204
19191	-2	4	80208
19192	-2	4	80212
19193	-2	4	80216
19194	-2	4	80220
19195	-2	4	80224
19196	-2	4	80228
19197	-3	5	80233
19198	-2	4	80237
19199	-2	4	80241
19200	-2	4	80245
19201	-2	4	80249
19202	-2	4	80253
19203	-2	4	80257
19204	-2	4	80261
19205	-2	4	80265
19206	-2	4	80269
19207	-2	4	80273
19208	-2	4	80277
19209	-2	4	80281
19210	-2	4	80285
19211	-2	4	80289
19212	-2	4	80293
19213	-2	4	80297
19214	-2	4	80301
19215	-2	4	80305
19216	-4	6	80311
19217	-2	4	80315
19218	-2	4	80319
19219	-2	4	80323
19220	-2	4	80327
19221	-2	4	80331
19222	-2	4	80335
19223	-2	4	80339
19224	-2	4	80343
19225	-2	4	80347
19226	-2	4	80351
19227	-2	4	80355
19228	-2	4	80359
19229	-2	4	80363
19230	-4	6	80369
19231	-2	4	80373
19232	-2	4	80377
19233	-2	4	80381
19234	-2	4	80385
19235	-2	4	80389
19236	-2	4	80393
19237	-2	4	80397
19238	-2	4	80401
19239	-2	4	80405
19240	-2	4	80409
19241	-2	4	80413
19242	-2	4	80417
19243	-2	4	80421
19244	-2	4	80425
19245	-2	4	80429
19246	-2	4	80433
19247	-2	4	80437
19248	-2	4	80441
19249	-2	4	80445
19250	-2	4	80449
19251	-2	4	80453
19252	-2	4	80457
19253	-4	6	80463
19254	-2	4	80467
19255	-2	4	80471
19256	-2	4	80475
19257	-2	4	80479
19258	-2	4	80483
19259	-2	4	80487
19260	-2	4	80491
19261	-2	4	80495
19262	-3	5	80500
19263	-2	4	80504
19264	-2	4	80508
19265	-2	4	80512
19266	-2	4	80516
19267	-2	4	80520
19268	-2	4	80524
19269	-2	4	80528
19270	-2	4	80532
19271	-2	4	80536
19272	-3	5	80541
19273	-2	4	80545
19274	-2	4	80549
19275	-2	4	80553
19276	-3	5	80558
19277	-2	4	80562
19278	-2	4	80566
19279	-2	4	80570
19280	-4	6	80576
19281	-3	5	80581
19282	-2	4	80585
19283	-2	4	80589
19284	-2	4	80593
19285	-2	4	80597
19286	-2	4	80601
19287	-2	4	80605
19288	-2	4	80609
19289	-2	4	80613
19290	-2	4	80617
19291	-2	4	80621
19292	-2	4	80625
19293	-2	4	80629
19294	-3	5	80634
19295	-2	4	80638
19296	-2	4	80642
19297	-2	4	80646
19298	-2	4	80650
19299	-4	6	80656
19300	-2	4	80660
19301	-2	4	80664
19302	-2	4	80668
19303	-2	4	80672
19304	-2	4	80676
19305	-2	4	80680
19306	-2	4	80684
19307	-2	4	80688
19308	-2	4	80692
19309	-2	4	80696
19310	-2	4	80700
19311	-2	4	80704
19312	-2	4	80708
19313	-4	6	80714
19314	-2	4	80718
19315	-2	4	80722
19316	-2	4	80726
19317	-2	4	80730
19318	-2	4	80734
19319	-4	6	80740
19320	-2	4	80744
19321	-2	4	80748
19322	-2	4	80752
19323	-2	4	80756
19324	-2	4	80760
19325	-2	4	80764
19326	-2	4	80768
19327	-2	4	80772
19328	-2	4	80776
19329	-2	4	80780
19330	-2	4	80784
19331	-2	4	80788
19332	-2	4	80792
19333	-2	4	80796
19334	-2	4	80800
19335	-2	4	80804
19336	-2	4	80808
19337	-2	4	80812
19338	-2	4	80816
19339	-2	4	80820
19340	-2	4	80824
19341	-2	4	80828
19342	-2	4	80832
19343	-2	4	80836
19344	-2	4	80840
19345	-2	4	80844
19346	-2	4	80848
19347	-2	4	80852
19348	-2	4	80856
19349	-2	4	80860
19350	-2	4	80864
19351	-2	4	80868
19352	-4	6	80874
19353	-2	4	80878
19354	-2	4	80882
19355	-2	4	80886
19356	-2	4	80890
19357	-2	4	80894
19358	-2	4	80898
19359	-3	5	80903
19360	-2	4	80907
19361	-2	4	80911
19362	-2	4	80915
19363	-2	4	80919
19364	-2	4	80923
19365	-2	4	80927
19366	-2	4	80931
19367	-2	4	80935
19368	-2	4	80939
19369	-2	4	80943
19370	-2	4	80947
19371	-2	4	80951
19372	-2	4	80955
19373	-2	4	80959
19374	-2	4	80963
19375	-2	4	80967
19376	-2	4	80971
19377	-2	4	80975
19378	-2	4	80979
19379	-2	4	80983
19380	-2	4	80987
19381	-2	4	80991
19382	-2	4	80995
19383	-2	4	80999
19384	-2	4	81003
19385	-2	4	81007
19386	-2	4	81011
19387	-2	4	81015
19388	-2	4	81019
19389	-2	4	81023
19390	-3	5	81028
19391	-2	4	81032
19392	-2	4	81036
19393	-2	4	81040
19394	-2	4	81044
19395	-2	4	81048
19396	-2	4	81052
19397	-2	4	81056
19398	-2	4	81060
19399	-2	4	81064
19400	-2	4	81068
19401	-2	4	81072
19402	-2	4	81076
19403	-2	4	81080
19404	-2	4	81084
19405	-2	4	81088
19406	-2	4	81092
19407	-2	4	81096
19408	-4	6	81102
19409	-2	4	81106
19410	-2	4	81110
19411	-2	4	81114
19412	-2	4	81118
19413	-2	4	81122
19414	-2	4	81126
19415	-2	4	81130
19416	-2	4	81134
19417	-2	4	81138
19418	-2	4	81142
19419	-2	4	81146
19420	-3	5	81151
19421	-2	4	81155
19422	-2	4	81159
19423	-2	4	81163
19424	-2	4	81167
19425	-2	4	81171
19426	-2	4	81175
19427	-2	4	81179
19428	-2	4	81183
19429	-2	4	81187
19430	-2	4	81191
19431	-2	4	81195
19432	-4	6	81201
19433	-2	4	81205
19434	-2	4	81209
19435	-2	4	81213
19436	-2	4	81217
19437	-2	4	81221
19438	-2	4	81225
19439	-2	4	81229
19440	-3	5	81234
19441	-2	4	81238
19442	-2	4	81242
19443	-2	4	81246
19444	-2	4	81250
19445	-2	4	81254
19446	-2	4	81258
19447	-2	4	81262
19448	-4	6	81268
19449	-2	4	81272
19450	-2	4	81276
19451	-2	4	81280
19452	-4	6	81286
19453	-2	4	81290
19454	-2	4	81294
19455	-2	4	81298
19456	-8	10	81308
19457	-2	4	81312
19458	-2	4	81316
19459	-2	4	81320
19460	-2	4	81324
19461	-2	4	81328
19462	-2	4	81332
19463	-2	4	81336
19464	-4	6	81342
19465	-2	4	81346
19466	-2	4	81350
19467	-2	4	81354
19468	-2	4	81358
19469	-4	6	81364
19470	-2	4	81368
19471	-2	4	81372
19472	-2	4	81376
19473	-2	4	81380
19474	-2	4	81384
19475	-2	4	81388
19476	-3	5	81393
19477	-2	4	81397
19478	-2	4	81401
19479	-2	4	81405
19480	-2	4	81409
19481	-2	4	81413
19482	-2	4	81417
19483	-2	4	81421
19484	-2	4	81425
19485	-2	4	81429
19486	-4	6	81435
19487	-2	4	81439
19488	-2	4	81443
19489	-2	4	81447
19490	-4	6	81453
19491	-2	4	81457
19492	-2	4	81461
19493	-2	4	81465
19494	-2	4	81469
19495	-2	4	81473
19496	-2	4	81477
19497	-2	4	81481
19498	-2	4	81485
19499	-2	4	81489
19500	-2	4	81493
19501	-3	5	81498
19502	-2	4	81502
19503	-2	4	81506
19504	-2	4	81510
19505	-2	4	81514
19506	-2	4	81518
19507	-2	4	81522
19508	-2	4	81526
19509	-2	4	81530
19510	-2	4	81534
19511	-2	4	81538
19512	-2	4	81542
19513	-2	4	81546
19514	-2	4	81550
19515	-2	4	81554
19516	-2	4	81558
19517	-2	4	81562
19518	-2	4	81566
19519	-2	4	81570
19520	-2	4	81574
19521	-2	4	81578
19522	-2	4	81582
19523	-2	4	81586
19524	-2	4	81590
19525	-2	4	81594
19526	-2	4	81598
19527	-2	4	81602
19528	-2	4	81606
19529	-4	6	81612
19530	-2	4	81616
19531	-2	4	81620
19532	-3	5	81625
19533	-2	4	81629
19534	-2	4	81633
19535	-2	4	81637
19536	-2	4	81641
19537	-2	4	81645
19538	-2	4	81649
19539	-2	4	81653
19540	-2	4	81657
19541	-2	4	81661
19542	-2	4	81665
19543	-2	4	81669
19544	-2	4	81673
19545	-2	4	81677
19546	-2	4	81681
19547	-2	4	81685
19548	-2	4	81689
19549	-2	4	81693
19550	-2	4	81697
19551	-4	6	81703
19552	-2	4	81707
19553	-2	4	81711
19554	-2	4	81715
19555	-2	4	81719
19556	-2	4	81723
19557	-2	4	81727
19558	-2	4	81731
19559	-2	4	81735
19560	-2	4	81739
19561	-2	4	81743
19562	-2	4	81747
19563	-2	4	81751
19564	-2	4	81755
19565	-2	4	81759
19566	-4	6	81765
19567	-2	4	81769
19568	-2	4	81773
19569	-2	4	81777
19570	-2	4	81781
19571	-2	4	81785
19572	-3	5	81790
19573	-4	6	81796
19574	-2	4	81800
19575	-2	4	81804
19576	-2	4	81808
19577	-4	6	81814
19578	-4	6	81820
19579	-2	4	81824
19580	-2	4	81828
19581	-2	4	81832
19582	-5	7	81839
19583	-2	4	81843
19584	-2	4	81847
19585	-2	4	81851
19586	-2	4	81855
19587	-2	4	81859
19588	-2	4	81863
19589	-2	4	81867
19590	-2	4	81871
19591	-2	4	81875
19592	-2	4	81879
19593	-2	4	81883
19594	-2	4	81887
19595	-2	4	81891
19596	-2	4	81895
19597	-2	4	81899
19598	-2	4	81903
19599	-2	4	81907
19600	-2	4	81911
19601	-2	4	81915
19602	-2	4	81919
19603	-2	4	81923
19604	-2	4	81927
19605	-4	6	81933
19606	-2	4	81937
19607	-2	4	81941
19608	-2	4	81945
19609	-2	4	81949
19610	-2	4	81953
19611	-4	6	81959
19612	-2	4	81963
19613	-2	4	81967
19614	-2	4	81971
19615	-2	4	81975
19616	-2	4	81979
19617	-2	4	81983
19618	-2	4	81987
19619	-2	4	81991
19620	-2	4	81995
19621	-4	6	82001
19622	-4	6	82007
19623	-2	4	82011
19624	-4	6	82017
19625	-2	4	82021
19626	-3	5	82026
19627	-2	4	82030
19628	-2	4	82034
19629	-2	4	82038
19630	-2	4	82042
19631	-2	4	82046
19632	-2	4	82050
19633	-2	4	82054
19634	-2	4	82058
19635	-2	4	82062
19636	-2	4	82066
19637	-2	4	82070
19638	-2	4	82074
19639	-2	4	82078
19640	-2	4	82082
19641	-2	4	82086
19642	-2	4	82090
19643	-4	6	82096
19644	-2	4	82100
19645	-2	4	82104
19646	-2	4	82108
19647	-2	4	82112
19648	-2	4	82116
19649	-2	4	82120
19650	-2	4	82124
19651	-2	4	82128
19652	-2	4	82132
19653	-2	4	82136
19654	-2	4	82140
19655	-2	4	82144
19656	-2	4	82148
19657	-2	4	82152
19658	-2	4	82156
19659	-2	4	82160
19660	-2	4	82164
19661	-4	6	82170
19662	-2	4	82174
19663	-2	4	82178
19664	-2	4	82182
19665	-2	4	82186
19666	-2	4	82190
19667	-2	4	82194
19668	-2	4	82198
19669	-2	4	82202
19670	-2	4	82206
19671	-2	4	82210
19672	-2	4	82214
19673	-2	4	82218
19674	-2	4	82222
19675	-2	4	82226
19676	-2	4	82230
19677	-2	4	82234
19678	-2	4	82238
19679	-2	4	82242
19680	-4	6	82248
19681	-2	4	82252
19682	-2	4	82256
19683	-2	4	82260
19684	-2	4	82264
19685	-2	4	82268
19686	-3	5	82273
19687	-2	4	82277
19688	-2	4	82281
19689	-2	4	82285
19690	-2	4	82289
19691	-2	4	82293
19692	-2	4	82297
19693	-2	4	82301
19694	-2	4	82305
19695	-2	4	82309
19696	-2	4	82313
19697	-2	4	82317
19698	-2	4	82321
19699	-2	4	82325
19700	-3	5	82330
19701	-2	4	82334
19702	-2	4	82338
19703	-2	4	82342
19704	-2	4	82346
19705	-2	4	82350
19706	-2	4	82354
19707	-2	4	82358
19708	-2	4	82362
19709	-2	4	82366
19710	-3	5	82371
19711	-2	4	82375
19712	-2	4	82379
19713	-2	4	82383
19714	-2	4	82387
19715	-2	4	82391
19716	-2	4	82395
19717	-2	4	82399
19718	-2	4	82403
19719	-4	6	82409
19720	-3	5	82414
19721	-2	4	82418
19722	-2	4	82422
19723	-2	4	82426
19724	-2	4	82430
19725	-2	4	82434
19726	-2	4	82438
19727	-2	4	82442
19728	-2	4	82446
19729	-6	8	82454
19730	-2	4	82458
19731	-4	6	82464
19732	-2	4	82468
19733	-2	4	82472
19734	-2	4	82476
19735	-2	4	82480
19736	-2	4	82484
19737	-2	4	82488
19738	-2	4	82492
19739	-2	4	82496
19740	-2	4	82500
19741	-2	4	82504
19742	-2	4	82508
19743	-2	4	82512
19744	-2	4	82516
19745	-2	4	82520
19746	-2	4	82524
19747	-2	4	82528
19748	-2	4	82532
19749	-2	4	82536
19750	-2	4	82540
19751	-2	4	82544
19752	-2	4	82548
19753	-2	4	82552
19754	-2	4	82556
19755	-2	4	82560
19756	-4	6	82566
19757	-2	4	82570
19758	-2	4	82574
19759	-2	4	82578
19760	-2	4	82582
19761	-4	6	82588
19762	-2	4	82592
19763	-2	4	82596
19764	-2	4	82600
19765	-4	6	82606
19766	-2	4	82610
19767	-4	6	82616
19768	-2	4	82620
19769	-2	4	82624
19770	-2	4	82628
19771	-2	4	82632
19772	-4	6	82638
19773	-2	4	82642
19774	-2	4	82646
19775	-2	4	82650
19776	-2	4	82654
19777	-2	4	82658
19778	-2	4	82662
19779	-2	4	82666
19780	-2	4	82670
19781	-2	4	82674
19782	-2	4	82678
19783	-2	4	82682
19784	-2	4	82686
19785	-2	4	82690
19786	-2	4	82694
19787	-2	4	82698
19788	-2	4	82702
19789	-2	4	82706
19790	-2	4	82710
19791	-2	4	82714
19792	-2	4	82718
19793	-2	4	82722
19794	-2	4	82726
19795	-6	8	82734
19796	-2	4	82738
19797	-2	4	82742
19798	-2	4	82746
19799	-2	4	82750
19800	-2	4	82754
19801	-2	4	82758
19802	-4	6	82764
19803	-2	4	82768
19804	-2	4	82772
19805	-2	4	82776
19806	-2	4	82780
19807	-2	4	82784
19808	-2	4	82788
19809	-2	4	82792
19810	-2	4	82796
19811	-2	4	82800
19812	-2	4	82804
19813	-2	4	82808
19814	-2	4	82812
19815	-2	4	82816
19816	-2	4	82820
19817	-2	4	82824
19818	-2	4	82828
19819	-2	4	82832
19820	-2	4	82836
19821	-2	4	82840
19822	-2	4	82844
19823	-2	4	82848
19824	-3	5	82853
19825	-2	4	82857
19826	-2	4	82861
19827	-2	4	82865
19828	-2	4	82869
19829	-2	4	82873
19830	-2	4	82877
19831	-2	4	82881
19832	-4	6	82887
19833	-2	4	82891
19834	-2	4	82895
19835	-2	4	82899
19836	-2	4	82903
19837	-2	4	82907
19838	-2	4	82911
19839	-2	4	82915
19840	-2	4	82919
19841	-2	4	82923
19842	-2	4	82927
19843	-3	5	82932
19844	-2	4	82936
19845	-2	4	82940
19846	-2	4	82944
19847	-2	4	82948
19848	-2	4	82952
19849	-2	4	82956
19850	-2	4	82960
19851	-2	4	82964
19852	-2	4	82968
19853	-2	4	82972
19854	-2	4	82976
19855	-2	4	82980
19856	-2	4	82984
19857	-2	4	82988
19858	-2	4	82992
19859	-2	4	82996
19860	-2	4	83000
19861	-2	4	83004
19862	-2	4	83008
19863	-2	4	83012
19864	-2	4	83016
19865	-2	4	83020
19866	-3	5	83025
19867	-2	4	83029
19868	-2	4	83033
19869	-2	4	83037
19870	-2	4	83041
19871	-2	4	83045
19872	-2	4	83049
19873	-2	4	83053
19874	-2	4	83057
19875	-2	4	83061
19876	-2	4	83065
19877	-2	4	83069
19878	-2	4	83073
19879	-2	4	83077
19880	-2	4	83081
19881	-2	4	83085
19882	-2	4	83089
19883	-2	4	83093
19884	-2	4	83097
19885	-2	4	83101
19886	-2	4	83105
19887	-2	4	83109
19888	-2	4	83113
19889	-2	4	83117
19890	-2	4	83121
19891	-2	4	83125
19892	-2	4	83129
19893	-2	4	83133
19894	-2	4	83137
19895	-2	4	83141
19896	-4	6	83147
19897	-2	4	83151
19898	-2	4	83155
19899	-2	4	83159
19900	-2	4	83163
19901	-2	4	83167
19902	-2	4	83171
19903	-2	4	83175
19904	-2	4	83179
19905	-2	4	83183
19906	-2	4	83187
19907	-2	4	83191
19908	-2	4	83195
19909	-2	4	83199
19910	-2	4	83203
19911	-2	4	83207
19912	-2	4	83211
19913	-2	4	83215
19914	-2	4	83219
19915	-2	4	83223
19916	-2	4	83227
19917	-2	4	83231
19918	-2	4	83235
19919	-2	4	83239
19920	-2	4	83243
19921	-2	4	83247
19922	-2	4	83251
19923	-2	4	83255
19924	-2	4	83259
19925	-2	4	83263
19926	-2	4	83267
19927	-2	4	83271
19928	-4	6	83277
19929	-2	4	83281
19930	-2	4	83285
19931	-2	4	83289
19932	-2	4	83293
19933	-2	4	83297
19934	-2	4	83301
19935	-2	4	83305
19936	-2	4	83309
19937	-2	4	83313
19938	-4	6	83319
19939	-2	4	83323
19940	-3	5	83328
19941	-2	4	83332
19942	-2	4	83336
19943	-2	4	83340
19944	-2	4	83344
19945	-2	4	83348
19946	-2	4	83352
19947	-4	6	83358
19948	-2	4	83362
19949	-2	4	83366
19950	-2	4	83370
19951	-2	4	83374
19952	-2	4	83378
19953	-2	4	83382
19954	-2	4	83386
19955	-2	4	83390
19956	-2	4	83394
19957	-2	4	83398
19958	-4	6	83404
19959	-2	4	83408
19960	-2	4	83412
19961	-4	6	83418
19962	-2	4	83422
19963	-2	4	83426
19964	-2	4	83430
19965	-3	5	83435
19966	-2	4	83439
19967	-2	4	83443
19968	-2	4	83447
19969	-4	6	83453
19970	-2	4	83457
19971	-2	4	83461
19972	-2	4	83465
19973	-2	4	83469
19974	-2	4	83473
19975	-2	4	83477
19976	-2	4	83481
19977	-2	4	83485
19978	-2	4	83489
19979	-2	4	83493
19980	-2	4	83497
19981	-2	4	83501
19982	-2	4	83505
19983	-4	6	83511
19984	-2	4	83515
19985	-4	6	83521
19986	-2	4	83525
19987	-2	4	83529
19988	-2	4	83533
19989	-4	6	83539
19990	-2	4	83543
19991	-2	4	83547
19992	-2	4	83551
19993	-2	4	83555
19994	-2	4	83559
19995	-2	4	83563
19996	-2	4	83567
19997	-2	4	83571
19998	-2	4	83575
19999	-2	4	83579
