Episode	Accumulated Reward	Length	Steps
0	-6	8	8
1	-24	26	34
2	-15	17	51
3	-33	35	86
4	-4	6	92
5	-6	8	100
6	-43	45	145
7	-2	4	149
8	-2	4	153
9	-2	4	157
10	-2	4	161
11	-2	4	165
12	-2	4	169
13	-8	10	179
14	-2	4	183
15	-2	4	187
16	-2	4	191
17	-2	4	195
18	-2	4	199
19	-2	4	203
20	-2	4	207
21	-2	4	211
22	-2	4	215
23	-2	4	219
24	-2	4	223
25	-3	5	228
26	-2	4	232
27	-2	4	236
28	-2	4	240
29	-2	4	244
30	-2	4	248
31	-2	4	252
32	-2	4	256
33	-2	4	260
34	-2	4	264
35	-2	4	268
36	-2	4	272
37	-4	6	278
38	-4	6	284
39	-2	4	288
40	-2	4	292
41	-2	4	296
42	-2	4	300
43	-2	4	304
44	-2	4	308
45	-2	4	312
46	-2	4	316
47	-2	4	320
48	-2	4	324
49	-2	4	328
50	-4	6	334
51	-2	4	338
52	-2	4	342
53	-2	4	346
54	-2	4	350
55	-2	4	354
56	-2	4	358
57	-2	4	362
58	-2	4	366
59	-2	4	370
60	-2	4	374
61	-2	4	378
62	-2	4	382
63	-2	4	386
64	-2	4	390
65	-2	4	394
66	-2	4	398
67	-2	4	402
68	-2	4	406
69	-2	4	410
70	-2	4	414
71	-2	4	418
72	-2	4	422
73	-2	4	426
74	-2	4	430
75	-2	4	434
76	-2	4	438
77	-2	4	442
78	-2	4	446
79	-2	4	450
80	-2	4	454
81	-5	7	461
82	-2	4	465
83	-2	4	469
84	-2	4	473
85	-2	4	477
86	-2	4	481
87	-2	4	485
88	-2	4	489
89	-2	4	493
90	-2	4	497
91	-2	4	501
92	-2	4	505
93	-2	4	509
94	-4	6	515
95	-2	4	519
96	-4	6	525
97	-2	4	529
98	-2	4	533
99	-2	4	537
100	-2	4	541
101	-2	4	545
102	-2	4	549
103	-2	4	553
104	-2	4	557
105	-2	4	561
106	-2	4	565
107	-14	16	581
108	-2	4	585
109	-2	4	589
110	-2	4	593
111	-2	4	597
112	-2	4	601
113	-4	6	607
114	-2	4	611
115	-2	4	615
116	-2	4	619
117	-2	4	623
118	-2	4	627
119	-2	4	631
120	-2	4	635
121	-2	4	639
122	-2	4	643
123	-2	4	647
124	-2	4	651
125	-2	4	655
126	-2	4	659
127	-2	4	663
128	-2	4	667
129	-2	4	671
130	-4	6	677
131	-2	4	681
132	-3	5	686
133	-2	4	690
134	-2	4	694
135	-2	4	698
136	-2	4	702
137	-2	4	706
138	-2	4	710
139	-2	4	714
140	-2	4	718
141	-2	4	722
142	-2	4	726
143	-2	4	730
144	-2	4	734
145	-2	4	738
146	-2	4	742
147	-2	4	746
148	-2	4	750
149	-2	4	754
150	-2	4	758
151	-2	4	762
152	-4	6	768
153	-2	4	772
154	-2	4	776
155	-2	4	780
156	-2	4	784
157	-2	4	788
158	-2	4	792
159	-2	4	796
160	-2	4	800
161	-2	4	804
162	-2	4	808
163	-2	4	812
164	-2	4	816
165	-2	4	820
166	-2	4	824
167	-2	4	828
168	-2	4	832
169	-2	4	836
170	-2	4	840
171	-2	4	844
172	-2	4	848
173	-2	4	852
174	-2	4	856
175	-2	4	860
176	-2	4	864
177	-2	4	868
178	-2	4	872
179	-2	4	876
180	-2	4	880
181	-2	4	884
182	-3	5	889
183	-2	4	893
184	-2	4	897
185	-2	4	901
186	-2	4	905
187	-2	4	909
188	-2	4	913
189	-2	4	917
190	-2	4	921
191	-2	4	925
192	-2	4	929
193	-2	4	933
194	-2	4	937
195	-2	4	941
196	-2	4	945
197	-2	4	949
198	-3	5	954
199	-2	4	958
200	-2	4	962
201	-2	4	966
202	-2	4	970
203	-2	4	974
204	-4	6	980
205	-2	4	984
206	-2	4	988
207	-2	4	992
208	-2	4	996
209	-2	4	1000
210	-2	4	1004
211	-2	4	1008
212	-2	4	1012
213	-2	4	1016
214	-2	4	1020
215	-2	4	1024
216	-2	4	1028
217	-2	4	1032
218	-2	4	1036
219	-2	4	1040
220	-2	4	1044
221	-2	4	1048
222	-2	4	1052
223	-2	4	1056
224	-2	4	1060
225	-2	4	1064
226	-2	4	1068
227	-25	27	1095
228	-2	4	1099
229	-2	4	1103
230	-97	99	1202
231	-2	4	1206
232	-2	4	1210
233	-2	4	1214
234	-2	4	1218
235	-2	4	1222
236	-2	4	1226
237	-2	4	1230
238	-2	4	1234
239	-2	4	1238
240	-2	4	1242
241	-2	4	1246
242	-2	4	1250
243	-2	4	1254
244	-2	4	1258
245	-2	4	1262
246	-2	4	1266
247	-2	4	1270
248	-3	5	1275
249	-2	4	1279
250	-2	4	1283
251	-2	4	1287
252	-2	4	1291
253	-2	4	1295
254	-20	22	1317
255	-4	6	1323
256	-2	4	1327
257	-2	4	1331
258	-2	4	1335
259	-2	4	1339
260	-2	4	1343
261	-2	4	1347
262	-2	4	1351
263	-2	4	1355
264	-2	4	1359
265	-2	4	1363
266	-2	4	1367
267	-2	4	1371
268	-2	4	1375
269	-2	4	1379
270	-2	4	1383
271	-2	4	1387
272	-2	4	1391
273	-2	4	1395
274	-2	4	1399
275	-2	4	1403
276	-2	4	1407
277	-4	6	1413
278	-2	4	1417
279	-2	4	1421
280	-2	4	1425
281	-3	5	1430
282	-2	4	1434
283	-2	4	1438
284	-2	4	1442
285	-2	4	1446
286	-2	4	1450
287	-2	4	1454
288	-2	4	1458
289	-2	4	1462
290	-26	28	1490
291	-2	4	1494
292	-2	4	1498
293	-2	4	1502
294	-2	4	1506
295	-2	4	1510
296	-2	4	1514
297	-2	4	1518
298	-2	4	1522
299	-2	4	1526
300	-2	4	1530
301	-2	4	1534
302	-2	4	1538
303	-2	4	1542
304	-4	6	1548
305	-4	6	1554
306	-2	4	1558
307	-2	4	1562
308	-2	4	1566
309	-2	4	1570
310	-2	4	1574
311	-2	4	1578
312	-2	4	1582
313	-2	4	1586
314	-2	4	1590
315	-2	4	1594
316	-2	4	1598
317	-2	4	1602
318	-2	4	1606
319	-2	4	1610
320	-2	4	1614
321	-4	6	1620
322	-2	4	1624
323	-2	4	1628
324	-2	4	1632
325	-2	4	1636
326	-2	4	1640
327	-2	4	1644
328	-2	4	1648
329	-2	4	1652
330	-2	4	1656
331	-2	4	1660
332	-2	4	1664
333	-2	4	1668
334	-2	4	1672
335	-2	4	1676
336	-2	4	1680
337	-2	4	1684
338	-3	5	1689
339	-2	4	1693
340	-2	4	1697
341	-2	4	1701
342	-2	4	1705
343	-4	6	1711
344	-2	4	1715
345	-2	4	1719
346	-2	4	1723
347	-2	4	1727
348	-2	4	1731
349	-2	4	1735
350	-4	6	1741
351	-2	4	1745
352	-2	4	1749
353	-2	4	1753
354	-2	4	1757
355	-2	4	1761
356	-2	4	1765
357	-2	4	1769
358	-2	4	1773
359	-2	4	1777
360	-2	4	1781
361	-2	4	1785
362	-2	4	1789
363	-2	4	1793
364	-2	4	1797
365	-3	5	1802
366	-2	4	1806
367	-2	4	1810
368	-2	4	1814
369	-2	4	1818
370	-2	4	1822
371	-2	4	1826
372	-2	4	1830
373	-2	4	1834
374	-2	4	1838
375	-2	4	1842
376	-2	4	1846
377	-2	4	1850
378	-2	4	1854
379	-2	4	1858
380	-2	4	1862
381	-2	4	1866
382	-2	4	1870
383	-2	4	1874
384	-2	4	1878
385	-2	4	1882
386	-2	4	1886
387	-2	4	1890
388	-2	4	1894
389	-2	4	1898
390	-2	4	1902
391	-2	4	1906
392	-2	4	1910
393	-2	4	1914
394	-2	4	1918
395	-2	4	1922
396	-2	4	1926
397	-2	4	1930
398	-2	4	1934
399	-2	4	1938
400	-2	4	1942
401	-2	4	1946
402	-2	4	1950
403	-2	4	1954
404	-2	4	1958
405	-2	4	1962
406	-2	4	1966
407	-2	4	1970
408	-2	4	1974
409	-2	4	1978
410	-2	4	1982
411	-2	4	1986
412	-2	4	1990
413	-2	4	1994
414	-2	4	1998
415	-2	4	2002
416	-4	6	2008
417	-2	4	2012
418	-6	8	2020
419	-2	4	2024
420	-2	4	2028
421	-2	4	2032
422	-2	4	2036
423	-2	4	2040
424	-2	4	2044
425	-2	4	2048
426	-4	6	2054
427	-2	4	2058
428	-2	4	2062
429	-2	4	2066
430	-2	4	2070
431	-2	4	2074
432	-2	4	2078
433	-2	4	2082
434	-2	4	2086
435	-2	4	2090
436	-2	4	2094
437	-2	4	2098
438	-2	4	2102
439	-2	4	2106
440	-2	4	2110
441	-2	4	2114
442	-2	4	2118
443	-2	4	2122
444	-2	4	2126
445	-2	4	2130
446	-2	4	2134
447	-2	4	2138
448	-2	4	2142
449	-2	4	2146
450	-2	4	2150
451	-2	4	2154
452	-2	4	2158
453	-2	4	2162
454	-2	4	2166
455	-2	4	2170
456	-2	4	2174
457	-2	4	2178
458	-2	4	2182
459	-2	4	2186
460	-2	4	2190
461	-2	4	2194
462	-2	4	2198
463	-2	4	2202
464	-2	4	2206
465	-2	4	2210
466	-2	4	2214
467	-2	4	2218
468	-2	4	2222
469	-2	4	2226
470	-2	4	2230
471	-2	4	2234
472	-2	4	2238
473	-2	4	2242
474	-2	4	2246
475	-2	4	2250
476	-2	4	2254
477	-2	4	2258
478	-2	4	2262
479	-2	4	2266
480	-2	4	2270
481	-2	4	2274
482	-2	4	2278
483	-2	4	2282
484	-2	4	2286
485	-2	4	2290
486	-2	4	2294
487	-2	4	2298
488	-2	4	2302
489	-2	4	2306
490	-2	4	2310
491	-2	4	2314
492	-2	4	2318
493	-2	4	2322
494	-2	4	2326
495	-2	4	2330
496	-2	4	2334
497	-2	4	2338
498	-2	4	2342
499	-2	4	2346
500	-2	4	2350
501	-2	4	2354
502	-2	4	2358
503	-2	4	2362
504	-2	4	2366
505	-2	4	2370
506	-2	4	2374
507	-2	4	2378
508	-2	4	2382
509	-2	4	2386
510	-2	4	2390
511	-2	4	2394
512	-2	4	2398
513	-2	4	2402
514	-2	4	2406
515	-2	4	2410
516	-2	4	2414
517	-3	5	2419
518	-2	4	2423
519	-2	4	2427
520	-2	4	2431
521	-2	4	2435
522	-2	4	2439
523	-2	4	2443
524	-2	4	2447
525	-2	4	2451
526	-2	4	2455
527	-2	4	2459
528	-2	4	2463
529	-2	4	2467
530	-2	4	2471
531	-2	4	2475
532	-4	6	2481
533	-2	4	2485
534	-2	4	2489
535	-2	4	2493
536	-2	4	2497
537	-2	4	2501
538	-2	4	2505
539	-4	6	2511
540	-2	4	2515
541	-2	4	2519
542	-4	6	2525
543	-2	4	2529
544	-2	4	2533
545	-2	4	2537
546	-2	4	2541
547	-2	4	2545
548	-2	4	2549
549	-4	6	2555
550	-2	4	2559
551	-2	4	2563
552	-2	4	2567
553	-2	4	2571
554	-2	4	2575
555	-2	4	2579
556	-2	4	2583
557	-2	4	2587
558	-2	4	2591
559	-2	4	2595
560	-2	4	2599
561	-2	4	2603
562	-2	4	2607
563	-4	6	2613
564	-2	4	2617
565	-2	4	2621
566	-2	4	2625
567	-2	4	2629
568	-2	4	2633
569	-2	4	2637
570	-2	4	2641
571	-2	4	2645
572	-2	4	2649
573	-2	4	2653
574	-2	4	2657
575	-2	4	2661
576	-2	4	2665
577	-2	4	2669
578	-2	4	2673
579	-2	4	2677
580	-2	4	2681
581	-2	4	2685
582	-2	4	2689
583	-2	4	2693
584	-2	4	2697
585	-4	6	2703
586	-2	4	2707
587	-2	4	2711
588	-2	4	2715
589	-2	4	2719
590	-2	4	2723
591	-2	4	2727
592	-2	4	2731
593	-4	6	2737
594	-2	4	2741
595	-2	4	2745
596	-2	4	2749
597	-2	4	2753
598	-2	4	2757
599	-2	4	2761
600	-2	4	2765
601	-2	4	2769
602	-2	4	2773
603	-3	5	2778
604	-2	4	2782
605	-2	4	2786
606	-4	6	2792
607	-2	4	2796
608	-2	4	2800
609	-2	4	2804
610	-2	4	2808
611	-2	4	2812
612	-2	4	2816
613	-2	4	2820
614	-2	4	2824
615	-2	4	2828
616	-2	4	2832
617	-2	4	2836
618	-2	4	2840
619	-2	4	2844
620	-2	4	2848
621	-2	4	2852
622	-2	4	2856
623	-2	4	2860
624	-2	4	2864
625	-2	4	2868
626	-2	4	2872
627	-2	4	2876
628	-2	4	2880
629	-2	4	2884
630	-2	4	2888
631	-2	4	2892
632	-2	4	2896
633	-2	4	2900
634	-2	4	2904
635	-2	4	2908
636	-2	4	2912
637	-2	4	2916
638	-2	4	2920
639	-2	4	2924
640	-2	4	2928
641	-4	6	2934
642	-2	4	2938
643	-2	4	2942
644	-2	4	2946
645	-2	4	2950
646	-2	4	2954
647	-2	4	2958
648	-2	4	2962
649	-2	4	2966
650	-2	4	2970
651	-3	5	2975
652	-2	4	2979
653	-2	4	2983
654	-2	4	2987
655	-2	4	2991
656	-2	4	2995
657	-2	4	2999
658	-2	4	3003
659	-2	4	3007
660	-2	4	3011
661	-2	4	3015
662	-2	4	3019
663	-2	4	3023
664	-2	4	3027
665	-2	4	3031
666	-2	4	3035
667	-2	4	3039
668	-2	4	3043
669	-2	4	3047
670	-2	4	3051
671	-2	4	3055
672	-2	4	3059
673	-2	4	3063
674	-2	4	3067
675	-2	4	3071
676	-2	4	3075
677	-2	4	3079
678	-2	4	3083
679	-2	4	3087
680	-2	4	3091
681	-2	4	3095
682	-2	4	3099
683	-2	4	3103
684	-2	4	3107
685	-2	4	3111
686	-2	4	3115
687	-2	4	3119
688	-2	4	3123
689	-2	4	3127
690	-2	4	3131
691	-2	4	3135
692	-2	4	3139
693	-2	4	3143
694	-2	4	3147
695	-2	4	3151
696	-2	4	3155
697	-2	4	3159
698	-4	6	3165
699	-2	4	3169
700	-2	4	3173
701	-2	4	3177
702	-2	4	3181
703	-2	4	3185
704	-2	4	3189
705	-2	4	3193
706	-2	4	3197
707	-2	4	3201
708	-2	4	3205
709	-2	4	3209
710	-2	4	3213
711	-2	4	3217
712	-2	4	3221
713	-2	4	3225
714	-2	4	3229
715	-2	4	3233
716	-2	4	3237
717	-2	4	3241
718	-2	4	3245
719	-2	4	3249
720	-2	4	3253
721	-2	4	3257
722	-2	4	3261
723	-2	4	3265
724	-2	4	3269
725	-2	4	3273
726	-3	5	3278
727	-4	6	3284
728	-2	4	3288
729	-2	4	3292
730	-2	4	3296
731	-2	4	3300
732	-2	4	3304
733	-2	4	3308
734	-2	4	3312
735	-2	4	3316
736	-2	4	3320
737	-2	4	3324
738	-2	4	3328
739	-4	6	3334
740	-2	4	3338
741	-2	4	3342
742	-2	4	3346
743	-2	4	3350
744	-2	4	3354
745	-2	4	3358
746	-2	4	3362
747	-2	4	3366
748	-2	4	3370
749	-2	4	3374
750	-2	4	3378
751	-5	7	3385
752	-2	4	3389
753	-2	4	3393
754	-3	5	3398
755	-2	4	3402
756	-2	4	3406
757	-4	6	3412
758	-2	4	3416
759	-2	4	3420
760	-2	4	3424
761	-2	4	3428
762	-2	4	3432
763	-2	4	3436
764	-2	4	3440
765	-2	4	3444
766	-2	4	3448
767	-2	4	3452
768	-2	4	3456
769	-2	4	3460
770	-2	4	3464
771	-2	4	3468
772	-2	4	3472
773	-2	4	3476
774	-2	4	3480
775	-2	4	3484
776	-2	4	3488
777	-2	4	3492
778	-2	4	3496
779	-2	4	3500
780	-2	4	3504
781	-2	4	3508
782	-2	4	3512
783	-2	4	3516
784	-2	4	3520
785	-2	4	3524
786	-2	4	3528
787	-2	4	3532
788	-2	4	3536
789	-2	4	3540
790	-2	4	3544
791	-2	4	3548
792	-2	4	3552
793	-2	4	3556
794	-2	4	3560
795	-2	4	3564
796	-2	4	3568
797	-2	4	3572
798	-2	4	3576
799	-4	6	3582
800	-2	4	3586
801	-2	4	3590
802	-2	4	3594
803	-2	4	3598
804	-2	4	3602
805	-2	4	3606
806	-2	4	3610
807	-2	4	3614
808	-2	4	3618
809	-2	4	3622
810	-2	4	3626
811	-2	4	3630
812	-2	4	3634
813	-2	4	3638
814	-3	5	3643
815	-2	4	3647
816	-2	4	3651
817	-2	4	3655
818	-2	4	3659
819	-2	4	3663
820	-2	4	3667
821	-2	4	3671
822	-2	4	3675
823	-2	4	3679
824	-2	4	3683
825	-2	4	3687
826	-2	4	3691
827	-2	4	3695
828	-2	4	3699
829	-2	4	3703
830	-2	4	3707
831	-2	4	3711
832	-2	4	3715
833	-2	4	3719
834	-2	4	3723
835	-2	4	3727
836	-2	4	3731
837	-2	4	3735
838	-2	4	3739
839	-2	4	3743
840	-2	4	3747
841	-2	4	3751
842	-2	4	3755
843	-2	4	3759
844	-2	4	3763
845	-2	4	3767
846	-2	4	3771
847	-2	4	3775
848	-2	4	3779
849	-2	4	3783
850	-2	4	3787
851	-2	4	3791
852	-2	4	3795
853	-2	4	3799
854	-2	4	3803
855	-2	4	3807
856	-2	4	3811
857	-2	4	3815
858	-2	4	3819
859	-2	4	3823
860	-2	4	3827
861	-2	4	3831
862	-2	4	3835
863	-2	4	3839
864	-2	4	3843
865	-2	4	3847
866	-2	4	3851
867	-2	4	3855
868	-2	4	3859
869	-2	4	3863
870	-2	4	3867
871	-2	4	3871
872	-2	4	3875
873	-2	4	3879
874	-2	4	3883
875	-2	4	3887
876	-4	6	3893
877	-2	4	3897
878	-2	4	3901
879	-2	4	3905
880	-2	4	3909
881	-4	6	3915
882	-2	4	3919
883	-2	4	3923
884	-2	4	3927
885	-2	4	3931
886	-2	4	3935
887	-2	4	3939
888	-2	4	3943
889	-2	4	3947
890	-2	4	3951
891	-2	4	3955
892	-2	4	3959
893	-2	4	3963
894	-2	4	3967
895	-2	4	3971
896	-2	4	3975
897	-2	4	3979
898	-2	4	3983
899	-2	4	3987
900	-2	4	3991
901	-2	4	3995
902	-2	4	3999
903	-2	4	4003
904	-2	4	4007
905	-2	4	4011
906	-2	4	4015
907	-2	4	4019
908	-2	4	4023
909	-2	4	4027
910	-2	4	4031
911	-2	4	4035
912	-2	4	4039
913	-2	4	4043
914	-2	4	4047
915	-2	4	4051
916	-2	4	4055
917	-2	4	4059
918	-3	5	4064
919	-2	4	4068
920	-2	4	4072
921	-2	4	4076
922	-2	4	4080
923	-2	4	4084
924	-3	5	4089
925	-2	4	4093
926	-2	4	4097
927	-4	6	4103
928	-2	4	4107
929	-2	4	4111
930	-2	4	4115
931	-2	4	4119
932	-2	4	4123
933	-2	4	4127
934	-2	4	4131
935	-2	4	4135
936	-2	4	4139
937	-2	4	4143
938	-2	4	4147
939	-2	4	4151
940	-2	4	4155
941	-2	4	4159
942	-2	4	4163
943	-2	4	4167
944	-2	4	4171
945	-2	4	4175
946	-2	4	4179
947	-2	4	4183
948	-2	4	4187
949	-2	4	4191
950	-2	4	4195
951	-2	4	4199
952	-2	4	4203
953	-2	4	4207
954	-2	4	4211
955	-2	4	4215
956	-2	4	4219
957	-2	4	4223
958	-2	4	4227
959	-2	4	4231
960	-6	8	4239
961	-2	4	4243
962	-2	4	4247
963	-2	4	4251
964	-2	4	4255
965	-2	4	4259
966	-2	4	4263
967	-2	4	4267
968	-2	4	4271
969	-4	6	4277
970	-2	4	4281
971	-4	6	4287
972	-2	4	4291
973	-2	4	4295
974	-2	4	4299
975	-6	8	4307
976	-2	4	4311
977	-2	4	4315
978	-2	4	4319
979	-2	4	4323
980	-2	4	4327
981	-4	6	4333
982	-2	4	4337
983	-2	4	4341
984	-2	4	4345
985	-2	4	4349
986	-2	4	4353
987	-2	4	4357
988	-2	4	4361
989	-2	4	4365
990	-2	4	4369
991	-2	4	4373
992	-2	4	4377
993	-2	4	4381
994	-2	4	4385
995	-2	4	4389
996	-2	4	4393
997	-2	4	4397
998	-2	4	4401
999	-2	4	4405
1000	-2	4	4409
1001	-2	4	4413
1002	-2	4	4417
1003	-2	4	4421
1004	-2	4	4425
1005	-2	4	4429
1006	-2	4	4433
1007	-2	4	4437
1008	-2	4	4441
1009	-5	7	4448
1010	-2	4	4452
1011	-2	4	4456
1012	-2	4	4460
1013	-2	4	4464
1014	-2	4	4468
1015	-2	4	4472
1016	-2	4	4476
1017	-2	4	4480
1018	-2	4	4484
1019	-2	4	4488
1020	-2	4	4492
1021	-2	4	4496
1022	-2	4	4500
1023	-2	4	4504
1024	-2	4	4508
1025	-2	4	4512
1026	-2	4	4516
1027	-2	4	4520
1028	-2	4	4524
1029	-2	4	4528
1030	-2	4	4532
1031	-2	4	4536
1032	-2	4	4540
1033	-2	4	4544
1034	-2	4	4548
1035	-2	4	4552
1036	-4	6	4558
1037	-2	4	4562
1038	-2	4	4566
1039	-4	6	4572
1040	-2	4	4576
1041	-2	4	4580
1042	-2	4	4584
1043	-2	4	4588
1044	-2	4	4592
1045	-2	4	4596
1046	-2	4	4600
1047	-2	4	4604
1048	-2	4	4608
1049	-2	4	4612
1050	-2	4	4616
1051	-2	4	4620
1052	-2	4	4624
1053	-2	4	4628
1054	-2	4	4632
1055	-5	7	4639
1056	-2	4	4643
1057	-2	4	4647
1058	-2	4	4651
1059	-2	4	4655
1060	-2	4	4659
1061	-2	4	4663
1062	-2	4	4667
1063	-4	6	4673
1064	-2	4	4677
1065	-2	4	4681
1066	-2	4	4685
1067	-2	4	4689
1068	-2	4	4693
1069	-2	4	4697
1070	-2	4	4701
1071	-2	4	4705
1072	-2	4	4709
1073	-2	4	4713
1074	-2	4	4717
1075	-2	4	4721
1076	-2	4	4725
1077	-2	4	4729
1078	-2	4	4733
1079	-2	4	4737
1080	-2	4	4741
1081	-2	4	4745
1082	-2	4	4749
1083	-2	4	4753
1084	-2	4	4757
1085	-2	4	4761
1086	-2	4	4765
1087	-2	4	4769
1088	-2	4	4773
1089	-2	4	4777
1090	-2	4	4781
1091	-2	4	4785
1092	-2	4	4789
1093	-2	4	4793
1094	-2	4	4797
1095	-2	4	4801
1096	-2	4	4805
1097	-2	4	4809
1098	-2	4	4813
1099	-2	4	4817
1100	-2	4	4821
1101	-3	5	4826
1102	-2	4	4830
1103	-3	5	4835
1104	-2	4	4839
1105	-2	4	4843
1106	-8	10	4853
1107	-2	4	4857
1108	-2	4	4861
1109	-2	4	4865
1110	-2	4	4869
1111	-2	4	4873
1112	-2	4	4877
1113	-2	4	4881
1114	-2	4	4885
1115	-2	4	4889
1116	-2	4	4893
1117	-2	4	4897
1118	-2	4	4901
1119	-2	4	4905
1120	-2	4	4909
1121	-2	4	4913
1122	-2	4	4917
1123	-2	4	4921
1124	-2	4	4925
1125	-2	4	4929
1126	-2	4	4933
1127	-2	4	4937
1128	-2	4	4941
1129	-2	4	4945
1130	-2	4	4949
1131	-2	4	4953
1132	-2	4	4957
1133	-2	4	4961
1134	-2	4	4965
1135	-2	4	4969
1136	-2	4	4973
1137	-2	4	4977
1138	-2	4	4981
1139	-2	4	4985
1140	-2	4	4989
1141	-2	4	4993
1142	-2	4	4997
1143	-2	4	5001
1144	-2	4	5005
1145	-2	4	5009
1146	-2	4	5013
1147	-2	4	5017
1148	-2	4	5021
1149	-2	4	5025
1150	-2	4	5029
1151	-2	4	5033
1152	-2	4	5037
1153	-2	4	5041
1154	-2	4	5045
1155	-2	4	5049
1156	-2	4	5053
1157	-2	4	5057
1158	-2	4	5061
1159	-2	4	5065
1160	-2	4	5069
1161	-2	4	5073
1162	-2	4	5077
1163	-2	4	5081
1164	-2	4	5085
1165	-2	4	5089
1166	-2	4	5093
1167	-2	4	5097
1168	-2	4	5101
1169	-2	4	5105
1170	-2	4	5109
1171	-2	4	5113
1172	-2	4	5117
1173	-2	4	5121
1174	-2	4	5125
1175	-3	5	5130
1176	-2	4	5134
1177	-2	4	5138
1178	-3	5	5143
1179	-2	4	5147
1180	-2	4	5151
1181	-2	4	5155
1182	-2	4	5159
1183	-2	4	5163
1184	-2	4	5167
1185	-2	4	5171
1186	-2	4	5175
1187	-4	6	5181
1188	-2	4	5185
1189	-2	4	5189
1190	-2	4	5193
1191	-2	4	5197
1192	-2	4	5201
1193	-2	4	5205
1194	-2	4	5209
1195	-2	4	5213
1196	-2	4	5217
1197	-4	6	5223
1198	-2	4	5227
1199	-2	4	5231
1200	-2	4	5235
1201	-2	4	5239
1202	-3	5	5244
1203	-2	4	5248
1204	-4	6	5254
1205	-2	4	5258
1206	-2	4	5262
1207	-2	4	5266
1208	-2	4	5270
1209	-2	4	5274
1210	-2	4	5278
1211	-2	4	5282
1212	-2	4	5286
1213	-2	4	5290
1214	-2	4	5294
1215	-2	4	5298
1216	-2	4	5302
1217	-2	4	5306
1218	-2	4	5310
1219	-2	4	5314
1220	-2	4	5318
1221	-2	4	5322
1222	-2	4	5326
1223	-2	4	5330
1224	-4	6	5336
1225	-2	4	5340
1226	-2	4	5344
1227	-2	4	5348
1228	-2	4	5352
1229	-2	4	5356
1230	-2	4	5360
1231	-2	4	5364
1232	-2	4	5368
1233	-2	4	5372
1234	-2	4	5376
1235	-2	4	5380
1236	-2	4	5384
1237	-2	4	5388
1238	-2	4	5392
1239	-2	4	5396
1240	-2	4	5400
1241	-2	4	5404
1242	-2	4	5408
1243	-2	4	5412
1244	-2	4	5416
1245	-2	4	5420
1246	-2	4	5424
1247	-2	4	5428
1248	-2	4	5432
1249	-2	4	5436
1250	-2	4	5440
1251	-2	4	5444
1252	-2	4	5448
1253	-2	4	5452
1254	-2	4	5456
1255	-2	4	5460
1256	-3	5	5465
1257	-2	4	5469
1258	-2	4	5473
1259	-2	4	5477
1260	-3	5	5482
1261	-2	4	5486
1262	-2	4	5490
1263	-2	4	5494
1264	-2	4	5498
1265	-2	4	5502
1266	-2	4	5506
1267	-2	4	5510
1268	-2	4	5514
1269	-3	5	5519
1270	-2	4	5523
1271	-2	4	5527
1272	-2	4	5531
1273	-2	4	5535
1274	-2	4	5539
1275	-2	4	5543
1276	-2	4	5547
1277	-2	4	5551
1278	-2	4	5555
1279	-2	4	5559
1280	-4	6	5565
1281	-2	4	5569
1282	-2	4	5573
1283	-2	4	5577
1284	-2	4	5581
1285	-2	4	5585
1286	-4	6	5591
1287	-2	4	5595
1288	-2	4	5599
1289	-2	4	5603
1290	-2	4	5607
1291	-2	4	5611
1292	-2	4	5615
1293	-2	4	5619
1294	-2	4	5623
1295	-2	4	5627
1296	-2	4	5631
1297	-2	4	5635
1298	-3	5	5640
1299	-2	4	5644
1300	-2	4	5648
1301	-2	4	5652
1302	-4	6	5658
1303	-2	4	5662
1304	-2	4	5666
1305	-2	4	5670
1306	-2	4	5674
1307	-2	4	5678
1308	-2	4	5682
1309	-2	4	5686
1310	-2	4	5690
1311	-2	4	5694
1312	-2	4	5698
1313	-2	4	5702
1314	-2	4	5706
1315	-2	4	5710
1316	-2	4	5714
1317	-2	4	5718
1318	-2	4	5722
1319	-2	4	5726
1320	-2	4	5730
1321	-2	4	5734
1322	-2	4	5738
1323	-2	4	5742
1324	-2	4	5746
1325	-2	4	5750
1326	-2	4	5754
1327	-2	4	5758
1328	-2	4	5762
1329	-2	4	5766
1330	-2	4	5770
1331	-2	4	5774
1332	-2	4	5778
1333	-2	4	5782
1334	-2	4	5786
1335	-2	4	5790
1336	-3	5	5795
1337	-4	6	5801
1338	-2	4	5805
1339	-2	4	5809
1340	-2	4	5813
1341	-2	4	5817
1342	-2	4	5821
1343	-2	4	5825
1344	-2	4	5829
1345	-2	4	5833
1346	-2	4	5837
1347	-2	4	5841
1348	-2	4	5845
1349	-2	4	5849
1350	-2	4	5853
1351	-2	4	5857
1352	-2	4	5861
1353	-2	4	5865
1354	-2	4	5869
1355	-2	4	5873
1356	-2	4	5877
1357	-2	4	5881
1358	-2	4	5885
1359	-2	4	5889
1360	-2	4	5893
1361	-2	4	5897
1362	-2	4	5901
1363	-2	4	5905
1364	-2	4	5909
1365	-3	5	5914
1366	-4	6	5920
1367	-2	4	5924
1368	-2	4	5928
1369	-2	4	5932
1370	-2	4	5936
1371	-2	4	5940
1372	-2	4	5944
1373	-2	4	5948
1374	-4	6	5954
1375	-2	4	5958
1376	-2	4	5962
1377	-2	4	5966
1378	-2	4	5970
1379	-2	4	5974
1380	-2	4	5978
1381	-2	4	5982
1382	-2	4	5986
1383	-2	4	5990
1384	-2	4	5994
1385	-2	4	5998
1386	-2	4	6002
1387	-2	4	6006
1388	-2	4	6010
1389	-2	4	6014
1390	-4	6	6020
1391	-2	4	6024
1392	-2	4	6028
1393	-2	4	6032
1394	-2	4	6036
1395	-2	4	6040
1396	-2	4	6044
1397	-2	4	6048
1398	-2	4	6052
1399	-2	4	6056
1400	-2	4	6060
1401	-2	4	6064
1402	-2	4	6068
1403	-2	4	6072
1404	-2	4	6076
1405	-2	4	6080
1406	-2	4	6084
1407	-2	4	6088
1408	-2	4	6092
1409	-2	4	6096
1410	-2	4	6100
1411	-4	6	6106
1412	-2	4	6110
1413	-2	4	6114
1414	-2	4	6118
1415	-2	4	6122
1416	-2	4	6126
1417	-2	4	6130
1418	-2	4	6134
1419	-2	4	6138
1420	-2	4	6142
1421	-2	4	6146
1422	-2	4	6150
1423	-4	6	6156
1424	-2	4	6160
1425	-4	6	6166
1426	-2	4	6170
1427	-2	4	6174
1428	-2	4	6178
1429	-2	4	6182
1430	-2	4	6186
1431	-2	4	6190
1432	-2	4	6194
1433	-2	4	6198
1434	-2	4	6202
1435	-4	6	6208
1436	-2	4	6212
1437	-2	4	6216
1438	-2	4	6220
1439	-2	4	6224
1440	-2	4	6228
1441	-2	4	6232
1442	-2	4	6236
1443	-2	4	6240
1444	-3	5	6245
1445	-2	4	6249
1446	-3	5	6254
1447	-2	4	6258
1448	-4	6	6264
1449	-2	4	6268
1450	-2	4	6272
1451	-3	5	6277
1452	-2	4	6281
1453	-2	4	6285
1454	-4	6	6291
1455	-3	5	6296
1456	-2	4	6300
1457	-2	4	6304
1458	-2	4	6308
1459	-2	4	6312
1460	-2	4	6316
1461	-2	4	6320
1462	-2	4	6324
1463	-2	4	6328
1464	-2	4	6332
1465	-2	4	6336
1466	-2	4	6340
1467	-2	4	6344
1468	-2	4	6348
1469	-2	4	6352
1470	-2	4	6356
1471	-2	4	6360
1472	-2	4	6364
1473	-2	4	6368
1474	-2	4	6372
1475	-2	4	6376
1476	-4	6	6382
1477	-2	4	6386
1478	-2	4	6390
1479	-2	4	6394
1480	-4	6	6400
1481	-4	6	6406
1482	-3	5	6411
1483	-2	4	6415
1484	-2	4	6419
1485	-2	4	6423
1486	-2	4	6427
1487	-4	6	6433
1488	-2	4	6437
1489	-2	4	6441
1490	-2	4	6445
1491	-2	4	6449
1492	-2	4	6453
1493	-2	4	6457
1494	-2	4	6461
1495	-2	4	6465
1496	-2	4	6469
1497	-2	4	6473
1498	-2	4	6477
1499	-2	4	6481
1500	-6	8	6489
1501	-2	4	6493
1502	-2	4	6497
1503	-2	4	6501
1504	-2	4	6505
1505	-2	4	6509
1506	-2	4	6513
1507	-2	4	6517
1508	-2	4	6521
1509	-2	4	6525
1510	-2	4	6529
1511	-2	4	6533
1512	-2	4	6537
1513	-2	4	6541
1514	-2	4	6545
1515	-4	6	6551
1516	-2	4	6555
1517	-2	4	6559
1518	-2	4	6563
1519	-2	4	6567
1520	-2	4	6571
1521	-2	4	6575
1522	-2	4	6579
1523	-2	4	6583
1524	-4	6	6589
1525	-2	4	6593
1526	-2	4	6597
1527	-2	4	6601
1528	-2	4	6605
1529	-2	4	6609
1530	-2	4	6613
1531	-4	6	6619
1532	-2	4	6623
1533	-2	4	6627
1534	-2	4	6631
1535	-2	4	6635
1536	-2	4	6639
1537	-2	4	6643
1538	-2	4	6647
1539	-2	4	6651
1540	-2	4	6655
1541	-2	4	6659
1542	-2	4	6663
1543	-2	4	6667
1544	-2	4	6671
1545	-2	4	6675
1546	-2	4	6679
1547	-2	4	6683
1548	-2	4	6687
1549	-4	6	6693
1550	-2	4	6697
1551	-2	4	6701
1552	-2	4	6705
1553	-2	4	6709
1554	-2	4	6713
1555	-2	4	6717
1556	-2	4	6721
1557	-2	4	6725
1558	-2	4	6729
1559	-2	4	6733
1560	-2	4	6737
1561	-2	4	6741
1562	-2	4	6745
1563	-2	4	6749
1564	-3	5	6754
1565	-2	4	6758
1566	-4	6	6764
1567	-2	4	6768
1568	-2	4	6772
1569	-2	4	6776
1570	-2	4	6780
1571	-2	4	6784
1572	-2	4	6788
1573	-2	4	6792
1574	-2	4	6796
1575	-2	4	6800
1576	-2	4	6804
1577	-2	4	6808
1578	-4	6	6814
1579	-2	4	6818
1580	-2	4	6822
1581	-2	4	6826
1582	-2	4	6830
1583	-2	4	6834
1584	-2	4	6838
1585	-2	4	6842
1586	-2	4	6846
1587	-2	4	6850
1588	-2	4	6854
1589	-2	4	6858
1590	-2	4	6862
1591	-2	4	6866
1592	-2	4	6870
1593	-2	4	6874
1594	-2	4	6878
1595	-2	4	6882
1596	-2	4	6886
1597	-2	4	6890
1598	-2	4	6894
1599	-2	4	6898
1600	-2	4	6902
1601	-2	4	6906
1602	-2	4	6910
1603	-2	4	6914
1604	-2	4	6918
1605	-3	5	6923
1606	-2	4	6927
1607	-2	4	6931
1608	-2	4	6935
1609	-2	4	6939
1610	-2	4	6943
1611	-2	4	6947
1612	-2	4	6951
1613	-2	4	6955
1614	-2	4	6959
1615	-2	4	6963
1616	-4	6	6969
1617	-2	4	6973
1618	-2	4	6977
1619	-2	4	6981
1620	-2	4	6985
1621	-2	4	6989
1622	-2	4	6993
1623	-2	4	6997
1624	-2	4	7001
1625	-2	4	7005
1626	-2	4	7009
1627	-2	4	7013
1628	-2	4	7017
1629	-2	4	7021
1630	-2	4	7025
1631	-2	4	7029
1632	-4	6	7035
1633	-4	6	7041
1634	-2	4	7045
1635	-2	4	7049
1636	-2	4	7053
1637	-2	4	7057
1638	-2	4	7061
1639	-2	4	7065
1640	-2	4	7069
1641	-2	4	7073
1642	-2	4	7077
1643	-4	6	7083
1644	-2	4	7087
1645	-2	4	7091
1646	-2	4	7095
1647	-2	4	7099
1648	-2	4	7103
1649	-2	4	7107
1650	-2	4	7111
1651	-2	4	7115
1652	-2	4	7119
1653	-2	4	7123
1654	-2	4	7127
1655	-2	4	7131
1656	-2	4	7135
1657	-2	4	7139
1658	-2	4	7143
1659	-2	4	7147
1660	-2	4	7151
1661	-2	4	7155
1662	-2	4	7159
1663	-2	4	7163
1664	-3	5	7168
1665	-2	4	7172
1666	-2	4	7176
1667	-2	4	7180
1668	-2	4	7184
1669	-2	4	7188
1670	-2	4	7192
1671	-2	4	7196
1672	-2	4	7200
1673	-2	4	7204
1674	-2	4	7208
1675	-2	4	7212
1676	-2	4	7216
1677	-2	4	7220
1678	-2	4	7224
1679	-2	4	7228
1680	-2	4	7232
1681	-2	4	7236
1682	-2	4	7240
1683	-2	4	7244
1684	-2	4	7248
1685	-2	4	7252
1686	-2	4	7256
1687	-2	4	7260
1688	-2	4	7264
1689	-2	4	7268
1690	-2	4	7272
1691	-2	4	7276
1692	-2	4	7280
1693	-2	4	7284
1694	-2	4	7288
1695	-2	4	7292
1696	-2	4	7296
1697	-2	4	7300
1698	-4	6	7306
1699	-2	4	7310
1700	-2	4	7314
1701	-2	4	7318
1702	-2	4	7322
1703	-2	4	7326
1704	-2	4	7330
1705	-2	4	7334
1706	-2	4	7338
1707	-2	4	7342
1708	-2	4	7346
1709	-2	4	7350
1710	-2	4	7354
1711	-2	4	7358
1712	-2	4	7362
1713	-3	5	7367
1714	-2	4	7371
1715	-2	4	7375
1716	-2	4	7379
1717	-2	4	7383
1718	-2	4	7387
1719	-3	5	7392
1720	-2	4	7396
1721	-2	4	7400
1722	-2	4	7404
1723	-6	8	7412
1724	-2	4	7416
1725	-2	4	7420
1726	-2	4	7424
1727	-2	4	7428
1728	-2	4	7432
1729	-2	4	7436
1730	-2	4	7440
1731	-2	4	7444
1732	-2	4	7448
1733	-2	4	7452
1734	-2	4	7456
1735	-2	4	7460
1736	-2	4	7464
1737	-2	4	7468
1738	-2	4	7472
1739	-2	4	7476
1740	-2	4	7480
1741	-2	4	7484
1742	-2	4	7488
1743	-2	4	7492
1744	-2	4	7496
1745	-2	4	7500
1746	-2	4	7504
1747	-2	4	7508
1748	-2	4	7512
1749	-2	4	7516
1750	-3	5	7521
1751	-2	4	7525
1752	-3	5	7530
1753	-2	4	7534
1754	-2	4	7538
1755	-2	4	7542
1756	-2	4	7546
1757	-2	4	7550
1758	-2	4	7554
1759	-2	4	7558
1760	-2	4	7562
1761	-2	4	7566
1762	-2	4	7570
1763	-2	4	7574
1764	-2	4	7578
1765	-3	5	7583
1766	-2	4	7587
1767	-2	4	7591
1768	-2	4	7595
1769	-2	4	7599
1770	-2	4	7603
1771	-2	4	7607
1772	-2	4	7611
1773	-2	4	7615
1774	-2	4	7619
1775	-2	4	7623
1776	-2	4	7627
1777	-2	4	7631
1778	-2	4	7635
1779	-2	4	7639
1780	-2	4	7643
1781	-2	4	7647
1782	-2	4	7651
1783	-2	4	7655
1784	-2	4	7659
1785	-2	4	7663
1786	-2	4	7667
1787	-4	6	7673
1788	-4	6	7679
1789	-4	6	7685
1790	-2	4	7689
1791	-2	4	7693
1792	-2	4	7697
1793	-2	4	7701
1794	-2	4	7705
1795	-2	4	7709
1796	-2	4	7713
1797	-2	4	7717
1798	-2	4	7721
1799	-2	4	7725
1800	-2	4	7729
1801	-4	6	7735
1802	-2	4	7739
1803	-2	4	7743
1804	-2	4	7747
1805	-2	4	7751
1806	-2	4	7755
1807	-4	6	7761
1808	-2	4	7765
1809	-2	4	7769
1810	-2	4	7773
1811	-2	4	7777
1812	-2	4	7781
1813	-2	4	7785
1814	-3	5	7790
1815	-2	4	7794
1816	-2	4	7798
1817	-2	4	7802
1818	-4	6	7808
1819	-2	4	7812
1820	-2	4	7816
1821	-2	4	7820
1822	-2	4	7824
1823	-2	4	7828
1824	-2	4	7832
1825	-2	4	7836
1826	-2	4	7840
1827	-2	4	7844
1828	-4	6	7850
1829	-2	4	7854
1830	-2	4	7858
1831	-2	4	7862
1832	-2	4	7866
1833	-2	4	7870
1834	-2	4	7874
1835	-2	4	7878
1836	-3	5	7883
1837	-2	4	7887
1838	-2	4	7891
1839	-2	4	7895
1840	-2	4	7899
1841	-2	4	7903
1842	-2	4	7907
1843	-2	4	7911
1844	-2	4	7915
1845	-2	4	7919
1846	-2	4	7923
1847	-2	4	7927
1848	-2	4	7931
1849	-2	4	7935
1850	-2	4	7939
1851	-2	4	7943
1852	-2	4	7947
1853	-4	6	7953
1854	-2	4	7957
1855	-2	4	7961
1856	-2	4	7965
1857	-4	6	7971
1858	-2	4	7975
1859	-2	4	7979
1860	-2	4	7983
1861	-4	6	7989
1862	-2	4	7993
1863	-2	4	7997
1864	-2	4	8001
1865	-2	4	8005
1866	-2	4	8009
1867	-3	5	8014
1868	-2	4	8018
1869	-2	4	8022
1870	-2	4	8026
1871	-2	4	8030
1872	-2	4	8034
1873	-2	4	8038
1874	-2	4	8042
1875	-2	4	8046
1876	-2	4	8050
1877	-2	4	8054
1878	-2	4	8058
1879	-2	4	8062
1880	-2	4	8066
1881	-2	4	8070
1882	-4	6	8076
1883	-2	4	8080
1884	-2	4	8084
1885	-2	4	8088
1886	-2	4	8092
1887	-2	4	8096
1888	-2	4	8100
1889	-2	4	8104
1890	-2	4	8108
1891	-2	4	8112
1892	-2	4	8116
1893	-2	4	8120
1894	-2	4	8124
1895	-2	4	8128
1896	-2	4	8132
1897	-2	4	8136
1898	-3	5	8141
1899	-3	5	8146
1900	-2	4	8150
1901	-2	4	8154
1902	-2	4	8158
1903	-2	4	8162
1904	-2	4	8166
1905	-2	4	8170
1906	-2	4	8174
1907	-2	4	8178
1908	-2	4	8182
1909	-2	4	8186
1910	-5	7	8193
1911	-2	4	8197
1912	-2	4	8201
1913	-2	4	8205
1914	-2	4	8209
1915	-2	4	8213
1916	-2	4	8217
1917	-2	4	8221
1918	-2	4	8225
1919	-4	6	8231
1920	-2	4	8235
1921	-2	4	8239
1922	-2	4	8243
1923	-2	4	8247
1924	-2	4	8251
1925	-2	4	8255
1926	-2	4	8259
1927	-2	4	8263
1928	-2	4	8267
1929	-2	4	8271
1930	-2	4	8275
1931	-2	4	8279
1932	-2	4	8283
1933	-2	4	8287
1934	-2	4	8291
1935	-2	4	8295
1936	-2	4	8299
1937	-2	4	8303
1938	-2	4	8307
1939	-2	4	8311
1940	-4	6	8317
1941	-2	4	8321
1942	-2	4	8325
1943	-2	4	8329
1944	-2	4	8333
1945	-2	4	8337
1946	-2	4	8341
1947	-2	4	8345
1948	-2	4	8349
1949	-2	4	8353
1950	-2	4	8357
1951	-2	4	8361
1952	-2	4	8365
1953	-2	4	8369
1954	-2	4	8373
1955	-2	4	8377
1956	-2	4	8381
1957	-2	4	8385
1958	-2	4	8389
1959	-2	4	8393
1960	-2	4	8397
1961	-2	4	8401
1962	-2	4	8405
1963	-2	4	8409
1964	-2	4	8413
1965	-2	4	8417
1966	-2	4	8421
1967	-2	4	8425
1968	-2	4	8429
1969	-2	4	8433
1970	-2	4	8437
1971	-2	4	8441
1972	-2	4	8445
1973	-2	4	8449
1974	-2	4	8453
1975	-6	8	8461
1976	-2	4	8465
1977	-2	4	8469
1978	-2	4	8473
1979	-2	4	8477
1980	-2	4	8481
1981	-2	4	8485
1982	-2	4	8489
1983	-2	4	8493
1984	-2	4	8497
1985	-2	4	8501
1986	-2	4	8505
1987	-2	4	8509
1988	-2	4	8513
1989	-4	6	8519
1990	-2	4	8523
1991	-2	4	8527
1992	-2	4	8531
1993	-2	4	8535
1994	-2	4	8539
1995	-4	6	8545
1996	-2	4	8549
1997	-2	4	8553
1998	-2	4	8557
1999	-2	4	8561
2000	-2	4	8565
2001	-2	4	8569
2002	-2	4	8573
2003	-2	4	8577
2004	-2	4	8581
2005	-2	4	8585
2006	-2	4	8589
2007	-2	4	8593
2008	-2	4	8597
2009	-2	4	8601
2010	-2	4	8605
2011	-2	4	8609
2012	-2	4	8613
2013	-2	4	8617
2014	-2	4	8621
2015	-2	4	8625
2016	-2	4	8629
2017	-2	4	8633
2018	-2	4	8637
2019	-2	4	8641
2020	-2	4	8645
2021	-2	4	8649
2022	-2	4	8653
2023	-2	4	8657
2024	-2	4	8661
2025	-2	4	8665
2026	-2	4	8669
2027	-2	4	8673
2028	-2	4	8677
2029	-2	4	8681
2030	-2	4	8685
2031	-2	4	8689
2032	-2	4	8693
2033	-2	4	8697
2034	-2	4	8701
2035	-2	4	8705
2036	-2	4	8709
2037	-3	5	8714
2038	-2	4	8718
2039	-2	4	8722
2040	-2	4	8726
2041	-3	5	8731
2042	-2	4	8735
2043	-2	4	8739
2044	-2	4	8743
2045	-2	4	8747
2046	-2	4	8751
2047	-2	4	8755
2048	-2	4	8759
2049	-2	4	8763
2050	-2	4	8767
2051	-2	4	8771
2052	-2	4	8775
2053	-2	4	8779
2054	-2	4	8783
2055	-2	4	8787
2056	-2	4	8791
2057	-2	4	8795
2058	-2	4	8799
2059	-2	4	8803
2060	-2	4	8807
2061	-2	4	8811
2062	-2	4	8815
2063	-2	4	8819
2064	-2	4	8823
2065	-2	4	8827
2066	-2	4	8831
2067	-2	4	8835
2068	-2	4	8839
2069	-2	4	8843
2070	-2	4	8847
2071	-2	4	8851
2072	-3	5	8856
2073	-2	4	8860
2074	-2	4	8864
2075	-2	4	8868
2076	-2	4	8872
2077	-2	4	8876
2078	-2	4	8880
2079	-2	4	8884
2080	-2	4	8888
2081	-2	4	8892
2082	-2	4	8896
2083	-2	4	8900
2084	-2	4	8904
2085	-2	4	8908
2086	-2	4	8912
2087	-2	4	8916
2088	-2	4	8920
2089	-2	4	8924
2090	-2	4	8928
2091	-2	4	8932
2092	-2	4	8936
2093	-2	4	8940
2094	-2	4	8944
2095	-3	5	8949
2096	-2	4	8953
2097	-2	4	8957
2098	-2	4	8961
2099	-2	4	8965
2100	-3	5	8970
2101	-2	4	8974
2102	-2	4	8978
2103	-2	4	8982
2104	-2	4	8986
2105	-2	4	8990
2106	-2	4	8994
2107	-2	4	8998
2108	-2	4	9002
2109	-2	4	9006
2110	-2	4	9010
2111	-2	4	9014
2112	-3	5	9019
2113	-2	4	9023
2114	-2	4	9027
2115	-2	4	9031
2116	-2	4	9035
2117	-2	4	9039
2118	-2	4	9043
2119	-2	4	9047
2120	-2	4	9051
2121	-2	4	9055
2122	-2	4	9059
2123	-2	4	9063
2124	-2	4	9067
2125	-2	4	9071
2126	-2	4	9075
2127	-2	4	9079
2128	-2	4	9083
2129	-2	4	9087
2130	-2	4	9091
2131	-2	4	9095
2132	-2	4	9099
2133	-2	4	9103
2134	-2	4	9107
2135	-2	4	9111
2136	-4	6	9117
2137	-2	4	9121
2138	-2	4	9125
2139	-2	4	9129
2140	-2	4	9133
2141	-2	4	9137
2142	-2	4	9141
2143	-2	4	9145
2144	-2	4	9149
2145	-2	4	9153
2146	-2	4	9157
2147	-2	4	9161
2148	-2	4	9165
2149	-2	4	9169
2150	-2	4	9173
2151	-2	4	9177
2152	-2	4	9181
2153	-2	4	9185
2154	-2	4	9189
2155	-2	4	9193
2156	-2	4	9197
2157	-2	4	9201
2158	-2	4	9205
2159	-2	4	9209
2160	-2	4	9213
2161	-2	4	9217
2162	-2	4	9221
2163	-2	4	9225
2164	-2	4	9229
2165	-2	4	9233
2166	-2	4	9237
2167	-2	4	9241
2168	-2	4	9245
2169	-2	4	9249
2170	-2	4	9253
2171	-2	4	9257
2172	-2	4	9261
2173	-2	4	9265
2174	-2	4	9269
2175	-2	4	9273
2176	-2	4	9277
2177	-2	4	9281
2178	-2	4	9285
2179	-2	4	9289
2180	-2	4	9293
2181	-2	4	9297
2182	-2	4	9301
2183	-2	4	9305
2184	-2	4	9309
2185	-2	4	9313
2186	-2	4	9317
2187	-2	4	9321
2188	-2	4	9325
2189	-2	4	9329
2190	-2	4	9333
2191	-4	6	9339
2192	-2	4	9343
2193	-2	4	9347
2194	-2	4	9351
2195	-2	4	9355
2196	-2	4	9359
2197	-2	4	9363
2198	-2	4	9367
2199	-2	4	9371
2200	-2	4	9375
2201	-2	4	9379
2202	-2	4	9383
2203	-2	4	9387
2204	-3	5	9392
2205	-2	4	9396
2206	-2	4	9400
2207	-2	4	9404
2208	-2	4	9408
2209	-2	4	9412
2210	-2	4	9416
2211	-2	4	9420
2212	-2	4	9424
2213	-4	6	9430
2214	-2	4	9434
2215	-3	5	9439
2216	-2	4	9443
2217	-2	4	9447
2218	-2	4	9451
2219	-2	4	9455
2220	-2	4	9459
2221	-2	4	9463
2222	-2	4	9467
2223	-2	4	9471
2224	-2	4	9475
2225	-2	4	9479
2226	-2	4	9483
2227	-2	4	9487
2228	-2	4	9491
2229	-2	4	9495
2230	-2	4	9499
2231	-2	4	9503
2232	-2	4	9507
2233	-2	4	9511
2234	-2	4	9515
2235	-2	4	9519
2236	-2	4	9523
2237	-2	4	9527
2238	-2	4	9531
2239	-2	4	9535
2240	-2	4	9539
2241	-2	4	9543
2242	-2	4	9547
2243	-2	4	9551
2244	-2	4	9555
2245	-2	4	9559
2246	-2	4	9563
2247	-2	4	9567
2248	-2	4	9571
2249	-2	4	9575
2250	-2	4	9579
2251	-4	6	9585
2252	-2	4	9589
2253	-2	4	9593
2254	-2	4	9597
2255	-2	4	9601
2256	-2	4	9605
2257	-2	4	9609
2258	-2	4	9613
2259	-2	4	9617
2260	-2	4	9621
2261	-2	4	9625
2262	-2	4	9629
2263	-2	4	9633
2264	-2	4	9637
2265	-2	4	9641
2266	-2	4	9645
2267	-2	4	9649
2268	-2	4	9653
2269	-2	4	9657
2270	-2	4	9661
2271	-2	4	9665
2272	-2	4	9669
2273	-2	4	9673
2274	-3	5	9678
2275	-2	4	9682
2276	-2	4	9686
2277	-3	5	9691
2278	-2	4	9695
2279	-2	4	9699
2280	-2	4	9703
2281	-2	4	9707
2282	-2	4	9711
2283	-2	4	9715
2284	-2	4	9719
2285	-2	4	9723
2286	-4	6	9729
2287	-2	4	9733
2288	-2	4	9737
2289	-2	4	9741
2290	-2	4	9745
2291	-2	4	9749
2292	-2	4	9753
2293	-2	4	9757
2294	-2	4	9761
2295	-2	4	9765
2296	-2	4	9769
2297	-2	4	9773
2298	-2	4	9777
2299	-2	4	9781
2300	-2	4	9785
2301	-4	6	9791
2302	-2	4	9795
2303	-2	4	9799
2304	-2	4	9803
2305	-2	4	9807
2306	-2	4	9811
2307	-2	4	9815
2308	-2	4	9819
2309	-2	4	9823
2310	-2	4	9827
2311	-2	4	9831
2312	-2	4	9835
2313	-2	4	9839
2314	-2	4	9843
2315	-2	4	9847
2316	-2	4	9851
2317	-2	4	9855
2318	-2	4	9859
2319	-2	4	9863
2320	-2	4	9867
2321	-2	4	9871
2322	-2	4	9875
2323	-2	4	9879
2324	-2	4	9883
2325	-4	6	9889
2326	-2	4	9893
2327	-2	4	9897
2328	-2	4	9901
2329	-2	4	9905
2330	-2	4	9909
2331	-2	4	9913
2332	-2	4	9917
2333	-2	4	9921
2334	-2	4	9925
2335	-2	4	9929
2336	-2	4	9933
2337	-2	4	9937
2338	-2	4	9941
2339	-2	4	9945
2340	-2	4	9949
2341	-2	4	9953
2342	-2	4	9957
2343	-2	4	9961
2344	-2	4	9965
2345	-2	4	9969
2346	-2	4	9973
2347	-2	4	9977
2348	-2	4	9981
2349	-2	4	9985
2350	-2	4	9989
2351	-2	4	9993
2352	-2	4	9997
2353	-2	4	10001
2354	-2	4	10005
2355	-4	6	10011
2356	-2	4	10015
2357	-2	4	10019
2358	-2	4	10023
2359	-2	4	10027
2360	-2	4	10031
2361	-2	4	10035
2362	-2	4	10039
2363	-2	4	10043
2364	-2	4	10047
2365	-2	4	10051
2366	-2	4	10055
2367	-2	4	10059
2368	-2	4	10063
2369	-2	4	10067
2370	-2	4	10071
2371	-2	4	10075
2372	-2	4	10079
2373	-2	4	10083
2374	-2	4	10087
2375	-3	5	10092
2376	-2	4	10096
2377	-2	4	10100
2378	-2	4	10104
2379	-4	6	10110
2380	-2	4	10114
2381	-2	4	10118
2382	-2	4	10122
2383	-2	4	10126
2384	-2	4	10130
2385	-2	4	10134
2386	-2	4	10138
2387	-2	4	10142
2388	-2	4	10146
2389	-2	4	10150
2390	-2	4	10154
2391	-4	6	10160
2392	-2	4	10164
2393	-2	4	10168
2394	-2	4	10172
2395	-2	4	10176
2396	-2	4	10180
2397	-4	6	10186
2398	-2	4	10190
2399	-2	4	10194
2400	-2	4	10198
2401	-2	4	10202
2402	-2	4	10206
2403	-4	6	10212
2404	-2	4	10216
2405	-2	4	10220
2406	-2	4	10224
2407	-2	4	10228
2408	-2	4	10232
2409	-2	4	10236
2410	-3	5	10241
2411	-2	4	10245
2412	-2	4	10249
2413	-2	4	10253
2414	-2	4	10257
2415	-2	4	10261
2416	-4	6	10267
2417	-3	5	10272
2418	-2	4	10276
2419	-2	4	10280
2420	-2	4	10284
2421	-2	4	10288
2422	-2	4	10292
2423	-2	4	10296
2424	-2	4	10300
2425	-4	6	10306
2426	-2	4	10310
2427	-2	4	10314
2428	-2	4	10318
2429	-2	4	10322
2430	-2	4	10326
2431	-2	4	10330
2432	-2	4	10334
2433	-2	4	10338
2434	-2	4	10342
2435	-2	4	10346
2436	-2	4	10350
2437	-2	4	10354
2438	-2	4	10358
2439	-2	4	10362
2440	-2	4	10366
2441	-3	5	10371
2442	-2	4	10375
2443	-2	4	10379
2444	-2	4	10383
2445	-2	4	10387
2446	-2	4	10391
2447	-2	4	10395
2448	-2	4	10399
2449	-2	4	10403
2450	-2	4	10407
2451	-2	4	10411
2452	-2	4	10415
2453	-2	4	10419
2454	-2	4	10423
2455	-2	4	10427
2456	-2	4	10431
2457	-2	4	10435
2458	-2	4	10439
2459	-2	4	10443
2460	-2	4	10447
2461	-2	4	10451
2462	-2	4	10455
2463	-2	4	10459
2464	-4	6	10465
2465	-2	4	10469
2466	-2	4	10473
2467	-2	4	10477
2468	-2	4	10481
2469	-2	4	10485
2470	-2	4	10489
2471	-2	4	10493
2472	-2	4	10497
2473	-2	4	10501
2474	-2	4	10505
2475	-2	4	10509
2476	-2	4	10513
2477	-2	4	10517
2478	-2	4	10521
2479	-2	4	10525
2480	-2	4	10529
2481	-2	4	10533
2482	-3	5	10538
2483	-2	4	10542
2484	-2	4	10546
2485	-2	4	10550
2486	-2	4	10554
2487	-2	4	10558
2488	-2	4	10562
2489	-2	4	10566
2490	-2	4	10570
2491	-2	4	10574
2492	-2	4	10578
2493	-2	4	10582
2494	-2	4	10586
2495	-2	4	10590
2496	-2	4	10594
2497	-2	4	10598
2498	-2	4	10602
2499	-2	4	10606
2500	-2	4	10610
2501	-2	4	10614
2502	-2	4	10618
2503	-2	4	10622
2504	-2	4	10626
2505	-2	4	10630
2506	-2	4	10634
2507	-2	4	10638
2508	-2	4	10642
2509	-2	4	10646
2510	-2	4	10650
2511	-2	4	10654
2512	-2	4	10658
2513	-2	4	10662
2514	-2	4	10666
2515	-5	7	10673
2516	-2	4	10677
2517	-2	4	10681
2518	-2	4	10685
2519	-2	4	10689
2520	-2	4	10693
2521	-2	4	10697
2522	-2	4	10701
2523	-2	4	10705
2524	-2	4	10709
2525	-2	4	10713
2526	-4	6	10719
2527	-2	4	10723
2528	-2	4	10727
2529	-2	4	10731
2530	-2	4	10735
2531	-2	4	10739
2532	-2	4	10743
2533	-2	4	10747
2534	-2	4	10751
2535	-2	4	10755
2536	-2	4	10759
2537	-2	4	10763
2538	-2	4	10767
2539	-2	4	10771
2540	-2	4	10775
2541	-2	4	10779
2542	-2	4	10783
2543	-2	4	10787
2544	-4	6	10793
2545	-3	5	10798
2546	-2	4	10802
2547	-2	4	10806
2548	-2	4	10810
2549	-2	4	10814
2550	-2	4	10818
2551	-2	4	10822
2552	-2	4	10826
2553	-2	4	10830
2554	-2	4	10834
2555	-2	4	10838
2556	-2	4	10842
2557	-2	4	10846
2558	-2	4	10850
2559	-2	4	10854
2560	-4	6	10860
2561	-2	4	10864
2562	-2	4	10868
2563	-2	4	10872
2564	-2	4	10876
2565	-2	4	10880
2566	-2	4	10884
2567	-2	4	10888
2568	-2	4	10892
2569	-2	4	10896
2570	-2	4	10900
2571	-2	4	10904
2572	-2	4	10908
2573	-2	4	10912
2574	-2	4	10916
2575	-2	4	10920
2576	-2	4	10924
2577	-2	4	10928
2578	-2	4	10932
2579	-2	4	10936
2580	-2	4	10940
2581	-2	4	10944
2582	-2	4	10948
2583	-2	4	10952
2584	-2	4	10956
2585	-2	4	10960
2586	-2	4	10964
2587	-2	4	10968
2588	-2	4	10972
2589	-2	4	10976
2590	-2	4	10980
2591	-2	4	10984
2592	-4	6	10990
2593	-2	4	10994
2594	-2	4	10998
2595	-2	4	11002
2596	-2	4	11006
2597	-2	4	11010
2598	-2	4	11014
2599	-2	4	11018
2600	-2	4	11022
2601	-2	4	11026
2602	-2	4	11030
2603	-2	4	11034
2604	-2	4	11038
2605	-2	4	11042
2606	-2	4	11046
2607	-2	4	11050
2608	-2	4	11054
2609	-2	4	11058
2610	-2	4	11062
2611	-2	4	11066
2612	-2	4	11070
2613	-2	4	11074
2614	-2	4	11078
2615	-2	4	11082
2616	-2	4	11086
2617	-2	4	11090
2618	-2	4	11094
2619	-2	4	11098
2620	-2	4	11102
2621	-2	4	11106
2622	-2	4	11110
2623	-2	4	11114
2624	-2	4	11118
2625	-2	4	11122
2626	-2	4	11126
2627	-2	4	11130
2628	-2	4	11134
2629	-2	4	11138
2630	-2	4	11142
2631	-2	4	11146
2632	-2	4	11150
2633	-2	4	11154
2634	-2	4	11158
2635	-2	4	11162
2636	-2	4	11166
2637	-2	4	11170
2638	-2	4	11174
2639	-2	4	11178
2640	-2	4	11182
2641	-2	4	11186
2642	-2	4	11190
2643	-2	4	11194
2644	-2	4	11198
2645	-2	4	11202
2646	-4	6	11208
2647	-2	4	11212
2648	-2	4	11216
2649	-2	4	11220
2650	-2	4	11224
2651	-2	4	11228
2652	-6	8	11236
2653	-2	4	11240
2654	-2	4	11244
2655	-2	4	11248
2656	-2	4	11252
2657	-2	4	11256
2658	-2	4	11260
2659	-2	4	11264
2660	-2	4	11268
2661	-2	4	11272
2662	-2	4	11276
2663	-2	4	11280
2664	-2	4	11284
2665	-2	4	11288
2666	-2	4	11292
2667	-2	4	11296
2668	-2	4	11300
2669	-2	4	11304
2670	-2	4	11308
2671	-2	4	11312
2672	-2	4	11316
2673	-2	4	11320
2674	-4	6	11326
2675	-2	4	11330
2676	-2	4	11334
2677	-2	4	11338
2678	-2	4	11342
2679	-2	4	11346
2680	-2	4	11350
2681	-2	4	11354
2682	-2	4	11358
2683	-2	4	11362
2684	-2	4	11366
2685	-2	4	11370
2686	-2	4	11374
2687	-3	5	11379
2688	-3	5	11384
2689	-2	4	11388
2690	-2	4	11392
2691	-2	4	11396
2692	-2	4	11400
2693	-3	5	11405
2694	-2	4	11409
2695	-2	4	11413
2696	-2	4	11417
2697	-2	4	11421
2698	-2	4	11425
2699	-2	4	11429
2700	-2	4	11433
2701	-2	4	11437
2702	-2	4	11441
2703	-2	4	11445
2704	-2	4	11449
2705	-2	4	11453
2706	-2	4	11457
2707	-2	4	11461
2708	-2	4	11465
2709	-2	4	11469
2710	-2	4	11473
2711	-2	4	11477
2712	-2	4	11481
2713	-2	4	11485
2714	-2	4	11489
2715	-4	6	11495
2716	-2	4	11499
2717	-2	4	11503
2718	-2	4	11507
2719	-3	5	11512
2720	-2	4	11516
2721	-2	4	11520
2722	-2	4	11524
2723	-4	6	11530
2724	-2	4	11534
2725	-2	4	11538
2726	-2	4	11542
2727	-2	4	11546
2728	-2	4	11550
2729	-2	4	11554
2730	-2	4	11558
2731	-2	4	11562
2732	-2	4	11566
2733	-2	4	11570
2734	-2	4	11574
2735	-2	4	11578
2736	-2	4	11582
2737	-2	4	11586
2738	-2	4	11590
2739	-2	4	11594
2740	-2	4	11598
2741	-2	4	11602
2742	-2	4	11606
2743	-2	4	11610
2744	-2	4	11614
2745	-2	4	11618
2746	-2	4	11622
2747	-2	4	11626
2748	-2	4	11630
2749	-2	4	11634
2750	-2	4	11638
2751	-2	4	11642
2752	-3	5	11647
2753	-2	4	11651
2754	-2	4	11655
2755	-2	4	11659
2756	-2	4	11663
2757	-2	4	11667
2758	-2	4	11671
2759	-2	4	11675
2760	-2	4	11679
2761	-2	4	11683
2762	-2	4	11687
2763	-2	4	11691
2764	-2	4	11695
2765	-4	6	11701
2766	-2	4	11705
2767	-2	4	11709
2768	-2	4	11713
2769	-2	4	11717
2770	-2	4	11721
2771	-2	4	11725
2772	-2	4	11729
2773	-2	4	11733
2774	-2	4	11737
2775	-2	4	11741
2776	-2	4	11745
2777	-2	4	11749
2778	-2	4	11753
2779	-2	4	11757
2780	-2	4	11761
2781	-2	4	11765
2782	-2	4	11769
2783	-2	4	11773
2784	-2	4	11777
2785	-2	4	11781
2786	-2	4	11785
2787	-2	4	11789
2788	-2	4	11793
2789	-2	4	11797
2790	-2	4	11801
2791	-2	4	11805
2792	-4	6	11811
2793	-2	4	11815
2794	-2	4	11819
2795	-2	4	11823
2796	-2	4	11827
2797	-2	4	11831
2798	-2	4	11835
2799	-2	4	11839
2800	-4	6	11845
2801	-2	4	11849
2802	-2	4	11853
2803	-2	4	11857
2804	-2	4	11861
2805	-2	4	11865
2806	-2	4	11869
2807	-2	4	11873
2808	-2	4	11877
2809	-2	4	11881
2810	-2	4	11885
2811	-2	4	11889
2812	-2	4	11893
2813	-2	4	11897
2814	-2	4	11901
2815	-2	4	11905
2816	-2	4	11909
2817	-2	4	11913
2818	-2	4	11917
2819	-2	4	11921
2820	-2	4	11925
2821	-2	4	11929
2822	-2	4	11933
2823	-2	4	11937
2824	-2	4	11941
2825	-2	4	11945
2826	-2	4	11949
2827	-2	4	11953
2828	-2	4	11957
2829	-2	4	11961
2830	-2	4	11965
2831	-2	4	11969
2832	-4	6	11975
2833	-2	4	11979
2834	-2	4	11983
2835	-2	4	11987
2836	-2	4	11991
2837	-2	4	11995
2838	-2	4	11999
2839	-2	4	12003
2840	-2	4	12007
2841	-2	4	12011
2842	-2	4	12015
2843	-2	4	12019
2844	-2	4	12023
2845	-2	4	12027
2846	-2	4	12031
2847	-2	4	12035
2848	-2	4	12039
2849	-2	4	12043
2850	-2	4	12047
2851	-2	4	12051
2852	-2	4	12055
2853	-2	4	12059
2854	-3	5	12064
2855	-2	4	12068
2856	-4	6	12074
2857	-6	8	12082
2858	-2	4	12086
2859	-2	4	12090
2860	-2	4	12094
2861	-2	4	12098
2862	-2	4	12102
2863	-2	4	12106
2864	-2	4	12110
2865	-2	4	12114
2866	-2	4	12118
2867	-4	6	12124
2868	-2	4	12128
2869	-2	4	12132
2870	-2	4	12136
2871	-2	4	12140
2872	-2	4	12144
2873	-2	4	12148
2874	-4	6	12154
2875	-2	4	12158
2876	-2	4	12162
2877	-2	4	12166
2878	-2	4	12170
2879	-2	4	12174
2880	-2	4	12178
2881	-2	4	12182
2882	-2	4	12186
2883	-2	4	12190
2884	-2	4	12194
2885	-2	4	12198
2886	-2	4	12202
2887	-2	4	12206
2888	-2	4	12210
2889	-2	4	12214
2890	-2	4	12218
2891	-2	4	12222
2892	-2	4	12226
2893	-2	4	12230
2894	-2	4	12234
2895	-2	4	12238
2896	-2	4	12242
2897	-2	4	12246
2898	-2	4	12250
2899	-2	4	12254
2900	-2	4	12258
2901	-2	4	12262
2902	-2	4	12266
2903	-2	4	12270
2904	-2	4	12274
2905	-2	4	12278
2906	-2	4	12282
2907	-2	4	12286
2908	-3	5	12291
2909	-2	4	12295
2910	-2	4	12299
2911	-2	4	12303
2912	-2	4	12307
2913	-2	4	12311
2914	-2	4	12315
2915	-2	4	12319
2916	-2	4	12323
2917	-2	4	12327
2918	-2	4	12331
2919	-2	4	12335
2920	-3	5	12340
2921	-2	4	12344
2922	-2	4	12348
2923	-2	4	12352
2924	-2	4	12356
2925	-2	4	12360
2926	-2	4	12364
2927	-2	4	12368
2928	-2	4	12372
2929	-2	4	12376
2930	-2	4	12380
2931	-2	4	12384
2932	-2	4	12388
2933	-2	4	12392
2934	-3	5	12397
2935	-2	4	12401
2936	-2	4	12405
2937	-2	4	12409
2938	-2	4	12413
2939	-2	4	12417
2940	-2	4	12421
2941	-4	6	12427
2942	-2	4	12431
2943	-2	4	12435
2944	-2	4	12439
2945	-2	4	12443
2946	-2	4	12447
2947	-2	4	12451
2948	-2	4	12455
2949	-2	4	12459
2950	-2	4	12463
2951	-2	4	12467
2952	-2	4	12471
2953	-2	4	12475
2954	-2	4	12479
2955	-2	4	12483
2956	-2	4	12487
2957	-2	4	12491
2958	-2	4	12495
2959	-2	4	12499
2960	-2	4	12503
2961	-2	4	12507
2962	-2	4	12511
2963	-2	4	12515
2964	-2	4	12519
2965	-2	4	12523
2966	-2	4	12527
2967	-2	4	12531
2968	-2	4	12535
2969	-2	4	12539
2970	-2	4	12543
2971	-2	4	12547
2972	-2	4	12551
2973	-2	4	12555
2974	-2	4	12559
2975	-3	5	12564
2976	-2	4	12568
2977	-2	4	12572
2978	-2	4	12576
2979	-2	4	12580
2980	-2	4	12584
2981	-2	4	12588
2982	-2	4	12592
2983	-2	4	12596
2984	-2	4	12600
2985	-4	6	12606
2986	-2	4	12610
2987	-6	8	12618
2988	-2	4	12622
2989	-2	4	12626
2990	-2	4	12630
2991	-2	4	12634
2992	-2	4	12638
2993	-2	4	12642
2994	-2	4	12646
2995	-2	4	12650
2996	-2	4	12654
2997	-2	4	12658
2998	-2	4	12662
2999	-2	4	12666
3000	-2	4	12670
3001	-2	4	12674
3002	-2	4	12678
3003	-2	4	12682
3004	-2	4	12686
3005	-2	4	12690
3006	-2	4	12694
3007	-2	4	12698
3008	-2	4	12702
3009	-2	4	12706
3010	-2	4	12710
3011	-2	4	12714
3012	-4	6	12720
3013	-2	4	12724
3014	-2	4	12728
3015	-2	4	12732
3016	-2	4	12736
3017	-2	4	12740
3018	-2	4	12744
3019	-2	4	12748
3020	-2	4	12752
3021	-2	4	12756
3022	-2	4	12760
3023	-2	4	12764
3024	-2	4	12768
3025	-2	4	12772
3026	-2	4	12776
3027	-2	4	12780
3028	-4	6	12786
3029	-2	4	12790
3030	-2	4	12794
3031	-2	4	12798
3032	-4	6	12804
3033	-2	4	12808
3034	-2	4	12812
3035	-2	4	12816
3036	-2	4	12820
3037	-2	4	12824
3038	-2	4	12828
3039	-2	4	12832
3040	-3	5	12837
3041	-2	4	12841
3042	-2	4	12845
3043	-2	4	12849
3044	-2	4	12853
3045	-2	4	12857
3046	-2	4	12861
3047	-2	4	12865
3048	-2	4	12869
3049	-2	4	12873
3050	-2	4	12877
3051	-2	4	12881
3052	-2	4	12885
3053	-2	4	12889
3054	-2	4	12893
3055	-2	4	12897
3056	-2	4	12901
3057	-2	4	12905
3058	-2	4	12909
3059	-2	4	12913
3060	-2	4	12917
3061	-3	5	12922
3062	-2	4	12926
3063	-2	4	12930
3064	-2	4	12934
3065	-2	4	12938
3066	-2	4	12942
3067	-2	4	12946
3068	-2	4	12950
3069	-2	4	12954
3070	-2	4	12958
3071	-2	4	12962
3072	-2	4	12966
3073	-2	4	12970
3074	-2	4	12974
3075	-2	4	12978
3076	-2	4	12982
3077	-2	4	12986
3078	-2	4	12990
3079	-2	4	12994
3080	-2	4	12998
3081	-2	4	13002
3082	-2	4	13006
3083	-2	4	13010
3084	-2	4	13014
3085	-2	4	13018
3086	-2	4	13022
3087	-2	4	13026
3088	-2	4	13030
3089	-2	4	13034
3090	-2	4	13038
3091	-2	4	13042
3092	-2	4	13046
3093	-2	4	13050
3094	-2	4	13054
3095	-2	4	13058
3096	-2	4	13062
3097	-2	4	13066
3098	-2	4	13070
3099	-2	4	13074
3100	-2	4	13078
3101	-2	4	13082
3102	-2	4	13086
3103	-2	4	13090
3104	-2	4	13094
3105	-2	4	13098
3106	-2	4	13102
3107	-2	4	13106
3108	-2	4	13110
3109	-2	4	13114
3110	-2	4	13118
3111	-2	4	13122
3112	-2	4	13126
3113	-2	4	13130
3114	-2	4	13134
3115	-2	4	13138
3116	-2	4	13142
3117	-2	4	13146
3118	-2	4	13150
3119	-2	4	13154
3120	-2	4	13158
3121	-4	6	13164
3122	-2	4	13168
3123	-2	4	13172
3124	-2	4	13176
3125	-2	4	13180
3126	-2	4	13184
3127	-2	4	13188
3128	-2	4	13192
3129	-2	4	13196
3130	-2	4	13200
3131	-2	4	13204
3132	-2	4	13208
3133	-2	4	13212
3134	-2	4	13216
3135	-2	4	13220
3136	-2	4	13224
3137	-2	4	13228
3138	-2	4	13232
3139	-2	4	13236
3140	-2	4	13240
3141	-2	4	13244
3142	-2	4	13248
3143	-2	4	13252
3144	-2	4	13256
3145	-2	4	13260
3146	-2	4	13264
3147	-2	4	13268
3148	-2	4	13272
3149	-2	4	13276
3150	-2	4	13280
3151	-2	4	13284
3152	-2	4	13288
3153	-2	4	13292
3154	-2	4	13296
3155	-2	4	13300
3156	-2	4	13304
3157	-2	4	13308
3158	-2	4	13312
3159	-2	4	13316
3160	-2	4	13320
3161	-2	4	13324
3162	-3	5	13329
3163	-2	4	13333
3164	-2	4	13337
3165	-2	4	13341
3166	-2	4	13345
3167	-2	4	13349
3168	-2	4	13353
3169	-2	4	13357
3170	-2	4	13361
3171	-2	4	13365
3172	-2	4	13369
3173	-2	4	13373
3174	-2	4	13377
3175	-2	4	13381
3176	-2	4	13385
3177	-2	4	13389
3178	-2	4	13393
3179	-2	4	13397
3180	-2	4	13401
3181	-2	4	13405
3182	-2	4	13409
3183	-2	4	13413
3184	-2	4	13417
3185	-5	7	13424
3186	-2	4	13428
3187	-2	4	13432
3188	-2	4	13436
3189	-2	4	13440
3190	-2	4	13444
3191	-2	4	13448
3192	-2	4	13452
3193	-2	4	13456
3194	-2	4	13460
3195	-2	4	13464
3196	-2	4	13468
3197	-2	4	13472
3198	-2	4	13476
3199	-2	4	13480
3200	-2	4	13484
3201	-2	4	13488
3202	-2	4	13492
3203	-2	4	13496
3204	-2	4	13500
3205	-2	4	13504
3206	-2	4	13508
3207	-2	4	13512
3208	-2	4	13516
3209	-2	4	13520
3210	-2	4	13524
3211	-2	4	13528
3212	-2	4	13532
3213	-2	4	13536
3214	-2	4	13540
3215	-2	4	13544
3216	-2	4	13548
3217	-2	4	13552
3218	-2	4	13556
3219	-2	4	13560
3220	-2	4	13564
3221	-2	4	13568
3222	-2	4	13572
3223	-2	4	13576
3224	-2	4	13580
3225	-2	4	13584
3226	-2	4	13588
3227	-2	4	13592
3228	-2	4	13596
3229	-6	8	13604
3230	-2	4	13608
3231	-2	4	13612
3232	-2	4	13616
3233	-2	4	13620
3234	-2	4	13624
3235	-2	4	13628
3236	-2	4	13632
3237	-4	6	13638
3238	-2	4	13642
3239	-2	4	13646
3240	-2	4	13650
3241	-2	4	13654
3242	-2	4	13658
3243	-2	4	13662
3244	-2	4	13666
3245	-6	8	13674
3246	-2	4	13678
3247	-2	4	13682
3248	-2	4	13686
3249	-2	4	13690
3250	-2	4	13694
3251	-2	4	13698
3252	-2	4	13702
3253	-2	4	13706
3254	-2	4	13710
3255	-2	4	13714
3256	-2	4	13718
3257	-2	4	13722
3258	-2	4	13726
3259	-2	4	13730
3260	-2	4	13734
3261	-2	4	13738
3262	-2	4	13742
3263	-2	4	13746
3264	-2	4	13750
3265	-2	4	13754
3266	-2	4	13758
3267	-2	4	13762
3268	-2	4	13766
3269	-2	4	13770
3270	-2	4	13774
3271	-2	4	13778
3272	-2	4	13782
3273	-2	4	13786
3274	-2	4	13790
3275	-2	4	13794
3276	-2	4	13798
3277	-3	5	13803
3278	-2	4	13807
3279	-2	4	13811
3280	-2	4	13815
3281	-2	4	13819
3282	-2	4	13823
3283	-2	4	13827
3284	-2	4	13831
3285	-2	4	13835
3286	-2	4	13839
3287	-2	4	13843
3288	-2	4	13847
3289	-4	6	13853
3290	-2	4	13857
3291	-2	4	13861
3292	-2	4	13865
3293	-2	4	13869
3294	-2	4	13873
3295	-2	4	13877
3296	-2	4	13881
3297	-2	4	13885
3298	-2	4	13889
3299	-2	4	13893
3300	-2	4	13897
3301	-2	4	13901
3302	-2	4	13905
3303	-2	4	13909
3304	-6	8	13917
3305	-2	4	13921
3306	-2	4	13925
3307	-2	4	13929
3308	-2	4	13933
3309	-2	4	13937
3310	-2	4	13941
3311	-2	4	13945
3312	-2	4	13949
3313	-2	4	13953
3314	-2	4	13957
3315	-2	4	13961
3316	-2	4	13965
3317	-2	4	13969
3318	-2	4	13973
3319	-2	4	13977
3320	-2	4	13981
3321	-4	6	13987
3322	-2	4	13991
3323	-2	4	13995
3324	-2	4	13999
3325	-2	4	14003
3326	-4	6	14009
3327	-2	4	14013
3328	-2	4	14017
3329	-2	4	14021
3330	-2	4	14025
3331	-2	4	14029
3332	-2	4	14033
3333	-2	4	14037
3334	-2	4	14041
3335	-2	4	14045
3336	-2	4	14049
3337	-2	4	14053
3338	-2	4	14057
3339	-2	4	14061
3340	-2	4	14065
3341	-2	4	14069
3342	-2	4	14073
3343	-4	6	14079
3344	-2	4	14083
3345	-2	4	14087
3346	-3	5	14092
3347	-2	4	14096
3348	-6	8	14104
3349	-2	4	14108
3350	-2	4	14112
3351	-2	4	14116
3352	-2	4	14120
3353	-2	4	14124
3354	-2	4	14128
3355	-2	4	14132
3356	-2	4	14136
3357	-2	4	14140
3358	-2	4	14144
3359	-2	4	14148
3360	-2	4	14152
3361	-2	4	14156
3362	-2	4	14160
3363	-2	4	14164
3364	-2	4	14168
3365	-2	4	14172
3366	-2	4	14176
3367	-3	5	14181
3368	-2	4	14185
3369	-2	4	14189
3370	-2	4	14193
3371	-2	4	14197
3372	-4	6	14203
3373	-2	4	14207
3374	-2	4	14211
3375	-2	4	14215
3376	-2	4	14219
3377	-2	4	14223
3378	-2	4	14227
3379	-2	4	14231
3380	-2	4	14235
3381	-2	4	14239
3382	-2	4	14243
3383	-2	4	14247
3384	-2	4	14251
3385	-2	4	14255
3386	-3	5	14260
3387	-2	4	14264
3388	-2	4	14268
3389	-2	4	14272
3390	-2	4	14276
3391	-2	4	14280
3392	-2	4	14284
3393	-2	4	14288
3394	-2	4	14292
3395	-2	4	14296
3396	-2	4	14300
3397	-2	4	14304
3398	-2	4	14308
3399	-2	4	14312
3400	-2	4	14316
3401	-2	4	14320
3402	-2	4	14324
3403	-2	4	14328
3404	-2	4	14332
3405	-2	4	14336
3406	-2	4	14340
3407	-2	4	14344
3408	-2	4	14348
3409	-2	4	14352
3410	-2	4	14356
3411	-2	4	14360
3412	-4	6	14366
3413	-2	4	14370
3414	-2	4	14374
3415	-2	4	14378
3416	-2	4	14382
3417	-3	5	14387
3418	-2	4	14391
3419	-2	4	14395
3420	-2	4	14399
3421	-2	4	14403
3422	-2	4	14407
3423	-4	6	14413
3424	-2	4	14417
3425	-2	4	14421
3426	-2	4	14425
3427	-2	4	14429
3428	-2	4	14433
3429	-2	4	14437
3430	-2	4	14441
3431	-2	4	14445
3432	-2	4	14449
3433	-2	4	14453
3434	-2	4	14457
3435	-2	4	14461
3436	-2	4	14465
3437	-2	4	14469
3438	-2	4	14473
3439	-2	4	14477
3440	-2	4	14481
3441	-2	4	14485
3442	-3	5	14490
3443	-2	4	14494
3444	-2	4	14498
3445	-2	4	14502
3446	-2	4	14506
3447	-2	4	14510
3448	-4	6	14516
3449	-2	4	14520
3450	-2	4	14524
3451	-4	6	14530
3452	-2	4	14534
3453	-2	4	14538
3454	-2	4	14542
3455	-2	4	14546
3456	-2	4	14550
3457	-2	4	14554
3458	-2	4	14558
3459	-4	6	14564
3460	-2	4	14568
3461	-2	4	14572
3462	-2	4	14576
3463	-2	4	14580
3464	-2	4	14584
3465	-2	4	14588
3466	-2	4	14592
3467	-2	4	14596
3468	-2	4	14600
3469	-2	4	14604
3470	-2	4	14608
3471	-2	4	14612
3472	-2	4	14616
3473	-2	4	14620
3474	-2	4	14624
3475	-2	4	14628
3476	-2	4	14632
3477	-4	6	14638
3478	-2	4	14642
3479	-2	4	14646
3480	-2	4	14650
3481	-2	4	14654
3482	-2	4	14658
3483	-2	4	14662
3484	-2	4	14666
3485	-2	4	14670
3486	-2	4	14674
3487	-2	4	14678
3488	-2	4	14682
3489	-2	4	14686
3490	-2	4	14690
3491	-2	4	14694
3492	-4	6	14700
3493	-2	4	14704
3494	-2	4	14708
3495	-2	4	14712
3496	-2	4	14716
3497	-2	4	14720
3498	-2	4	14724
3499	-2	4	14728
3500	-2	4	14732
3501	-2	4	14736
3502	-2	4	14740
3503	-2	4	14744
3504	-2	4	14748
3505	-2	4	14752
3506	-4	6	14758
3507	-2	4	14762
3508	-2	4	14766
3509	-2	4	14770
3510	-4	6	14776
3511	-2	4	14780
3512	-2	4	14784
3513	-3	5	14789
3514	-2	4	14793
3515	-2	4	14797
3516	-2	4	14801
3517	-2	4	14805
3518	-2	4	14809
3519	-2	4	14813
3520	-2	4	14817
3521	-2	4	14821
3522	-2	4	14825
3523	-2	4	14829
3524	-2	4	14833
3525	-2	4	14837
3526	-2	4	14841
3527	-2	4	14845
3528	-2	4	14849
3529	-2	4	14853
3530	-2	4	14857
3531	-2	4	14861
3532	-2	4	14865
3533	-2	4	14869
3534	-4	6	14875
3535	-2	4	14879
3536	-2	4	14883
3537	-2	4	14887
3538	-2	4	14891
3539	-2	4	14895
3540	-2	4	14899
3541	-2	4	14903
3542	-2	4	14907
3543	-2	4	14911
3544	-2	4	14915
3545	-2	4	14919
3546	-2	4	14923
3547	-2	4	14927
3548	-2	4	14931
3549	-2	4	14935
3550	-2	4	14939
3551	-2	4	14943
3552	-2	4	14947
3553	-2	4	14951
3554	-2	4	14955
3555	-2	4	14959
3556	-2	4	14963
3557	-2	4	14967
3558	-2	4	14971
3559	-2	4	14975
3560	-2	4	14979
3561	-2	4	14983
3562	-2	4	14987
3563	-2	4	14991
3564	-2	4	14995
3565	-2	4	14999
3566	-2	4	15003
3567	-2	4	15007
3568	-2	4	15011
3569	-2	4	15015
3570	-2	4	15019
3571	-2	4	15023
3572	-2	4	15027
3573	-2	4	15031
3574	-2	4	15035
3575	-3	5	15040
3576	-2	4	15044
3577	-2	4	15048
3578	-2	4	15052
3579	-4	6	15058
3580	-2	4	15062
3581	-2	4	15066
3582	-2	4	15070
3583	-2	4	15074
3584	-2	4	15078
3585	-2	4	15082
3586	-2	4	15086
3587	-2	4	15090
3588	-2	4	15094
3589	-2	4	15098
3590	-2	4	15102
3591	-2	4	15106
3592	-2	4	15110
3593	-2	4	15114
3594	-2	4	15118
3595	-2	4	15122
3596	-2	4	15126
3597	-2	4	15130
3598	-2	4	15134
3599	-2	4	15138
3600	-2	4	15142
3601	-2	4	15146
3602	-2	4	15150
3603	-4	6	15156
3604	-2	4	15160
3605	-2	4	15164
3606	-2	4	15168
3607	-2	4	15172
3608	-2	4	15176
3609	-2	4	15180
3610	-2	4	15184
3611	-4	6	15190
3612	-2	4	15194
3613	-2	4	15198
3614	-2	4	15202
3615	-2	4	15206
3616	-2	4	15210
3617	-3	5	15215
3618	-2	4	15219
3619	-2	4	15223
3620	-2	4	15227
3621	-2	4	15231
3622	-2	4	15235
3623	-2	4	15239
3624	-2	4	15243
3625	-2	4	15247
3626	-2	4	15251
3627	-2	4	15255
3628	-2	4	15259
3629	-2	4	15263
3630	-2	4	15267
3631	-2	4	15271
3632	-2	4	15275
3633	-3	5	15280
3634	-2	4	15284
3635	-2	4	15288
3636	-2	4	15292
3637	-2	4	15296
3638	-2	4	15300
3639	-2	4	15304
3640	-2	4	15308
3641	-2	4	15312
3642	-2	4	15316
3643	-2	4	15320
3644	-2	4	15324
3645	-2	4	15328
3646	-2	4	15332
3647	-2	4	15336
3648	-2	4	15340
3649	-4	6	15346
3650	-2	4	15350
3651	-2	4	15354
3652	-2	4	15358
3653	-2	4	15362
3654	-2	4	15366
3655	-2	4	15370
3656	-4	6	15376
3657	-2	4	15380
3658	-3	5	15385
3659	-2	4	15389
3660	-2	4	15393
3661	-2	4	15397
3662	-4	6	15403
3663	-2	4	15407
3664	-2	4	15411
3665	-2	4	15415
3666	-2	4	15419
3667	-2	4	15423
3668	-2	4	15427
3669	-2	4	15431
3670	-3	5	15436
3671	-2	4	15440
3672	-2	4	15444
3673	-2	4	15448
3674	-2	4	15452
3675	-2	4	15456
3676	-2	4	15460
3677	-2	4	15464
3678	-2	4	15468
3679	-2	4	15472
3680	-2	4	15476
3681	-2	4	15480
3682	-2	4	15484
3683	-2	4	15488
3684	-2	4	15492
3685	-2	4	15496
3686	-2	4	15500
3687	-2	4	15504
3688	-2	4	15508
3689	-2	4	15512
3690	-2	4	15516
3691	-2	4	15520
3692	-4	6	15526
3693	-2	4	15530
3694	-2	4	15534
3695	-2	4	15538
3696	-2	4	15542
3697	-2	4	15546
3698	-2	4	15550
3699	-2	4	15554
3700	-2	4	15558
3701	-2	4	15562
3702	-2	4	15566
3703	-2	4	15570
3704	-2	4	15574
3705	-2	4	15578
3706	-2	4	15582
3707	-2	4	15586
3708	-2	4	15590
3709	-2	4	15594
3710	-2	4	15598
3711	-2	4	15602
3712	-2	4	15606
3713	-2	4	15610
3714	-2	4	15614
3715	-2	4	15618
3716	-4	6	15624
3717	-2	4	15628
3718	-2	4	15632
3719	-2	4	15636
3720	-2	4	15640
3721	-2	4	15644
3722	-2	4	15648
3723	-2	4	15652
3724	-2	4	15656
3725	-2	4	15660
3726	-2	4	15664
3727	-2	4	15668
3728	-2	4	15672
3729	-2	4	15676
3730	-2	4	15680
3731	-2	4	15684
3732	-2	4	15688
3733	-4	6	15694
3734	-2	4	15698
3735	-2	4	15702
3736	-2	4	15706
3737	-2	4	15710
3738	-2	4	15714
3739	-2	4	15718
3740	-2	4	15722
3741	-2	4	15726
3742	-2	4	15730
3743	-2	4	15734
3744	-2	4	15738
3745	-2	4	15742
3746	-2	4	15746
3747	-2	4	15750
3748	-2	4	15754
3749	-4	6	15760
3750	-2	4	15764
3751	-2	4	15768
3752	-2	4	15772
3753	-2	4	15776
3754	-2	4	15780
3755	-2	4	15784
3756	-2	4	15788
3757	-2	4	15792
3758	-2	4	15796
3759	-3	5	15801
3760	-2	4	15805
3761	-2	4	15809
3762	-2	4	15813
3763	-2	4	15817
3764	-2	4	15821
3765	-2	4	15825
3766	-2	4	15829
3767	-2	4	15833
3768	-2	4	15837
3769	-2	4	15841
3770	-2	4	15845
3771	-2	4	15849
3772	-5	7	15856
3773	-2	4	15860
3774	-2	4	15864
3775	-2	4	15868
3776	-2	4	15872
3777	-2	4	15876
3778	-2	4	15880
3779	-2	4	15884
3780	-2	4	15888
3781	-2	4	15892
3782	-2	4	15896
3783	-4	6	15902
3784	-4	6	15908
3785	-2	4	15912
3786	-2	4	15916
3787	-2	4	15920
3788	-2	4	15924
3789	-2	4	15928
3790	-2	4	15932
3791	-5	7	15939
3792	-2	4	15943
3793	-2	4	15947
3794	-2	4	15951
3795	-2	4	15955
3796	-2	4	15959
3797	-2	4	15963
3798	-2	4	15967
3799	-2	4	15971
3800	-2	4	15975
3801	-2	4	15979
3802	-2	4	15983
3803	-2	4	15987
3804	-2	4	15991
3805	-2	4	15995
3806	-2	4	15999
3807	-2	4	16003
3808	-2	4	16007
3809	-2	4	16011
3810	-2	4	16015
3811	-2	4	16019
3812	-2	4	16023
3813	-2	4	16027
3814	-2	4	16031
3815	-2	4	16035
3816	-2	4	16039
3817	-2	4	16043
3818	-2	4	16047
3819	-2	4	16051
3820	-2	4	16055
3821	-2	4	16059
3822	-2	4	16063
3823	-2	4	16067
3824	-2	4	16071
3825	-2	4	16075
3826	-2	4	16079
3827	-2	4	16083
3828	-2	4	16087
3829	-2	4	16091
3830	-5	7	16098
3831	-2	4	16102
3832	-2	4	16106
3833	-2	4	16110
3834	-2	4	16114
3835	-2	4	16118
3836	-3	5	16123
3837	-2	4	16127
3838	-2	4	16131
3839	-2	4	16135
3840	-2	4	16139
3841	-2	4	16143
3842	-2	4	16147
3843	-2	4	16151
3844	-2	4	16155
3845	-2	4	16159
3846	-2	4	16163
3847	-4	6	16169
3848	-2	4	16173
3849	-2	4	16177
3850	-2	4	16181
3851	-2	4	16185
3852	-2	4	16189
3853	-2	4	16193
3854	-2	4	16197
3855	-2	4	16201
3856	-2	4	16205
3857	-2	4	16209
3858	-2	4	16213
3859	-2	4	16217
3860	-2	4	16221
3861	-2	4	16225
3862	-2	4	16229
3863	-2	4	16233
3864	-2	4	16237
3865	-2	4	16241
3866	-2	4	16245
3867	-2	4	16249
3868	-2	4	16253
3869	-2	4	16257
3870	-2	4	16261
3871	-2	4	16265
3872	-2	4	16269
3873	-2	4	16273
3874	-2	4	16277
3875	-2	4	16281
3876	-2	4	16285
3877	-2	4	16289
3878	-2	4	16293
3879	-2	4	16297
3880	-2	4	16301
3881	-2	4	16305
3882	-2	4	16309
3883	-2	4	16313
3884	-2	4	16317
3885	-2	4	16321
3886	-2	4	16325
3887	-2	4	16329
3888	-2	4	16333
3889	-2	4	16337
3890	-2	4	16341
3891	-2	4	16345
3892	-2	4	16349
3893	-2	4	16353
3894	-2	4	16357
3895	-2	4	16361
3896	-2	4	16365
3897	-2	4	16369
3898	-2	4	16373
3899	-2	4	16377
3900	-2	4	16381
3901	-2	4	16385
3902	-2	4	16389
3903	-2	4	16393
3904	-2	4	16397
3905	-2	4	16401
3906	-2	4	16405
3907	-2	4	16409
3908	-2	4	16413
3909	-2	4	16417
3910	-2	4	16421
3911	-2	4	16425
3912	-2	4	16429
3913	-2	4	16433
3914	-2	4	16437
3915	-2	4	16441
3916	-2	4	16445
3917	-2	4	16449
3918	-2	4	16453
3919	-2	4	16457
3920	-3	5	16462
3921	-2	4	16466
3922	-2	4	16470
3923	-2	4	16474
3924	-2	4	16478
3925	-2	4	16482
3926	-2	4	16486
3927	-2	4	16490
3928	-2	4	16494
3929	-2	4	16498
3930	-2	4	16502
3931	-2	4	16506
3932	-2	4	16510
3933	-2	4	16514
3934	-4	6	16520
3935	-2	4	16524
3936	-2	4	16528
3937	-2	4	16532
3938	-2	4	16536
3939	-3	5	16541
3940	-2	4	16545
3941	-2	4	16549
3942	-2	4	16553
3943	-3	5	16558
3944	-2	4	16562
3945	-2	4	16566
3946	-2	4	16570
3947	-2	4	16574
3948	-2	4	16578
3949	-2	4	16582
3950	-2	4	16586
3951	-2	4	16590
3952	-2	4	16594
3953	-2	4	16598
3954	-2	4	16602
3955	-4	6	16608
3956	-2	4	16612
3957	-2	4	16616
3958	-4	6	16622
3959	-2	4	16626
3960	-2	4	16630
3961	-2	4	16634
3962	-2	4	16638
3963	-2	4	16642
3964	-4	6	16648
3965	-2	4	16652
3966	-2	4	16656
3967	-2	4	16660
3968	-2	4	16664
3969	-2	4	16668
3970	-2	4	16672
3971	-2	4	16676
3972	-2	4	16680
3973	-2	4	16684
3974	-2	4	16688
3975	-2	4	16692
3976	-2	4	16696
3977	-2	4	16700
3978	-4	6	16706
3979	-2	4	16710
3980	-2	4	16714
3981	-2	4	16718
3982	-2	4	16722
3983	-2	4	16726
3984	-2	4	16730
3985	-4	6	16736
3986	-2	4	16740
3987	-2	4	16744
3988	-2	4	16748
3989	-2	4	16752
3990	-2	4	16756
3991	-4	6	16762
3992	-2	4	16766
3993	-2	4	16770
3994	-2	4	16774
3995	-2	4	16778
3996	-2	4	16782
3997	-2	4	16786
3998	-2	4	16790
3999	-4	6	16796
4000	-2	4	16800
4001	-2	4	16804
4002	-2	4	16808
4003	-3	5	16813
4004	-2	4	16817
4005	-2	4	16821
4006	-2	4	16825
4007	-2	4	16829
4008	-2	4	16833
4009	-2	4	16837
4010	-2	4	16841
4011	-2	4	16845
4012	-4	6	16851
4013	-2	4	16855
4014	-2	4	16859
4015	-2	4	16863
4016	-2	4	16867
4017	-2	4	16871
4018	-2	4	16875
4019	-2	4	16879
4020	-2	4	16883
4021	-2	4	16887
4022	-2	4	16891
4023	-2	4	16895
4024	-2	4	16899
4025	-2	4	16903
4026	-2	4	16907
4027	-2	4	16911
4028	-2	4	16915
4029	-2	4	16919
4030	-2	4	16923
4031	-2	4	16927
4032	-2	4	16931
4033	-2	4	16935
4034	-2	4	16939
4035	-2	4	16943
4036	-2	4	16947
4037	-2	4	16951
4038	-2	4	16955
4039	-2	4	16959
4040	-2	4	16963
4041	-2	4	16967
4042	-2	4	16971
4043	-2	4	16975
4044	-2	4	16979
4045	-2	4	16983
4046	-2	4	16987
4047	-2	4	16991
4048	-2	4	16995
4049	-2	4	16999
4050	-2	4	17003
4051	-2	4	17007
4052	-2	4	17011
4053	-3	5	17016
4054	-2	4	17020
4055	-2	4	17024
4056	-4	6	17030
4057	-2	4	17034
4058	-2	4	17038
4059	-2	4	17042
4060	-4	6	17048
4061	-2	4	17052
4062	-2	4	17056
4063	-2	4	17060
4064	-2	4	17064
4065	-2	4	17068
4066	-2	4	17072
4067	-2	4	17076
4068	-2	4	17080
4069	-2	4	17084
4070	-2	4	17088
4071	-2	4	17092
4072	-2	4	17096
4073	-2	4	17100
4074	-2	4	17104
4075	-2	4	17108
4076	-2	4	17112
4077	-2	4	17116
4078	-2	4	17120
4079	-4	6	17126
4080	-2	4	17130
4081	-2	4	17134
4082	-2	4	17138
4083	-2	4	17142
4084	-2	4	17146
4085	-3	5	17151
4086	-2	4	17155
4087	-2	4	17159
4088	-2	4	17163
4089	-2	4	17167
4090	-2	4	17171
4091	-2	4	17175
4092	-2	4	17179
4093	-2	4	17183
4094	-2	4	17187
4095	-2	4	17191
4096	-2	4	17195
4097	-2	4	17199
4098	-2	4	17203
4099	-2	4	17207
4100	-2	4	17211
4101	-2	4	17215
4102	-2	4	17219
4103	-2	4	17223
4104	-2	4	17227
4105	-2	4	17231
4106	-2	4	17235
4107	-2	4	17239
4108	-2	4	17243
4109	-2	4	17247
4110	-2	4	17251
4111	-2	4	17255
4112	-2	4	17259
4113	-2	4	17263
4114	-2	4	17267
4115	-2	4	17271
4116	-2	4	17275
4117	-2	4	17279
4118	-2	4	17283
4119	-2	4	17287
4120	-2	4	17291
4121	-2	4	17295
4122	-2	4	17299
4123	-2	4	17303
4124	-2	4	17307
4125	-2	4	17311
4126	-2	4	17315
4127	-2	4	17319
4128	-2	4	17323
4129	-2	4	17327
4130	-2	4	17331
4131	-2	4	17335
4132	-2	4	17339
4133	-2	4	17343
4134	-2	4	17347
4135	-2	4	17351
4136	-2	4	17355
4137	-2	4	17359
4138	-2	4	17363
4139	-2	4	17367
4140	-2	4	17371
4141	-2	4	17375
4142	-2	4	17379
4143	-2	4	17383
4144	-2	4	17387
4145	-2	4	17391
4146	-2	4	17395
4147	-2	4	17399
4148	-2	4	17403
4149	-2	4	17407
4150	-2	4	17411
4151	-2	4	17415
4152	-2	4	17419
4153	-2	4	17423
4154	-2	4	17427
4155	-2	4	17431
4156	-2	4	17435
4157	-2	4	17439
4158	-2	4	17443
4159	-2	4	17447
4160	-2	4	17451
4161	-2	4	17455
4162	-2	4	17459
4163	-2	4	17463
4164	-2	4	17467
4165	-2	4	17471
4166	-2	4	17475
4167	-2	4	17479
4168	-2	4	17483
4169	-2	4	17487
4170	-2	4	17491
4171	-4	6	17497
4172	-2	4	17501
4173	-2	4	17505
4174	-2	4	17509
4175	-2	4	17513
4176	-2	4	17517
4177	-2	4	17521
4178	-2	4	17525
4179	-2	4	17529
4180	-2	4	17533
4181	-2	4	17537
4182	-2	4	17541
4183	-2	4	17545
4184	-2	4	17549
4185	-2	4	17553
4186	-2	4	17557
4187	-2	4	17561
4188	-2	4	17565
4189	-2	4	17569
4190	-2	4	17573
4191	-2	4	17577
4192	-2	4	17581
4193	-2	4	17585
4194	-2	4	17589
4195	-2	4	17593
4196	-2	4	17597
4197	-4	6	17603
4198	-2	4	17607
4199	-2	4	17611
4200	-2	4	17615
4201	-2	4	17619
4202	-2	4	17623
4203	-2	4	17627
4204	-2	4	17631
4205	-2	4	17635
4206	-2	4	17639
4207	-2	4	17643
4208	-2	4	17647
4209	-2	4	17651
4210	-2	4	17655
4211	-2	4	17659
4212	-2	4	17663
4213	-2	4	17667
4214	-2	4	17671
4215	-2	4	17675
4216	-2	4	17679
4217	-2	4	17683
4218	-2	4	17687
4219	-2	4	17691
4220	-2	4	17695
4221	-2	4	17699
4222	-2	4	17703
4223	-2	4	17707
4224	-2	4	17711
4225	-2	4	17715
4226	-2	4	17719
4227	-2	4	17723
4228	-2	4	17727
4229	-3	5	17732
4230	-2	4	17736
4231	-2	4	17740
4232	-2	4	17744
4233	-2	4	17748
4234	-2	4	17752
4235	-2	4	17756
4236	-3	5	17761
4237	-2	4	17765
4238	-2	4	17769
4239	-2	4	17773
4240	-2	4	17777
4241	-2	4	17781
4242	-2	4	17785
4243	-2	4	17789
4244	-2	4	17793
4245	-2	4	17797
4246	-2	4	17801
4247	-2	4	17805
4248	-2	4	17809
4249	-2	4	17813
4250	-2	4	17817
4251	-2	4	17821
4252	-2	4	17825
4253	-2	4	17829
4254	-2	4	17833
4255	-2	4	17837
4256	-2	4	17841
4257	-2	4	17845
4258	-2	4	17849
4259	-2	4	17853
4260	-2	4	17857
4261	-2	4	17861
4262	-2	4	17865
4263	-2	4	17869
4264	-2	4	17873
4265	-2	4	17877
4266	-2	4	17881
4267	-2	4	17885
4268	-2	4	17889
4269	-2	4	17893
4270	-2	4	17897
4271	-3	5	17902
4272	-2	4	17906
4273	-2	4	17910
4274	-2	4	17914
4275	-2	4	17918
4276	-2	4	17922
4277	-2	4	17926
4278	-2	4	17930
4279	-2	4	17934
4280	-2	4	17938
4281	-2	4	17942
4282	-4	6	17948
4283	-2	4	17952
4284	-2	4	17956
4285	-4	6	17962
4286	-4	6	17968
4287	-3	5	17973
4288	-2	4	17977
4289	-2	4	17981
4290	-2	4	17985
4291	-2	4	17989
4292	-2	4	17993
4293	-2	4	17997
4294	-2	4	18001
4295	-2	4	18005
4296	-2	4	18009
4297	-2	4	18013
4298	-2	4	18017
4299	-2	4	18021
4300	-2	4	18025
4301	-2	4	18029
4302	-2	4	18033
4303	-2	4	18037
4304	-2	4	18041
4305	-2	4	18045
4306	-2	4	18049
4307	-2	4	18053
4308	-2	4	18057
4309	-2	4	18061
4310	-2	4	18065
4311	-3	5	18070
4312	-2	4	18074
4313	-4	6	18080
4314	-2	4	18084
4315	-2	4	18088
4316	-2	4	18092
4317	-2	4	18096
4318	-2	4	18100
4319	-2	4	18104
4320	-3	5	18109
4321	-4	6	18115
4322	-2	4	18119
4323	-2	4	18123
4324	-2	4	18127
4325	-2	4	18131
4326	-2	4	18135
4327	-2	4	18139
4328	-2	4	18143
4329	-2	4	18147
4330	-2	4	18151
4331	-2	4	18155
4332	-2	4	18159
4333	-2	4	18163
4334	-2	4	18167
4335	-2	4	18171
4336	-2	4	18175
4337	-2	4	18179
4338	-2	4	18183
4339	-2	4	18187
4340	-2	4	18191
4341	-2	4	18195
4342	-2	4	18199
4343	-2	4	18203
4344	-2	4	18207
4345	-2	4	18211
4346	-2	4	18215
4347	-2	4	18219
4348	-4	6	18225
4349	-2	4	18229
4350	-4	6	18235
4351	-2	4	18239
4352	-2	4	18243
4353	-4	6	18249
4354	-2	4	18253
4355	-2	4	18257
4356	-2	4	18261
4357	-2	4	18265
4358	-4	6	18271
4359	-2	4	18275
4360	-2	4	18279
4361	-3	5	18284
4362	-2	4	18288
4363	-2	4	18292
4364	-2	4	18296
4365	-2	4	18300
4366	-2	4	18304
4367	-2	4	18308
4368	-2	4	18312
4369	-2	4	18316
4370	-2	4	18320
4371	-2	4	18324
4372	-2	4	18328
4373	-2	4	18332
4374	-2	4	18336
4375	-2	4	18340
4376	-2	4	18344
4377	-2	4	18348
4378	-2	4	18352
4379	-2	4	18356
4380	-2	4	18360
4381	-2	4	18364
4382	-3	5	18369
4383	-2	4	18373
4384	-2	4	18377
4385	-2	4	18381
4386	-2	4	18385
4387	-2	4	18389
4388	-3	5	18394
4389	-2	4	18398
4390	-2	4	18402
4391	-2	4	18406
4392	-2	4	18410
4393	-4	6	18416
4394	-2	4	18420
4395	-2	4	18424
4396	-2	4	18428
4397	-2	4	18432
4398	-2	4	18436
4399	-2	4	18440
4400	-2	4	18444
4401	-2	4	18448
4402	-2	4	18452
4403	-2	4	18456
4404	-2	4	18460
4405	-2	4	18464
4406	-2	4	18468
4407	-2	4	18472
4408	-2	4	18476
4409	-2	4	18480
4410	-2	4	18484
4411	-2	4	18488
4412	-2	4	18492
4413	-2	4	18496
4414	-2	4	18500
4415	-2	4	18504
4416	-2	4	18508
4417	-2	4	18512
4418	-2	4	18516
4419	-2	4	18520
4420	-2	4	18524
4421	-2	4	18528
4422	-2	4	18532
4423	-2	4	18536
4424	-2	4	18540
4425	-2	4	18544
4426	-2	4	18548
4427	-2	4	18552
4428	-2	4	18556
4429	-2	4	18560
4430	-2	4	18564
4431	-2	4	18568
4432	-2	4	18572
4433	-2	4	18576
4434	-2	4	18580
4435	-2	4	18584
4436	-2	4	18588
4437	-2	4	18592
4438	-2	4	18596
4439	-2	4	18600
4440	-2	4	18604
4441	-2	4	18608
4442	-2	4	18612
4443	-2	4	18616
4444	-2	4	18620
4445	-2	4	18624
4446	-4	6	18630
4447	-2	4	18634
4448	-2	4	18638
4449	-2	4	18642
4450	-2	4	18646
4451	-2	4	18650
4452	-2	4	18654
4453	-2	4	18658
4454	-2	4	18662
4455	-2	4	18666
4456	-2	4	18670
4457	-2	4	18674
4458	-2	4	18678
4459	-2	4	18682
4460	-2	4	18686
4461	-2	4	18690
4462	-2	4	18694
4463	-2	4	18698
4464	-2	4	18702
4465	-2	4	18706
4466	-2	4	18710
4467	-2	4	18714
4468	-2	4	18718
4469	-2	4	18722
4470	-2	4	18726
4471	-2	4	18730
4472	-2	4	18734
4473	-4	6	18740
4474	-2	4	18744
4475	-2	4	18748
4476	-2	4	18752
4477	-2	4	18756
4478	-2	4	18760
4479	-2	4	18764
4480	-2	4	18768
4481	-2	4	18772
4482	-2	4	18776
4483	-2	4	18780
4484	-2	4	18784
4485	-2	4	18788
4486	-2	4	18792
4487	-2	4	18796
4488	-2	4	18800
4489	-4	6	18806
4490	-2	4	18810
4491	-2	4	18814
4492	-2	4	18818
4493	-2	4	18822
4494	-2	4	18826
4495	-2	4	18830
4496	-2	4	18834
4497	-4	6	18840
4498	-2	4	18844
4499	-2	4	18848
4500	-2	4	18852
4501	-2	4	18856
4502	-2	4	18860
4503	-2	4	18864
4504	-4	6	18870
4505	-2	4	18874
4506	-2	4	18878
4507	-2	4	18882
4508	-2	4	18886
4509	-2	4	18890
4510	-2	4	18894
4511	-2	4	18898
4512	-2	4	18902
4513	-4	6	18908
4514	-2	4	18912
4515	-2	4	18916
4516	-2	4	18920
4517	-2	4	18924
4518	-2	4	18928
4519	-2	4	18932
4520	-2	4	18936
4521	-2	4	18940
4522	-2	4	18944
4523	-4	6	18950
4524	-2	4	18954
4525	-2	4	18958
4526	-2	4	18962
4527	-2	4	18966
4528	-2	4	18970
4529	-2	4	18974
4530	-2	4	18978
4531	-2	4	18982
4532	-2	4	18986
4533	-2	4	18990
4534	-2	4	18994
4535	-2	4	18998
4536	-2	4	19002
4537	-2	4	19006
4538	-2	4	19010
4539	-2	4	19014
4540	-2	4	19018
4541	-2	4	19022
4542	-2	4	19026
4543	-2	4	19030
4544	-2	4	19034
4545	-2	4	19038
4546	-2	4	19042
4547	-2	4	19046
4548	-2	4	19050
4549	-2	4	19054
4550	-2	4	19058
4551	-2	4	19062
4552	-2	4	19066
4553	-2	4	19070
4554	-2	4	19074
4555	-4	6	19080
4556	-2	4	19084
4557	-2	4	19088
4558	-2	4	19092
4559	-2	4	19096
4560	-3	5	19101
4561	-2	4	19105
4562	-2	4	19109
4563	-2	4	19113
4564	-2	4	19117
4565	-2	4	19121
4566	-2	4	19125
4567	-2	4	19129
4568	-2	4	19133
4569	-4	6	19139
4570	-2	4	19143
4571	-2	4	19147
4572	-2	4	19151
4573	-2	4	19155
4574	-2	4	19159
4575	-2	4	19163
4576	-2	4	19167
4577	-2	4	19171
4578	-2	4	19175
4579	-2	4	19179
4580	-2	4	19183
4581	-2	4	19187
4582	-2	4	19191
4583	-4	6	19197
4584	-2	4	19201
4585	-2	4	19205
4586	-2	4	19209
4587	-2	4	19213
4588	-2	4	19217
4589	-2	4	19221
4590	-2	4	19225
4591	-2	4	19229
4592	-4	6	19235
4593	-2	4	19239
4594	-2	4	19243
4595	-2	4	19247
4596	-2	4	19251
4597	-2	4	19255
4598	-2	4	19259
4599	-2	4	19263
4600	-2	4	19267
4601	-2	4	19271
4602	-2	4	19275
4603	-2	4	19279
4604	-2	4	19283
4605	-2	4	19287
4606	-2	4	19291
4607	-2	4	19295
4608	-2	4	19299
4609	-4	6	19305
4610	-2	4	19309
4611	-2	4	19313
4612	-2	4	19317
4613	-2	4	19321
4614	-2	4	19325
4615	-4	6	19331
4616	-2	4	19335
4617	-2	4	19339
4618	-2	4	19343
4619	-2	4	19347
4620	-2	4	19351
4621	-2	4	19355
4622	-2	4	19359
4623	-2	4	19363
4624	-2	4	19367
4625	-2	4	19371
4626	-2	4	19375
4627	-2	4	19379
4628	-2	4	19383
4629	-2	4	19387
4630	-4	6	19393
4631	-2	4	19397
4632	-2	4	19401
4633	-2	4	19405
4634	-2	4	19409
4635	-2	4	19413
4636	-2	4	19417
4637	-2	4	19421
4638	-2	4	19425
4639	-2	4	19429
4640	-2	4	19433
4641	-2	4	19437
4642	-2	4	19441
4643	-2	4	19445
4644	-2	4	19449
4645	-2	4	19453
4646	-2	4	19457
4647	-2	4	19461
4648	-2	4	19465
4649	-2	4	19469
4650	-2	4	19473
4651	-2	4	19477
4652	-2	4	19481
4653	-2	4	19485
4654	-2	4	19489
4655	-2	4	19493
4656	-2	4	19497
4657	-2	4	19501
4658	-2	4	19505
4659	-2	4	19509
4660	-2	4	19513
4661	-2	4	19517
4662	-2	4	19521
4663	-2	4	19525
4664	-2	4	19529
4665	-2	4	19533
4666	-2	4	19537
4667	-2	4	19541
4668	-2	4	19545
4669	-2	4	19549
4670	-2	4	19553
4671	-2	4	19557
4672	-2	4	19561
4673	-2	4	19565
4674	-2	4	19569
4675	-2	4	19573
4676	-2	4	19577
4677	-3	5	19582
4678	-2	4	19586
4679	-2	4	19590
4680	-2	4	19594
4681	-2	4	19598
4682	-2	4	19602
4683	-2	4	19606
4684	-2	4	19610
4685	-2	4	19614
4686	-2	4	19618
4687	-2	4	19622
4688	-2	4	19626
4689	-2	4	19630
4690	-2	4	19634
4691	-4	6	19640
4692	-2	4	19644
4693	-2	4	19648
4694	-2	4	19652
4695	-2	4	19656
4696	-2	4	19660
4697	-4	6	19666
4698	-2	4	19670
4699	-2	4	19674
4700	-2	4	19678
4701	-2	4	19682
4702	-4	6	19688
4703	-2	4	19692
4704	-2	4	19696
4705	-2	4	19700
4706	-2	4	19704
4707	-2	4	19708
4708	-2	4	19712
4709	-2	4	19716
4710	-2	4	19720
4711	-2	4	19724
4712	-2	4	19728
4713	-2	4	19732
4714	-2	4	19736
4715	-2	4	19740
4716	-2	4	19744
4717	-2	4	19748
4718	-2	4	19752
4719	-2	4	19756
4720	-2	4	19760
4721	-2	4	19764
4722	-2	4	19768
4723	-2	4	19772
4724	-2	4	19776
4725	-2	4	19780
4726	-2	4	19784
4727	-2	4	19788
4728	-3	5	19793
4729	-2	4	19797
4730	-2	4	19801
4731	-2	4	19805
4732	-2	4	19809
4733	-2	4	19813
4734	-2	4	19817
4735	-2	4	19821
4736	-2	4	19825
4737	-2	4	19829
4738	-2	4	19833
4739	-2	4	19837
4740	-2	4	19841
4741	-2	4	19845
4742	-3	5	19850
4743	-2	4	19854
4744	-2	4	19858
4745	-2	4	19862
4746	-2	4	19866
4747	-2	4	19870
4748	-2	4	19874
4749	-2	4	19878
4750	-2	4	19882
4751	-2	4	19886
4752	-2	4	19890
4753	-2	4	19894
4754	-2	4	19898
4755	-2	4	19902
4756	-2	4	19906
4757	-2	4	19910
4758	-2	4	19914
4759	-2	4	19918
4760	-2	4	19922
4761	-2	4	19926
4762	-2	4	19930
4763	-2	4	19934
4764	-2	4	19938
4765	-2	4	19942
4766	-2	4	19946
4767	-2	4	19950
4768	-2	4	19954
4769	-2	4	19958
4770	-2	4	19962
4771	-2	4	19966
4772	-2	4	19970
4773	-2	4	19974
4774	-2	4	19978
4775	-2	4	19982
4776	-2	4	19986
4777	-2	4	19990
4778	-4	6	19996
4779	-2	4	20000
4780	-2	4	20004
4781	-2	4	20008
4782	-2	4	20012
4783	-2	4	20016
4784	-4	6	20022
4785	-2	4	20026
4786	-2	4	20030
4787	-2	4	20034
4788	-2	4	20038
4789	-4	6	20044
4790	-2	4	20048
4791	-3	5	20053
4792	-2	4	20057
4793	-2	4	20061
4794	-2	4	20065
4795	-2	4	20069
4796	-2	4	20073
4797	-2	4	20077
4798	-2	4	20081
4799	-2	4	20085
4800	-2	4	20089
4801	-2	4	20093
4802	-2	4	20097
4803	-2	4	20101
4804	-2	4	20105
4805	-2	4	20109
4806	-2	4	20113
4807	-2	4	20117
4808	-2	4	20121
4809	-2	4	20125
4810	-2	4	20129
4811	-2	4	20133
4812	-2	4	20137
4813	-2	4	20141
4814	-2	4	20145
4815	-2	4	20149
4816	-2	4	20153
4817	-2	4	20157
4818	-2	4	20161
4819	-2	4	20165
4820	-4	6	20171
4821	-2	4	20175
4822	-2	4	20179
4823	-2	4	20183
4824	-2	4	20187
4825	-2	4	20191
4826	-2	4	20195
4827	-2	4	20199
4828	-2	4	20203
4829	-2	4	20207
4830	-2	4	20211
4831	-2	4	20215
4832	-2	4	20219
4833	-2	4	20223
4834	-2	4	20227
4835	-2	4	20231
4836	-2	4	20235
4837	-2	4	20239
4838	-2	4	20243
4839	-2	4	20247
4840	-2	4	20251
4841	-2	4	20255
4842	-2	4	20259
4843	-2	4	20263
4844	-2	4	20267
4845	-2	4	20271
4846	-2	4	20275
4847	-2	4	20279
4848	-2	4	20283
4849	-2	4	20287
4850	-2	4	20291
4851	-2	4	20295
4852	-2	4	20299
4853	-2	4	20303
4854	-2	4	20307
4855	-4	6	20313
4856	-2	4	20317
4857	-2	4	20321
4858	-2	4	20325
4859	-2	4	20329
4860	-3	5	20334
4861	-4	6	20340
4862	-2	4	20344
4863	-2	4	20348
4864	-2	4	20352
4865	-2	4	20356
4866	-2	4	20360
4867	-2	4	20364
4868	-2	4	20368
4869	-2	4	20372
4870	-2	4	20376
4871	-2	4	20380
4872	-2	4	20384
4873	-2	4	20388
4874	-2	4	20392
4875	-2	4	20396
4876	-2	4	20400
4877	-2	4	20404
4878	-2	4	20408
4879	-2	4	20412
4880	-2	4	20416
4881	-4	6	20422
4882	-2	4	20426
4883	-2	4	20430
4884	-2	4	20434
4885	-2	4	20438
4886	-2	4	20442
4887	-2	4	20446
4888	-2	4	20450
4889	-2	4	20454
4890	-2	4	20458
4891	-2	4	20462
4892	-2	4	20466
4893	-2	4	20470
4894	-2	4	20474
4895	-2	4	20478
4896	-2	4	20482
4897	-2	4	20486
4898	-2	4	20490
4899	-2	4	20494
4900	-2	4	20498
4901	-2	4	20502
4902	-2	4	20506
4903	-3	5	20511
4904	-4	6	20517
4905	-2	4	20521
4906	-2	4	20525
4907	-2	4	20529
4908	-2	4	20533
4909	-2	4	20537
4910	-2	4	20541
4911	-2	4	20545
4912	-2	4	20549
4913	-2	4	20553
4914	-4	6	20559
4915	-2	4	20563
4916	-2	4	20567
4917	-2	4	20571
4918	-2	4	20575
4919	-2	4	20579
4920	-2	4	20583
4921	-2	4	20587
4922	-2	4	20591
4923	-2	4	20595
4924	-2	4	20599
4925	-2	4	20603
4926	-2	4	20607
4927	-4	6	20613
4928	-2	4	20617
4929	-2	4	20621
4930	-2	4	20625
4931	-2	4	20629
4932	-2	4	20633
4933	-2	4	20637
4934	-2	4	20641
4935	-2	4	20645
4936	-2	4	20649
4937	-2	4	20653
4938	-2	4	20657
4939	-2	4	20661
4940	-2	4	20665
4941	-3	5	20670
4942	-2	4	20674
4943	-4	6	20680
4944	-2	4	20684
4945	-2	4	20688
4946	-4	6	20694
4947	-2	4	20698
4948	-2	4	20702
4949	-2	4	20706
4950	-2	4	20710
4951	-2	4	20714
4952	-2	4	20718
4953	-3	5	20723
4954	-2	4	20727
4955	-2	4	20731
4956	-2	4	20735
4957	-2	4	20739
4958	-2	4	20743
4959	-2	4	20747
4960	-2	4	20751
4961	-2	4	20755
4962	-2	4	20759
4963	-2	4	20763
4964	-2	4	20767
4965	-2	4	20771
4966	-2	4	20775
4967	-2	4	20779
4968	-2	4	20783
4969	-2	4	20787
4970	-2	4	20791
4971	-2	4	20795
4972	-2	4	20799
4973	-2	4	20803
4974	-2	4	20807
4975	-2	4	20811
4976	-2	4	20815
4977	-2	4	20819
4978	-2	4	20823
4979	-2	4	20827
4980	-2	4	20831
4981	-4	6	20837
4982	-2	4	20841
4983	-2	4	20845
4984	-2	4	20849
4985	-4	6	20855
4986	-2	4	20859
4987	-2	4	20863
4988	-2	4	20867
4989	-2	4	20871
4990	-2	4	20875
4991	-2	4	20879
4992	-2	4	20883
4993	-2	4	20887
4994	-2	4	20891
4995	-2	4	20895
4996	-2	4	20899
4997	-2	4	20903
4998	-4	6	20909
4999	-2	4	20913
5000	-2	4	20917
5001	-2	4	20921
5002	-2	4	20925
5003	-2	4	20929
5004	-2	4	20933
5005	-2	4	20937
5006	-2	4	20941
5007	-2	4	20945
5008	-2	4	20949
5009	-2	4	20953
5010	-2	4	20957
5011	-2	4	20961
5012	-2	4	20965
5013	-2	4	20969
5014	-2	4	20973
5015	-2	4	20977
5016	-2	4	20981
5017	-2	4	20985
5018	-2	4	20989
5019	-2	4	20993
5020	-2	4	20997
5021	-2	4	21001
5022	-2	4	21005
5023	-2	4	21009
5024	-2	4	21013
5025	-2	4	21017
5026	-2	4	21021
5027	-2	4	21025
5028	-2	4	21029
5029	-2	4	21033
5030	-2	4	21037
5031	-2	4	21041
5032	-2	4	21045
5033	-2	4	21049
5034	-2	4	21053
5035	-2	4	21057
5036	-2	4	21061
5037	-2	4	21065
5038	-2	4	21069
5039	-2	4	21073
5040	-2	4	21077
5041	-2	4	21081
5042	-2	4	21085
5043	-2	4	21089
5044	-2	4	21093
5045	-2	4	21097
5046	-2	4	21101
5047	-2	4	21105
5048	-2	4	21109
5049	-2	4	21113
5050	-2	4	21117
5051	-2	4	21121
5052	-2	4	21125
5053	-2	4	21129
5054	-2	4	21133
5055	-2	4	21137
5056	-4	6	21143
5057	-2	4	21147
5058	-2	4	21151
5059	-2	4	21155
5060	-2	4	21159
5061	-2	4	21163
5062	-2	4	21167
5063	-2	4	21171
5064	-2	4	21175
5065	-2	4	21179
5066	-2	4	21183
5067	-2	4	21187
5068	-2	4	21191
5069	-2	4	21195
5070	-2	4	21199
5071	-2	4	21203
5072	-2	4	21207
5073	-2	4	21211
5074	-2	4	21215
5075	-2	4	21219
5076	-2	4	21223
5077	-2	4	21227
5078	-2	4	21231
5079	-2	4	21235
5080	-2	4	21239
5081	-2	4	21243
5082	-2	4	21247
5083	-2	4	21251
5084	-2	4	21255
5085	-2	4	21259
5086	-2	4	21263
5087	-2	4	21267
5088	-2	4	21271
5089	-2	4	21275
5090	-2	4	21279
5091	-2	4	21283
5092	-2	4	21287
5093	-2	4	21291
5094	-2	4	21295
5095	-2	4	21299
5096	-2	4	21303
5097	-2	4	21307
5098	-2	4	21311
5099	-2	4	21315
5100	-2	4	21319
5101	-2	4	21323
5102	-2	4	21327
5103	-2	4	21331
5104	-2	4	21335
5105	-2	4	21339
5106	-2	4	21343
5107	-2	4	21347
5108	-2	4	21351
5109	-2	4	21355
5110	-2	4	21359
5111	-2	4	21363
5112	-2	4	21367
5113	-2	4	21371
5114	-2	4	21375
5115	-2	4	21379
5116	-2	4	21383
5117	-2	4	21387
5118	-2	4	21391
5119	-2	4	21395
5120	-2	4	21399
5121	-2	4	21403
5122	-2	4	21407
5123	-2	4	21411
5124	-2	4	21415
5125	-2	4	21419
5126	-2	4	21423
5127	-2	4	21427
5128	-2	4	21431
5129	-2	4	21435
5130	-2	4	21439
5131	-2	4	21443
5132	-2	4	21447
5133	-2	4	21451
5134	-2	4	21455
5135	-2	4	21459
5136	-2	4	21463
5137	-2	4	21467
5138	-2	4	21471
5139	-2	4	21475
5140	-2	4	21479
5141	-2	4	21483
5142	-2	4	21487
5143	-2	4	21491
5144	-2	4	21495
5145	-2	4	21499
5146	-2	4	21503
5147	-2	4	21507
5148	-2	4	21511
5149	-2	4	21515
5150	-2	4	21519
5151	-2	4	21523
5152	-2	4	21527
5153	-2	4	21531
5154	-2	4	21535
5155	-2	4	21539
5156	-2	4	21543
5157	-2	4	21547
5158	-2	4	21551
5159	-2	4	21555
5160	-2	4	21559
5161	-4	6	21565
5162	-3	5	21570
5163	-2	4	21574
5164	-2	4	21578
5165	-2	4	21582
5166	-2	4	21586
5167	-2	4	21590
5168	-2	4	21594
5169	-2	4	21598
5170	-2	4	21602
5171	-2	4	21606
5172	-2	4	21610
5173	-2	4	21614
5174	-2	4	21618
5175	-2	4	21622
5176	-2	4	21626
5177	-2	4	21630
5178	-2	4	21634
5179	-2	4	21638
5180	-2	4	21642
5181	-4	6	21648
5182	-2	4	21652
5183	-2	4	21656
5184	-2	4	21660
5185	-2	4	21664
5186	-2	4	21668
5187	-2	4	21672
5188	-2	4	21676
5189	-2	4	21680
5190	-2	4	21684
5191	-2	4	21688
5192	-2	4	21692
5193	-2	4	21696
5194	-2	4	21700
5195	-3	5	21705
5196	-2	4	21709
5197	-2	4	21713
5198	-2	4	21717
5199	-2	4	21721
5200	-2	4	21725
5201	-2	4	21729
5202	-4	6	21735
5203	-2	4	21739
5204	-2	4	21743
5205	-2	4	21747
5206	-2	4	21751
5207	-2	4	21755
5208	-2	4	21759
5209	-2	4	21763
5210	-2	4	21767
5211	-2	4	21771
5212	-2	4	21775
5213	-2	4	21779
5214	-2	4	21783
5215	-2	4	21787
5216	-2	4	21791
5217	-2	4	21795
5218	-2	4	21799
5219	-2	4	21803
5220	-2	4	21807
5221	-2	4	21811
5222	-2	4	21815
5223	-2	4	21819
5224	-2	4	21823
5225	-4	6	21829
5226	-2	4	21833
5227	-2	4	21837
5228	-2	4	21841
5229	-2	4	21845
5230	-2	4	21849
5231	-4	6	21855
5232	-2	4	21859
5233	-2	4	21863
5234	-2	4	21867
5235	-2	4	21871
5236	-2	4	21875
5237	-2	4	21879
5238	-2	4	21883
5239	-2	4	21887
5240	-2	4	21891
5241	-2	4	21895
5242	-2	4	21899
5243	-2	4	21903
5244	-2	4	21907
5245	-2	4	21911
5246	-2	4	21915
5247	-2	4	21919
5248	-2	4	21923
5249	-2	4	21927
5250	-2	4	21931
5251	-2	4	21935
5252	-2	4	21939
5253	-2	4	21943
5254	-2	4	21947
5255	-2	4	21951
5256	-2	4	21955
5257	-2	4	21959
5258	-2	4	21963
5259	-2	4	21967
5260	-2	4	21971
5261	-2	4	21975
5262	-3	5	21980
5263	-2	4	21984
5264	-2	4	21988
5265	-2	4	21992
5266	-2	4	21996
5267	-2	4	22000
5268	-2	4	22004
5269	-2	4	22008
5270	-2	4	22012
5271	-2	4	22016
5272	-2	4	22020
5273	-4	6	22026
5274	-2	4	22030
5275	-2	4	22034
5276	-4	6	22040
5277	-2	4	22044
5278	-2	4	22048
5279	-2	4	22052
5280	-2	4	22056
5281	-2	4	22060
5282	-2	4	22064
5283	-2	4	22068
5284	-2	4	22072
5285	-2	4	22076
5286	-2	4	22080
5287	-2	4	22084
5288	-2	4	22088
5289	-2	4	22092
5290	-2	4	22096
5291	-3	5	22101
5292	-2	4	22105
5293	-2	4	22109
5294	-2	4	22113
5295	-2	4	22117
5296	-2	4	22121
5297	-2	4	22125
5298	-2	4	22129
5299	-2	4	22133
5300	-2	4	22137
5301	-2	4	22141
5302	-2	4	22145
5303	-2	4	22149
5304	-2	4	22153
5305	-2	4	22157
5306	-2	4	22161
5307	-4	6	22167
5308	-2	4	22171
5309	-6	8	22179
5310	-2	4	22183
5311	-4	6	22189
5312	-2	4	22193
5313	-2	4	22197
5314	-2	4	22201
5315	-2	4	22205
5316	-2	4	22209
5317	-2	4	22213
5318	-2	4	22217
5319	-2	4	22221
5320	-4	6	22227
5321	-2	4	22231
5322	-2	4	22235
5323	-2	4	22239
5324	-2	4	22243
5325	-2	4	22247
5326	-2	4	22251
5327	-2	4	22255
5328	-2	4	22259
5329	-2	4	22263
5330	-3	5	22268
5331	-2	4	22272
5332	-3	5	22277
5333	-5	7	22284
5334	-2	4	22288
5335	-3	5	22293
5336	-4	6	22299
5337	-2	4	22303
5338	-2	4	22307
5339	-2	4	22311
5340	-2	4	22315
5341	-2	4	22319
5342	-2	4	22323
5343	-4	6	22329
5344	-2	4	22333
5345	-2	4	22337
5346	-2	4	22341
5347	-2	4	22345
5348	-3	5	22350
5349	-2	4	22354
5350	-2	4	22358
5351	-3	5	22363
5352	-2	4	22367
5353	-2	4	22371
5354	-2	4	22375
5355	-2	4	22379
5356	-2	4	22383
5357	-4	6	22389
5358	-2	4	22393
5359	-2	4	22397
5360	-2	4	22401
5361	-2	4	22405
5362	-2	4	22409
5363	-2	4	22413
5364	-2	4	22417
5365	-2	4	22421
5366	-2	4	22425
5367	-2	4	22429
5368	-2	4	22433
5369	-2	4	22437
5370	-2	4	22441
5371	-2	4	22445
5372	-2	4	22449
5373	-2	4	22453
5374	-2	4	22457
5375	-2	4	22461
5376	-2	4	22465
5377	-2	4	22469
5378	-2	4	22473
5379	-2	4	22477
5380	-2	4	22481
5381	-2	4	22485
5382	-2	4	22489
5383	-2	4	22493
5384	-2	4	22497
5385	-2	4	22501
5386	-2	4	22505
5387	-2	4	22509
5388	-2	4	22513
5389	-2	4	22517
5390	-2	4	22521
5391	-2	4	22525
5392	-2	4	22529
5393	-2	4	22533
5394	-2	4	22537
5395	-2	4	22541
5396	-2	4	22545
5397	-2	4	22549
5398	-2	4	22553
5399	-2	4	22557
5400	-2	4	22561
5401	-2	4	22565
5402	-2	4	22569
5403	-2	4	22573
5404	-2	4	22577
5405	-2	4	22581
5406	-2	4	22585
5407	-2	4	22589
5408	-2	4	22593
5409	-2	4	22597
5410	-4	6	22603
5411	-2	4	22607
5412	-2	4	22611
5413	-2	4	22615
5414	-2	4	22619
5415	-2	4	22623
5416	-2	4	22627
5417	-2	4	22631
5418	-2	4	22635
5419	-2	4	22639
5420	-2	4	22643
5421	-2	4	22647
5422	-2	4	22651
5423	-4	6	22657
5424	-2	4	22661
5425	-2	4	22665
5426	-2	4	22669
5427	-2	4	22673
5428	-2	4	22677
5429	-2	4	22681
5430	-2	4	22685
5431	-2	4	22689
5432	-2	4	22693
5433	-2	4	22697
5434	-2	4	22701
5435	-2	4	22705
5436	-2	4	22709
5437	-2	4	22713
5438	-4	6	22719
5439	-2	4	22723
5440	-2	4	22727
5441	-2	4	22731
5442	-2	4	22735
5443	-2	4	22739
5444	-2	4	22743
5445	-2	4	22747
5446	-4	6	22753
5447	-2	4	22757
5448	-2	4	22761
5449	-2	4	22765
5450	-2	4	22769
5451	-2	4	22773
5452	-2	4	22777
5453	-2	4	22781
5454	-2	4	22785
5455	-2	4	22789
5456	-2	4	22793
5457	-2	4	22797
5458	-2	4	22801
5459	-2	4	22805
5460	-2	4	22809
5461	-2	4	22813
5462	-2	4	22817
5463	-2	4	22821
5464	-2	4	22825
5465	-2	4	22829
5466	-2	4	22833
5467	-2	4	22837
5468	-2	4	22841
5469	-2	4	22845
5470	-2	4	22849
5471	-2	4	22853
5472	-2	4	22857
5473	-2	4	22861
5474	-3	5	22866
5475	-2	4	22870
5476	-2	4	22874
5477	-2	4	22878
5478	-2	4	22882
5479	-2	4	22886
5480	-2	4	22890
5481	-2	4	22894
5482	-2	4	22898
5483	-2	4	22902
5484	-4	6	22908
5485	-2	4	22912
5486	-2	4	22916
5487	-2	4	22920
5488	-2	4	22924
5489	-2	4	22928
5490	-2	4	22932
5491	-2	4	22936
5492	-2	4	22940
5493	-2	4	22944
5494	-2	4	22948
5495	-2	4	22952
5496	-2	4	22956
5497	-2	4	22960
5498	-2	4	22964
5499	-2	4	22968
5500	-2	4	22972
5501	-2	4	22976
5502	-2	4	22980
5503	-2	4	22984
5504	-2	4	22988
5505	-2	4	22992
5506	-2	4	22996
5507	-2	4	23000
5508	-2	4	23004
5509	-2	4	23008
5510	-2	4	23012
5511	-2	4	23016
5512	-4	6	23022
5513	-2	4	23026
5514	-2	4	23030
5515	-2	4	23034
5516	-2	4	23038
5517	-2	4	23042
5518	-2	4	23046
5519	-2	4	23050
5520	-2	4	23054
5521	-2	4	23058
5522	-2	4	23062
5523	-2	4	23066
5524	-2	4	23070
5525	-2	4	23074
5526	-2	4	23078
5527	-2	4	23082
5528	-2	4	23086
5529	-2	4	23090
5530	-2	4	23094
5531	-2	4	23098
5532	-2	4	23102
5533	-2	4	23106
5534	-2	4	23110
5535	-2	4	23114
5536	-2	4	23118
5537	-2	4	23122
5538	-2	4	23126
5539	-2	4	23130
5540	-2	4	23134
5541	-2	4	23138
5542	-2	4	23142
5543	-2	4	23146
5544	-2	4	23150
5545	-4	6	23156
5546	-2	4	23160
5547	-2	4	23164
5548	-2	4	23168
5549	-2	4	23172
5550	-2	4	23176
5551	-2	4	23180
5552	-2	4	23184
5553	-2	4	23188
5554	-2	4	23192
5555	-2	4	23196
5556	-2	4	23200
5557	-2	4	23204
5558	-4	6	23210
5559	-2	4	23214
5560	-4	6	23220
5561	-2	4	23224
5562	-2	4	23228
5563	-2	4	23232
5564	-2	4	23236
5565	-2	4	23240
5566	-2	4	23244
5567	-2	4	23248
5568	-2	4	23252
5569	-2	4	23256
5570	-2	4	23260
5571	-2	4	23264
5572	-2	4	23268
5573	-2	4	23272
5574	-2	4	23276
5575	-2	4	23280
5576	-2	4	23284
5577	-2	4	23288
5578	-2	4	23292
5579	-2	4	23296
5580	-2	4	23300
5581	-2	4	23304
5582	-2	4	23308
5583	-2	4	23312
5584	-2	4	23316
5585	-2	4	23320
5586	-3	5	23325
5587	-2	4	23329
5588	-2	4	23333
5589	-2	4	23337
5590	-2	4	23341
5591	-2	4	23345
5592	-2	4	23349
5593	-2	4	23353
5594	-2	4	23357
5595	-2	4	23361
5596	-2	4	23365
5597	-2	4	23369
5598	-4	6	23375
5599	-2	4	23379
5600	-2	4	23383
5601	-2	4	23387
5602	-2	4	23391
5603	-3	5	23396
5604	-2	4	23400
5605	-2	4	23404
5606	-2	4	23408
5607	-3	5	23413
5608	-2	4	23417
5609	-2	4	23421
5610	-2	4	23425
5611	-2	4	23429
5612	-2	4	23433
5613	-2	4	23437
5614	-2	4	23441
5615	-2	4	23445
5616	-2	4	23449
5617	-2	4	23453
5618	-2	4	23457
5619	-2	4	23461
5620	-2	4	23465
5621	-2	4	23469
5622	-2	4	23473
5623	-2	4	23477
5624	-2	4	23481
5625	-2	4	23485
5626	-2	4	23489
5627	-2	4	23493
5628	-2	4	23497
5629	-2	4	23501
5630	-4	6	23507
5631	-2	4	23511
5632	-2	4	23515
5633	-2	4	23519
5634	-2	4	23523
5635	-2	4	23527
5636	-2	4	23531
5637	-2	4	23535
5638	-2	4	23539
5639	-2	4	23543
5640	-2	4	23547
5641	-2	4	23551
5642	-2	4	23555
5643	-3	5	23560
5644	-2	4	23564
5645	-2	4	23568
5646	-2	4	23572
5647	-2	4	23576
5648	-2	4	23580
5649	-2	4	23584
5650	-2	4	23588
5651	-2	4	23592
5652	-2	4	23596
5653	-2	4	23600
5654	-2	4	23604
5655	-2	4	23608
5656	-2	4	23612
5657	-2	4	23616
5658	-2	4	23620
5659	-2	4	23624
5660	-2	4	23628
5661	-2	4	23632
5662	-2	4	23636
5663	-2	4	23640
5664	-2	4	23644
5665	-2	4	23648
5666	-2	4	23652
5667	-2	4	23656
5668	-2	4	23660
5669	-2	4	23664
5670	-2	4	23668
5671	-2	4	23672
5672	-2	4	23676
5673	-2	4	23680
5674	-3	5	23685
5675	-2	4	23689
5676	-2	4	23693
5677	-2	4	23697
5678	-2	4	23701
5679	-2	4	23705
5680	-2	4	23709
5681	-2	4	23713
5682	-2	4	23717
5683	-2	4	23721
5684	-2	4	23725
5685	-2	4	23729
5686	-2	4	23733
5687	-2	4	23737
5688	-2	4	23741
5689	-3	5	23746
5690	-2	4	23750
5691	-2	4	23754
5692	-2	4	23758
5693	-2	4	23762
5694	-2	4	23766
5695	-2	4	23770
5696	-2	4	23774
5697	-2	4	23778
5698	-2	4	23782
5699	-2	4	23786
5700	-2	4	23790
5701	-2	4	23794
5702	-2	4	23798
5703	-2	4	23802
5704	-2	4	23806
5705	-2	4	23810
5706	-2	4	23814
5707	-2	4	23818
5708	-2	4	23822
5709	-2	4	23826
5710	-2	4	23830
5711	-2	4	23834
5712	-2	4	23838
5713	-2	4	23842
5714	-2	4	23846
5715	-2	4	23850
5716	-2	4	23854
5717	-2	4	23858
5718	-2	4	23862
5719	-2	4	23866
5720	-3	5	23871
5721	-2	4	23875
5722	-2	4	23879
5723	-2	4	23883
5724	-2	4	23887
5725	-2	4	23891
5726	-2	4	23895
5727	-2	4	23899
5728	-2	4	23903
5729	-2	4	23907
5730	-2	4	23911
5731	-3	5	23916
5732	-2	4	23920
5733	-2	4	23924
5734	-2	4	23928
5735	-2	4	23932
5736	-2	4	23936
5737	-2	4	23940
5738	-2	4	23944
5739	-4	6	23950
5740	-2	4	23954
5741	-2	4	23958
5742	-2	4	23962
5743	-2	4	23966
5744	-2	4	23970
5745	-2	4	23974
5746	-2	4	23978
5747	-2	4	23982
5748	-2	4	23986
5749	-2	4	23990
5750	-2	4	23994
5751	-3	5	23999
5752	-3	5	24004
5753	-2	4	24008
5754	-2	4	24012
5755	-2	4	24016
5756	-2	4	24020
5757	-2	4	24024
5758	-2	4	24028
5759	-2	4	24032
5760	-2	4	24036
5761	-2	4	24040
5762	-4	6	24046
5763	-2	4	24050
5764	-3	5	24055
5765	-2	4	24059
5766	-2	4	24063
5767	-2	4	24067
5768	-2	4	24071
5769	-2	4	24075
5770	-2	4	24079
5771	-2	4	24083
5772	-2	4	24087
5773	-2	4	24091
5774	-2	4	24095
5775	-2	4	24099
5776	-2	4	24103
5777	-2	4	24107
5778	-2	4	24111
5779	-2	4	24115
5780	-2	4	24119
5781	-2	4	24123
5782	-2	4	24127
5783	-2	4	24131
5784	-4	6	24137
5785	-2	4	24141
5786	-2	4	24145
5787	-2	4	24149
5788	-2	4	24153
5789	-2	4	24157
5790	-2	4	24161
5791	-2	4	24165
5792	-2	4	24169
5793	-2	4	24173
5794	-2	4	24177
5795	-2	4	24181
5796	-2	4	24185
5797	-2	4	24189
5798	-2	4	24193
5799	-2	4	24197
5800	-2	4	24201
5801	-2	4	24205
5802	-2	4	24209
5803	-2	4	24213
5804	-2	4	24217
5805	-2	4	24221
5806	-2	4	24225
5807	-2	4	24229
5808	-2	4	24233
5809	-2	4	24237
5810	-4	6	24243
5811	-2	4	24247
5812	-2	4	24251
5813	-2	4	24255
5814	-2	4	24259
5815	-2	4	24263
5816	-4	6	24269
5817	-2	4	24273
5818	-4	6	24279
5819	-2	4	24283
5820	-2	4	24287
5821	-4	6	24293
5822	-2	4	24297
5823	-2	4	24301
5824	-2	4	24305
5825	-2	4	24309
5826	-2	4	24313
5827	-2	4	24317
5828	-2	4	24321
5829	-2	4	24325
5830	-2	4	24329
5831	-2	4	24333
5832	-2	4	24337
5833	-2	4	24341
5834	-4	6	24347
5835	-2	4	24351
5836	-2	4	24355
5837	-2	4	24359
5838	-2	4	24363
5839	-2	4	24367
5840	-2	4	24371
5841	-2	4	24375
5842	-2	4	24379
5843	-2	4	24383
5844	-2	4	24387
5845	-2	4	24391
5846	-2	4	24395
5847	-2	4	24399
5848	-2	4	24403
5849	-2	4	24407
5850	-2	4	24411
5851	-4	6	24417
5852	-2	4	24421
5853	-2	4	24425
5854	-2	4	24429
5855	-2	4	24433
5856	-2	4	24437
5857	-2	4	24441
5858	-2	4	24445
5859	-2	4	24449
5860	-2	4	24453
5861	-2	4	24457
5862	-2	4	24461
5863	-2	4	24465
5864	-2	4	24469
5865	-2	4	24473
5866	-2	4	24477
5867	-2	4	24481
5868	-2	4	24485
5869	-2	4	24489
5870	-2	4	24493
5871	-2	4	24497
5872	-2	4	24501
5873	-2	4	24505
5874	-2	4	24509
5875	-2	4	24513
5876	-2	4	24517
5877	-2	4	24521
5878	-2	4	24525
5879	-2	4	24529
5880	-4	6	24535
5881	-2	4	24539
5882	-2	4	24543
5883	-2	4	24547
5884	-2	4	24551
5885	-2	4	24555
5886	-2	4	24559
5887	-2	4	24563
5888	-2	4	24567
5889	-2	4	24571
5890	-2	4	24575
5891	-2	4	24579
5892	-2	4	24583
5893	-2	4	24587
5894	-2	4	24591
5895	-3	5	24596
5896	-2	4	24600
5897	-2	4	24604
5898	-2	4	24608
5899	-2	4	24612
5900	-2	4	24616
5901	-2	4	24620
5902	-2	4	24624
5903	-2	4	24628
5904	-2	4	24632
5905	-2	4	24636
5906	-2	4	24640
5907	-2	4	24644
5908	-3	5	24649
5909	-2	4	24653
5910	-2	4	24657
5911	-2	4	24661
5912	-2	4	24665
5913	-2	4	24669
5914	-2	4	24673
5915	-2	4	24677
5916	-4	6	24683
5917	-2	4	24687
5918	-2	4	24691
5919	-2	4	24695
5920	-2	4	24699
5921	-2	4	24703
5922	-2	4	24707
5923	-2	4	24711
5924	-2	4	24715
5925	-2	4	24719
5926	-2	4	24723
5927	-2	4	24727
5928	-2	4	24731
5929	-2	4	24735
5930	-2	4	24739
5931	-2	4	24743
5932	-2	4	24747
5933	-3	5	24752
5934	-2	4	24756
5935	-2	4	24760
5936	-2	4	24764
5937	-2	4	24768
5938	-2	4	24772
5939	-2	4	24776
5940	-2	4	24780
5941	-2	4	24784
5942	-2	4	24788
5943	-2	4	24792
5944	-2	4	24796
5945	-2	4	24800
5946	-3	5	24805
5947	-2	4	24809
5948	-2	4	24813
5949	-6	8	24821
5950	-2	4	24825
5951	-2	4	24829
5952	-2	4	24833
5953	-2	4	24837
5954	-3	5	24842
5955	-2	4	24846
5956	-2	4	24850
5957	-2	4	24854
5958	-2	4	24858
5959	-2	4	24862
5960	-2	4	24866
5961	-2	4	24870
5962	-2	4	24874
5963	-4	6	24880
5964	-2	4	24884
5965	-4	6	24890
5966	-2	4	24894
5967	-4	6	24900
5968	-2	4	24904
5969	-2	4	24908
5970	-2	4	24912
5971	-2	4	24916
5972	-2	4	24920
5973	-2	4	24924
5974	-2	4	24928
5975	-2	4	24932
5976	-2	4	24936
5977	-2	4	24940
5978	-2	4	24944
5979	-2	4	24948
5980	-2	4	24952
5981	-2	4	24956
5982	-2	4	24960
5983	-3	5	24965
5984	-2	4	24969
5985	-2	4	24973
5986	-2	4	24977
5987	-4	6	24983
5988	-3	5	24988
5989	-2	4	24992
5990	-2	4	24996
5991	-2	4	25000
5992	-2	4	25004
5993	-2	4	25008
5994	-2	4	25012
5995	-2	4	25016
5996	-2	4	25020
5997	-3	5	25025
5998	-2	4	25029
5999	-2	4	25033
6000	-4	6	25039
6001	-2	4	25043
6002	-2	4	25047
6003	-2	4	25051
6004	-2	4	25055
6005	-2	4	25059
6006	-2	4	25063
6007	-2	4	25067
6008	-2	4	25071
6009	-2	4	25075
6010	-2	4	25079
6011	-2	4	25083
6012	-2	4	25087
6013	-2	4	25091
6014	-2	4	25095
6015	-2	4	25099
6016	-2	4	25103
6017	-2	4	25107
6018	-2	4	25111
6019	-2	4	25115
6020	-2	4	25119
6021	-2	4	25123
6022	-2	4	25127
6023	-2	4	25131
6024	-2	4	25135
6025	-2	4	25139
6026	-2	4	25143
6027	-2	4	25147
6028	-2	4	25151
6029	-2	4	25155
6030	-2	4	25159
6031	-2	4	25163
6032	-2	4	25167
6033	-2	4	25171
6034	-2	4	25175
6035	-2	4	25179
6036	-2	4	25183
6037	-2	4	25187
6038	-2	4	25191
6039	-2	4	25195
6040	-2	4	25199
6041	-2	4	25203
6042	-2	4	25207
6043	-2	4	25211
6044	-2	4	25215
6045	-2	4	25219
6046	-2	4	25223
6047	-2	4	25227
6048	-4	6	25233
6049	-2	4	25237
6050	-2	4	25241
6051	-2	4	25245
6052	-2	4	25249
6053	-2	4	25253
6054	-2	4	25257
6055	-2	4	25261
6056	-2	4	25265
6057	-2	4	25269
6058	-2	4	25273
6059	-2	4	25277
6060	-2	4	25281
6061	-2	4	25285
6062	-2	4	25289
6063	-2	4	25293
6064	-2	4	25297
6065	-2	4	25301
6066	-2	4	25305
6067	-2	4	25309
6068	-2	4	25313
6069	-2	4	25317
6070	-2	4	25321
6071	-2	4	25325
6072	-2	4	25329
6073	-2	4	25333
6074	-2	4	25337
6075	-2	4	25341
6076	-2	4	25345
6077	-4	6	25351
6078	-2	4	25355
6079	-2	4	25359
6080	-2	4	25363
6081	-2	4	25367
6082	-3	5	25372
6083	-2	4	25376
6084	-2	4	25380
6085	-2	4	25384
6086	-2	4	25388
6087	-2	4	25392
6088	-2	4	25396
6089	-4	6	25402
6090	-2	4	25406
6091	-2	4	25410
6092	-2	4	25414
6093	-2	4	25418
6094	-2	4	25422
6095	-2	4	25426
6096	-4	6	25432
6097	-2	4	25436
6098	-2	4	25440
6099	-2	4	25444
6100	-2	4	25448
6101	-2	4	25452
6102	-2	4	25456
6103	-4	6	25462
6104	-2	4	25466
6105	-2	4	25470
6106	-2	4	25474
6107	-2	4	25478
6108	-2	4	25482
6109	-2	4	25486
6110	-2	4	25490
6111	-2	4	25494
6112	-2	4	25498
6113	-2	4	25502
6114	-2	4	25506
6115	-2	4	25510
6116	-2	4	25514
6117	-4	6	25520
6118	-2	4	25524
6119	-2	4	25528
6120	-2	4	25532
6121	-2	4	25536
6122	-2	4	25540
6123	-2	4	25544
6124	-2	4	25548
6125	-2	4	25552
6126	-2	4	25556
6127	-2	4	25560
6128	-2	4	25564
6129	-2	4	25568
6130	-2	4	25572
6131	-2	4	25576
6132	-2	4	25580
6133	-2	4	25584
6134	-3	5	25589
6135	-2	4	25593
6136	-2	4	25597
6137	-2	4	25601
6138	-2	4	25605
6139	-2	4	25609
6140	-2	4	25613
6141	-2	4	25617
6142	-2	4	25621
6143	-2	4	25625
6144	-2	4	25629
6145	-2	4	25633
6146	-2	4	25637
6147	-2	4	25641
6148	-2	4	25645
6149	-2	4	25649
6150	-2	4	25653
6151	-2	4	25657
6152	-2	4	25661
6153	-2	4	25665
6154	-4	6	25671
6155	-2	4	25675
6156	-2	4	25679
6157	-2	4	25683
6158	-2	4	25687
6159	-2	4	25691
6160	-2	4	25695
6161	-2	4	25699
6162	-2	4	25703
6163	-3	5	25708
6164	-4	6	25714
6165	-2	4	25718
6166	-2	4	25722
6167	-4	6	25728
6168	-2	4	25732
6169	-2	4	25736
6170	-4	6	25742
6171	-2	4	25746
6172	-2	4	25750
6173	-2	4	25754
6174	-2	4	25758
6175	-2	4	25762
6176	-2	4	25766
6177	-2	4	25770
6178	-2	4	25774
6179	-2	4	25778
6180	-2	4	25782
6181	-2	4	25786
6182	-2	4	25790
6183	-2	4	25794
6184	-2	4	25798
6185	-2	4	25802
6186	-2	4	25806
6187	-2	4	25810
6188	-2	4	25814
6189	-2	4	25818
6190	-2	4	25822
6191	-2	4	25826
6192	-2	4	25830
6193	-2	4	25834
6194	-2	4	25838
6195	-2	4	25842
6196	-2	4	25846
6197	-2	4	25850
6198	-2	4	25854
6199	-2	4	25858
6200	-2	4	25862
6201	-2	4	25866
6202	-2	4	25870
6203	-2	4	25874
6204	-2	4	25878
6205	-2	4	25882
6206	-2	4	25886
6207	-2	4	25890
6208	-2	4	25894
6209	-2	4	25898
6210	-2	4	25902
6211	-2	4	25906
6212	-2	4	25910
6213	-2	4	25914
6214	-2	4	25918
6215	-2	4	25922
6216	-2	4	25926
6217	-2	4	25930
6218	-2	4	25934
6219	-3	5	25939
6220	-2	4	25943
6221	-2	4	25947
6222	-2	4	25951
6223	-2	4	25955
6224	-2	4	25959
6225	-2	4	25963
6226	-2	4	25967
6227	-2	4	25971
6228	-2	4	25975
6229	-2	4	25979
6230	-2	4	25983
6231	-2	4	25987
6232	-2	4	25991
6233	-2	4	25995
6234	-2	4	25999
6235	-2	4	26003
6236	-2	4	26007
6237	-2	4	26011
6238	-2	4	26015
6239	-2	4	26019
6240	-2	4	26023
6241	-2	4	26027
6242	-2	4	26031
6243	-2	4	26035
6244	-2	4	26039
6245	-2	4	26043
6246	-4	6	26049
6247	-2	4	26053
6248	-2	4	26057
6249	-2	4	26061
6250	-2	4	26065
6251	-2	4	26069
6252	-2	4	26073
6253	-2	4	26077
6254	-2	4	26081
6255	-2	4	26085
6256	-2	4	26089
6257	-2	4	26093
6258	-2	4	26097
6259	-2	4	26101
6260	-2	4	26105
6261	-2	4	26109
6262	-2	4	26113
6263	-2	4	26117
6264	-2	4	26121
6265	-2	4	26125
6266	-2	4	26129
6267	-2	4	26133
6268	-2	4	26137
6269	-2	4	26141
6270	-2	4	26145
6271	-2	4	26149
6272	-2	4	26153
6273	-2	4	26157
6274	-2	4	26161
6275	-2	4	26165
6276	-2	4	26169
6277	-2	4	26173
6278	-2	4	26177
6279	-2	4	26181
6280	-2	4	26185
6281	-2	4	26189
6282	-2	4	26193
6283	-2	4	26197
6284	-2	4	26201
6285	-2	4	26205
6286	-2	4	26209
6287	-2	4	26213
6288	-2	4	26217
6289	-2	4	26221
6290	-2	4	26225
6291	-2	4	26229
6292	-4	6	26235
6293	-2	4	26239
6294	-2	4	26243
6295	-2	4	26247
6296	-2	4	26251
6297	-2	4	26255
6298	-2	4	26259
6299	-2	4	26263
6300	-2	4	26267
6301	-2	4	26271
6302	-2	4	26275
6303	-2	4	26279
6304	-2	4	26283
6305	-2	4	26287
6306	-2	4	26291
6307	-2	4	26295
6308	-2	4	26299
6309	-2	4	26303
6310	-2	4	26307
6311	-2	4	26311
6312	-2	4	26315
6313	-2	4	26319
6314	-2	4	26323
6315	-2	4	26327
6316	-2	4	26331
6317	-2	4	26335
6318	-2	4	26339
6319	-2	4	26343
6320	-2	4	26347
6321	-2	4	26351
6322	-2	4	26355
6323	-2	4	26359
6324	-4	6	26365
6325	-2	4	26369
6326	-2	4	26373
6327	-2	4	26377
6328	-2	4	26381
6329	-2	4	26385
6330	-2	4	26389
6331	-2	4	26393
6332	-2	4	26397
6333	-4	6	26403
6334	-2	4	26407
6335	-2	4	26411
6336	-2	4	26415
6337	-2	4	26419
6338	-2	4	26423
6339	-2	4	26427
6340	-2	4	26431
6341	-3	5	26436
6342	-2	4	26440
6343	-2	4	26444
6344	-2	4	26448
6345	-2	4	26452
6346	-2	4	26456
6347	-2	4	26460
6348	-2	4	26464
6349	-2	4	26468
6350	-2	4	26472
6351	-2	4	26476
6352	-2	4	26480
6353	-2	4	26484
6354	-2	4	26488
6355	-4	6	26494
6356	-2	4	26498
6357	-2	4	26502
6358	-2	4	26506
6359	-2	4	26510
6360	-2	4	26514
6361	-3	5	26519
6362	-2	4	26523
6363	-2	4	26527
6364	-2	4	26531
6365	-2	4	26535
6366	-4	6	26541
6367	-2	4	26545
6368	-2	4	26549
6369	-2	4	26553
6370	-3	5	26558
6371	-2	4	26562
6372	-2	4	26566
6373	-2	4	26570
6374	-2	4	26574
6375	-2	4	26578
6376	-2	4	26582
6377	-2	4	26586
6378	-2	4	26590
6379	-2	4	26594
6380	-2	4	26598
6381	-2	4	26602
6382	-4	6	26608
6383	-3	5	26613
6384	-2	4	26617
6385	-2	4	26621
6386	-2	4	26625
6387	-2	4	26629
6388	-2	4	26633
6389	-2	4	26637
6390	-2	4	26641
6391	-2	4	26645
6392	-2	4	26649
6393	-2	4	26653
6394	-2	4	26657
6395	-2	4	26661
6396	-2	4	26665
6397	-2	4	26669
6398	-2	4	26673
6399	-2	4	26677
6400	-2	4	26681
6401	-3	5	26686
6402	-2	4	26690
6403	-2	4	26694
6404	-2	4	26698
6405	-2	4	26702
6406	-2	4	26706
6407	-2	4	26710
6408	-2	4	26714
6409	-2	4	26718
6410	-2	4	26722
6411	-2	4	26726
6412	-2	4	26730
6413	-2	4	26734
6414	-2	4	26738
6415	-2	4	26742
6416	-2	4	26746
6417	-2	4	26750
6418	-5	7	26757
6419	-2	4	26761
6420	-2	4	26765
6421	-2	4	26769
6422	-2	4	26773
6423	-4	6	26779
6424	-4	6	26785
6425	-2	4	26789
6426	-3	5	26794
6427	-2	4	26798
6428	-2	4	26802
6429	-2	4	26806
6430	-2	4	26810
6431	-2	4	26814
6432	-2	4	26818
6433	-2	4	26822
6434	-2	4	26826
6435	-2	4	26830
6436	-2	4	26834
6437	-2	4	26838
6438	-4	6	26844
6439	-2	4	26848
6440	-2	4	26852
6441	-2	4	26856
6442	-2	4	26860
6443	-2	4	26864
6444	-2	4	26868
6445	-3	5	26873
6446	-2	4	26877
6447	-4	6	26883
6448	-2	4	26887
6449	-3	5	26892
6450	-2	4	26896
6451	-2	4	26900
6452	-2	4	26904
6453	-2	4	26908
6454	-2	4	26912
6455	-2	4	26916
6456	-2	4	26920
6457	-2	4	26924
6458	-2	4	26928
6459	-2	4	26932
6460	-2	4	26936
6461	-2	4	26940
6462	-2	4	26944
6463	-3	5	26949
6464	-2	4	26953
6465	-2	4	26957
6466	-2	4	26961
6467	-2	4	26965
6468	-2	4	26969
6469	-2	4	26973
6470	-2	4	26977
6471	-2	4	26981
6472	-2	4	26985
6473	-2	4	26989
6474	-3	5	26994
6475	-2	4	26998
6476	-2	4	27002
6477	-2	4	27006
6478	-2	4	27010
6479	-2	4	27014
6480	-2	4	27018
6481	-2	4	27022
6482	-2	4	27026
6483	-2	4	27030
6484	-2	4	27034
6485	-2	4	27038
6486	-2	4	27042
6487	-2	4	27046
6488	-2	4	27050
6489	-2	4	27054
6490	-2	4	27058
6491	-2	4	27062
6492	-2	4	27066
6493	-2	4	27070
6494	-2	4	27074
6495	-2	4	27078
6496	-2	4	27082
6497	-4	6	27088
6498	-4	6	27094
6499	-2	4	27098
6500	-4	6	27104
6501	-2	4	27108
6502	-2	4	27112
6503	-3	5	27117
6504	-2	4	27121
6505	-2	4	27125
6506	-2	4	27129
6507	-2	4	27133
6508	-2	4	27137
6509	-2	4	27141
6510	-2	4	27145
6511	-2	4	27149
6512	-2	4	27153
6513	-2	4	27157
6514	-2	4	27161
6515	-2	4	27165
6516	-3	5	27170
6517	-2	4	27174
6518	-2	4	27178
6519	-2	4	27182
6520	-2	4	27186
6521	-2	4	27190
6522	-2	4	27194
6523	-3	5	27199
6524	-2	4	27203
6525	-2	4	27207
6526	-2	4	27211
6527	-4	6	27217
6528	-2	4	27221
6529	-2	4	27225
6530	-2	4	27229
6531	-2	4	27233
6532	-2	4	27237
6533	-2	4	27241
6534	-2	4	27245
6535	-2	4	27249
6536	-2	4	27253
6537	-2	4	27257
6538	-2	4	27261
6539	-2	4	27265
6540	-2	4	27269
6541	-2	4	27273
6542	-2	4	27277
6543	-2	4	27281
6544	-2	4	27285
6545	-2	4	27289
6546	-2	4	27293
6547	-2	4	27297
6548	-2	4	27301
6549	-2	4	27305
6550	-2	4	27309
6551	-4	6	27315
6552	-2	4	27319
6553	-2	4	27323
6554	-2	4	27327
6555	-2	4	27331
6556	-2	4	27335
6557	-2	4	27339
6558	-2	4	27343
6559	-2	4	27347
6560	-2	4	27351
6561	-2	4	27355
6562	-2	4	27359
6563	-2	4	27363
6564	-2	4	27367
6565	-2	4	27371
6566	-2	4	27375
6567	-2	4	27379
6568	-2	4	27383
6569	-2	4	27387
6570	-2	4	27391
6571	-2	4	27395
6572	-3	5	27400
6573	-2	4	27404
6574	-2	4	27408
6575	-2	4	27412
6576	-2	4	27416
6577	-2	4	27420
6578	-2	4	27424
6579	-2	4	27428
6580	-3	5	27433
6581	-2	4	27437
6582	-2	4	27441
6583	-2	4	27445
6584	-2	4	27449
6585	-2	4	27453
6586	-4	6	27459
6587	-2	4	27463
6588	-2	4	27467
6589	-2	4	27471
6590	-4	6	27477
6591	-2	4	27481
6592	-2	4	27485
6593	-2	4	27489
6594	-2	4	27493
6595	-2	4	27497
6596	-2	4	27501
6597	-2	4	27505
6598	-4	6	27511
6599	-2	4	27515
6600	-2	4	27519
6601	-2	4	27523
6602	-2	4	27527
6603	-2	4	27531
6604	-2	4	27535
6605	-2	4	27539
6606	-2	4	27543
6607	-2	4	27547
6608	-2	4	27551
6609	-2	4	27555
6610	-2	4	27559
6611	-2	4	27563
6612	-2	4	27567
6613	-2	4	27571
6614	-2	4	27575
6615	-2	4	27579
6616	-2	4	27583
6617	-2	4	27587
6618	-2	4	27591
6619	-2	4	27595
6620	-2	4	27599
6621	-2	4	27603
6622	-3	5	27608
6623	-2	4	27612
6624	-2	4	27616
6625	-2	4	27620
6626	-2	4	27624
6627	-2	4	27628
6628	-2	4	27632
6629	-2	4	27636
6630	-2	4	27640
6631	-2	4	27644
6632	-2	4	27648
6633	-2	4	27652
6634	-2	4	27656
6635	-2	4	27660
6636	-2	4	27664
6637	-4	6	27670
6638	-2	4	27674
6639	-2	4	27678
6640	-2	4	27682
6641	-2	4	27686
6642	-2	4	27690
6643	-2	4	27694
6644	-2	4	27698
6645	-2	4	27702
6646	-2	4	27706
6647	-2	4	27710
6648	-2	4	27714
6649	-2	4	27718
6650	-2	4	27722
6651	-2	4	27726
6652	-4	6	27732
6653	-2	4	27736
6654	-2	4	27740
6655	-2	4	27744
6656	-2	4	27748
6657	-2	4	27752
6658	-2	4	27756
6659	-2	4	27760
6660	-2	4	27764
6661	-2	4	27768
6662	-2	4	27772
6663	-2	4	27776
6664	-2	4	27780
6665	-2	4	27784
6666	-2	4	27788
6667	-2	4	27792
6668	-2	4	27796
6669	-2	4	27800
6670	-2	4	27804
6671	-2	4	27808
6672	-2	4	27812
6673	-2	4	27816
6674	-2	4	27820
6675	-2	4	27824
6676	-4	6	27830
6677	-2	4	27834
6678	-2	4	27838
6679	-2	4	27842
6680	-2	4	27846
6681	-2	4	27850
6682	-2	4	27854
6683	-2	4	27858
6684	-2	4	27862
6685	-2	4	27866
6686	-2	4	27870
6687	-2	4	27874
6688	-2	4	27878
6689	-2	4	27882
6690	-2	4	27886
6691	-2	4	27890
6692	-4	6	27896
6693	-2	4	27900
6694	-2	4	27904
6695	-2	4	27908
6696	-2	4	27912
6697	-2	4	27916
6698	-2	4	27920
6699	-2	4	27924
6700	-2	4	27928
6701	-2	4	27932
6702	-2	4	27936
6703	-2	4	27940
6704	-2	4	27944
6705	-2	4	27948
6706	-2	4	27952
6707	-2	4	27956
6708	-2	4	27960
6709	-2	4	27964
6710	-2	4	27968
6711	-2	4	27972
6712	-2	4	27976
6713	-4	6	27982
6714	-2	4	27986
6715	-2	4	27990
6716	-2	4	27994
6717	-2	4	27998
6718	-2	4	28002
6719	-2	4	28006
6720	-2	4	28010
6721	-2	4	28014
6722	-2	4	28018
6723	-2	4	28022
6724	-2	4	28026
6725	-2	4	28030
6726	-2	4	28034
6727	-2	4	28038
6728	-2	4	28042
6729	-2	4	28046
6730	-2	4	28050
6731	-2	4	28054
6732	-2	4	28058
6733	-2	4	28062
6734	-2	4	28066
6735	-2	4	28070
6736	-2	4	28074
6737	-2	4	28078
6738	-2	4	28082
6739	-2	4	28086
6740	-2	4	28090
6741	-2	4	28094
6742	-2	4	28098
6743	-2	4	28102
6744	-2	4	28106
6745	-4	6	28112
6746	-2	4	28116
6747	-2	4	28120
6748	-2	4	28124
6749	-2	4	28128
6750	-4	6	28134
6751	-2	4	28138
6752	-2	4	28142
6753	-2	4	28146
6754	-2	4	28150
6755	-2	4	28154
6756	-2	4	28158
6757	-2	4	28162
6758	-2	4	28166
6759	-2	4	28170
6760	-2	4	28174
6761	-2	4	28178
6762	-2	4	28182
6763	-2	4	28186
6764	-2	4	28190
6765	-2	4	28194
6766	-2	4	28198
6767	-2	4	28202
6768	-2	4	28206
6769	-2	4	28210
6770	-2	4	28214
6771	-2	4	28218
6772	-2	4	28222
6773	-2	4	28226
6774	-2	4	28230
6775	-2	4	28234
6776	-2	4	28238
6777	-2	4	28242
6778	-2	4	28246
6779	-2	4	28250
6780	-2	4	28254
6781	-2	4	28258
6782	-2	4	28262
6783	-2	4	28266
6784	-2	4	28270
6785	-2	4	28274
6786	-3	5	28279
6787	-2	4	28283
6788	-2	4	28287
6789	-2	4	28291
6790	-2	4	28295
6791	-2	4	28299
6792	-2	4	28303
6793	-2	4	28307
6794	-2	4	28311
6795	-3	5	28316
6796	-2	4	28320
6797	-4	6	28326
6798	-2	4	28330
6799	-2	4	28334
6800	-2	4	28338
6801	-2	4	28342
6802	-2	4	28346
6803	-2	4	28350
6804	-2	4	28354
6805	-2	4	28358
6806	-2	4	28362
6807	-2	4	28366
6808	-2	4	28370
6809	-2	4	28374
6810	-2	4	28378
6811	-2	4	28382
6812	-3	5	28387
6813	-2	4	28391
6814	-2	4	28395
6815	-2	4	28399
6816	-2	4	28403
6817	-3	5	28408
6818	-2	4	28412
6819	-4	6	28418
6820	-2	4	28422
6821	-2	4	28426
6822	-2	4	28430
6823	-2	4	28434
6824	-2	4	28438
6825	-2	4	28442
6826	-2	4	28446
6827	-2	4	28450
6828	-2	4	28454
6829	-2	4	28458
6830	-2	4	28462
6831	-2	4	28466
6832	-2	4	28470
6833	-2	4	28474
6834	-4	6	28480
6835	-3	5	28485
6836	-2	4	28489
6837	-2	4	28493
6838	-2	4	28497
6839	-2	4	28501
6840	-2	4	28505
6841	-2	4	28509
6842	-2	4	28513
6843	-2	4	28517
6844	-2	4	28521
6845	-2	4	28525
6846	-2	4	28529
6847	-2	4	28533
6848	-2	4	28537
6849	-2	4	28541
6850	-2	4	28545
6851	-2	4	28549
6852	-2	4	28553
6853	-2	4	28557
6854	-2	4	28561
6855	-2	4	28565
6856	-2	4	28569
6857	-2	4	28573
6858	-2	4	28577
6859	-2	4	28581
6860	-4	6	28587
6861	-2	4	28591
6862	-2	4	28595
6863	-2	4	28599
6864	-2	4	28603
6865	-2	4	28607
6866	-2	4	28611
6867	-2	4	28615
6868	-2	4	28619
6869	-3	5	28624
6870	-2	4	28628
6871	-2	4	28632
6872	-2	4	28636
6873	-2	4	28640
6874	-4	6	28646
6875	-2	4	28650
6876	-2	4	28654
6877	-2	4	28658
6878	-2	4	28662
6879	-2	4	28666
6880	-2	4	28670
6881	-2	4	28674
6882	-2	4	28678
6883	-2	4	28682
6884	-2	4	28686
6885	-2	4	28690
6886	-2	4	28694
6887	-2	4	28698
6888	-2	4	28702
6889	-2	4	28706
6890	-2	4	28710
6891	-2	4	28714
6892	-3	5	28719
6893	-2	4	28723
6894	-2	4	28727
6895	-2	4	28731
6896	-2	4	28735
6897	-2	4	28739
6898	-2	4	28743
6899	-2	4	28747
6900	-2	4	28751
6901	-2	4	28755
6902	-2	4	28759
6903	-2	4	28763
6904	-2	4	28767
6905	-2	4	28771
6906	-2	4	28775
6907	-2	4	28779
6908	-2	4	28783
6909	-2	4	28787
6910	-2	4	28791
6911	-2	4	28795
6912	-2	4	28799
6913	-2	4	28803
6914	-2	4	28807
6915	-2	4	28811
6916	-2	4	28815
6917	-4	6	28821
6918	-3	5	28826
6919	-2	4	28830
6920	-2	4	28834
6921	-4	6	28840
6922	-2	4	28844
6923	-2	4	28848
6924	-2	4	28852
6925	-2	4	28856
6926	-2	4	28860
6927	-2	4	28864
6928	-2	4	28868
6929	-4	6	28874
6930	-2	4	28878
6931	-2	4	28882
6932	-2	4	28886
6933	-2	4	28890
6934	-4	6	28896
6935	-2	4	28900
6936	-4	6	28906
6937	-2	4	28910
6938	-2	4	28914
6939	-2	4	28918
6940	-2	4	28922
6941	-2	4	28926
6942	-2	4	28930
6943	-2	4	28934
6944	-2	4	28938
6945	-2	4	28942
6946	-2	4	28946
6947	-2	4	28950
6948	-2	4	28954
6949	-2	4	28958
6950	-2	4	28962
6951	-2	4	28966
6952	-2	4	28970
6953	-2	4	28974
6954	-2	4	28978
6955	-2	4	28982
6956	-2	4	28986
6957	-2	4	28990
6958	-2	4	28994
6959	-2	4	28998
6960	-2	4	29002
6961	-2	4	29006
6962	-2	4	29010
6963	-2	4	29014
6964	-2	4	29018
6965	-2	4	29022
6966	-2	4	29026
6967	-3	5	29031
6968	-2	4	29035
6969	-2	4	29039
6970	-2	4	29043
6971	-2	4	29047
6972	-2	4	29051
6973	-2	4	29055
6974	-2	4	29059
6975	-2	4	29063
6976	-2	4	29067
6977	-2	4	29071
6978	-2	4	29075
6979	-2	4	29079
6980	-2	4	29083
6981	-2	4	29087
6982	-2	4	29091
6983	-2	4	29095
6984	-2	4	29099
6985	-2	4	29103
6986	-2	4	29107
6987	-2	4	29111
6988	-2	4	29115
6989	-2	4	29119
6990	-2	4	29123
6991	-2	4	29127
6992	-2	4	29131
6993	-2	4	29135
6994	-2	4	29139
6995	-2	4	29143
6996	-2	4	29147
6997	-2	4	29151
6998	-2	4	29155
6999	-6	8	29163
7000	-2	4	29167
7001	-2	4	29171
7002	-2	4	29175
7003	-2	4	29179
7004	-2	4	29183
7005	-2	4	29187
7006	-2	4	29191
7007	-2	4	29195
7008	-2	4	29199
7009	-2	4	29203
7010	-2	4	29207
7011	-2	4	29211
7012	-2	4	29215
7013	-2	4	29219
7014	-2	4	29223
7015	-2	4	29227
7016	-2	4	29231
7017	-2	4	29235
7018	-2	4	29239
7019	-2	4	29243
7020	-2	4	29247
7021	-2	4	29251
7022	-2	4	29255
7023	-2	4	29259
7024	-2	4	29263
7025	-2	4	29267
7026	-2	4	29271
7027	-2	4	29275
7028	-2	4	29279
7029	-4	6	29285
7030	-2	4	29289
7031	-2	4	29293
7032	-2	4	29297
7033	-2	4	29301
7034	-2	4	29305
7035	-2	4	29309
7036	-2	4	29313
7037	-2	4	29317
7038	-2	4	29321
7039	-2	4	29325
7040	-2	4	29329
7041	-2	4	29333
7042	-4	6	29339
7043	-2	4	29343
7044	-2	4	29347
7045	-2	4	29351
7046	-2	4	29355
7047	-4	6	29361
7048	-2	4	29365
7049	-2	4	29369
7050	-2	4	29373
7051	-2	4	29377
7052	-2	4	29381
7053	-2	4	29385
7054	-2	4	29389
7055	-2	4	29393
7056	-2	4	29397
7057	-2	4	29401
7058	-2	4	29405
7059	-2	4	29409
7060	-2	4	29413
7061	-2	4	29417
7062	-2	4	29421
7063	-2	4	29425
7064	-2	4	29429
7065	-2	4	29433
7066	-2	4	29437
7067	-3	5	29442
7068	-2	4	29446
7069	-2	4	29450
7070	-2	4	29454
7071	-2	4	29458
7072	-4	6	29464
7073	-2	4	29468
7074	-2	4	29472
7075	-2	4	29476
7076	-2	4	29480
7077	-2	4	29484
7078	-2	4	29488
7079	-2	4	29492
7080	-2	4	29496
7081	-2	4	29500
7082	-2	4	29504
7083	-2	4	29508
7084	-2	4	29512
7085	-2	4	29516
7086	-2	4	29520
7087	-2	4	29524
7088	-2	4	29528
7089	-2	4	29532
7090	-2	4	29536
7091	-2	4	29540
7092	-2	4	29544
7093	-2	4	29548
7094	-2	4	29552
7095	-2	4	29556
7096	-4	6	29562
7097	-2	4	29566
7098	-2	4	29570
7099	-2	4	29574
7100	-2	4	29578
7101	-2	4	29582
7102	-2	4	29586
7103	-2	4	29590
7104	-2	4	29594
7105	-2	4	29598
7106	-2	4	29602
7107	-2	4	29606
7108	-2	4	29610
7109	-2	4	29614
7110	-2	4	29618
7111	-2	4	29622
7112	-2	4	29626
7113	-2	4	29630
7114	-2	4	29634
7115	-2	4	29638
7116	-2	4	29642
7117	-2	4	29646
7118	-2	4	29650
7119	-2	4	29654
7120	-2	4	29658
7121	-2	4	29662
7122	-2	4	29666
7123	-2	4	29670
7124	-2	4	29674
7125	-2	4	29678
7126	-3	5	29683
7127	-2	4	29687
7128	-2	4	29691
7129	-2	4	29695
7130	-2	4	29699
7131	-2	4	29703
7132	-2	4	29707
7133	-2	4	29711
7134	-2	4	29715
7135	-2	4	29719
7136	-2	4	29723
7137	-2	4	29727
7138	-2	4	29731
7139	-2	4	29735
7140	-2	4	29739
7141	-2	4	29743
7142	-2	4	29747
7143	-2	4	29751
7144	-2	4	29755
7145	-2	4	29759
7146	-2	4	29763
7147	-2	4	29767
7148	-2	4	29771
7149	-2	4	29775
7150	-2	4	29779
7151	-2	4	29783
7152	-2	4	29787
7153	-3	5	29792
7154	-2	4	29796
7155	-2	4	29800
7156	-2	4	29804
7157	-2	4	29808
7158	-2	4	29812
7159	-2	4	29816
7160	-2	4	29820
7161	-2	4	29824
7162	-2	4	29828
7163	-2	4	29832
7164	-2	4	29836
7165	-2	4	29840
7166	-2	4	29844
7167	-2	4	29848
7168	-2	4	29852
7169	-2	4	29856
7170	-2	4	29860
7171	-2	4	29864
7172	-2	4	29868
7173	-2	4	29872
7174	-2	4	29876
7175	-2	4	29880
7176	-2	4	29884
7177	-2	4	29888
7178	-3	5	29893
7179	-2	4	29897
7180	-4	6	29903
7181	-2	4	29907
7182	-2	4	29911
7183	-2	4	29915
7184	-2	4	29919
7185	-2	4	29923
7186	-2	4	29927
7187	-2	4	29931
7188	-2	4	29935
7189	-2	4	29939
7190	-2	4	29943
7191	-2	4	29947
7192	-2	4	29951
7193	-2	4	29955
7194	-2	4	29959
7195	-2	4	29963
7196	-2	4	29967
7197	-2	4	29971
7198	-2	4	29975
7199	-2	4	29979
7200	-2	4	29983
7201	-2	4	29987
7202	-2	4	29991
7203	-2	4	29995
7204	-4	6	30001
7205	-2	4	30005
7206	-2	4	30009
7207	-2	4	30013
7208	-2	4	30017
7209	-4	6	30023
7210	-3	5	30028
7211	-2	4	30032
7212	-2	4	30036
7213	-2	4	30040
7214	-2	4	30044
7215	-2	4	30048
7216	-2	4	30052
7217	-2	4	30056
7218	-2	4	30060
7219	-2	4	30064
7220	-2	4	30068
7221	-2	4	30072
7222	-2	4	30076
7223	-2	4	30080
7224	-2	4	30084
7225	-3	5	30089
7226	-2	4	30093
7227	-2	4	30097
7228	-2	4	30101
7229	-2	4	30105
7230	-2	4	30109
7231	-2	4	30113
7232	-2	4	30117
7233	-2	4	30121
7234	-2	4	30125
7235	-2	4	30129
7236	-2	4	30133
7237	-2	4	30137
7238	-2	4	30141
7239	-2	4	30145
7240	-2	4	30149
7241	-2	4	30153
7242	-2	4	30157
7243	-4	6	30163
7244	-2	4	30167
7245	-2	4	30171
7246	-2	4	30175
7247	-2	4	30179
7248	-2	4	30183
7249	-2	4	30187
7250	-2	4	30191
7251	-2	4	30195
7252	-2	4	30199
7253	-2	4	30203
7254	-3	5	30208
7255	-4	6	30214
7256	-2	4	30218
7257	-2	4	30222
7258	-2	4	30226
7259	-2	4	30230
7260	-2	4	30234
7261	-2	4	30238
7262	-2	4	30242
7263	-3	5	30247
7264	-2	4	30251
7265	-2	4	30255
7266	-2	4	30259
7267	-2	4	30263
7268	-2	4	30267
7269	-2	4	30271
7270	-2	4	30275
7271	-2	4	30279
7272	-2	4	30283
7273	-2	4	30287
7274	-2	4	30291
7275	-2	4	30295
7276	-2	4	30299
7277	-2	4	30303
7278	-2	4	30307
7279	-2	4	30311
7280	-2	4	30315
7281	-2	4	30319
7282	-2	4	30323
7283	-2	4	30327
7284	-2	4	30331
7285	-2	4	30335
7286	-2	4	30339
7287	-2	4	30343
7288	-4	6	30349
7289	-2	4	30353
7290	-2	4	30357
7291	-2	4	30361
7292	-2	4	30365
7293	-2	4	30369
7294	-2	4	30373
7295	-2	4	30377
7296	-2	4	30381
7297	-2	4	30385
7298	-2	4	30389
7299	-2	4	30393
7300	-2	4	30397
7301	-2	4	30401
7302	-2	4	30405
7303	-3	5	30410
7304	-2	4	30414
7305	-4	6	30420
7306	-2	4	30424
7307	-2	4	30428
7308	-2	4	30432
7309	-2	4	30436
7310	-2	4	30440
7311	-2	4	30444
7312	-2	4	30448
7313	-2	4	30452
7314	-2	4	30456
7315	-2	4	30460
7316	-2	4	30464
7317	-2	4	30468
7318	-4	6	30474
7319	-6	8	30482
7320	-2	4	30486
7321	-2	4	30490
7322	-2	4	30494
7323	-2	4	30498
7324	-2	4	30502
7325	-2	4	30506
7326	-2	4	30510
7327	-2	4	30514
7328	-2	4	30518
7329	-3	5	30523
7330	-2	4	30527
7331	-4	6	30533
7332	-2	4	30537
7333	-2	4	30541
7334	-2	4	30545
7335	-2	4	30549
7336	-2	4	30553
7337	-2	4	30557
7338	-2	4	30561
7339	-2	4	30565
7340	-2	4	30569
7341	-2	4	30573
7342	-2	4	30577
7343	-2	4	30581
7344	-2	4	30585
7345	-2	4	30589
7346	-2	4	30593
7347	-2	4	30597
7348	-2	4	30601
7349	-2	4	30605
7350	-2	4	30609
7351	-2	4	30613
7352	-2	4	30617
7353	-2	4	30621
7354	-2	4	30625
7355	-2	4	30629
7356	-2	4	30633
7357	-2	4	30637
7358	-2	4	30641
7359	-3	5	30646
7360	-2	4	30650
7361	-2	4	30654
7362	-2	4	30658
7363	-2	4	30662
7364	-2	4	30666
7365	-2	4	30670
7366	-2	4	30674
7367	-2	4	30678
7368	-2	4	30682
7369	-2	4	30686
7370	-2	4	30690
7371	-2	4	30694
7372	-2	4	30698
7373	-2	4	30702
7374	-2	4	30706
7375	-2	4	30710
7376	-2	4	30714
7377	-2	4	30718
7378	-2	4	30722
7379	-2	4	30726
7380	-2	4	30730
7381	-2	4	30734
7382	-2	4	30738
7383	-2	4	30742
7384	-2	4	30746
7385	-2	4	30750
7386	-2	4	30754
7387	-2	4	30758
7388	-2	4	30762
7389	-3	5	30767
7390	-2	4	30771
7391	-2	4	30775
7392	-2	4	30779
7393	-2	4	30783
7394	-2	4	30787
7395	-2	4	30791
7396	-2	4	30795
7397	-2	4	30799
7398	-2	4	30803
7399	-2	4	30807
7400	-2	4	30811
7401	-2	4	30815
7402	-2	4	30819
7403	-2	4	30823
7404	-2	4	30827
7405	-2	4	30831
7406	-2	4	30835
7407	-3	5	30840
7408	-2	4	30844
7409	-2	4	30848
7410	-2	4	30852
7411	-3	5	30857
7412	-2	4	30861
7413	-2	4	30865
7414	-2	4	30869
7415	-2	4	30873
7416	-2	4	30877
7417	-2	4	30881
7418	-2	4	30885
7419	-2	4	30889
7420	-2	4	30893
7421	-2	4	30897
7422	-2	4	30901
7423	-2	4	30905
7424	-2	4	30909
7425	-2	4	30913
7426	-2	4	30917
7427	-2	4	30921
7428	-2	4	30925
7429	-2	4	30929
7430	-2	4	30933
7431	-2	4	30937
7432	-4	6	30943
7433	-2	4	30947
7434	-2	4	30951
7435	-2	4	30955
7436	-2	4	30959
7437	-2	4	30963
7438	-2	4	30967
7439	-2	4	30971
7440	-2	4	30975
7441	-2	4	30979
7442	-2	4	30983
7443	-2	4	30987
7444	-2	4	30991
7445	-2	4	30995
7446	-2	4	30999
7447	-2	4	31003
7448	-2	4	31007
7449	-2	4	31011
7450	-2	4	31015
7451	-4	6	31021
7452	-2	4	31025
7453	-2	4	31029
7454	-2	4	31033
7455	-2	4	31037
7456	-2	4	31041
7457	-2	4	31045
7458	-2	4	31049
7459	-2	4	31053
7460	-2	4	31057
7461	-2	4	31061
7462	-2	4	31065
7463	-2	4	31069
7464	-2	4	31073
7465	-3	5	31078
7466	-2	4	31082
7467	-2	4	31086
7468	-2	4	31090
7469	-2	4	31094
7470	-2	4	31098
7471	-3	5	31103
7472	-2	4	31107
7473	-2	4	31111
7474	-2	4	31115
7475	-2	4	31119
7476	-2	4	31123
7477	-2	4	31127
7478	-2	4	31131
7479	-2	4	31135
7480	-2	4	31139
7481	-2	4	31143
7482	-2	4	31147
7483	-2	4	31151
7484	-2	4	31155
7485	-2	4	31159
7486	-3	5	31164
7487	-2	4	31168
7488	-2	4	31172
7489	-2	4	31176
7490	-2	4	31180
7491	-4	6	31186
7492	-2	4	31190
7493	-2	4	31194
7494	-2	4	31198
7495	-2	4	31202
7496	-2	4	31206
7497	-2	4	31210
7498	-4	6	31216
7499	-2	4	31220
7500	-2	4	31224
7501	-4	6	31230
7502	-2	4	31234
7503	-2	4	31238
7504	-2	4	31242
7505	-2	4	31246
7506	-2	4	31250
7507	-2	4	31254
7508	-2	4	31258
7509	-2	4	31262
7510	-2	4	31266
7511	-2	4	31270
7512	-2	4	31274
7513	-2	4	31278
7514	-2	4	31282
7515	-2	4	31286
7516	-2	4	31290
7517	-2	4	31294
7518	-2	4	31298
7519	-2	4	31302
7520	-2	4	31306
7521	-2	4	31310
7522	-2	4	31314
7523	-2	4	31318
7524	-2	4	31322
7525	-2	4	31326
7526	-5	7	31333
7527	-2	4	31337
7528	-2	4	31341
7529	-2	4	31345
7530	-2	4	31349
7531	-2	4	31353
7532	-2	4	31357
7533	-2	4	31361
7534	-2	4	31365
7535	-2	4	31369
7536	-2	4	31373
7537	-2	4	31377
7538	-2	4	31381
7539	-2	4	31385
7540	-2	4	31389
7541	-2	4	31393
7542	-2	4	31397
7543	-2	4	31401
7544	-2	4	31405
7545	-2	4	31409
7546	-2	4	31413
7547	-2	4	31417
7548	-2	4	31421
7549	-2	4	31425
7550	-2	4	31429
7551	-4	6	31435
7552	-2	4	31439
7553	-2	4	31443
7554	-2	4	31447
7555	-2	4	31451
7556	-2	4	31455
7557	-2	4	31459
7558	-2	4	31463
7559	-2	4	31467
7560	-2	4	31471
7561	-2	4	31475
7562	-2	4	31479
7563	-3	5	31484
7564	-2	4	31488
7565	-2	4	31492
7566	-2	4	31496
7567	-2	4	31500
7568	-2	4	31504
7569	-4	6	31510
7570	-2	4	31514
7571	-5	7	31521
7572	-4	6	31527
7573	-2	4	31531
7574	-2	4	31535
7575	-2	4	31539
7576	-3	5	31544
7577	-2	4	31548
7578	-2	4	31552
7579	-2	4	31556
7580	-2	4	31560
7581	-2	4	31564
7582	-2	4	31568
7583	-2	4	31572
7584	-2	4	31576
7585	-2	4	31580
7586	-2	4	31584
7587	-2	4	31588
7588	-2	4	31592
7589	-2	4	31596
7590	-2	4	31600
7591	-5	7	31607
7592	-2	4	31611
7593	-2	4	31615
7594	-2	4	31619
7595	-2	4	31623
7596	-4	6	31629
7597	-2	4	31633
7598	-2	4	31637
7599	-4	6	31643
7600	-2	4	31647
7601	-2	4	31651
7602	-4	6	31657
7603	-2	4	31661
7604	-2	4	31665
7605	-2	4	31669
7606	-2	4	31673
7607	-2	4	31677
7608	-2	4	31681
7609	-2	4	31685
7610	-4	6	31691
7611	-2	4	31695
7612	-2	4	31699
7613	-2	4	31703
7614	-2	4	31707
7615	-2	4	31711
7616	-2	4	31715
7617	-4	6	31721
7618	-2	4	31725
7619	-2	4	31729
7620	-2	4	31733
7621	-2	4	31737
7622	-5	7	31744
7623	-2	4	31748
7624	-2	4	31752
7625	-2	4	31756
7626	-2	4	31760
7627	-2	4	31764
7628	-2	4	31768
7629	-2	4	31772
7630	-2	4	31776
7631	-2	4	31780
7632	-2	4	31784
7633	-2	4	31788
7634	-2	4	31792
7635	-2	4	31796
7636	-2	4	31800
7637	-2	4	31804
7638	-2	4	31808
7639	-2	4	31812
7640	-2	4	31816
7641	-2	4	31820
7642	-2	4	31824
7643	-2	4	31828
7644	-2	4	31832
7645	-2	4	31836
7646	-2	4	31840
7647	-2	4	31844
7648	-2	4	31848
7649	-2	4	31852
7650	-2	4	31856
7651	-2	4	31860
7652	-2	4	31864
7653	-2	4	31868
7654	-2	4	31872
7655	-2	4	31876
7656	-2	4	31880
7657	-2	4	31884
7658	-2	4	31888
7659	-2	4	31892
7660	-2	4	31896
7661	-4	6	31902
7662	-2	4	31906
7663	-4	6	31912
7664	-2	4	31916
7665	-2	4	31920
7666	-2	4	31924
7667	-2	4	31928
7668	-4	6	31934
7669	-2	4	31938
7670	-2	4	31942
7671	-2	4	31946
7672	-2	4	31950
7673	-3	5	31955
7674	-4	6	31961
7675	-2	4	31965
7676	-2	4	31969
7677	-2	4	31973
7678	-2	4	31977
7679	-2	4	31981
7680	-2	4	31985
7681	-2	4	31989
7682	-2	4	31993
7683	-2	4	31997
7684	-2	4	32001
7685	-2	4	32005
7686	-2	4	32009
7687	-2	4	32013
7688	-2	4	32017
7689	-2	4	32021
7690	-2	4	32025
7691	-2	4	32029
7692	-3	5	32034
7693	-2	4	32038
7694	-2	4	32042
7695	-2	4	32046
7696	-2	4	32050
7697	-2	4	32054
7698	-2	4	32058
7699	-2	4	32062
7700	-2	4	32066
7701	-2	4	32070
7702	-2	4	32074
7703	-2	4	32078
7704	-2	4	32082
7705	-2	4	32086
7706	-2	4	32090
7707	-2	4	32094
7708	-2	4	32098
7709	-2	4	32102
7710	-2	4	32106
7711	-2	4	32110
7712	-2	4	32114
7713	-2	4	32118
7714	-2	4	32122
7715	-2	4	32126
7716	-2	4	32130
7717	-2	4	32134
7718	-2	4	32138
7719	-2	4	32142
7720	-2	4	32146
7721	-2	4	32150
7722	-2	4	32154
7723	-2	4	32158
7724	-2	4	32162
7725	-2	4	32166
7726	-2	4	32170
7727	-2	4	32174
7728	-2	4	32178
7729	-2	4	32182
7730	-2	4	32186
7731	-2	4	32190
7732	-2	4	32194
7733	-2	4	32198
7734	-2	4	32202
7735	-2	4	32206
7736	-2	4	32210
7737	-2	4	32214
7738	-4	6	32220
7739	-2	4	32224
7740	-2	4	32228
7741	-2	4	32232
7742	-2	4	32236
7743	-6	8	32244
7744	-4	6	32250
7745	-2	4	32254
7746	-2	4	32258
7747	-2	4	32262
7748	-2	4	32266
7749	-2	4	32270
7750	-2	4	32274
7751	-2	4	32278
7752	-2	4	32282
7753	-2	4	32286
7754	-2	4	32290
7755	-2	4	32294
7756	-2	4	32298
7757	-2	4	32302
7758	-2	4	32306
7759	-2	4	32310
7760	-2	4	32314
7761	-2	4	32318
7762	-2	4	32322
7763	-4	6	32328
7764	-4	6	32334
7765	-4	6	32340
7766	-2	4	32344
7767	-2	4	32348
7768	-2	4	32352
7769	-2	4	32356
7770	-2	4	32360
7771	-2	4	32364
7772	-2	4	32368
7773	-2	4	32372
7774	-2	4	32376
7775	-2	4	32380
7776	-2	4	32384
7777	-2	4	32388
7778	-2	4	32392
7779	-3	5	32397
7780	-2	4	32401
7781	-2	4	32405
7782	-2	4	32409
7783	-2	4	32413
7784	-2	4	32417
7785	-2	4	32421
7786	-2	4	32425
7787	-2	4	32429
7788	-2	4	32433
7789	-2	4	32437
7790	-2	4	32441
7791	-2	4	32445
7792	-2	4	32449
7793	-2	4	32453
7794	-2	4	32457
7795	-2	4	32461
7796	-2	4	32465
7797	-2	4	32469
7798	-2	4	32473
7799	-2	4	32477
7800	-2	4	32481
7801	-2	4	32485
7802	-2	4	32489
7803	-2	4	32493
7804	-2	4	32497
7805	-2	4	32501
7806	-2	4	32505
7807	-2	4	32509
7808	-2	4	32513
7809	-2	4	32517
7810	-2	4	32521
7811	-2	4	32525
7812	-2	4	32529
7813	-2	4	32533
7814	-2	4	32537
7815	-2	4	32541
7816	-2	4	32545
7817	-4	6	32551
7818	-2	4	32555
7819	-2	4	32559
7820	-4	6	32565
7821	-2	4	32569
7822	-2	4	32573
7823	-2	4	32577
7824	-2	4	32581
7825	-2	4	32585
7826	-2	4	32589
7827	-2	4	32593
7828	-2	4	32597
7829	-2	4	32601
7830	-2	4	32605
7831	-2	4	32609
7832	-2	4	32613
7833	-2	4	32617
7834	-2	4	32621
7835	-2	4	32625
7836	-2	4	32629
7837	-2	4	32633
7838	-2	4	32637
7839	-2	4	32641
7840	-2	4	32645
7841	-2	4	32649
7842	-2	4	32653
7843	-4	6	32659
7844	-2	4	32663
7845	-2	4	32667
7846	-2	4	32671
7847	-2	4	32675
7848	-2	4	32679
7849	-2	4	32683
7850	-2	4	32687
7851	-2	4	32691
7852	-2	4	32695
7853	-2	4	32699
7854	-2	4	32703
7855	-2	4	32707
7856	-2	4	32711
7857	-2	4	32715
7858	-2	4	32719
7859	-2	4	32723
7860	-3	5	32728
7861	-2	4	32732
7862	-2	4	32736
7863	-2	4	32740
7864	-2	4	32744
7865	-2	4	32748
7866	-2	4	32752
7867	-2	4	32756
7868	-2	4	32760
7869	-2	4	32764
7870	-2	4	32768
7871	-4	6	32774
7872	-2	4	32778
7873	-2	4	32782
7874	-2	4	32786
7875	-2	4	32790
7876	-2	4	32794
7877	-2	4	32798
7878	-2	4	32802
7879	-2	4	32806
7880	-2	4	32810
7881	-2	4	32814
7882	-2	4	32818
7883	-2	4	32822
7884	-2	4	32826
7885	-2	4	32830
7886	-2	4	32834
7887	-2	4	32838
7888	-2	4	32842
7889	-2	4	32846
7890	-2	4	32850
7891	-2	4	32854
7892	-2	4	32858
7893	-3	5	32863
7894	-2	4	32867
7895	-2	4	32871
7896	-2	4	32875
7897	-2	4	32879
7898	-2	4	32883
7899	-2	4	32887
7900	-2	4	32891
7901	-2	4	32895
7902	-2	4	32899
7903	-5	7	32906
7904	-2	4	32910
7905	-2	4	32914
7906	-2	4	32918
7907	-2	4	32922
7908	-2	4	32926
7909	-2	4	32930
7910	-2	4	32934
7911	-2	4	32938
7912	-2	4	32942
7913	-3	5	32947
7914	-2	4	32951
7915	-2	4	32955
7916	-2	4	32959
7917	-2	4	32963
7918	-2	4	32967
7919	-2	4	32971
7920	-4	6	32977
7921	-2	4	32981
7922	-2	4	32985
7923	-2	4	32989
7924	-2	4	32993
7925	-2	4	32997
7926	-2	4	33001
7927	-2	4	33005
7928	-2	4	33009
7929	-6	8	33017
7930	-2	4	33021
7931	-2	4	33025
7932	-2	4	33029
7933	-2	4	33033
7934	-2	4	33037
7935	-2	4	33041
7936	-2	4	33045
7937	-2	4	33049
7938	-2	4	33053
7939	-2	4	33057
7940	-2	4	33061
7941	-3	5	33066
7942	-2	4	33070
7943	-2	4	33074
7944	-2	4	33078
7945	-2	4	33082
7946	-2	4	33086
7947	-2	4	33090
7948	-2	4	33094
7949	-2	4	33098
7950	-2	4	33102
7951	-2	4	33106
7952	-2	4	33110
7953	-2	4	33114
7954	-2	4	33118
7955	-2	4	33122
7956	-2	4	33126
7957	-2	4	33130
7958	-2	4	33134
7959	-2	4	33138
7960	-2	4	33142
7961	-2	4	33146
7962	-2	4	33150
7963	-2	4	33154
7964	-2	4	33158
7965	-2	4	33162
7966	-2	4	33166
7967	-2	4	33170
7968	-2	4	33174
7969	-2	4	33178
7970	-2	4	33182
7971	-2	4	33186
7972	-2	4	33190
7973	-2	4	33194
7974	-3	5	33199
7975	-2	4	33203
7976	-2	4	33207
7977	-2	4	33211
7978	-2	4	33215
7979	-3	5	33220
7980	-2	4	33224
7981	-2	4	33228
7982	-2	4	33232
7983	-2	4	33236
7984	-4	6	33242
7985	-2	4	33246
7986	-2	4	33250
7987	-2	4	33254
7988	-2	4	33258
7989	-2	4	33262
7990	-2	4	33266
7991	-2	4	33270
7992	-2	4	33274
7993	-2	4	33278
7994	-2	4	33282
7995	-2	4	33286
7996	-2	4	33290
7997	-2	4	33294
7998	-2	4	33298
7999	-2	4	33302
8000	-2	4	33306
8001	-2	4	33310
8002	-2	4	33314
8003	-2	4	33318
8004	-2	4	33322
8005	-2	4	33326
8006	-2	4	33330
8007	-2	4	33334
8008	-2	4	33338
8009	-2	4	33342
8010	-2	4	33346
8011	-2	4	33350
8012	-2	4	33354
8013	-2	4	33358
8014	-2	4	33362
8015	-2	4	33366
8016	-2	4	33370
8017	-2	4	33374
8018	-2	4	33378
8019	-2	4	33382
8020	-2	4	33386
8021	-2	4	33390
8022	-2	4	33394
8023	-2	4	33398
8024	-2	4	33402
8025	-2	4	33406
8026	-2	4	33410
8027	-2	4	33414
8028	-2	4	33418
8029	-2	4	33422
8030	-2	4	33426
8031	-2	4	33430
8032	-4	6	33436
8033	-2	4	33440
8034	-2	4	33444
8035	-2	4	33448
8036	-2	4	33452
8037	-2	4	33456
8038	-2	4	33460
8039	-2	4	33464
8040	-4	6	33470
8041	-2	4	33474
8042	-2	4	33478
8043	-2	4	33482
8044	-2	4	33486
8045	-2	4	33490
8046	-2	4	33494
8047	-2	4	33498
8048	-2	4	33502
8049	-2	4	33506
8050	-2	4	33510
8051	-2	4	33514
8052	-2	4	33518
8053	-2	4	33522
8054	-2	4	33526
8055	-2	4	33530
8056	-2	4	33534
8057	-2	4	33538
8058	-2	4	33542
8059	-2	4	33546
8060	-2	4	33550
8061	-2	4	33554
8062	-2	4	33558
8063	-2	4	33562
8064	-2	4	33566
8065	-2	4	33570
8066	-3	5	33575
8067	-2	4	33579
8068	-2	4	33583
8069	-2	4	33587
8070	-2	4	33591
8071	-2	4	33595
8072	-2	4	33599
8073	-2	4	33603
8074	-2	4	33607
8075	-2	4	33611
8076	-2	4	33615
8077	-2	4	33619
8078	-4	6	33625
8079	-2	4	33629
8080	-2	4	33633
8081	-2	4	33637
8082	-2	4	33641
8083	-2	4	33645
8084	-2	4	33649
8085	-2	4	33653
8086	-2	4	33657
8087	-2	4	33661
8088	-2	4	33665
8089	-2	4	33669
8090	-2	4	33673
8091	-2	4	33677
8092	-2	4	33681
8093	-2	4	33685
8094	-2	4	33689
8095	-2	4	33693
8096	-3	5	33698
8097	-2	4	33702
8098	-2	4	33706
8099	-2	4	33710
8100	-2	4	33714
8101	-2	4	33718
8102	-2	4	33722
8103	-2	4	33726
8104	-2	4	33730
8105	-2	4	33734
8106	-2	4	33738
8107	-2	4	33742
8108	-2	4	33746
8109	-2	4	33750
8110	-2	4	33754
8111	-2	4	33758
8112	-2	4	33762
8113	-2	4	33766
8114	-2	4	33770
8115	-2	4	33774
8116	-2	4	33778
8117	-2	4	33782
8118	-2	4	33786
8119	-4	6	33792
8120	-2	4	33796
8121	-2	4	33800
8122	-2	4	33804
8123	-2	4	33808
8124	-2	4	33812
8125	-2	4	33816
8126	-2	4	33820
8127	-4	6	33826
8128	-2	4	33830
8129	-2	4	33834
8130	-2	4	33838
8131	-2	4	33842
8132	-2	4	33846
8133	-2	4	33850
8134	-2	4	33854
8135	-2	4	33858
8136	-6	8	33866
8137	-2	4	33870
8138	-2	4	33874
8139	-2	4	33878
8140	-2	4	33882
8141	-2	4	33886
8142	-2	4	33890
8143	-2	4	33894
8144	-2	4	33898
8145	-2	4	33902
8146	-2	4	33906
8147	-2	4	33910
8148	-2	4	33914
8149	-2	4	33918
8150	-2	4	33922
8151	-2	4	33926
8152	-2	4	33930
8153	-2	4	33934
8154	-2	4	33938
8155	-2	4	33942
8156	-2	4	33946
8157	-2	4	33950
8158	-2	4	33954
8159	-2	4	33958
8160	-2	4	33962
8161	-2	4	33966
8162	-2	4	33970
8163	-2	4	33974
8164	-2	4	33978
8165	-2	4	33982
8166	-2	4	33986
8167	-2	4	33990
8168	-4	6	33996
8169	-2	4	34000
8170	-2	4	34004
8171	-2	4	34008
8172	-2	4	34012
8173	-3	5	34017
8174	-2	4	34021
8175	-2	4	34025
8176	-2	4	34029
8177	-2	4	34033
8178	-2	4	34037
8179	-2	4	34041
8180	-3	5	34046
8181	-2	4	34050
8182	-2	4	34054
8183	-4	6	34060
8184	-2	4	34064
8185	-2	4	34068
8186	-4	6	34074
8187	-2	4	34078
8188	-2	4	34082
8189	-2	4	34086
8190	-2	4	34090
8191	-2	4	34094
8192	-2	4	34098
8193	-2	4	34102
8194	-2	4	34106
8195	-2	4	34110
8196	-2	4	34114
8197	-2	4	34118
8198	-2	4	34122
8199	-2	4	34126
8200	-3	5	34131
8201	-2	4	34135
8202	-2	4	34139
8203	-2	4	34143
8204	-2	4	34147
8205	-2	4	34151
8206	-2	4	34155
8207	-2	4	34159
8208	-2	4	34163
8209	-2	4	34167
8210	-2	4	34171
8211	-2	4	34175
8212	-2	4	34179
8213	-2	4	34183
8214	-2	4	34187
8215	-2	4	34191
8216	-2	4	34195
8217	-2	4	34199
8218	-2	4	34203
8219	-2	4	34207
8220	-2	4	34211
8221	-2	4	34215
8222	-2	4	34219
8223	-2	4	34223
8224	-2	4	34227
8225	-2	4	34231
8226	-2	4	34235
8227	-2	4	34239
8228	-2	4	34243
8229	-2	4	34247
8230	-2	4	34251
8231	-2	4	34255
8232	-2	4	34259
8233	-2	4	34263
8234	-2	4	34267
8235	-2	4	34271
8236	-2	4	34275
8237	-2	4	34279
8238	-2	4	34283
8239	-4	6	34289
8240	-2	4	34293
8241	-5	7	34300
8242	-2	4	34304
8243	-2	4	34308
8244	-2	4	34312
8245	-2	4	34316
8246	-2	4	34320
8247	-2	4	34324
8248	-2	4	34328
8249	-2	4	34332
8250	-2	4	34336
8251	-2	4	34340
8252	-4	6	34346
8253	-2	4	34350
8254	-2	4	34354
8255	-2	4	34358
8256	-2	4	34362
8257	-2	4	34366
8258	-2	4	34370
8259	-2	4	34374
8260	-2	4	34378
8261	-2	4	34382
8262	-2	4	34386
8263	-2	4	34390
8264	-2	4	34394
8265	-2	4	34398
8266	-2	4	34402
8267	-2	4	34406
8268	-2	4	34410
8269	-2	4	34414
8270	-2	4	34418
8271	-2	4	34422
8272	-2	4	34426
8273	-2	4	34430
8274	-2	4	34434
8275	-2	4	34438
8276	-2	4	34442
8277	-2	4	34446
8278	-2	4	34450
8279	-2	4	34454
8280	-2	4	34458
8281	-2	4	34462
8282	-2	4	34466
8283	-2	4	34470
8284	-2	4	34474
8285	-2	4	34478
8286	-2	4	34482
8287	-2	4	34486
8288	-2	4	34490
8289	-4	6	34496
8290	-2	4	34500
8291	-2	4	34504
8292	-2	4	34508
8293	-2	4	34512
8294	-2	4	34516
8295	-2	4	34520
8296	-2	4	34524
8297	-3	5	34529
8298	-4	6	34535
8299	-2	4	34539
8300	-2	4	34543
8301	-2	4	34547
8302	-2	4	34551
8303	-2	4	34555
8304	-2	4	34559
8305	-2	4	34563
8306	-2	4	34567
8307	-2	4	34571
8308	-2	4	34575
8309	-2	4	34579
8310	-2	4	34583
8311	-2	4	34587
8312	-2	4	34591
8313	-2	4	34595
8314	-2	4	34599
8315	-2	4	34603
8316	-2	4	34607
8317	-2	4	34611
8318	-2	4	34615
8319	-2	4	34619
8320	-2	4	34623
8321	-2	4	34627
8322	-2	4	34631
8323	-2	4	34635
8324	-4	6	34641
8325	-2	4	34645
8326	-2	4	34649
8327	-2	4	34653
8328	-2	4	34657
8329	-2	4	34661
8330	-2	4	34665
8331	-2	4	34669
8332	-2	4	34673
8333	-2	4	34677
8334	-2	4	34681
8335	-2	4	34685
8336	-2	4	34689
8337	-2	4	34693
8338	-2	4	34697
8339	-2	4	34701
8340	-2	4	34705
8341	-2	4	34709
8342	-2	4	34713
8343	-2	4	34717
8344	-2	4	34721
8345	-2	4	34725
8346	-2	4	34729
8347	-2	4	34733
8348	-2	4	34737
8349	-2	4	34741
8350	-2	4	34745
8351	-3	5	34750
8352	-2	4	34754
8353	-2	4	34758
8354	-4	6	34764
8355	-2	4	34768
8356	-2	4	34772
8357	-2	4	34776
8358	-2	4	34780
8359	-2	4	34784
8360	-2	4	34788
8361	-2	4	34792
8362	-2	4	34796
8363	-2	4	34800
8364	-2	4	34804
8365	-2	4	34808
8366	-2	4	34812
8367	-2	4	34816
8368	-2	4	34820
8369	-2	4	34824
8370	-2	4	34828
8371	-2	4	34832
8372	-2	4	34836
8373	-2	4	34840
8374	-2	4	34844
8375	-2	4	34848
8376	-2	4	34852
8377	-2	4	34856
8378	-2	4	34860
8379	-2	4	34864
8380	-2	4	34868
8381	-2	4	34872
8382	-2	4	34876
8383	-2	4	34880
8384	-2	4	34884
8385	-4	6	34890
8386	-2	4	34894
8387	-2	4	34898
8388	-2	4	34902
8389	-2	4	34906
8390	-2	4	34910
8391	-2	4	34914
8392	-2	4	34918
8393	-2	4	34922
8394	-2	4	34926
8395	-2	4	34930
8396	-2	4	34934
8397	-2	4	34938
8398	-2	4	34942
8399	-2	4	34946
8400	-2	4	34950
8401	-3	5	34955
8402	-2	4	34959
8403	-2	4	34963
8404	-2	4	34967
8405	-2	4	34971
8406	-2	4	34975
8407	-2	4	34979
8408	-6	8	34987
8409	-3	5	34992
8410	-2	4	34996
8411	-2	4	35000
8412	-2	4	35004
8413	-2	4	35008
8414	-2	4	35012
8415	-2	4	35016
8416	-2	4	35020
8417	-2	4	35024
8418	-2	4	35028
8419	-2	4	35032
8420	-2	4	35036
8421	-2	4	35040
8422	-2	4	35044
8423	-2	4	35048
8424	-2	4	35052
8425	-2	4	35056
8426	-2	4	35060
8427	-2	4	35064
8428	-2	4	35068
8429	-2	4	35072
8430	-2	4	35076
8431	-2	4	35080
8432	-2	4	35084
8433	-2	4	35088
8434	-2	4	35092
8435	-2	4	35096
8436	-2	4	35100
8437	-2	4	35104
8438	-4	6	35110
8439	-2	4	35114
8440	-2	4	35118
8441	-2	4	35122
8442	-2	4	35126
8443	-2	4	35130
8444	-2	4	35134
8445	-2	4	35138
8446	-2	4	35142
8447	-4	6	35148
8448	-2	4	35152
8449	-3	5	35157
8450	-2	4	35161
8451	-2	4	35165
8452	-2	4	35169
8453	-2	4	35173
8454	-2	4	35177
8455	-2	4	35181
8456	-2	4	35185
8457	-2	4	35189
8458	-2	4	35193
8459	-2	4	35197
8460	-2	4	35201
8461	-2	4	35205
8462	-2	4	35209
8463	-2	4	35213
8464	-2	4	35217
8465	-2	4	35221
8466	-2	4	35225
8467	-2	4	35229
8468	-2	4	35233
8469	-2	4	35237
8470	-2	4	35241
8471	-2	4	35245
8472	-2	4	35249
8473	-2	4	35253
8474	-2	4	35257
8475	-2	4	35261
8476	-2	4	35265
8477	-2	4	35269
8478	-4	6	35275
8479	-2	4	35279
8480	-2	4	35283
8481	-2	4	35287
8482	-2	4	35291
8483	-2	4	35295
8484	-2	4	35299
8485	-2	4	35303
8486	-2	4	35307
8487	-2	4	35311
8488	-2	4	35315
8489	-4	6	35321
8490	-2	4	35325
8491	-2	4	35329
8492	-2	4	35333
8493	-2	4	35337
8494	-2	4	35341
8495	-3	5	35346
8496	-2	4	35350
8497	-2	4	35354
8498	-2	4	35358
8499	-2	4	35362
8500	-2	4	35366
8501	-2	4	35370
8502	-2	4	35374
8503	-2	4	35378
8504	-2	4	35382
8505	-2	4	35386
8506	-2	4	35390
8507	-2	4	35394
8508	-2	4	35398
8509	-2	4	35402
8510	-2	4	35406
8511	-2	4	35410
8512	-2	4	35414
8513	-4	6	35420
8514	-2	4	35424
8515	-2	4	35428
8516	-2	4	35432
8517	-2	4	35436
8518	-2	4	35440
8519	-2	4	35444
8520	-2	4	35448
8521	-2	4	35452
8522	-2	4	35456
8523	-2	4	35460
8524	-2	4	35464
8525	-2	4	35468
8526	-2	4	35472
8527	-2	4	35476
8528	-2	4	35480
8529	-2	4	35484
8530	-2	4	35488
8531	-2	4	35492
8532	-2	4	35496
8533	-2	4	35500
8534	-2	4	35504
8535	-6	8	35512
8536	-2	4	35516
8537	-2	4	35520
8538	-2	4	35524
8539	-2	4	35528
8540	-2	4	35532
8541	-2	4	35536
8542	-5	7	35543
8543	-2	4	35547
8544	-2	4	35551
8545	-2	4	35555
8546	-2	4	35559
8547	-2	4	35563
8548	-2	4	35567
8549	-2	4	35571
8550	-2	4	35575
8551	-2	4	35579
8552	-2	4	35583
8553	-2	4	35587
8554	-2	4	35591
8555	-2	4	35595
8556	-2	4	35599
8557	-2	4	35603
8558	-2	4	35607
8559	-2	4	35611
8560	-2	4	35615
8561	-2	4	35619
8562	-2	4	35623
8563	-2	4	35627
8564	-2	4	35631
8565	-2	4	35635
8566	-2	4	35639
8567	-2	4	35643
8568	-2	4	35647
8569	-4	6	35653
8570	-4	6	35659
8571	-2	4	35663
8572	-2	4	35667
8573	-2	4	35671
8574	-2	4	35675
8575	-2	4	35679
8576	-2	4	35683
8577	-2	4	35687
8578	-2	4	35691
8579	-2	4	35695
8580	-2	4	35699
8581	-2	4	35703
8582	-2	4	35707
8583	-2	4	35711
8584	-2	4	35715
8585	-2	4	35719
8586	-2	4	35723
8587	-2	4	35727
8588	-2	4	35731
8589	-2	4	35735
8590	-2	4	35739
8591	-2	4	35743
8592	-3	5	35748
8593	-2	4	35752
8594	-2	4	35756
8595	-4	6	35762
8596	-2	4	35766
8597	-2	4	35770
8598	-4	6	35776
8599	-2	4	35780
8600	-2	4	35784
8601	-2	4	35788
8602	-2	4	35792
8603	-2	4	35796
8604	-2	4	35800
8605	-2	4	35804
8606	-2	4	35808
8607	-2	4	35812
8608	-2	4	35816
8609	-2	4	35820
8610	-2	4	35824
8611	-2	4	35828
8612	-3	5	35833
8613	-2	4	35837
8614	-3	5	35842
8615	-2	4	35846
8616	-2	4	35850
8617	-2	4	35854
8618	-2	4	35858
8619	-2	4	35862
8620	-2	4	35866
8621	-2	4	35870
8622	-2	4	35874
8623	-2	4	35878
8624	-2	4	35882
8625	-2	4	35886
8626	-2	4	35890
8627	-2	4	35894
8628	-2	4	35898
8629	-2	4	35902
8630	-2	4	35906
8631	-2	4	35910
8632	-2	4	35914
8633	-2	4	35918
8634	-2	4	35922
8635	-2	4	35926
8636	-2	4	35930
8637	-2	4	35934
8638	-2	4	35938
8639	-2	4	35942
8640	-2	4	35946
8641	-2	4	35950
8642	-2	4	35954
8643	-2	4	35958
8644	-2	4	35962
8645	-2	4	35966
8646	-4	6	35972
8647	-2	4	35976
8648	-2	4	35980
8649	-2	4	35984
8650	-2	4	35988
8651	-2	4	35992
8652	-2	4	35996
8653	-2	4	36000
8654	-2	4	36004
8655	-2	4	36008
8656	-2	4	36012
8657	-2	4	36016
8658	-2	4	36020
8659	-2	4	36024
8660	-2	4	36028
8661	-2	4	36032
8662	-2	4	36036
8663	-2	4	36040
8664	-2	4	36044
8665	-2	4	36048
8666	-2	4	36052
8667	-2	4	36056
8668	-2	4	36060
8669	-2	4	36064
8670	-2	4	36068
8671	-2	4	36072
8672	-2	4	36076
8673	-2	4	36080
8674	-2	4	36084
8675	-2	4	36088
8676	-2	4	36092
8677	-2	4	36096
8678	-2	4	36100
8679	-2	4	36104
8680	-2	4	36108
8681	-2	4	36112
8682	-2	4	36116
8683	-2	4	36120
8684	-2	4	36124
8685	-2	4	36128
8686	-2	4	36132
8687	-2	4	36136
8688	-2	4	36140
8689	-2	4	36144
8690	-2	4	36148
8691	-2	4	36152
8692	-2	4	36156
8693	-3	5	36161
8694	-2	4	36165
8695	-2	4	36169
8696	-2	4	36173
8697	-2	4	36177
8698	-2	4	36181
8699	-2	4	36185
8700	-2	4	36189
8701	-2	4	36193
8702	-2	4	36197
8703	-4	6	36203
8704	-2	4	36207
8705	-2	4	36211
8706	-2	4	36215
8707	-2	4	36219
8708	-2	4	36223
8709	-2	4	36227
8710	-2	4	36231
8711	-2	4	36235
8712	-2	4	36239
8713	-2	4	36243
8714	-2	4	36247
8715	-2	4	36251
8716	-2	4	36255
8717	-2	4	36259
8718	-2	4	36263
8719	-2	4	36267
8720	-2	4	36271
8721	-2	4	36275
8722	-2	4	36279
8723	-2	4	36283
8724	-2	4	36287
8725	-2	4	36291
8726	-2	4	36295
8727	-2	4	36299
8728	-2	4	36303
8729	-2	4	36307
8730	-2	4	36311
8731	-2	4	36315
8732	-2	4	36319
8733	-2	4	36323
8734	-2	4	36327
8735	-2	4	36331
8736	-2	4	36335
8737	-2	4	36339
8738	-2	4	36343
8739	-2	4	36347
8740	-2	4	36351
8741	-2	4	36355
8742	-2	4	36359
8743	-2	4	36363
8744	-2	4	36367
8745	-2	4	36371
8746	-2	4	36375
8747	-2	4	36379
8748	-2	4	36383
8749	-2	4	36387
8750	-2	4	36391
8751	-2	4	36395
8752	-2	4	36399
8753	-2	4	36403
8754	-4	6	36409
8755	-2	4	36413
8756	-2	4	36417
8757	-2	4	36421
8758	-2	4	36425
8759	-2	4	36429
8760	-2	4	36433
8761	-2	4	36437
8762	-2	4	36441
8763	-2	4	36445
8764	-2	4	36449
8765	-3	5	36454
8766	-2	4	36458
8767	-4	6	36464
8768	-4	6	36470
8769	-2	4	36474
8770	-2	4	36478
8771	-2	4	36482
8772	-2	4	36486
8773	-2	4	36490
8774	-2	4	36494
8775	-2	4	36498
8776	-2	4	36502
8777	-2	4	36506
8778	-2	4	36510
8779	-2	4	36514
8780	-2	4	36518
8781	-2	4	36522
8782	-2	4	36526
8783	-2	4	36530
8784	-2	4	36534
8785	-2	4	36538
8786	-2	4	36542
8787	-2	4	36546
8788	-2	4	36550
8789	-2	4	36554
8790	-2	4	36558
8791	-2	4	36562
8792	-2	4	36566
8793	-2	4	36570
8794	-2	4	36574
8795	-2	4	36578
8796	-2	4	36582
8797	-2	4	36586
8798	-2	4	36590
8799	-2	4	36594
8800	-2	4	36598
8801	-2	4	36602
8802	-2	4	36606
8803	-2	4	36610
8804	-2	4	36614
8805	-2	4	36618
8806	-2	4	36622
8807	-4	6	36628
8808	-2	4	36632
8809	-2	4	36636
8810	-3	5	36641
8811	-2	4	36645
8812	-2	4	36649
8813	-2	4	36653
8814	-2	4	36657
8815	-2	4	36661
8816	-2	4	36665
8817	-2	4	36669
8818	-2	4	36673
8819	-2	4	36677
8820	-2	4	36681
8821	-2	4	36685
8822	-2	4	36689
8823	-2	4	36693
8824	-2	4	36697
8825	-2	4	36701
8826	-4	6	36707
8827	-2	4	36711
8828	-2	4	36715
8829	-2	4	36719
8830	-2	4	36723
8831	-4	6	36729
8832	-2	4	36733
8833	-2	4	36737
8834	-2	4	36741
8835	-2	4	36745
8836	-2	4	36749
8837	-2	4	36753
8838	-2	4	36757
8839	-2	4	36761
8840	-2	4	36765
8841	-4	6	36771
8842	-2	4	36775
8843	-2	4	36779
8844	-2	4	36783
8845	-2	4	36787
8846	-2	4	36791
8847	-2	4	36795
8848	-2	4	36799
8849	-2	4	36803
8850	-2	4	36807
8851	-2	4	36811
8852	-2	4	36815
8853	-2	4	36819
8854	-2	4	36823
8855	-2	4	36827
8856	-2	4	36831
8857	-2	4	36835
8858	-2	4	36839
8859	-2	4	36843
8860	-2	4	36847
8861	-2	4	36851
8862	-2	4	36855
8863	-2	4	36859
8864	-2	4	36863
8865	-2	4	36867
8866	-2	4	36871
8867	-2	4	36875
8868	-2	4	36879
8869	-2	4	36883
8870	-2	4	36887
8871	-4	6	36893
8872	-2	4	36897
8873	-2	4	36901
8874	-2	4	36905
8875	-2	4	36909
8876	-2	4	36913
8877	-2	4	36917
8878	-2	4	36921
8879	-3	5	36926
8880	-2	4	36930
8881	-2	4	36934
8882	-2	4	36938
8883	-2	4	36942
8884	-4	6	36948
8885	-2	4	36952
8886	-2	4	36956
8887	-2	4	36960
8888	-2	4	36964
8889	-2	4	36968
8890	-2	4	36972
8891	-2	4	36976
8892	-2	4	36980
8893	-2	4	36984
8894	-2	4	36988
8895	-2	4	36992
8896	-2	4	36996
8897	-2	4	37000
8898	-2	4	37004
8899	-2	4	37008
8900	-2	4	37012
8901	-2	4	37016
8902	-2	4	37020
8903	-2	4	37024
8904	-2	4	37028
8905	-3	5	37033
8906	-4	6	37039
8907	-2	4	37043
8908	-2	4	37047
8909	-2	4	37051
8910	-2	4	37055
8911	-2	4	37059
8912	-2	4	37063
8913	-2	4	37067
8914	-2	4	37071
8915	-4	6	37077
8916	-2	4	37081
8917	-2	4	37085
8918	-4	6	37091
8919	-2	4	37095
8920	-2	4	37099
8921	-2	4	37103
8922	-2	4	37107
8923	-4	6	37113
8924	-2	4	37117
8925	-2	4	37121
8926	-2	4	37125
8927	-2	4	37129
8928	-2	4	37133
8929	-2	4	37137
8930	-2	4	37141
8931	-2	4	37145
8932	-2	4	37149
8933	-2	4	37153
8934	-2	4	37157
8935	-2	4	37161
8936	-2	4	37165
8937	-2	4	37169
8938	-2	4	37173
8939	-2	4	37177
8940	-2	4	37181
8941	-4	6	37187
8942	-2	4	37191
8943	-2	4	37195
8944	-2	4	37199
8945	-2	4	37203
8946	-2	4	37207
8947	-2	4	37211
8948	-2	4	37215
8949	-2	4	37219
8950	-2	4	37223
8951	-2	4	37227
8952	-2	4	37231
8953	-2	4	37235
8954	-2	4	37239
8955	-2	4	37243
8956	-2	4	37247
8957	-2	4	37251
8958	-2	4	37255
8959	-2	4	37259
8960	-2	4	37263
8961	-2	4	37267
8962	-2	4	37271
8963	-2	4	37275
8964	-2	4	37279
8965	-2	4	37283
8966	-2	4	37287
8967	-2	4	37291
8968	-2	4	37295
8969	-2	4	37299
8970	-2	4	37303
8971	-2	4	37307
8972	-2	4	37311
8973	-2	4	37315
8974	-2	4	37319
8975	-2	4	37323
8976	-2	4	37327
8977	-2	4	37331
8978	-2	4	37335
8979	-2	4	37339
8980	-2	4	37343
8981	-2	4	37347
8982	-2	4	37351
8983	-2	4	37355
8984	-2	4	37359
8985	-2	4	37363
8986	-2	4	37367
8987	-3	5	37372
8988	-2	4	37376
8989	-2	4	37380
8990	-2	4	37384
8991	-2	4	37388
8992	-2	4	37392
8993	-2	4	37396
8994	-2	4	37400
8995	-2	4	37404
8996	-2	4	37408
8997	-2	4	37412
8998	-2	4	37416
8999	-4	6	37422
9000	-2	4	37426
9001	-2	4	37430
9002	-3	5	37435
9003	-2	4	37439
9004	-2	4	37443
9005	-2	4	37447
9006	-2	4	37451
9007	-2	4	37455
9008	-2	4	37459
9009	-2	4	37463
9010	-2	4	37467
9011	-2	4	37471
9012	-2	4	37475
9013	-4	6	37481
9014	-2	4	37485
9015	-2	4	37489
9016	-2	4	37493
9017	-2	4	37497
9018	-2	4	37501
9019	-2	4	37505
9020	-4	6	37511
9021	-2	4	37515
9022	-2	4	37519
9023	-4	6	37525
9024	-3	5	37530
9025	-2	4	37534
9026	-2	4	37538
9027	-2	4	37542
9028	-4	6	37548
9029	-2	4	37552
9030	-2	4	37556
9031	-2	4	37560
9032	-2	4	37564
9033	-2	4	37568
9034	-2	4	37572
9035	-2	4	37576
9036	-2	4	37580
9037	-2	4	37584
9038	-2	4	37588
9039	-3	5	37593
9040	-2	4	37597
9041	-2	4	37601
9042	-2	4	37605
9043	-2	4	37609
9044	-2	4	37613
9045	-4	6	37619
9046	-2	4	37623
9047	-4	6	37629
9048	-2	4	37633
9049	-4	6	37639
9050	-2	4	37643
9051	-2	4	37647
9052	-2	4	37651
9053	-2	4	37655
9054	-3	5	37660
9055	-2	4	37664
9056	-2	4	37668
9057	-2	4	37672
9058	-2	4	37676
9059	-2	4	37680
9060	-2	4	37684
9061	-2	4	37688
9062	-2	4	37692
9063	-2	4	37696
9064	-2	4	37700
9065	-2	4	37704
9066	-2	4	37708
9067	-2	4	37712
9068	-2	4	37716
9069	-2	4	37720
9070	-2	4	37724
9071	-2	4	37728
9072	-2	4	37732
9073	-2	4	37736
9074	-2	4	37740
9075	-2	4	37744
9076	-2	4	37748
9077	-4	6	37754
9078	-2	4	37758
9079	-2	4	37762
9080	-2	4	37766
9081	-2	4	37770
9082	-2	4	37774
9083	-2	4	37778
9084	-2	4	37782
9085	-2	4	37786
9086	-2	4	37790
9087	-2	4	37794
9088	-2	4	37798
9089	-2	4	37802
9090	-2	4	37806
9091	-2	4	37810
9092	-2	4	37814
9093	-2	4	37818
9094	-2	4	37822
9095	-2	4	37826
9096	-2	4	37830
9097	-2	4	37834
9098	-2	4	37838
9099	-2	4	37842
9100	-2	4	37846
9101	-2	4	37850
9102	-2	4	37854
9103	-2	4	37858
9104	-2	4	37862
9105	-2	4	37866
9106	-2	4	37870
9107	-2	4	37874
9108	-2	4	37878
9109	-2	4	37882
9110	-3	5	37887
9111	-2	4	37891
9112	-2	4	37895
9113	-2	4	37899
9114	-2	4	37903
9115	-2	4	37907
9116	-2	4	37911
9117	-2	4	37915
9118	-2	4	37919
9119	-2	4	37923
9120	-2	4	37927
9121	-2	4	37931
9122	-2	4	37935
9123	-2	4	37939
9124	-2	4	37943
9125	-2	4	37947
9126	-2	4	37951
9127	-2	4	37955
9128	-2	4	37959
9129	-2	4	37963
9130	-2	4	37967
9131	-2	4	37971
9132	-2	4	37975
9133	-4	6	37981
9134	-2	4	37985
9135	-2	4	37989
9136	-2	4	37993
9137	-2	4	37997
9138	-2	4	38001
9139	-2	4	38005
9140	-2	4	38009
9141	-2	4	38013
9142	-2	4	38017
9143	-2	4	38021
9144	-2	4	38025
9145	-2	4	38029
9146	-2	4	38033
9147	-2	4	38037
9148	-3	5	38042
9149	-2	4	38046
9150	-2	4	38050
9151	-2	4	38054
9152	-2	4	38058
9153	-2	4	38062
9154	-2	4	38066
9155	-2	4	38070
9156	-2	4	38074
9157	-2	4	38078
9158	-2	4	38082
9159	-2	4	38086
9160	-2	4	38090
9161	-2	4	38094
9162	-2	4	38098
9163	-4	6	38104
9164	-2	4	38108
9165	-2	4	38112
9166	-4	6	38118
9167	-2	4	38122
9168	-2	4	38126
9169	-2	4	38130
9170	-2	4	38134
9171	-2	4	38138
9172	-2	4	38142
9173	-2	4	38146
9174	-2	4	38150
9175	-2	4	38154
9176	-2	4	38158
9177	-2	4	38162
9178	-2	4	38166
9179	-2	4	38170
9180	-2	4	38174
9181	-2	4	38178
9182	-2	4	38182
9183	-2	4	38186
9184	-2	4	38190
9185	-2	4	38194
9186	-3	5	38199
9187	-2	4	38203
9188	-2	4	38207
9189	-2	4	38211
9190	-2	4	38215
9191	-2	4	38219
9192	-2	4	38223
9193	-2	4	38227
9194	-2	4	38231
9195	-2	4	38235
9196	-2	4	38239
9197	-2	4	38243
9198	-2	4	38247
9199	-2	4	38251
9200	-2	4	38255
9201	-2	4	38259
9202	-2	4	38263
9203	-2	4	38267
9204	-2	4	38271
9205	-2	4	38275
9206	-2	4	38279
9207	-2	4	38283
9208	-2	4	38287
9209	-2	4	38291
9210	-2	4	38295
9211	-2	4	38299
9212	-2	4	38303
9213	-2	4	38307
9214	-2	4	38311
9215	-2	4	38315
9216	-2	4	38319
9217	-2	4	38323
9218	-2	4	38327
9219	-2	4	38331
9220	-2	4	38335
9221	-2	4	38339
9222	-2	4	38343
9223	-2	4	38347
9224	-2	4	38351
9225	-2	4	38355
9226	-2	4	38359
9227	-2	4	38363
9228	-2	4	38367
9229	-2	4	38371
9230	-2	4	38375
9231	-2	4	38379
9232	-2	4	38383
9233	-2	4	38387
9234	-2	4	38391
9235	-2	4	38395
9236	-4	6	38401
9237	-2	4	38405
9238	-2	4	38409
9239	-2	4	38413
9240	-2	4	38417
9241	-2	4	38421
9242	-2	4	38425
9243	-2	4	38429
9244	-2	4	38433
9245	-2	4	38437
9246	-2	4	38441
9247	-2	4	38445
9248	-2	4	38449
9249	-2	4	38453
9250	-2	4	38457
9251	-2	4	38461
9252	-2	4	38465
9253	-2	4	38469
9254	-2	4	38473
9255	-2	4	38477
9256	-4	6	38483
9257	-2	4	38487
9258	-3	5	38492
9259	-2	4	38496
9260	-2	4	38500
9261	-2	4	38504
9262	-2	4	38508
9263	-2	4	38512
9264	-2	4	38516
9265	-2	4	38520
9266	-3	5	38525
9267	-2	4	38529
9268	-2	4	38533
9269	-2	4	38537
9270	-2	4	38541
9271	-2	4	38545
9272	-2	4	38549
9273	-2	4	38553
9274	-2	4	38557
9275	-3	5	38562
9276	-2	4	38566
9277	-3	5	38571
9278	-2	4	38575
9279	-2	4	38579
9280	-2	4	38583
9281	-2	4	38587
9282	-2	4	38591
9283	-2	4	38595
9284	-2	4	38599
9285	-3	5	38604
9286	-2	4	38608
9287	-2	4	38612
9288	-2	4	38616
9289	-2	4	38620
9290	-3	5	38625
9291	-2	4	38629
9292	-2	4	38633
9293	-2	4	38637
9294	-2	4	38641
9295	-2	4	38645
9296	-2	4	38649
9297	-2	4	38653
9298	-2	4	38657
9299	-2	4	38661
9300	-2	4	38665
9301	-2	4	38669
9302	-2	4	38673
9303	-2	4	38677
9304	-2	4	38681
9305	-2	4	38685
9306	-2	4	38689
9307	-2	4	38693
9308	-2	4	38697
9309	-2	4	38701
9310	-2	4	38705
9311	-2	4	38709
9312	-2	4	38713
9313	-2	4	38717
9314	-2	4	38721
9315	-2	4	38725
9316	-2	4	38729
9317	-2	4	38733
9318	-2	4	38737
9319	-2	4	38741
9320	-4	6	38747
9321	-2	4	38751
9322	-2	4	38755
9323	-2	4	38759
9324	-2	4	38763
9325	-2	4	38767
9326	-2	4	38771
9327	-2	4	38775
9328	-2	4	38779
9329	-2	4	38783
9330	-4	6	38789
9331	-2	4	38793
9332	-2	4	38797
9333	-2	4	38801
9334	-2	4	38805
9335	-2	4	38809
9336	-2	4	38813
9337	-2	4	38817
9338	-2	4	38821
9339	-4	6	38827
9340	-2	4	38831
9341	-2	4	38835
9342	-2	4	38839
9343	-2	4	38843
9344	-2	4	38847
9345	-2	4	38851
9346	-2	4	38855
9347	-2	4	38859
9348	-2	4	38863
9349	-2	4	38867
9350	-2	4	38871
9351	-2	4	38875
9352	-2	4	38879
9353	-2	4	38883
9354	-2	4	38887
9355	-2	4	38891
9356	-2	4	38895
9357	-2	4	38899
9358	-2	4	38903
9359	-2	4	38907
9360	-2	4	38911
9361	-2	4	38915
9362	-2	4	38919
9363	-2	4	38923
9364	-2	4	38927
9365	-2	4	38931
9366	-2	4	38935
9367	-2	4	38939
9368	-4	6	38945
9369	-2	4	38949
9370	-2	4	38953
9371	-2	4	38957
9372	-2	4	38961
9373	-2	4	38965
9374	-2	4	38969
9375	-2	4	38973
9376	-2	4	38977
9377	-2	4	38981
9378	-2	4	38985
9379	-2	4	38989
9380	-2	4	38993
9381	-4	6	38999
9382	-2	4	39003
9383	-2	4	39007
9384	-2	4	39011
9385	-2	4	39015
9386	-2	4	39019
9387	-2	4	39023
9388	-2	4	39027
9389	-2	4	39031
9390	-2	4	39035
9391	-2	4	39039
9392	-2	4	39043
9393	-2	4	39047
9394	-2	4	39051
9395	-2	4	39055
9396	-3	5	39060
9397	-2	4	39064
9398	-2	4	39068
9399	-2	4	39072
9400	-2	4	39076
9401	-2	4	39080
9402	-2	4	39084
9403	-2	4	39088
9404	-2	4	39092
9405	-2	4	39096
9406	-2	4	39100
9407	-2	4	39104
9408	-2	4	39108
9409	-2	4	39112
9410	-2	4	39116
9411	-2	4	39120
9412	-2	4	39124
9413	-2	4	39128
9414	-2	4	39132
9415	-2	4	39136
9416	-9	11	39147
9417	-2	4	39151
9418	-2	4	39155
9419	-2	4	39159
9420	-2	4	39163
9421	-2	4	39167
9422	-2	4	39171
9423	-2	4	39175
9424	-2	4	39179
9425	-3	5	39184
9426	-2	4	39188
9427	-3	5	39193
9428	-2	4	39197
9429	-2	4	39201
9430	-2	4	39205
9431	-2	4	39209
9432	-2	4	39213
9433	-2	4	39217
9434	-2	4	39221
9435	-2	4	39225
9436	-2	4	39229
9437	-2	4	39233
9438	-2	4	39237
9439	-2	4	39241
9440	-4	6	39247
9441	-2	4	39251
9442	-2	4	39255
9443	-2	4	39259
9444	-2	4	39263
9445	-2	4	39267
9446	-4	6	39273
9447	-2	4	39277
9448	-2	4	39281
9449	-6	8	39289
9450	-2	4	39293
9451	-2	4	39297
9452	-2	4	39301
9453	-2	4	39305
9454	-2	4	39309
9455	-2	4	39313
9456	-2	4	39317
9457	-2	4	39321
9458	-2	4	39325
9459	-2	4	39329
9460	-3	5	39334
9461	-2	4	39338
9462	-2	4	39342
9463	-2	4	39346
9464	-2	4	39350
9465	-2	4	39354
9466	-2	4	39358
9467	-2	4	39362
9468	-2	4	39366
9469	-2	4	39370
9470	-2	4	39374
9471	-2	4	39378
9472	-2	4	39382
9473	-2	4	39386
9474	-2	4	39390
9475	-2	4	39394
9476	-2	4	39398
9477	-2	4	39402
9478	-2	4	39406
9479	-2	4	39410
9480	-2	4	39414
9481	-2	4	39418
9482	-4	6	39424
9483	-2	4	39428
9484	-2	4	39432
9485	-2	4	39436
9486	-2	4	39440
9487	-2	4	39444
9488	-2	4	39448
9489	-2	4	39452
9490	-2	4	39456
9491	-2	4	39460
9492	-2	4	39464
9493	-2	4	39468
9494	-2	4	39472
9495	-2	4	39476
9496	-2	4	39480
9497	-2	4	39484
9498	-2	4	39488
9499	-2	4	39492
9500	-2	4	39496
9501	-2	4	39500
9502	-2	4	39504
9503	-2	4	39508
9504	-2	4	39512
9505	-2	4	39516
9506	-2	4	39520
9507	-2	4	39524
9508	-4	6	39530
9509	-2	4	39534
9510	-2	4	39538
9511	-2	4	39542
9512	-2	4	39546
9513	-2	4	39550
9514	-2	4	39554
9515	-4	6	39560
9516	-2	4	39564
9517	-2	4	39568
9518	-2	4	39572
9519	-4	6	39578
9520	-2	4	39582
9521	-2	4	39586
9522	-2	4	39590
9523	-2	4	39594
9524	-2	4	39598
9525	-4	6	39604
9526	-2	4	39608
9527	-2	4	39612
9528	-2	4	39616
9529	-2	4	39620
9530	-2	4	39624
9531	-2	4	39628
9532	-4	6	39634
9533	-2	4	39638
9534	-2	4	39642
9535	-2	4	39646
9536	-2	4	39650
9537	-2	4	39654
9538	-2	4	39658
9539	-2	4	39662
9540	-2	4	39666
9541	-2	4	39670
9542	-2	4	39674
9543	-2	4	39678
9544	-2	4	39682
9545	-2	4	39686
9546	-2	4	39690
9547	-2	4	39694
9548	-2	4	39698
9549	-2	4	39702
9550	-2	4	39706
9551	-4	6	39712
9552	-2	4	39716
9553	-2	4	39720
9554	-2	4	39724
9555	-4	6	39730
9556	-2	4	39734
9557	-2	4	39738
9558	-2	4	39742
9559	-2	4	39746
9560	-2	4	39750
9561	-2	4	39754
9562	-2	4	39758
9563	-2	4	39762
9564	-2	4	39766
9565	-2	4	39770
9566	-2	4	39774
9567	-2	4	39778
9568	-4	6	39784
9569	-2	4	39788
9570	-2	4	39792
9571	-2	4	39796
9572	-4	6	39802
9573	-2	4	39806
9574	-2	4	39810
9575	-2	4	39814
9576	-2	4	39818
9577	-2	4	39822
9578	-2	4	39826
9579	-2	4	39830
9580	-2	4	39834
9581	-2	4	39838
9582	-2	4	39842
9583	-2	4	39846
9584	-2	4	39850
9585	-2	4	39854
9586	-2	4	39858
9587	-2	4	39862
9588	-2	4	39866
9589	-2	4	39870
9590	-2	4	39874
9591	-2	4	39878
9592	-2	4	39882
9593	-2	4	39886
9594	-2	4	39890
9595	-2	4	39894
9596	-2	4	39898
9597	-4	6	39904
9598	-3	5	39909
9599	-2	4	39913
9600	-4	6	39919
9601	-2	4	39923
9602	-2	4	39927
9603	-2	4	39931
9604	-2	4	39935
9605	-2	4	39939
9606	-2	4	39943
9607	-4	6	39949
9608	-2	4	39953
9609	-2	4	39957
9610	-2	4	39961
9611	-2	4	39965
9612	-2	4	39969
9613	-2	4	39973
9614	-2	4	39977
9615	-2	4	39981
9616	-2	4	39985
9617	-2	4	39989
9618	-2	4	39993
9619	-2	4	39997
9620	-3	5	40002
9621	-2	4	40006
9622	-2	4	40010
9623	-2	4	40014
9624	-2	4	40018
9625	-2	4	40022
9626	-2	4	40026
9627	-2	4	40030
9628	-2	4	40034
9629	-2	4	40038
9630	-2	4	40042
9631	-2	4	40046
9632	-2	4	40050
9633	-2	4	40054
9634	-2	4	40058
9635	-2	4	40062
9636	-2	4	40066
9637	-2	4	40070
9638	-2	4	40074
9639	-2	4	40078
9640	-2	4	40082
9641	-2	4	40086
9642	-2	4	40090
9643	-2	4	40094
9644	-2	4	40098
9645	-2	4	40102
9646	-2	4	40106
9647	-2	4	40110
9648	-3	5	40115
9649	-2	4	40119
9650	-2	4	40123
9651	-2	4	40127
9652	-2	4	40131
9653	-2	4	40135
9654	-2	4	40139
9655	-2	4	40143
9656	-2	4	40147
9657	-2	4	40151
9658	-2	4	40155
9659	-2	4	40159
9660	-2	4	40163
9661	-2	4	40167
9662	-2	4	40171
9663	-2	4	40175
9664	-2	4	40179
9665	-2	4	40183
9666	-2	4	40187
9667	-2	4	40191
9668	-2	4	40195
9669	-2	4	40199
9670	-2	4	40203
9671	-2	4	40207
9672	-2	4	40211
9673	-2	4	40215
9674	-3	5	40220
9675	-2	4	40224
9676	-4	6	40230
9677	-4	6	40236
9678	-2	4	40240
9679	-2	4	40244
9680	-2	4	40248
9681	-2	4	40252
9682	-2	4	40256
9683	-2	4	40260
9684	-2	4	40264
9685	-2	4	40268
9686	-2	4	40272
9687	-2	4	40276
9688	-2	4	40280
9689	-2	4	40284
9690	-2	4	40288
9691	-2	4	40292
9692	-2	4	40296
9693	-2	4	40300
9694	-2	4	40304
9695	-2	4	40308
9696	-2	4	40312
9697	-2	4	40316
9698	-4	6	40322
9699	-2	4	40326
9700	-2	4	40330
9701	-2	4	40334
9702	-2	4	40338
9703	-2	4	40342
9704	-2	4	40346
9705	-2	4	40350
9706	-2	4	40354
9707	-2	4	40358
9708	-2	4	40362
9709	-2	4	40366
9710	-2	4	40370
9711	-2	4	40374
9712	-2	4	40378
9713	-2	4	40382
9714	-2	4	40386
9715	-2	4	40390
9716	-2	4	40394
9717	-2	4	40398
9718	-3	5	40403
9719	-2	4	40407
9720	-2	4	40411
9721	-2	4	40415
9722	-3	5	40420
9723	-2	4	40424
9724	-2	4	40428
9725	-2	4	40432
9726	-2	4	40436
9727	-2	4	40440
9728	-2	4	40444
9729	-2	4	40448
9730	-2	4	40452
9731	-2	4	40456
9732	-2	4	40460
9733	-2	4	40464
9734	-2	4	40468
9735	-2	4	40472
9736	-2	4	40476
9737	-2	4	40480
9738	-3	5	40485
9739	-2	4	40489
9740	-2	4	40493
9741	-2	4	40497
9742	-2	4	40501
9743	-3	5	40506
9744	-2	4	40510
9745	-2	4	40514
9746	-4	6	40520
9747	-4	6	40526
9748	-2	4	40530
9749	-3	5	40535
9750	-2	4	40539
9751	-2	4	40543
9752	-2	4	40547
9753	-2	4	40551
9754	-2	4	40555
9755	-2	4	40559
9756	-2	4	40563
9757	-6	8	40571
9758	-2	4	40575
9759	-4	6	40581
9760	-2	4	40585
9761	-2	4	40589
9762	-2	4	40593
9763	-2	4	40597
9764	-2	4	40601
9765	-2	4	40605
9766	-2	4	40609
9767	-2	4	40613
9768	-2	4	40617
9769	-2	4	40621
9770	-2	4	40625
9771	-2	4	40629
9772	-2	4	40633
9773	-2	4	40637
9774	-2	4	40641
9775	-2	4	40645
9776	-2	4	40649
9777	-2	4	40653
9778	-2	4	40657
9779	-2	4	40661
9780	-2	4	40665
9781	-2	4	40669
9782	-2	4	40673
9783	-2	4	40677
9784	-2	4	40681
9785	-2	4	40685
9786	-2	4	40689
9787	-2	4	40693
9788	-2	4	40697
9789	-2	4	40701
9790	-2	4	40705
9791	-4	6	40711
9792	-2	4	40715
9793	-2	4	40719
9794	-2	4	40723
9795	-2	4	40727
9796	-2	4	40731
9797	-2	4	40735
9798	-2	4	40739
9799	-2	4	40743
9800	-2	4	40747
9801	-2	4	40751
9802	-2	4	40755
9803	-2	4	40759
9804	-2	4	40763
9805	-2	4	40767
9806	-6	8	40775
9807	-2	4	40779
9808	-2	4	40783
9809	-2	4	40787
9810	-2	4	40791
9811	-2	4	40795
9812	-2	4	40799
9813	-2	4	40803
9814	-2	4	40807
9815	-2	4	40811
9816	-2	4	40815
9817	-2	4	40819
9818	-2	4	40823
9819	-2	4	40827
9820	-2	4	40831
9821	-2	4	40835
9822	-2	4	40839
9823	-2	4	40843
9824	-2	4	40847
9825	-2	4	40851
9826	-2	4	40855
9827	-2	4	40859
9828	-2	4	40863
9829	-2	4	40867
9830	-2	4	40871
9831	-2	4	40875
9832	-2	4	40879
9833	-2	4	40883
9834	-2	4	40887
9835	-2	4	40891
9836	-2	4	40895
9837	-2	4	40899
9838	-2	4	40903
9839	-2	4	40907
9840	-6	8	40915
9841	-2	4	40919
9842	-2	4	40923
9843	-2	4	40927
9844	-2	4	40931
9845	-2	4	40935
9846	-2	4	40939
9847	-2	4	40943
9848	-2	4	40947
9849	-2	4	40951
9850	-2	4	40955
9851	-2	4	40959
9852	-2	4	40963
9853	-2	4	40967
9854	-2	4	40971
9855	-2	4	40975
9856	-2	4	40979
9857	-2	4	40983
9858	-2	4	40987
9859	-2	4	40991
9860	-2	4	40995
9861	-2	4	40999
9862	-2	4	41003
9863	-2	4	41007
9864	-2	4	41011
9865	-2	4	41015
9866	-2	4	41019
9867	-2	4	41023
9868	-2	4	41027
9869	-2	4	41031
9870	-2	4	41035
9871	-2	4	41039
9872	-2	4	41043
9873	-2	4	41047
9874	-2	4	41051
9875	-2	4	41055
9876	-4	6	41061
9877	-2	4	41065
9878	-2	4	41069
9879	-2	4	41073
9880	-2	4	41077
9881	-2	4	41081
9882	-2	4	41085
9883	-2	4	41089
9884	-2	4	41093
9885	-2	4	41097
9886	-2	4	41101
9887	-2	4	41105
9888	-2	4	41109
9889	-2	4	41113
9890	-2	4	41117
9891	-2	4	41121
9892	-2	4	41125
9893	-2	4	41129
9894	-2	4	41133
9895	-4	6	41139
9896	-2	4	41143
9897	-2	4	41147
9898	-2	4	41151
9899	-2	4	41155
9900	-2	4	41159
9901	-3	5	41164
9902	-2	4	41168
9903	-2	4	41172
9904	-2	4	41176
9905	-2	4	41180
9906	-3	5	41185
9907	-2	4	41189
9908	-2	4	41193
9909	-2	4	41197
9910	-2	4	41201
9911	-4	6	41207
9912	-3	5	41212
9913	-4	6	41218
9914	-2	4	41222
9915	-2	4	41226
9916	-2	4	41230
9917	-2	4	41234
9918	-2	4	41238
9919	-2	4	41242
9920	-2	4	41246
9921	-2	4	41250
9922	-4	6	41256
9923	-2	4	41260
9924	-2	4	41264
9925	-2	4	41268
9926	-2	4	41272
9927	-2	4	41276
9928	-2	4	41280
9929	-2	4	41284
9930	-2	4	41288
9931	-2	4	41292
9932	-2	4	41296
9933	-2	4	41300
9934	-2	4	41304
9935	-2	4	41308
9936	-2	4	41312
9937	-2	4	41316
9938	-2	4	41320
9939	-2	4	41324
9940	-2	4	41328
9941	-2	4	41332
9942	-2	4	41336
9943	-2	4	41340
9944	-2	4	41344
9945	-2	4	41348
9946	-2	4	41352
9947	-2	4	41356
9948	-2	4	41360
9949	-2	4	41364
9950	-2	4	41368
9951	-2	4	41372
9952	-2	4	41376
9953	-2	4	41380
9954	-2	4	41384
9955	-2	4	41388
9956	-2	4	41392
9957	-2	4	41396
9958	-2	4	41400
9959	-2	4	41404
9960	-2	4	41408
9961	-2	4	41412
9962	-2	4	41416
9963	-2	4	41420
9964	-2	4	41424
9965	-2	4	41428
9966	-2	4	41432
9967	-2	4	41436
9968	-2	4	41440
9969	-2	4	41444
9970	-2	4	41448
9971	-2	4	41452
9972	-2	4	41456
9973	-2	4	41460
9974	-2	4	41464
9975	-2	4	41468
9976	-2	4	41472
9977	-2	4	41476
9978	-2	4	41480
9979	-2	4	41484
9980	-2	4	41488
9981	-2	4	41492
9982	-2	4	41496
9983	-2	4	41500
9984	-2	4	41504
9985	-2	4	41508
9986	-2	4	41512
9987	-4	6	41518
9988	-2	4	41522
9989	-2	4	41526
9990	-2	4	41530
9991	-2	4	41534
9992	-2	4	41538
9993	-2	4	41542
9994	-2	4	41546
9995	-2	4	41550
9996	-2	4	41554
9997	-2	4	41558
9998	-4	6	41564
9999	-2	4	41568
10000	-2	4	41572
10001	-2	4	41576
10002	-2	4	41580
10003	-2	4	41584
10004	-2	4	41588
10005	-2	4	41592
10006	-2	4	41596
10007	-4	6	41602
10008	-2	4	41606
10009	-2	4	41610
10010	-4	6	41616
10011	-2	4	41620
10012	-2	4	41624
10013	-2	4	41628
10014	-2	4	41632
10015	-2	4	41636
10016	-2	4	41640
10017	-2	4	41644
10018	-2	4	41648
10019	-5	7	41655
10020	-2	4	41659
10021	-2	4	41663
10022	-2	4	41667
10023	-2	4	41671
10024	-2	4	41675
10025	-2	4	41679
10026	-2	4	41683
10027	-2	4	41687
10028	-4	6	41693
10029	-2	4	41697
10030	-2	4	41701
10031	-2	4	41705
10032	-2	4	41709
10033	-2	4	41713
10034	-2	4	41717
10035	-2	4	41721
10036	-2	4	41725
10037	-2	4	41729
10038	-2	4	41733
10039	-2	4	41737
10040	-2	4	41741
10041	-2	4	41745
10042	-2	4	41749
10043	-2	4	41753
10044	-2	4	41757
10045	-2	4	41761
10046	-2	4	41765
10047	-2	4	41769
10048	-2	4	41773
10049	-2	4	41777
10050	-2	4	41781
10051	-2	4	41785
10052	-2	4	41789
10053	-2	4	41793
10054	-4	6	41799
10055	-2	4	41803
10056	-2	4	41807
10057	-2	4	41811
10058	-2	4	41815
10059	-2	4	41819
10060	-2	4	41823
10061	-2	4	41827
10062	-2	4	41831
10063	-2	4	41835
10064	-2	4	41839
10065	-2	4	41843
10066	-2	4	41847
10067	-2	4	41851
10068	-2	4	41855
10069	-2	4	41859
10070	-2	4	41863
10071	-2	4	41867
10072	-2	4	41871
10073	-2	4	41875
10074	-2	4	41879
10075	-2	4	41883
10076	-2	4	41887
10077	-2	4	41891
10078	-2	4	41895
10079	-2	4	41899
10080	-4	6	41905
10081	-3	5	41910
10082	-2	4	41914
10083	-2	4	41918
10084	-2	4	41922
10085	-2	4	41926
10086	-2	4	41930
10087	-2	4	41934
10088	-4	6	41940
10089	-2	4	41944
10090	-2	4	41948
10091	-2	4	41952
10092	-2	4	41956
10093	-2	4	41960
10094	-2	4	41964
10095	-2	4	41968
10096	-2	4	41972
10097	-2	4	41976
10098	-2	4	41980
10099	-2	4	41984
10100	-2	4	41988
10101	-2	4	41992
10102	-2	4	41996
10103	-2	4	42000
10104	-4	6	42006
10105	-2	4	42010
10106	-2	4	42014
10107	-2	4	42018
10108	-2	4	42022
10109	-2	4	42026
10110	-2	4	42030
10111	-2	4	42034
10112	-2	4	42038
10113	-2	4	42042
10114	-2	4	42046
10115	-2	4	42050
10116	-2	4	42054
10117	-2	4	42058
10118	-2	4	42062
10119	-2	4	42066
10120	-2	4	42070
10121	-2	4	42074
10122	-2	4	42078
10123	-2	4	42082
10124	-2	4	42086
10125	-2	4	42090
10126	-2	4	42094
10127	-2	4	42098
10128	-2	4	42102
10129	-2	4	42106
10130	-3	5	42111
10131	-2	4	42115
10132	-2	4	42119
10133	-2	4	42123
10134	-2	4	42127
10135	-2	4	42131
10136	-2	4	42135
10137	-4	6	42141
10138	-3	5	42146
10139	-2	4	42150
10140	-2	4	42154
10141	-2	4	42158
10142	-2	4	42162
10143	-2	4	42166
10144	-2	4	42170
10145	-2	4	42174
10146	-4	6	42180
10147	-2	4	42184
10148	-2	4	42188
10149	-2	4	42192
10150	-2	4	42196
10151	-2	4	42200
10152	-2	4	42204
10153	-2	4	42208
10154	-2	4	42212
10155	-2	4	42216
10156	-2	4	42220
10157	-2	4	42224
10158	-2	4	42228
10159	-2	4	42232
10160	-2	4	42236
10161	-2	4	42240
10162	-2	4	42244
10163	-2	4	42248
10164	-2	4	42252
10165	-2	4	42256
10166	-2	4	42260
10167	-2	4	42264
10168	-2	4	42268
10169	-2	4	42272
10170	-2	4	42276
10171	-2	4	42280
10172	-2	4	42284
10173	-2	4	42288
10174	-2	4	42292
10175	-2	4	42296
10176	-2	4	42300
10177	-2	4	42304
10178	-2	4	42308
10179	-4	6	42314
10180	-2	4	42318
10181	-2	4	42322
10182	-2	4	42326
10183	-2	4	42330
10184	-2	4	42334
10185	-2	4	42338
10186	-3	5	42343
10187	-2	4	42347
10188	-2	4	42351
10189	-2	4	42355
10190	-2	4	42359
10191	-2	4	42363
10192	-2	4	42367
10193	-2	4	42371
10194	-2	4	42375
10195	-3	5	42380
10196	-2	4	42384
10197	-2	4	42388
10198	-2	4	42392
10199	-2	4	42396
10200	-2	4	42400
10201	-2	4	42404
10202	-2	4	42408
10203	-2	4	42412
10204	-2	4	42416
10205	-2	4	42420
10206	-2	4	42424
10207	-2	4	42428
10208	-2	4	42432
10209	-2	4	42436
10210	-2	4	42440
10211	-2	4	42444
10212	-2	4	42448
10213	-2	4	42452
10214	-2	4	42456
10215	-2	4	42460
10216	-3	5	42465
10217	-2	4	42469
10218	-2	4	42473
10219	-2	4	42477
10220	-2	4	42481
10221	-2	4	42485
10222	-2	4	42489
10223	-2	4	42493
10224	-2	4	42497
10225	-2	4	42501
10226	-2	4	42505
10227	-2	4	42509
10228	-2	4	42513
10229	-4	6	42519
10230	-2	4	42523
10231	-2	4	42527
10232	-2	4	42531
10233	-3	5	42536
10234	-2	4	42540
10235	-2	4	42544
10236	-2	4	42548
10237	-2	4	42552
10238	-2	4	42556
10239	-2	4	42560
10240	-2	4	42564
10241	-2	4	42568
10242	-2	4	42572
10243	-4	6	42578
10244	-2	4	42582
10245	-2	4	42586
10246	-2	4	42590
10247	-2	4	42594
10248	-2	4	42598
10249	-2	4	42602
10250	-2	4	42606
10251	-2	4	42610
10252	-2	4	42614
10253	-2	4	42618
10254	-4	6	42624
10255	-2	4	42628
10256	-2	4	42632
10257	-2	4	42636
10258	-2	4	42640
10259	-2	4	42644
10260	-2	4	42648
10261	-2	4	42652
10262	-2	4	42656
10263	-7	9	42665
10264	-2	4	42669
10265	-2	4	42673
10266	-2	4	42677
10267	-4	6	42683
10268	-2	4	42687
10269	-2	4	42691
10270	-2	4	42695
10271	-2	4	42699
10272	-2	4	42703
10273	-2	4	42707
10274	-2	4	42711
10275	-2	4	42715
10276	-2	4	42719
10277	-2	4	42723
10278	-2	4	42727
10279	-2	4	42731
10280	-2	4	42735
10281	-2	4	42739
10282	-2	4	42743
10283	-2	4	42747
10284	-2	4	42751
10285	-3	5	42756
10286	-2	4	42760
10287	-2	4	42764
10288	-2	4	42768
10289	-2	4	42772
10290	-2	4	42776
10291	-2	4	42780
10292	-2	4	42784
10293	-4	6	42790
10294	-2	4	42794
10295	-2	4	42798
10296	-2	4	42802
10297	-2	4	42806
10298	-3	5	42811
10299	-2	4	42815
10300	-2	4	42819
10301	-2	4	42823
10302	-2	4	42827
10303	-2	4	42831
10304	-2	4	42835
10305	-2	4	42839
10306	-2	4	42843
10307	-2	4	42847
10308	-2	4	42851
10309	-2	4	42855
10310	-4	6	42861
10311	-2	4	42865
10312	-2	4	42869
10313	-4	6	42875
10314	-2	4	42879
10315	-4	6	42885
10316	-2	4	42889
10317	-2	4	42893
10318	-2	4	42897
10319	-2	4	42901
10320	-2	4	42905
10321	-2	4	42909
10322	-3	5	42914
10323	-2	4	42918
10324	-2	4	42922
10325	-2	4	42926
10326	-2	4	42930
10327	-2	4	42934
10328	-3	5	42939
10329	-2	4	42943
10330	-2	4	42947
10331	-4	6	42953
10332	-2	4	42957
10333	-2	4	42961
10334	-2	4	42965
10335	-2	4	42969
10336	-2	4	42973
10337	-2	4	42977
10338	-2	4	42981
10339	-6	8	42989
10340	-2	4	42993
10341	-2	4	42997
10342	-2	4	43001
10343	-2	4	43005
10344	-2	4	43009
10345	-2	4	43013
10346	-2	4	43017
10347	-2	4	43021
10348	-2	4	43025
10349	-4	6	43031
10350	-2	4	43035
10351	-2	4	43039
10352	-2	4	43043
10353	-2	4	43047
10354	-2	4	43051
10355	-2	4	43055
10356	-2	4	43059
10357	-2	4	43063
10358	-2	4	43067
10359	-2	4	43071
10360	-2	4	43075
10361	-4	6	43081
10362	-2	4	43085
10363	-2	4	43089
10364	-2	4	43093
10365	-2	4	43097
10366	-2	4	43101
10367	-2	4	43105
10368	-2	4	43109
10369	-2	4	43113
10370	-2	4	43117
10371	-2	4	43121
10372	-2	4	43125
10373	-2	4	43129
10374	-2	4	43133
10375	-2	4	43137
10376	-2	4	43141
10377	-2	4	43145
10378	-2	4	43149
10379	-2	4	43153
10380	-2	4	43157
10381	-2	4	43161
10382	-2	4	43165
10383	-2	4	43169
10384	-2	4	43173
10385	-4	6	43179
10386	-2	4	43183
10387	-2	4	43187
10388	-2	4	43191
10389	-2	4	43195
10390	-2	4	43199
10391	-3	5	43204
10392	-2	4	43208
10393	-2	4	43212
10394	-2	4	43216
10395	-2	4	43220
10396	-2	4	43224
10397	-2	4	43228
10398	-2	4	43232
10399	-2	4	43236
10400	-2	4	43240
10401	-2	4	43244
10402	-2	4	43248
10403	-4	6	43254
10404	-6	8	43262
10405	-2	4	43266
10406	-2	4	43270
10407	-2	4	43274
10408	-2	4	43278
10409	-2	4	43282
10410	-2	4	43286
10411	-4	6	43292
10412	-2	4	43296
10413	-2	4	43300
10414	-2	4	43304
10415	-2	4	43308
10416	-2	4	43312
10417	-2	4	43316
10418	-2	4	43320
10419	-2	4	43324
10420	-2	4	43328
10421	-2	4	43332
10422	-2	4	43336
10423	-4	6	43342
10424	-2	4	43346
10425	-2	4	43350
10426	-3	5	43355
10427	-2	4	43359
10428	-4	6	43365
10429	-2	4	43369
10430	-2	4	43373
10431	-2	4	43377
10432	-2	4	43381
10433	-2	4	43385
10434	-2	4	43389
10435	-2	4	43393
10436	-4	6	43399
10437	-2	4	43403
10438	-2	4	43407
10439	-2	4	43411
10440	-4	6	43417
10441	-2	4	43421
10442	-2	4	43425
10443	-2	4	43429
10444	-2	4	43433
10445	-4	6	43439
10446	-2	4	43443
10447	-2	4	43447
10448	-4	6	43453
10449	-2	4	43457
10450	-2	4	43461
10451	-2	4	43465
10452	-2	4	43469
10453	-2	4	43473
10454	-2	4	43477
10455	-2	4	43481
10456	-2	4	43485
10457	-2	4	43489
10458	-2	4	43493
10459	-2	4	43497
10460	-4	6	43503
10461	-2	4	43507
10462	-2	4	43511
10463	-2	4	43515
10464	-2	4	43519
10465	-2	4	43523
10466	-2	4	43527
10467	-2	4	43531
10468	-2	4	43535
10469	-2	4	43539
10470	-2	4	43543
10471	-2	4	43547
10472	-2	4	43551
10473	-2	4	43555
10474	-2	4	43559
10475	-2	4	43563
10476	-2	4	43567
10477	-2	4	43571
10478	-2	4	43575
10479	-2	4	43579
10480	-4	6	43585
10481	-2	4	43589
10482	-2	4	43593
10483	-2	4	43597
10484	-2	4	43601
10485	-2	4	43605
10486	-2	4	43609
10487	-2	4	43613
10488	-2	4	43617
10489	-2	4	43621
10490	-2	4	43625
10491	-2	4	43629
10492	-4	6	43635
10493	-2	4	43639
10494	-2	4	43643
10495	-2	4	43647
10496	-2	4	43651
10497	-3	5	43656
10498	-2	4	43660
10499	-2	4	43664
10500	-2	4	43668
10501	-2	4	43672
10502	-2	4	43676
10503	-2	4	43680
10504	-2	4	43684
10505	-2	4	43688
10506	-2	4	43692
10507	-2	4	43696
10508	-2	4	43700
10509	-2	4	43704
10510	-2	4	43708
10511	-2	4	43712
10512	-2	4	43716
10513	-2	4	43720
10514	-2	4	43724
10515	-2	4	43728
10516	-2	4	43732
10517	-2	4	43736
10518	-2	4	43740
10519	-2	4	43744
10520	-2	4	43748
10521	-2	4	43752
10522	-2	4	43756
10523	-2	4	43760
10524	-2	4	43764
10525	-2	4	43768
10526	-2	4	43772
10527	-2	4	43776
10528	-2	4	43780
10529	-2	4	43784
10530	-4	6	43790
10531	-2	4	43794
10532	-6	8	43802
10533	-2	4	43806
10534	-2	4	43810
10535	-2	4	43814
10536	-2	4	43818
10537	-2	4	43822
10538	-2	4	43826
10539	-2	4	43830
10540	-2	4	43834
10541	-2	4	43838
10542	-2	4	43842
10543	-2	4	43846
10544	-2	4	43850
10545	-2	4	43854
10546	-4	6	43860
10547	-2	4	43864
10548	-2	4	43868
10549	-2	4	43872
10550	-2	4	43876
10551	-2	4	43880
10552	-2	4	43884
10553	-2	4	43888
10554	-2	4	43892
10555	-2	4	43896
10556	-2	4	43900
10557	-2	4	43904
10558	-2	4	43908
10559	-2	4	43912
10560	-2	4	43916
10561	-2	4	43920
10562	-2	4	43924
10563	-2	4	43928
10564	-2	4	43932
10565	-2	4	43936
10566	-4	6	43942
10567	-2	4	43946
10568	-2	4	43950
10569	-2	4	43954
10570	-2	4	43958
10571	-2	4	43962
10572	-2	4	43966
10573	-2	4	43970
10574	-3	5	43975
10575	-2	4	43979
10576	-2	4	43983
10577	-2	4	43987
10578	-2	4	43991
10579	-2	4	43995
10580	-2	4	43999
10581	-2	4	44003
10582	-2	4	44007
10583	-2	4	44011
10584	-2	4	44015
10585	-2	4	44019
10586	-2	4	44023
10587	-2	4	44027
10588	-2	4	44031
10589	-2	4	44035
10590	-2	4	44039
10591	-2	4	44043
10592	-2	4	44047
10593	-4	6	44053
10594	-4	6	44059
10595	-2	4	44063
10596	-2	4	44067
10597	-2	4	44071
10598	-2	4	44075
10599	-2	4	44079
10600	-2	4	44083
10601	-2	4	44087
10602	-4	6	44093
10603	-2	4	44097
10604	-2	4	44101
10605	-2	4	44105
10606	-2	4	44109
10607	-2	4	44113
10608	-2	4	44117
10609	-2	4	44121
10610	-2	4	44125
10611	-2	4	44129
10612	-2	4	44133
10613	-2	4	44137
10614	-2	4	44141
10615	-2	4	44145
10616	-2	4	44149
10617	-2	4	44153
10618	-2	4	44157
10619	-2	4	44161
10620	-2	4	44165
10621	-4	6	44171
10622	-2	4	44175
10623	-2	4	44179
10624	-2	4	44183
10625	-2	4	44187
10626	-2	4	44191
10627	-2	4	44195
10628	-2	4	44199
10629	-4	6	44205
10630	-2	4	44209
10631	-2	4	44213
10632	-2	4	44217
10633	-2	4	44221
10634	-2	4	44225
10635	-2	4	44229
10636	-2	4	44233
10637	-2	4	44237
10638	-2	4	44241
10639	-2	4	44245
10640	-2	4	44249
10641	-2	4	44253
10642	-2	4	44257
10643	-2	4	44261
10644	-2	4	44265
10645	-2	4	44269
10646	-2	4	44273
10647	-2	4	44277
10648	-4	6	44283
10649	-2	4	44287
10650	-2	4	44291
10651	-2	4	44295
10652	-2	4	44299
10653	-4	6	44305
10654	-2	4	44309
10655	-2	4	44313
10656	-2	4	44317
10657	-4	6	44323
10658	-2	4	44327
10659	-2	4	44331
10660	-2	4	44335
10661	-2	4	44339
10662	-2	4	44343
10663	-5	7	44350
10664	-2	4	44354
10665	-5	7	44361
10666	-4	6	44367
10667	-2	4	44371
10668	-2	4	44375
10669	-2	4	44379
10670	-2	4	44383
10671	-2	4	44387
10672	-2	4	44391
10673	-2	4	44395
10674	-2	4	44399
10675	-2	4	44403
10676	-2	4	44407
10677	-2	4	44411
10678	-2	4	44415
10679	-4	6	44421
10680	-2	4	44425
10681	-2	4	44429
10682	-2	4	44433
10683	-2	4	44437
10684	-2	4	44441
10685	-2	4	44445
10686	-2	4	44449
10687	-2	4	44453
10688	-2	4	44457
10689	-2	4	44461
10690	-2	4	44465
10691	-2	4	44469
10692	-2	4	44473
10693	-2	4	44477
10694	-2	4	44481
10695	-2	4	44485
10696	-2	4	44489
10697	-2	4	44493
10698	-2	4	44497
10699	-2	4	44501
10700	-2	4	44505
10701	-2	4	44509
10702	-2	4	44513
10703	-2	4	44517
10704	-2	4	44521
10705	-2	4	44525
10706	-2	4	44529
10707	-2	4	44533
10708	-2	4	44537
10709	-2	4	44541
10710	-2	4	44545
10711	-2	4	44549
10712	-2	4	44553
10713	-2	4	44557
10714	-3	5	44562
10715	-2	4	44566
10716	-2	4	44570
10717	-2	4	44574
10718	-2	4	44578
10719	-2	4	44582
10720	-2	4	44586
10721	-2	4	44590
10722	-2	4	44594
10723	-2	4	44598
10724	-2	4	44602
10725	-2	4	44606
10726	-2	4	44610
10727	-2	4	44614
10728	-2	4	44618
10729	-2	4	44622
10730	-2	4	44626
10731	-2	4	44630
10732	-2	4	44634
10733	-2	4	44638
10734	-2	4	44642
10735	-2	4	44646
10736	-4	6	44652
10737	-2	4	44656
10738	-2	4	44660
10739	-2	4	44664
10740	-3	5	44669
10741	-2	4	44673
10742	-2	4	44677
10743	-2	4	44681
10744	-2	4	44685
10745	-2	4	44689
10746	-2	4	44693
10747	-2	4	44697
10748	-2	4	44701
10749	-2	4	44705
10750	-2	4	44709
10751	-2	4	44713
10752	-2	4	44717
10753	-4	6	44723
10754	-2	4	44727
10755	-2	4	44731
10756	-2	4	44735
10757	-4	6	44741
10758	-2	4	44745
10759	-2	4	44749
10760	-2	4	44753
10761	-2	4	44757
10762	-2	4	44761
10763	-2	4	44765
10764	-2	4	44769
10765	-3	5	44774
10766	-2	4	44778
10767	-2	4	44782
10768	-2	4	44786
10769	-2	4	44790
10770	-2	4	44794
10771	-2	4	44798
10772	-6	8	44806
10773	-2	4	44810
10774	-2	4	44814
10775	-4	6	44820
10776	-4	6	44826
10777	-2	4	44830
10778	-2	4	44834
10779	-2	4	44838
10780	-2	4	44842
10781	-2	4	44846
10782	-2	4	44850
10783	-2	4	44854
10784	-2	4	44858
10785	-2	4	44862
10786	-2	4	44866
10787	-2	4	44870
10788	-2	4	44874
10789	-2	4	44878
10790	-2	4	44882
10791	-2	4	44886
10792	-2	4	44890
10793	-2	4	44894
10794	-2	4	44898
10795	-2	4	44902
10796	-2	4	44906
10797	-2	4	44910
10798	-2	4	44914
10799	-2	4	44918
10800	-2	4	44922
10801	-2	4	44926
10802	-2	4	44930
10803	-2	4	44934
10804	-4	6	44940
10805	-2	4	44944
10806	-2	4	44948
10807	-2	4	44952
10808	-2	4	44956
10809	-2	4	44960
10810	-2	4	44964
10811	-2	4	44968
10812	-2	4	44972
10813	-2	4	44976
10814	-2	4	44980
10815	-2	4	44984
10816	-2	4	44988
10817	-2	4	44992
10818	-4	6	44998
10819	-2	4	45002
10820	-2	4	45006
10821	-2	4	45010
10822	-2	4	45014
10823	-2	4	45018
10824	-2	4	45022
10825	-2	4	45026
10826	-4	6	45032
10827	-2	4	45036
10828	-2	4	45040
10829	-2	4	45044
10830	-2	4	45048
10831	-2	4	45052
10832	-2	4	45056
10833	-2	4	45060
10834	-2	4	45064
10835	-2	4	45068
10836	-2	4	45072
10837	-2	4	45076
10838	-2	4	45080
10839	-2	4	45084
10840	-2	4	45088
10841	-2	4	45092
10842	-2	4	45096
10843	-2	4	45100
10844	-2	4	45104
10845	-2	4	45108
10846	-2	4	45112
10847	-2	4	45116
10848	-2	4	45120
10849	-2	4	45124
10850	-2	4	45128
10851	-2	4	45132
10852	-2	4	45136
10853	-2	4	45140
10854	-2	4	45144
10855	-2	4	45148
10856	-2	4	45152
10857	-2	4	45156
10858	-2	4	45160
10859	-2	4	45164
10860	-2	4	45168
10861	-2	4	45172
10862	-2	4	45176
10863	-2	4	45180
10864	-2	4	45184
10865	-2	4	45188
10866	-2	4	45192
10867	-2	4	45196
10868	-2	4	45200
10869	-2	4	45204
10870	-2	4	45208
10871	-2	4	45212
10872	-2	4	45216
10873	-2	4	45220
10874	-5	7	45227
10875	-2	4	45231
10876	-2	4	45235
10877	-2	4	45239
10878	-2	4	45243
10879	-2	4	45247
10880	-2	4	45251
10881	-4	6	45257
10882	-2	4	45261
10883	-2	4	45265
10884	-2	4	45269
10885	-2	4	45273
10886	-2	4	45277
10887	-2	4	45281
10888	-2	4	45285
10889	-2	4	45289
10890	-2	4	45293
10891	-2	4	45297
10892	-2	4	45301
10893	-2	4	45305
10894	-2	4	45309
10895	-2	4	45313
10896	-2	4	45317
10897	-2	4	45321
10898	-2	4	45325
10899	-2	4	45329
10900	-2	4	45333
10901	-2	4	45337
10902	-2	4	45341
10903	-2	4	45345
10904	-2	4	45349
10905	-2	4	45353
10906	-2	4	45357
10907	-2	4	45361
10908	-2	4	45365
10909	-2	4	45369
10910	-2	4	45373
10911	-2	4	45377
10912	-2	4	45381
10913	-4	6	45387
10914	-2	4	45391
10915	-2	4	45395
10916	-2	4	45399
10917	-2	4	45403
10918	-2	4	45407
10919	-2	4	45411
10920	-2	4	45415
10921	-2	4	45419
10922	-2	4	45423
10923	-2	4	45427
10924	-4	6	45433
10925	-2	4	45437
10926	-4	6	45443
10927	-2	4	45447
10928	-2	4	45451
10929	-2	4	45455
10930	-2	4	45459
10931	-2	4	45463
10932	-2	4	45467
10933	-2	4	45471
10934	-2	4	45475
10935	-2	4	45479
10936	-2	4	45483
10937	-2	4	45487
10938	-2	4	45491
10939	-2	4	45495
10940	-2	4	45499
10941	-2	4	45503
10942	-2	4	45507
10943	-2	4	45511
10944	-2	4	45515
10945	-2	4	45519
10946	-4	6	45525
10947	-2	4	45529
10948	-2	4	45533
10949	-2	4	45537
10950	-4	6	45543
10951	-2	4	45547
10952	-2	4	45551
10953	-2	4	45555
10954	-2	4	45559
10955	-2	4	45563
10956	-2	4	45567
10957	-2	4	45571
10958	-2	4	45575
10959	-2	4	45579
10960	-2	4	45583
10961	-4	6	45589
10962	-2	4	45593
10963	-2	4	45597
10964	-2	4	45601
10965	-2	4	45605
10966	-2	4	45609
10967	-2	4	45613
10968	-2	4	45617
10969	-2	4	45621
10970	-2	4	45625
10971	-2	4	45629
10972	-2	4	45633
10973	-4	6	45639
10974	-2	4	45643
10975	-2	4	45647
10976	-2	4	45651
10977	-2	4	45655
10978	-2	4	45659
10979	-2	4	45663
10980	-2	4	45667
10981	-2	4	45671
10982	-2	4	45675
10983	-2	4	45679
10984	-2	4	45683
10985	-2	4	45687
10986	-2	4	45691
10987	-2	4	45695
10988	-2	4	45699
10989	-2	4	45703
10990	-2	4	45707
10991	-2	4	45711
10992	-2	4	45715
10993	-2	4	45719
10994	-2	4	45723
10995	-3	5	45728
10996	-2	4	45732
10997	-2	4	45736
10998	-2	4	45740
10999	-2	4	45744
11000	-2	4	45748
11001	-2	4	45752
11002	-2	4	45756
11003	-2	4	45760
11004	-2	4	45764
11005	-2	4	45768
11006	-2	4	45772
11007	-2	4	45776
11008	-2	4	45780
11009	-2	4	45784
11010	-2	4	45788
11011	-2	4	45792
11012	-2	4	45796
11013	-2	4	45800
11014	-2	4	45804
11015	-2	4	45808
11016	-2	4	45812
11017	-2	4	45816
11018	-4	6	45822
11019	-2	4	45826
11020	-2	4	45830
11021	-2	4	45834
11022	-2	4	45838
11023	-2	4	45842
11024	-2	4	45846
11025	-2	4	45850
11026	-2	4	45854
11027	-3	5	45859
11028	-2	4	45863
11029	-2	4	45867
11030	-4	6	45873
11031	-2	4	45877
11032	-2	4	45881
11033	-2	4	45885
11034	-2	4	45889
11035	-2	4	45893
11036	-2	4	45897
11037	-2	4	45901
11038	-2	4	45905
11039	-2	4	45909
11040	-3	5	45914
11041	-2	4	45918
11042	-2	4	45922
11043	-2	4	45926
11044	-2	4	45930
11045	-2	4	45934
11046	-2	4	45938
11047	-2	4	45942
11048	-2	4	45946
11049	-2	4	45950
11050	-2	4	45954
11051	-4	6	45960
11052	-2	4	45964
11053	-2	4	45968
11054	-2	4	45972
11055	-2	4	45976
11056	-2	4	45980
11057	-2	4	45984
11058	-2	4	45988
11059	-2	4	45992
11060	-2	4	45996
11061	-2	4	46000
11062	-2	4	46004
11063	-2	4	46008
11064	-3	5	46013
11065	-2	4	46017
11066	-2	4	46021
11067	-2	4	46025
11068	-2	4	46029
11069	-2	4	46033
11070	-2	4	46037
11071	-2	4	46041
11072	-2	4	46045
11073	-2	4	46049
11074	-2	4	46053
11075	-2	4	46057
11076	-2	4	46061
11077	-2	4	46065
11078	-4	6	46071
11079	-2	4	46075
11080	-2	4	46079
11081	-2	4	46083
11082	-2	4	46087
11083	-2	4	46091
11084	-2	4	46095
11085	-2	4	46099
11086	-2	4	46103
11087	-2	4	46107
11088	-2	4	46111
11089	-2	4	46115
11090	-2	4	46119
11091	-2	4	46123
11092	-2	4	46127
11093	-2	4	46131
11094	-2	4	46135
11095	-2	4	46139
11096	-2	4	46143
11097	-2	4	46147
11098	-2	4	46151
11099	-2	4	46155
11100	-2	4	46159
11101	-4	6	46165
11102	-2	4	46169
11103	-2	4	46173
11104	-2	4	46177
11105	-2	4	46181
11106	-2	4	46185
11107	-2	4	46189
11108	-2	4	46193
11109	-2	4	46197
11110	-2	4	46201
11111	-2	4	46205
11112	-2	4	46209
11113	-2	4	46213
11114	-2	4	46217
11115	-4	6	46223
11116	-2	4	46227
11117	-4	6	46233
11118	-2	4	46237
11119	-4	6	46243
11120	-2	4	46247
11121	-4	6	46253
11122	-2	4	46257
11123	-2	4	46261
11124	-2	4	46265
11125	-2	4	46269
11126	-2	4	46273
11127	-2	4	46277
11128	-2	4	46281
11129	-2	4	46285
11130	-2	4	46289
11131	-2	4	46293
11132	-2	4	46297
11133	-2	4	46301
11134	-2	4	46305
11135	-2	4	46309
11136	-2	4	46313
11137	-2	4	46317
11138	-2	4	46321
11139	-2	4	46325
11140	-2	4	46329
11141	-2	4	46333
11142	-2	4	46337
11143	-2	4	46341
11144	-2	4	46345
11145	-2	4	46349
11146	-2	4	46353
11147	-4	6	46359
11148	-2	4	46363
11149	-2	4	46367
11150	-2	4	46371
11151	-2	4	46375
11152	-2	4	46379
11153	-2	4	46383
11154	-2	4	46387
11155	-2	4	46391
11156	-2	4	46395
11157	-2	4	46399
11158	-2	4	46403
11159	-2	4	46407
11160	-2	4	46411
11161	-2	4	46415
11162	-2	4	46419
11163	-2	4	46423
11164	-2	4	46427
11165	-2	4	46431
11166	-2	4	46435
11167	-2	4	46439
11168	-2	4	46443
11169	-2	4	46447
11170	-2	4	46451
11171	-2	4	46455
11172	-4	6	46461
11173	-2	4	46465
11174	-2	4	46469
11175	-2	4	46473
11176	-2	4	46477
11177	-2	4	46481
11178	-4	6	46487
11179	-2	4	46491
11180	-2	4	46495
11181	-2	4	46499
11182	-2	4	46503
11183	-2	4	46507
11184	-2	4	46511
11185	-2	4	46515
11186	-2	4	46519
11187	-2	4	46523
11188	-2	4	46527
11189	-2	4	46531
11190	-2	4	46535
11191	-2	4	46539
11192	-2	4	46543
11193	-2	4	46547
11194	-2	4	46551
11195	-2	4	46555
11196	-2	4	46559
11197	-2	4	46563
11198	-2	4	46567
11199	-2	4	46571
11200	-2	4	46575
11201	-2	4	46579
11202	-2	4	46583
11203	-2	4	46587
11204	-2	4	46591
11205	-2	4	46595
11206	-2	4	46599
11207	-2	4	46603
11208	-2	4	46607
11209	-2	4	46611
11210	-2	4	46615
11211	-2	4	46619
11212	-2	4	46623
11213	-2	4	46627
11214	-2	4	46631
11215	-2	4	46635
11216	-2	4	46639
11217	-2	4	46643
11218	-2	4	46647
11219	-2	4	46651
11220	-2	4	46655
11221	-2	4	46659
11222	-2	4	46663
11223	-2	4	46667
11224	-2	4	46671
11225	-2	4	46675
11226	-2	4	46679
11227	-2	4	46683
11228	-2	4	46687
11229	-2	4	46691
11230	-2	4	46695
11231	-2	4	46699
11232	-2	4	46703
11233	-2	4	46707
11234	-2	4	46711
11235	-3	5	46716
11236	-2	4	46720
11237	-2	4	46724
11238	-2	4	46728
11239	-2	4	46732
11240	-2	4	46736
11241	-2	4	46740
11242	-2	4	46744
11243	-2	4	46748
11244	-2	4	46752
11245	-2	4	46756
11246	-2	4	46760
11247	-3	5	46765
11248	-2	4	46769
11249	-2	4	46773
11250	-2	4	46777
11251	-2	4	46781
11252	-2	4	46785
11253	-2	4	46789
11254	-2	4	46793
11255	-2	4	46797
11256	-3	5	46802
11257	-2	4	46806
11258	-2	4	46810
11259	-2	4	46814
11260	-2	4	46818
11261	-2	4	46822
11262	-2	4	46826
11263	-4	6	46832
11264	-2	4	46836
11265	-2	4	46840
11266	-4	6	46846
11267	-2	4	46850
11268	-2	4	46854
11269	-2	4	46858
11270	-2	4	46862
11271	-2	4	46866
11272	-2	4	46870
11273	-2	4	46874
11274	-4	6	46880
11275	-2	4	46884
11276	-2	4	46888
11277	-2	4	46892
11278	-2	4	46896
11279	-2	4	46900
11280	-2	4	46904
11281	-2	4	46908
11282	-2	4	46912
11283	-2	4	46916
11284	-4	6	46922
11285	-2	4	46926
11286	-2	4	46930
11287	-2	4	46934
11288	-4	6	46940
11289	-2	4	46944
11290	-2	4	46948
11291	-2	4	46952
11292	-3	5	46957
11293	-2	4	46961
11294	-4	6	46967
11295	-2	4	46971
11296	-2	4	46975
11297	-2	4	46979
11298	-2	4	46983
11299	-2	4	46987
11300	-2	4	46991
11301	-2	4	46995
11302	-2	4	46999
11303	-2	4	47003
11304	-2	4	47007
11305	-2	4	47011
11306	-2	4	47015
11307	-2	4	47019
11308	-2	4	47023
11309	-2	4	47027
11310	-2	4	47031
11311	-3	5	47036
11312	-2	4	47040
11313	-2	4	47044
11314	-2	4	47048
11315	-2	4	47052
11316	-2	4	47056
11317	-4	6	47062
11318	-2	4	47066
11319	-2	4	47070
11320	-2	4	47074
11321	-2	4	47078
11322	-2	4	47082
11323	-2	4	47086
11324	-2	4	47090
11325	-2	4	47094
11326	-2	4	47098
11327	-2	4	47102
11328	-2	4	47106
11329	-2	4	47110
11330	-2	4	47114
11331	-4	6	47120
11332	-2	4	47124
11333	-2	4	47128
11334	-2	4	47132
11335	-2	4	47136
11336	-2	4	47140
11337	-2	4	47144
11338	-2	4	47148
11339	-2	4	47152
11340	-2	4	47156
11341	-2	4	47160
11342	-2	4	47164
11343	-2	4	47168
11344	-2	4	47172
11345	-2	4	47176
11346	-2	4	47180
11347	-3	5	47185
11348	-2	4	47189
11349	-2	4	47193
11350	-2	4	47197
11351	-2	4	47201
11352	-2	4	47205
11353	-2	4	47209
11354	-2	4	47213
11355	-2	4	47217
11356	-2	4	47221
11357	-3	5	47226
11358	-2	4	47230
11359	-2	4	47234
11360	-2	4	47238
11361	-2	4	47242
11362	-2	4	47246
11363	-2	4	47250
11364	-2	4	47254
11365	-2	4	47258
11366	-2	4	47262
11367	-2	4	47266
11368	-2	4	47270
11369	-2	4	47274
11370	-2	4	47278
11371	-2	4	47282
11372	-2	4	47286
11373	-2	4	47290
11374	-2	4	47294
11375	-2	4	47298
11376	-2	4	47302
11377	-2	4	47306
11378	-2	4	47310
11379	-2	4	47314
11380	-2	4	47318
11381	-2	4	47322
11382	-2	4	47326
11383	-2	4	47330
11384	-4	6	47336
11385	-2	4	47340
11386	-2	4	47344
11387	-2	4	47348
11388	-2	4	47352
11389	-2	4	47356
11390	-2	4	47360
11391	-2	4	47364
11392	-2	4	47368
11393	-2	4	47372
11394	-2	4	47376
11395	-2	4	47380
11396	-2	4	47384
11397	-2	4	47388
11398	-2	4	47392
11399	-2	4	47396
11400	-2	4	47400
11401	-4	6	47406
11402	-2	4	47410
11403	-2	4	47414
11404	-2	4	47418
11405	-2	4	47422
11406	-4	6	47428
11407	-2	4	47432
11408	-2	4	47436
11409	-2	4	47440
11410	-2	4	47444
11411	-2	4	47448
11412	-2	4	47452
11413	-2	4	47456
11414	-2	4	47460
11415	-2	4	47464
11416	-2	4	47468
11417	-4	6	47474
11418	-2	4	47478
11419	-2	4	47482
11420	-2	4	47486
11421	-2	4	47490
11422	-2	4	47494
11423	-2	4	47498
11424	-2	4	47502
11425	-2	4	47506
11426	-2	4	47510
11427	-2	4	47514
11428	-2	4	47518
11429	-6	8	47526
11430	-2	4	47530
11431	-2	4	47534
11432	-2	4	47538
11433	-2	4	47542
11434	-2	4	47546
11435	-2	4	47550
11436	-2	4	47554
11437	-2	4	47558
11438	-2	4	47562
11439	-2	4	47566
11440	-4	6	47572
11441	-2	4	47576
11442	-2	4	47580
11443	-4	6	47586
11444	-2	4	47590
11445	-2	4	47594
11446	-2	4	47598
11447	-2	4	47602
11448	-2	4	47606
11449	-2	4	47610
11450	-2	4	47614
11451	-2	4	47618
11452	-2	4	47622
11453	-2	4	47626
11454	-4	6	47632
11455	-2	4	47636
11456	-2	4	47640
11457	-2	4	47644
11458	-2	4	47648
11459	-2	4	47652
11460	-2	4	47656
11461	-4	6	47662
11462	-2	4	47666
11463	-2	4	47670
11464	-2	4	47674
11465	-2	4	47678
11466	-2	4	47682
11467	-2	4	47686
11468	-2	4	47690
11469	-2	4	47694
11470	-2	4	47698
11471	-2	4	47702
11472	-2	4	47706
11473	-2	4	47710
11474	-2	4	47714
11475	-2	4	47718
11476	-2	4	47722
11477	-2	4	47726
11478	-2	4	47730
11479	-3	5	47735
11480	-2	4	47739
11481	-2	4	47743
11482	-2	4	47747
11483	-2	4	47751
11484	-2	4	47755
11485	-2	4	47759
11486	-2	4	47763
11487	-2	4	47767
11488	-2	4	47771
11489	-2	4	47775
11490	-2	4	47779
11491	-2	4	47783
11492	-2	4	47787
11493	-2	4	47791
11494	-2	4	47795
11495	-2	4	47799
11496	-2	4	47803
11497	-2	4	47807
11498	-2	4	47811
11499	-2	4	47815
11500	-2	4	47819
11501	-2	4	47823
11502	-2	4	47827
11503	-4	6	47833
11504	-2	4	47837
11505	-2	4	47841
11506	-2	4	47845
11507	-2	4	47849
11508	-4	6	47855
11509	-2	4	47859
11510	-2	4	47863
11511	-2	4	47867
11512	-2	4	47871
11513	-2	4	47875
11514	-2	4	47879
11515	-2	4	47883
11516	-2	4	47887
11517	-2	4	47891
11518	-2	4	47895
11519	-2	4	47899
11520	-2	4	47903
11521	-4	6	47909
11522	-2	4	47913
11523	-2	4	47917
11524	-3	5	47922
11525	-4	6	47928
11526	-3	5	47933
11527	-4	6	47939
11528	-2	4	47943
11529	-2	4	47947
11530	-2	4	47951
11531	-2	4	47955
11532	-2	4	47959
11533	-2	4	47963
11534	-2	4	47967
11535	-2	4	47971
11536	-2	4	47975
11537	-2	4	47979
11538	-2	4	47983
11539	-2	4	47987
11540	-2	4	47991
11541	-2	4	47995
11542	-2	4	47999
11543	-2	4	48003
11544	-2	4	48007
11545	-2	4	48011
11546	-2	4	48015
11547	-4	6	48021
11548	-2	4	48025
11549	-2	4	48029
11550	-2	4	48033
11551	-5	7	48040
11552	-2	4	48044
11553	-2	4	48048
11554	-2	4	48052
11555	-2	4	48056
11556	-2	4	48060
11557	-2	4	48064
11558	-2	4	48068
11559	-2	4	48072
11560	-2	4	48076
11561	-2	4	48080
11562	-2	4	48084
11563	-2	4	48088
11564	-2	4	48092
11565	-2	4	48096
11566	-2	4	48100
11567	-2	4	48104
11568	-2	4	48108
11569	-2	4	48112
11570	-2	4	48116
11571	-2	4	48120
11572	-2	4	48124
11573	-2	4	48128
11574	-2	4	48132
11575	-2	4	48136
11576	-2	4	48140
11577	-2	4	48144
11578	-2	4	48148
11579	-6	8	48156
11580	-2	4	48160
11581	-2	4	48164
11582	-2	4	48168
11583	-3	5	48173
11584	-2	4	48177
11585	-2	4	48181
11586	-2	4	48185
11587	-2	4	48189
11588	-2	4	48193
11589	-2	4	48197
11590	-2	4	48201
11591	-2	4	48205
11592	-3	5	48210
11593	-2	4	48214
11594	-2	4	48218
11595	-2	4	48222
11596	-2	4	48226
11597	-2	4	48230
11598	-2	4	48234
11599	-2	4	48238
11600	-4	6	48244
11601	-2	4	48248
11602	-2	4	48252
11603	-2	4	48256
11604	-2	4	48260
11605	-2	4	48264
11606	-2	4	48268
11607	-2	4	48272
11608	-2	4	48276
11609	-2	4	48280
11610	-2	4	48284
11611	-2	4	48288
11612	-2	4	48292
11613	-2	4	48296
11614	-2	4	48300
11615	-2	4	48304
11616	-2	4	48308
11617	-2	4	48312
11618	-2	4	48316
11619	-2	4	48320
11620	-2	4	48324
11621	-2	4	48328
11622	-2	4	48332
11623	-2	4	48336
11624	-2	4	48340
11625	-2	4	48344
11626	-2	4	48348
11627	-2	4	48352
11628	-2	4	48356
11629	-2	4	48360
11630	-2	4	48364
11631	-2	4	48368
11632	-3	5	48373
11633	-2	4	48377
11634	-2	4	48381
11635	-2	4	48385
11636	-2	4	48389
11637	-2	4	48393
11638	-2	4	48397
11639	-2	4	48401
11640	-2	4	48405
11641	-2	4	48409
11642	-2	4	48413
11643	-2	4	48417
11644	-2	4	48421
11645	-2	4	48425
11646	-2	4	48429
11647	-2	4	48433
11648	-3	5	48438
11649	-2	4	48442
11650	-2	4	48446
11651	-2	4	48450
11652	-2	4	48454
11653	-2	4	48458
11654	-2	4	48462
11655	-2	4	48466
11656	-2	4	48470
11657	-2	4	48474
11658	-2	4	48478
11659	-2	4	48482
11660	-6	8	48490
11661	-2	4	48494
11662	-2	4	48498
11663	-2	4	48502
11664	-2	4	48506
11665	-2	4	48510
11666	-2	4	48514
11667	-2	4	48518
11668	-2	4	48522
11669	-4	6	48528
11670	-2	4	48532
11671	-2	4	48536
11672	-2	4	48540
11673	-2	4	48544
11674	-2	4	48548
11675	-2	4	48552
11676	-2	4	48556
11677	-2	4	48560
11678	-2	4	48564
11679	-2	4	48568
11680	-2	4	48572
11681	-2	4	48576
11682	-4	6	48582
11683	-2	4	48586
11684	-2	4	48590
11685	-2	4	48594
11686	-2	4	48598
11687	-2	4	48602
11688	-2	4	48606
11689	-4	6	48612
11690	-2	4	48616
11691	-2	4	48620
11692	-2	4	48624
11693	-2	4	48628
11694	-2	4	48632
11695	-2	4	48636
11696	-2	4	48640
11697	-2	4	48644
11698	-2	4	48648
11699	-2	4	48652
11700	-2	4	48656
11701	-2	4	48660
11702	-2	4	48664
11703	-4	6	48670
11704	-2	4	48674
11705	-2	4	48678
11706	-2	4	48682
11707	-2	4	48686
11708	-2	4	48690
11709	-2	4	48694
11710	-2	4	48698
11711	-2	4	48702
11712	-2	4	48706
11713	-2	4	48710
11714	-2	4	48714
11715	-2	4	48718
11716	-2	4	48722
11717	-2	4	48726
11718	-2	4	48730
11719	-2	4	48734
11720	-2	4	48738
11721	-2	4	48742
11722	-2	4	48746
11723	-2	4	48750
11724	-2	4	48754
11725	-2	4	48758
11726	-2	4	48762
11727	-2	4	48766
11728	-2	4	48770
11729	-2	4	48774
11730	-2	4	48778
11731	-2	4	48782
11732	-2	4	48786
11733	-2	4	48790
11734	-2	4	48794
11735	-2	4	48798
11736	-2	4	48802
11737	-2	4	48806
11738	-2	4	48810
11739	-2	4	48814
11740	-2	4	48818
11741	-2	4	48822
11742	-2	4	48826
11743	-2	4	48830
11744	-2	4	48834
11745	-2	4	48838
11746	-2	4	48842
11747	-2	4	48846
11748	-2	4	48850
11749	-2	4	48854
11750	-2	4	48858
11751	-2	4	48862
11752	-2	4	48866
11753	-2	4	48870
11754	-2	4	48874
11755	-2	4	48878
11756	-2	4	48882
11757	-2	4	48886
11758	-2	4	48890
11759	-2	4	48894
11760	-2	4	48898
11761	-2	4	48902
11762	-2	4	48906
11763	-2	4	48910
11764	-2	4	48914
11765	-4	6	48920
11766	-2	4	48924
11767	-2	4	48928
11768	-2	4	48932
11769	-2	4	48936
11770	-2	4	48940
11771	-2	4	48944
11772	-3	5	48949
11773	-2	4	48953
11774	-2	4	48957
11775	-2	4	48961
11776	-2	4	48965
11777	-2	4	48969
11778	-2	4	48973
11779	-2	4	48977
11780	-2	4	48981
11781	-2	4	48985
11782	-2	4	48989
11783	-2	4	48993
11784	-2	4	48997
11785	-2	4	49001
11786	-2	4	49005
11787	-2	4	49009
11788	-2	4	49013
11789	-2	4	49017
11790	-2	4	49021
11791	-2	4	49025
11792	-2	4	49029
11793	-2	4	49033
11794	-2	4	49037
11795	-2	4	49041
11796	-2	4	49045
11797	-2	4	49049
11798	-2	4	49053
11799	-2	4	49057
11800	-2	4	49061
11801	-2	4	49065
11802	-2	4	49069
11803	-2	4	49073
11804	-2	4	49077
11805	-2	4	49081
11806	-2	4	49085
11807	-2	4	49089
11808	-2	4	49093
11809	-2	4	49097
11810	-2	4	49101
11811	-2	4	49105
11812	-2	4	49109
11813	-2	4	49113
11814	-2	4	49117
11815	-2	4	49121
11816	-2	4	49125
11817	-2	4	49129
11818	-2	4	49133
11819	-2	4	49137
11820	-2	4	49141
11821	-2	4	49145
11822	-2	4	49149
11823	-2	4	49153
11824	-2	4	49157
11825	-2	4	49161
11826	-2	4	49165
11827	-2	4	49169
11828	-2	4	49173
11829	-2	4	49177
11830	-2	4	49181
11831	-2	4	49185
11832	-2	4	49189
11833	-2	4	49193
11834	-2	4	49197
11835	-2	4	49201
11836	-4	6	49207
11837	-2	4	49211
11838	-2	4	49215
11839	-4	6	49221
11840	-2	4	49225
11841	-2	4	49229
11842	-2	4	49233
11843	-2	4	49237
11844	-2	4	49241
11845	-4	6	49247
11846	-2	4	49251
11847	-2	4	49255
11848	-2	4	49259
11849	-2	4	49263
11850	-2	4	49267
11851	-2	4	49271
11852	-2	4	49275
11853	-2	4	49279
11854	-2	4	49283
11855	-2	4	49287
11856	-2	4	49291
11857	-2	4	49295
11858	-4	6	49301
11859	-2	4	49305
11860	-2	4	49309
11861	-2	4	49313
11862	-2	4	49317
11863	-2	4	49321
11864	-2	4	49325
11865	-2	4	49329
11866	-2	4	49333
11867	-2	4	49337
11868	-2	4	49341
11869	-2	4	49345
11870	-2	4	49349
11871	-2	4	49353
11872	-2	4	49357
11873	-2	4	49361
11874	-2	4	49365
11875	-2	4	49369
11876	-4	6	49375
11877	-2	4	49379
11878	-2	4	49383
11879	-2	4	49387
11880	-2	4	49391
11881	-2	4	49395
11882	-4	6	49401
11883	-2	4	49405
11884	-2	4	49409
11885	-2	4	49413
11886	-2	4	49417
11887	-2	4	49421
11888	-2	4	49425
11889	-2	4	49429
11890	-2	4	49433
11891	-2	4	49437
11892	-2	4	49441
11893	-2	4	49445
11894	-2	4	49449
11895	-2	4	49453
11896	-2	4	49457
11897	-2	4	49461
11898	-2	4	49465
11899	-4	6	49471
11900	-2	4	49475
11901	-2	4	49479
11902	-2	4	49483
11903	-2	4	49487
11904	-2	4	49491
11905	-2	4	49495
11906	-2	4	49499
11907	-2	4	49503
11908	-2	4	49507
11909	-2	4	49511
11910	-2	4	49515
11911	-2	4	49519
11912	-4	6	49525
11913	-2	4	49529
11914	-2	4	49533
11915	-2	4	49537
11916	-2	4	49541
11917	-2	4	49545
11918	-2	4	49549
11919	-2	4	49553
11920	-2	4	49557
11921	-2	4	49561
11922	-2	4	49565
11923	-2	4	49569
11924	-2	4	49573
11925	-2	4	49577
11926	-2	4	49581
11927	-2	4	49585
11928	-2	4	49589
11929	-2	4	49593
11930	-2	4	49597
11931	-2	4	49601
11932	-2	4	49605
11933	-2	4	49609
11934	-2	4	49613
11935	-2	4	49617
11936	-4	6	49623
11937	-2	4	49627
11938	-2	4	49631
11939	-4	6	49637
11940	-2	4	49641
11941	-2	4	49645
11942	-2	4	49649
11943	-2	4	49653
11944	-2	4	49657
11945	-2	4	49661
11946	-2	4	49665
11947	-4	6	49671
11948	-2	4	49675
11949	-2	4	49679
11950	-2	4	49683
11951	-2	4	49687
11952	-2	4	49691
11953	-2	4	49695
11954	-2	4	49699
11955	-2	4	49703
11956	-2	4	49707
11957	-2	4	49711
11958	-2	4	49715
11959	-2	4	49719
11960	-2	4	49723
11961	-2	4	49727
11962	-2	4	49731
11963	-2	4	49735
11964	-2	4	49739
11965	-2	4	49743
11966	-2	4	49747
11967	-2	4	49751
11968	-2	4	49755
11969	-2	4	49759
11970	-2	4	49763
11971	-2	4	49767
11972	-2	4	49771
11973	-2	4	49775
11974	-2	4	49779
11975	-2	4	49783
11976	-2	4	49787
11977	-4	6	49793
11978	-2	4	49797
11979	-2	4	49801
11980	-3	5	49806
11981	-2	4	49810
11982	-2	4	49814
11983	-2	4	49818
11984	-6	8	49826
11985	-2	4	49830
11986	-2	4	49834
11987	-2	4	49838
11988	-2	4	49842
11989	-2	4	49846
11990	-2	4	49850
11991	-2	4	49854
11992	-2	4	49858
11993	-2	4	49862
11994	-2	4	49866
11995	-4	6	49872
11996	-2	4	49876
11997	-2	4	49880
11998	-2	4	49884
11999	-2	4	49888
12000	-2	4	49892
12001	-2	4	49896
12002	-2	4	49900
12003	-2	4	49904
12004	-2	4	49908
12005	-2	4	49912
12006	-2	4	49916
12007	-2	4	49920
12008	-2	4	49924
12009	-2	4	49928
12010	-2	4	49932
12011	-2	4	49936
12012	-2	4	49940
12013	-2	4	49944
12014	-2	4	49948
12015	-2	4	49952
12016	-2	4	49956
12017	-2	4	49960
12018	-2	4	49964
12019	-2	4	49968
12020	-2	4	49972
12021	-2	4	49976
12022	-2	4	49980
12023	-2	4	49984
12024	-2	4	49988
12025	-2	4	49992
12026	-2	4	49996
12027	-2	4	50000
12028	-2	4	50004
12029	-2	4	50008
12030	-2	4	50012
12031	-2	4	50016
12032	-2	4	50020
12033	-2	4	50024
12034	-2	4	50028
12035	-2	4	50032
12036	-2	4	50036
12037	-2	4	50040
12038	-2	4	50044
12039	-2	4	50048
12040	-2	4	50052
12041	-2	4	50056
12042	-2	4	50060
12043	-2	4	50064
12044	-2	4	50068
12045	-2	4	50072
12046	-2	4	50076
12047	-2	4	50080
12048	-2	4	50084
12049	-2	4	50088
12050	-2	4	50092
12051	-2	4	50096
12052	-2	4	50100
12053	-2	4	50104
12054	-2	4	50108
12055	-2	4	50112
12056	-2	4	50116
12057	-2	4	50120
12058	-2	4	50124
12059	-2	4	50128
12060	-2	4	50132
12061	-2	4	50136
12062	-2	4	50140
12063	-2	4	50144
12064	-2	4	50148
12065	-2	4	50152
12066	-2	4	50156
12067	-4	6	50162
12068	-2	4	50166
12069	-2	4	50170
12070	-2	4	50174
12071	-2	4	50178
12072	-2	4	50182
12073	-2	4	50186
12074	-2	4	50190
12075	-2	4	50194
12076	-2	4	50198
12077	-2	4	50202
12078	-2	4	50206
12079	-2	4	50210
12080	-2	4	50214
12081	-2	4	50218
12082	-2	4	50222
12083	-2	4	50226
12084	-2	4	50230
12085	-2	4	50234
12086	-4	6	50240
12087	-2	4	50244
12088	-2	4	50248
12089	-2	4	50252
12090	-2	4	50256
12091	-4	6	50262
12092	-2	4	50266
12093	-2	4	50270
12094	-2	4	50274
12095	-2	4	50278
12096	-2	4	50282
12097	-2	4	50286
12098	-2	4	50290
12099	-2	4	50294
12100	-2	4	50298
12101	-2	4	50302
12102	-2	4	50306
12103	-2	4	50310
12104	-2	4	50314
12105	-2	4	50318
12106	-2	4	50322
12107	-3	5	50327
12108	-2	4	50331
12109	-2	4	50335
12110	-2	4	50339
12111	-2	4	50343
12112	-2	4	50347
12113	-2	4	50351
12114	-2	4	50355
12115	-2	4	50359
12116	-2	4	50363
12117	-2	4	50367
12118	-2	4	50371
12119	-2	4	50375
12120	-2	4	50379
12121	-4	6	50385
12122	-2	4	50389
12123	-2	4	50393
12124	-2	4	50397
12125	-2	4	50401
12126	-2	4	50405
12127	-2	4	50409
12128	-2	4	50413
12129	-2	4	50417
12130	-2	4	50421
12131	-3	5	50426
12132	-4	6	50432
12133	-2	4	50436
12134	-2	4	50440
12135	-2	4	50444
12136	-4	6	50450
12137	-2	4	50454
12138	-2	4	50458
12139	-2	4	50462
12140	-2	4	50466
12141	-2	4	50470
12142	-2	4	50474
12143	-2	4	50478
12144	-2	4	50482
12145	-2	4	50486
12146	-2	4	50490
12147	-2	4	50494
12148	-2	4	50498
12149	-4	6	50504
12150	-2	4	50508
12151	-2	4	50512
12152	-2	4	50516
12153	-2	4	50520
12154	-2	4	50524
12155	-2	4	50528
12156	-2	4	50532
12157	-4	6	50538
12158	-2	4	50542
12159	-2	4	50546
12160	-2	4	50550
12161	-2	4	50554
12162	-2	4	50558
12163	-2	4	50562
12164	-2	4	50566
12165	-2	4	50570
12166	-2	4	50574
12167	-2	4	50578
12168	-2	4	50582
12169	-2	4	50586
12170	-2	4	50590
12171	-2	4	50594
12172	-2	4	50598
12173	-3	5	50603
12174	-2	4	50607
12175	-2	4	50611
12176	-2	4	50615
12177	-2	4	50619
12178	-2	4	50623
12179	-2	4	50627
12180	-2	4	50631
12181	-2	4	50635
12182	-2	4	50639
12183	-4	6	50645
12184	-2	4	50649
12185	-2	4	50653
12186	-2	4	50657
12187	-2	4	50661
12188	-2	4	50665
12189	-2	4	50669
12190	-2	4	50673
12191	-2	4	50677
12192	-2	4	50681
12193	-2	4	50685
12194	-2	4	50689
12195	-2	4	50693
12196	-2	4	50697
12197	-4	6	50703
12198	-2	4	50707
12199	-2	4	50711
12200	-2	4	50715
12201	-2	4	50719
12202	-2	4	50723
12203	-2	4	50727
12204	-2	4	50731
12205	-2	4	50735
12206	-2	4	50739
12207	-2	4	50743
12208	-3	5	50748
12209	-2	4	50752
12210	-4	6	50758
12211	-2	4	50762
12212	-2	4	50766
12213	-2	4	50770
12214	-2	4	50774
12215	-2	4	50778
12216	-2	4	50782
12217	-4	6	50788
12218	-2	4	50792
12219	-2	4	50796
12220	-2	4	50800
12221	-2	4	50804
12222	-2	4	50808
12223	-2	4	50812
12224	-2	4	50816
12225	-2	4	50820
12226	-2	4	50824
12227	-2	4	50828
12228	-2	4	50832
12229	-2	4	50836
12230	-2	4	50840
12231	-2	4	50844
12232	-2	4	50848
12233	-2	4	50852
12234	-2	4	50856
12235	-2	4	50860
12236	-4	6	50866
12237	-2	4	50870
12238	-2	4	50874
12239	-2	4	50878
12240	-2	4	50882
12241	-2	4	50886
12242	-2	4	50890
12243	-2	4	50894
12244	-2	4	50898
12245	-2	4	50902
12246	-2	4	50906
12247	-2	4	50910
12248	-2	4	50914
12249	-2	4	50918
12250	-2	4	50922
12251	-4	6	50928
12252	-2	4	50932
12253	-2	4	50936
12254	-2	4	50940
12255	-2	4	50944
12256	-2	4	50948
12257	-2	4	50952
12258	-2	4	50956
12259	-3	5	50961
12260	-2	4	50965
12261	-2	4	50969
12262	-2	4	50973
12263	-2	4	50977
12264	-2	4	50981
12265	-2	4	50985
12266	-2	4	50989
12267	-2	4	50993
12268	-4	6	50999
12269	-2	4	51003
12270	-2	4	51007
12271	-2	4	51011
12272	-2	4	51015
12273	-2	4	51019
12274	-2	4	51023
12275	-2	4	51027
12276	-2	4	51031
12277	-2	4	51035
12278	-2	4	51039
12279	-2	4	51043
12280	-2	4	51047
12281	-2	4	51051
12282	-2	4	51055
12283	-2	4	51059
12284	-2	4	51063
12285	-2	4	51067
12286	-2	4	51071
12287	-2	4	51075
12288	-2	4	51079
12289	-2	4	51083
12290	-2	4	51087
12291	-4	6	51093
12292	-2	4	51097
12293	-2	4	51101
12294	-4	6	51107
12295	-2	4	51111
12296	-2	4	51115
12297	-2	4	51119
12298	-2	4	51123
12299	-2	4	51127
12300	-2	4	51131
12301	-2	4	51135
12302	-2	4	51139
12303	-4	6	51145
12304	-2	4	51149
12305	-2	4	51153
12306	-2	4	51157
12307	-2	4	51161
12308	-2	4	51165
12309	-2	4	51169
12310	-2	4	51173
12311	-2	4	51177
12312	-2	4	51181
12313	-2	4	51185
12314	-4	6	51191
12315	-2	4	51195
12316	-2	4	51199
12317	-2	4	51203
12318	-2	4	51207
12319	-2	4	51211
12320	-2	4	51215
12321	-2	4	51219
12322	-2	4	51223
12323	-2	4	51227
12324	-2	4	51231
12325	-2	4	51235
12326	-2	4	51239
12327	-2	4	51243
12328	-2	4	51247
12329	-2	4	51251
12330	-2	4	51255
12331	-2	4	51259
12332	-2	4	51263
12333	-2	4	51267
12334	-2	4	51271
12335	-2	4	51275
12336	-2	4	51279
12337	-2	4	51283
12338	-2	4	51287
12339	-2	4	51291
12340	-2	4	51295
12341	-2	4	51299
12342	-2	4	51303
12343	-2	4	51307
12344	-2	4	51311
12345	-2	4	51315
12346	-2	4	51319
12347	-2	4	51323
12348	-2	4	51327
12349	-2	4	51331
12350	-2	4	51335
12351	-2	4	51339
12352	-2	4	51343
12353	-2	4	51347
12354	-2	4	51351
12355	-2	4	51355
12356	-2	4	51359
12357	-2	4	51363
12358	-2	4	51367
12359	-2	4	51371
12360	-2	4	51375
12361	-2	4	51379
12362	-2	4	51383
12363	-2	4	51387
12364	-2	4	51391
12365	-2	4	51395
12366	-2	4	51399
12367	-2	4	51403
12368	-2	4	51407
12369	-2	4	51411
12370	-2	4	51415
12371	-4	6	51421
12372	-2	4	51425
12373	-2	4	51429
12374	-2	4	51433
12375	-2	4	51437
12376	-2	4	51441
12377	-2	4	51445
12378	-2	4	51449
12379	-2	4	51453
12380	-2	4	51457
12381	-2	4	51461
12382	-2	4	51465
12383	-2	4	51469
12384	-2	4	51473
12385	-2	4	51477
12386	-2	4	51481
12387	-2	4	51485
12388	-2	4	51489
12389	-4	6	51495
12390	-2	4	51499
12391	-2	4	51503
12392	-2	4	51507
12393	-4	6	51513
12394	-2	4	51517
12395	-2	4	51521
12396	-2	4	51525
12397	-2	4	51529
12398	-2	4	51533
12399	-2	4	51537
12400	-2	4	51541
12401	-2	4	51545
12402	-2	4	51549
12403	-2	4	51553
12404	-2	4	51557
12405	-4	6	51563
12406	-2	4	51567
12407	-2	4	51571
12408	-2	4	51575
12409	-2	4	51579
12410	-2	4	51583
12411	-2	4	51587
12412	-2	4	51591
12413	-2	4	51595
12414	-2	4	51599
12415	-2	4	51603
12416	-2	4	51607
12417	-2	4	51611
12418	-2	4	51615
12419	-2	4	51619
12420	-2	4	51623
12421	-3	5	51628
12422	-2	4	51632
12423	-2	4	51636
12424	-2	4	51640
12425	-2	4	51644
12426	-2	4	51648
12427	-2	4	51652
12428	-2	4	51656
12429	-2	4	51660
12430	-2	4	51664
12431	-2	4	51668
12432	-2	4	51672
12433	-2	4	51676
12434	-2	4	51680
12435	-3	5	51685
12436	-2	4	51689
12437	-2	4	51693
12438	-2	4	51697
12439	-2	4	51701
12440	-2	4	51705
12441	-2	4	51709
12442	-2	4	51713
12443	-2	4	51717
12444	-2	4	51721
12445	-2	4	51725
12446	-2	4	51729
12447	-2	4	51733
12448	-2	4	51737
12449	-2	4	51741
12450	-2	4	51745
12451	-2	4	51749
12452	-2	4	51753
12453	-4	6	51759
12454	-2	4	51763
12455	-2	4	51767
12456	-2	4	51771
12457	-4	6	51777
12458	-2	4	51781
12459	-2	4	51785
12460	-2	4	51789
12461	-2	4	51793
12462	-2	4	51797
12463	-2	4	51801
12464	-2	4	51805
12465	-2	4	51809
12466	-2	4	51813
12467	-2	4	51817
12468	-2	4	51821
12469	-2	4	51825
12470	-2	4	51829
12471	-2	4	51833
12472	-2	4	51837
12473	-2	4	51841
12474	-2	4	51845
12475	-2	4	51849
12476	-2	4	51853
12477	-2	4	51857
12478	-2	4	51861
12479	-2	4	51865
12480	-2	4	51869
12481	-2	4	51873
12482	-2	4	51877
12483	-2	4	51881
12484	-2	4	51885
12485	-2	4	51889
12486	-2	4	51893
12487	-2	4	51897
12488	-2	4	51901
12489	-2	4	51905
12490	-2	4	51909
12491	-2	4	51913
12492	-2	4	51917
12493	-2	4	51921
12494	-2	4	51925
12495	-2	4	51929
12496	-2	4	51933
12497	-2	4	51937
12498	-2	4	51941
12499	-2	4	51945
12500	-3	5	51950
12501	-2	4	51954
12502	-2	4	51958
12503	-2	4	51962
12504	-4	6	51968
12505	-2	4	51972
12506	-2	4	51976
12507	-4	6	51982
12508	-2	4	51986
12509	-2	4	51990
12510	-2	4	51994
12511	-2	4	51998
12512	-2	4	52002
12513	-2	4	52006
12514	-2	4	52010
12515	-2	4	52014
12516	-2	4	52018
12517	-4	6	52024
12518	-2	4	52028
12519	-2	4	52032
12520	-2	4	52036
12521	-2	4	52040
12522	-2	4	52044
12523	-2	4	52048
12524	-2	4	52052
12525	-2	4	52056
12526	-2	4	52060
12527	-2	4	52064
12528	-4	6	52070
12529	-2	4	52074
12530	-2	4	52078
12531	-2	4	52082
12532	-6	8	52090
12533	-3	5	52095
12534	-2	4	52099
12535	-2	4	52103
12536	-2	4	52107
12537	-2	4	52111
12538	-2	4	52115
12539	-2	4	52119
12540	-2	4	52123
12541	-2	4	52127
12542	-2	4	52131
12543	-2	4	52135
12544	-2	4	52139
12545	-2	4	52143
12546	-4	6	52149
12547	-2	4	52153
12548	-3	5	52158
12549	-2	4	52162
12550	-4	6	52168
12551	-2	4	52172
12552	-3	5	52177
12553	-2	4	52181
12554	-4	6	52187
12555	-6	8	52195
12556	-2	4	52199
12557	-2	4	52203
12558	-2	4	52207
12559	-2	4	52211
12560	-2	4	52215
12561	-3	5	52220
12562	-2	4	52224
12563	-2	4	52228
12564	-2	4	52232
12565	-2	4	52236
12566	-2	4	52240
12567	-2	4	52244
12568	-2	4	52248
12569	-2	4	52252
12570	-2	4	52256
12571	-2	4	52260
12572	-2	4	52264
12573	-2	4	52268
12574	-2	4	52272
12575	-2	4	52276
12576	-2	4	52280
12577	-2	4	52284
12578	-2	4	52288
12579	-2	4	52292
12580	-2	4	52296
12581	-2	4	52300
12582	-2	4	52304
12583	-2	4	52308
12584	-2	4	52312
12585	-2	4	52316
12586	-2	4	52320
12587	-2	4	52324
12588	-2	4	52328
12589	-2	4	52332
12590	-2	4	52336
12591	-2	4	52340
12592	-2	4	52344
12593	-2	4	52348
12594	-2	4	52352
12595	-2	4	52356
12596	-2	4	52360
12597	-2	4	52364
12598	-2	4	52368
12599	-3	5	52373
12600	-2	4	52377
12601	-2	4	52381
12602	-2	4	52385
12603	-2	4	52389
12604	-2	4	52393
12605	-2	4	52397
12606	-2	4	52401
12607	-4	6	52407
12608	-2	4	52411
12609	-2	4	52415
12610	-2	4	52419
12611	-2	4	52423
12612	-2	4	52427
12613	-2	4	52431
12614	-2	4	52435
12615	-2	4	52439
12616	-2	4	52443
12617	-2	4	52447
12618	-2	4	52451
12619	-2	4	52455
12620	-2	4	52459
12621	-2	4	52463
12622	-2	4	52467
12623	-2	4	52471
12624	-2	4	52475
12625	-2	4	52479
12626	-2	4	52483
12627	-2	4	52487
12628	-2	4	52491
12629	-2	4	52495
12630	-2	4	52499
12631	-2	4	52503
12632	-2	4	52507
12633	-2	4	52511
12634	-2	4	52515
12635	-2	4	52519
12636	-2	4	52523
12637	-2	4	52527
12638	-2	4	52531
12639	-2	4	52535
12640	-2	4	52539
12641	-2	4	52543
12642	-2	4	52547
12643	-3	5	52552
12644	-2	4	52556
12645	-2	4	52560
12646	-2	4	52564
12647	-2	4	52568
12648	-2	4	52572
12649	-2	4	52576
12650	-2	4	52580
12651	-2	4	52584
12652	-2	4	52588
12653	-2	4	52592
12654	-2	4	52596
12655	-2	4	52600
12656	-2	4	52604
12657	-2	4	52608
12658	-2	4	52612
12659	-2	4	52616
12660	-2	4	52620
12661	-2	4	52624
12662	-2	4	52628
12663	-2	4	52632
12664	-2	4	52636
12665	-2	4	52640
12666	-2	4	52644
12667	-2	4	52648
12668	-2	4	52652
12669	-2	4	52656
12670	-2	4	52660
12671	-2	4	52664
12672	-2	4	52668
12673	-2	4	52672
12674	-3	5	52677
12675	-2	4	52681
12676	-2	4	52685
12677	-2	4	52689
12678	-4	6	52695
12679	-2	4	52699
12680	-2	4	52703
12681	-2	4	52707
12682	-2	4	52711
12683	-2	4	52715
12684	-2	4	52719
12685	-2	4	52723
12686	-2	4	52727
12687	-2	4	52731
12688	-2	4	52735
12689	-2	4	52739
12690	-2	4	52743
12691	-2	4	52747
12692	-2	4	52751
12693	-2	4	52755
12694	-2	4	52759
12695	-2	4	52763
12696	-2	4	52767
12697	-2	4	52771
12698	-2	4	52775
12699	-2	4	52779
12700	-2	4	52783
12701	-2	4	52787
12702	-2	4	52791
12703	-2	4	52795
12704	-2	4	52799
12705	-2	4	52803
12706	-4	6	52809
12707	-2	4	52813
12708	-2	4	52817
12709	-4	6	52823
12710	-2	4	52827
12711	-2	4	52831
12712	-2	4	52835
12713	-2	4	52839
12714	-2	4	52843
12715	-2	4	52847
12716	-2	4	52851
12717	-2	4	52855
12718	-2	4	52859
12719	-2	4	52863
12720	-2	4	52867
12721	-2	4	52871
12722	-2	4	52875
12723	-2	4	52879
12724	-2	4	52883
12725	-2	4	52887
12726	-2	4	52891
12727	-2	4	52895
12728	-2	4	52899
12729	-2	4	52903
12730	-4	6	52909
12731	-2	4	52913
12732	-2	4	52917
12733	-2	4	52921
12734	-2	4	52925
12735	-2	4	52929
12736	-5	7	52936
12737	-2	4	52940
12738	-2	4	52944
12739	-2	4	52948
12740	-2	4	52952
12741	-2	4	52956
12742	-2	4	52960
12743	-2	4	52964
12744	-2	4	52968
12745	-2	4	52972
12746	-2	4	52976
12747	-2	4	52980
12748	-2	4	52984
12749	-4	6	52990
12750	-4	6	52996
12751	-2	4	53000
12752	-2	4	53004
12753	-2	4	53008
12754	-2	4	53012
12755	-2	4	53016
12756	-2	4	53020
12757	-2	4	53024
12758	-2	4	53028
12759	-2	4	53032
12760	-2	4	53036
12761	-2	4	53040
12762	-2	4	53044
12763	-2	4	53048
12764	-2	4	53052
12765	-2	4	53056
12766	-2	4	53060
12767	-2	4	53064
12768	-2	4	53068
12769	-2	4	53072
12770	-4	6	53078
12771	-2	4	53082
12772	-2	4	53086
12773	-2	4	53090
12774	-2	4	53094
12775	-2	4	53098
12776	-2	4	53102
12777	-2	4	53106
12778	-2	4	53110
12779	-2	4	53114
12780	-2	4	53118
12781	-2	4	53122
12782	-2	4	53126
12783	-2	4	53130
12784	-2	4	53134
12785	-2	4	53138
12786	-2	4	53142
12787	-4	6	53148
12788	-2	4	53152
12789	-2	4	53156
12790	-2	4	53160
12791	-2	4	53164
12792	-2	4	53168
12793	-2	4	53172
12794	-2	4	53176
12795	-2	4	53180
12796	-2	4	53184
12797	-2	4	53188
12798	-2	4	53192
12799	-2	4	53196
12800	-2	4	53200
12801	-2	4	53204
12802	-2	4	53208
12803	-2	4	53212
12804	-2	4	53216
12805	-2	4	53220
12806	-2	4	53224
12807	-2	4	53228
12808	-2	4	53232
12809	-4	6	53238
12810	-2	4	53242
12811	-2	4	53246
12812	-2	4	53250
12813	-3	5	53255
12814	-2	4	53259
12815	-2	4	53263
12816	-2	4	53267
12817	-2	4	53271
12818	-2	4	53275
12819	-2	4	53279
12820	-2	4	53283
12821	-2	4	53287
12822	-2	4	53291
12823	-2	4	53295
12824	-2	4	53299
12825	-2	4	53303
12826	-2	4	53307
12827	-2	4	53311
12828	-2	4	53315
12829	-2	4	53319
12830	-2	4	53323
12831	-2	4	53327
12832	-2	4	53331
12833	-4	6	53337
12834	-2	4	53341
12835	-2	4	53345
12836	-2	4	53349
12837	-2	4	53353
12838	-2	4	53357
12839	-2	4	53361
12840	-2	4	53365
12841	-2	4	53369
12842	-2	4	53373
12843	-2	4	53377
12844	-2	4	53381
12845	-2	4	53385
12846	-2	4	53389
12847	-2	4	53393
12848	-2	4	53397
12849	-2	4	53401
12850	-2	4	53405
12851	-2	4	53409
12852	-2	4	53413
12853	-2	4	53417
12854	-2	4	53421
12855	-2	4	53425
12856	-2	4	53429
12857	-2	4	53433
12858	-2	4	53437
12859	-2	4	53441
12860	-2	4	53445
12861	-2	4	53449
12862	-2	4	53453
12863	-2	4	53457
12864	-2	4	53461
12865	-2	4	53465
12866	-2	4	53469
12867	-2	4	53473
12868	-2	4	53477
12869	-2	4	53481
12870	-2	4	53485
12871	-2	4	53489
12872	-2	4	53493
12873	-2	4	53497
12874	-4	6	53503
12875	-2	4	53507
12876	-2	4	53511
12877	-2	4	53515
12878	-2	4	53519
12879	-2	4	53523
12880	-2	4	53527
12881	-2	4	53531
12882	-2	4	53535
12883	-2	4	53539
12884	-2	4	53543
12885	-2	4	53547
12886	-2	4	53551
12887	-2	4	53555
12888	-2	4	53559
12889	-2	4	53563
12890	-2	4	53567
12891	-2	4	53571
12892	-2	4	53575
12893	-2	4	53579
12894	-2	4	53583
12895	-2	4	53587
12896	-2	4	53591
12897	-2	4	53595
12898	-2	4	53599
12899	-2	4	53603
12900	-2	4	53607
12901	-2	4	53611
12902	-2	4	53615
12903	-2	4	53619
12904	-2	4	53623
12905	-2	4	53627
12906	-2	4	53631
12907	-2	4	53635
12908	-2	4	53639
12909	-2	4	53643
12910	-2	4	53647
12911	-2	4	53651
12912	-2	4	53655
12913	-2	4	53659
12914	-2	4	53663
12915	-2	4	53667
12916	-2	4	53671
12917	-2	4	53675
12918	-2	4	53679
12919	-2	4	53683
12920	-2	4	53687
12921	-2	4	53691
12922	-2	4	53695
12923	-2	4	53699
12924	-2	4	53703
12925	-2	4	53707
12926	-2	4	53711
12927	-2	4	53715
12928	-2	4	53719
12929	-2	4	53723
12930	-2	4	53727
12931	-2	4	53731
12932	-2	4	53735
12933	-2	4	53739
12934	-2	4	53743
12935	-2	4	53747
12936	-2	4	53751
12937	-2	4	53755
12938	-2	4	53759
12939	-2	4	53763
12940	-2	4	53767
12941	-2	4	53771
12942	-2	4	53775
12943	-2	4	53779
12944	-2	4	53783
12945	-2	4	53787
12946	-2	4	53791
12947	-6	8	53799
12948	-2	4	53803
12949	-2	4	53807
12950	-4	6	53813
12951	-3	5	53818
12952	-2	4	53822
12953	-2	4	53826
12954	-2	4	53830
12955	-2	4	53834
12956	-4	6	53840
12957	-2	4	53844
12958	-2	4	53848
12959	-2	4	53852
12960	-2	4	53856
12961	-2	4	53860
12962	-2	4	53864
12963	-2	4	53868
12964	-2	4	53872
12965	-2	4	53876
12966	-2	4	53880
12967	-2	4	53884
12968	-2	4	53888
12969	-2	4	53892
12970	-4	6	53898
12971	-2	4	53902
12972	-2	4	53906
12973	-2	4	53910
12974	-2	4	53914
12975	-2	4	53918
12976	-2	4	53922
12977	-2	4	53926
12978	-2	4	53930
12979	-2	4	53934
12980	-4	6	53940
12981	-2	4	53944
12982	-2	4	53948
12983	-2	4	53952
12984	-2	4	53956
12985	-2	4	53960
12986	-2	4	53964
12987	-2	4	53968
12988	-2	4	53972
12989	-2	4	53976
12990	-2	4	53980
12991	-2	4	53984
12992	-2	4	53988
12993	-2	4	53992
12994	-2	4	53996
12995	-2	4	54000
12996	-2	4	54004
12997	-2	4	54008
12998	-2	4	54012
12999	-2	4	54016
13000	-2	4	54020
13001	-2	4	54024
13002	-2	4	54028
13003	-2	4	54032
13004	-2	4	54036
13005	-2	4	54040
13006	-2	4	54044
13007	-2	4	54048
13008	-2	4	54052
13009	-2	4	54056
13010	-2	4	54060
13011	-2	4	54064
13012	-2	4	54068
13013	-2	4	54072
13014	-2	4	54076
13015	-2	4	54080
13016	-2	4	54084
13017	-2	4	54088
13018	-2	4	54092
13019	-2	4	54096
13020	-2	4	54100
13021	-2	4	54104
13022	-2	4	54108
13023	-2	4	54112
13024	-2	4	54116
13025	-2	4	54120
13026	-2	4	54124
13027	-2	4	54128
13028	-2	4	54132
13029	-2	4	54136
13030	-2	4	54140
13031	-2	4	54144
13032	-2	4	54148
13033	-2	4	54152
13034	-2	4	54156
13035	-2	4	54160
13036	-2	4	54164
13037	-3	5	54169
13038	-2	4	54173
13039	-2	4	54177
13040	-2	4	54181
13041	-2	4	54185
13042	-2	4	54189
13043	-2	4	54193
13044	-2	4	54197
13045	-2	4	54201
13046	-4	6	54207
13047	-2	4	54211
13048	-2	4	54215
13049	-2	4	54219
13050	-2	4	54223
13051	-4	6	54229
13052	-2	4	54233
13053	-2	4	54237
13054	-2	4	54241
13055	-2	4	54245
13056	-2	4	54249
13057	-2	4	54253
13058	-2	4	54257
13059	-2	4	54261
13060	-4	6	54267
13061	-2	4	54271
13062	-2	4	54275
13063	-2	4	54279
13064	-2	4	54283
13065	-2	4	54287
13066	-4	6	54293
13067	-2	4	54297
13068	-2	4	54301
13069	-2	4	54305
13070	-2	4	54309
13071	-2	4	54313
13072	-2	4	54317
13073	-2	4	54321
13074	-2	4	54325
13075	-2	4	54329
13076	-2	4	54333
13077	-2	4	54337
13078	-2	4	54341
13079	-2	4	54345
13080	-2	4	54349
13081	-2	4	54353
13082	-2	4	54357
13083	-2	4	54361
13084	-2	4	54365
13085	-2	4	54369
13086	-2	4	54373
13087	-2	4	54377
13088	-2	4	54381
13089	-2	4	54385
13090	-4	6	54391
13091	-2	4	54395
13092	-2	4	54399
13093	-2	4	54403
13094	-2	4	54407
13095	-2	4	54411
13096	-2	4	54415
13097	-4	6	54421
13098	-2	4	54425
13099	-4	6	54431
13100	-2	4	54435
13101	-2	4	54439
13102	-2	4	54443
13103	-2	4	54447
13104	-2	4	54451
13105	-2	4	54455
13106	-2	4	54459
13107	-2	4	54463
13108	-2	4	54467
13109	-2	4	54471
13110	-2	4	54475
13111	-2	4	54479
13112	-2	4	54483
13113	-2	4	54487
13114	-2	4	54491
13115	-2	4	54495
13116	-5	7	54502
13117	-2	4	54506
13118	-2	4	54510
13119	-2	4	54514
13120	-2	4	54518
13121	-2	4	54522
13122	-2	4	54526
13123	-2	4	54530
13124	-2	4	54534
13125	-2	4	54538
13126	-2	4	54542
13127	-2	4	54546
13128	-2	4	54550
13129	-2	4	54554
13130	-2	4	54558
13131	-2	4	54562
13132	-2	4	54566
13133	-2	4	54570
13134	-2	4	54574
13135	-2	4	54578
13136	-2	4	54582
13137	-2	4	54586
13138	-2	4	54590
13139	-2	4	54594
13140	-2	4	54598
13141	-2	4	54602
13142	-2	4	54606
13143	-2	4	54610
13144	-2	4	54614
13145	-2	4	54618
13146	-2	4	54622
13147	-2	4	54626
13148	-2	4	54630
13149	-3	5	54635
13150	-2	4	54639
13151	-2	4	54643
13152	-2	4	54647
13153	-2	4	54651
13154	-2	4	54655
13155	-2	4	54659
13156	-2	4	54663
13157	-4	6	54669
13158	-2	4	54673
13159	-2	4	54677
13160	-2	4	54681
13161	-2	4	54685
13162	-2	4	54689
13163	-2	4	54693
13164	-2	4	54697
13165	-2	4	54701
13166	-2	4	54705
13167	-2	4	54709
13168	-2	4	54713
13169	-2	4	54717
13170	-2	4	54721
13171	-2	4	54725
13172	-2	4	54729
13173	-2	4	54733
13174	-5	7	54740
13175	-2	4	54744
13176	-2	4	54748
13177	-2	4	54752
13178	-4	6	54758
13179	-2	4	54762
13180	-2	4	54766
13181	-2	4	54770
13182	-2	4	54774
13183	-2	4	54778
13184	-2	4	54782
13185	-4	6	54788
13186	-2	4	54792
13187	-2	4	54796
13188	-2	4	54800
13189	-2	4	54804
13190	-2	4	54808
13191	-2	4	54812
13192	-4	6	54818
13193	-2	4	54822
13194	-2	4	54826
13195	-2	4	54830
13196	-2	4	54834
13197	-2	4	54838
13198	-2	4	54842
13199	-2	4	54846
13200	-2	4	54850
13201	-4	6	54856
13202	-2	4	54860
13203	-2	4	54864
13204	-2	4	54868
13205	-2	4	54872
13206	-2	4	54876
13207	-2	4	54880
13208	-2	4	54884
13209	-2	4	54888
13210	-2	4	54892
13211	-2	4	54896
13212	-2	4	54900
13213	-2	4	54904
13214	-4	6	54910
13215	-2	4	54914
13216	-2	4	54918
13217	-4	6	54924
13218	-2	4	54928
13219	-2	4	54932
13220	-2	4	54936
13221	-2	4	54940
13222	-4	6	54946
13223	-2	4	54950
13224	-2	4	54954
13225	-2	4	54958
13226	-2	4	54962
13227	-2	4	54966
13228	-2	4	54970
13229	-4	6	54976
13230	-2	4	54980
13231	-2	4	54984
13232	-3	5	54989
13233	-2	4	54993
13234	-2	4	54997
13235	-2	4	55001
13236	-2	4	55005
13237	-2	4	55009
13238	-2	4	55013
13239	-2	4	55017
13240	-2	4	55021
13241	-4	6	55027
13242	-2	4	55031
13243	-2	4	55035
13244	-2	4	55039
13245	-2	4	55043
13246	-2	4	55047
13247	-2	4	55051
13248	-2	4	55055
13249	-2	4	55059
13250	-2	4	55063
13251	-2	4	55067
13252	-2	4	55071
13253	-2	4	55075
13254	-2	4	55079
13255	-2	4	55083
13256	-2	4	55087
13257	-4	6	55093
13258	-2	4	55097
13259	-2	4	55101
13260	-2	4	55105
13261	-2	4	55109
13262	-4	6	55115
13263	-2	4	55119
13264	-4	6	55125
13265	-2	4	55129
13266	-2	4	55133
13267	-2	4	55137
13268	-2	4	55141
13269	-2	4	55145
13270	-2	4	55149
13271	-4	6	55155
13272	-2	4	55159
13273	-2	4	55163
13274	-4	6	55169
13275	-2	4	55173
13276	-2	4	55177
13277	-2	4	55181
13278	-3	5	55186
13279	-2	4	55190
13280	-2	4	55194
13281	-2	4	55198
13282	-2	4	55202
13283	-2	4	55206
13284	-2	4	55210
13285	-2	4	55214
13286	-2	4	55218
13287	-2	4	55222
13288	-2	4	55226
13289	-2	4	55230
13290	-2	4	55234
13291	-2	4	55238
13292	-2	4	55242
13293	-2	4	55246
13294	-2	4	55250
13295	-2	4	55254
13296	-2	4	55258
13297	-2	4	55262
13298	-2	4	55266
13299	-2	4	55270
13300	-2	4	55274
13301	-2	4	55278
13302	-4	6	55284
13303	-2	4	55288
13304	-2	4	55292
13305	-2	4	55296
13306	-2	4	55300
13307	-2	4	55304
13308	-2	4	55308
13309	-2	4	55312
13310	-2	4	55316
13311	-2	4	55320
13312	-2	4	55324
13313	-2	4	55328
13314	-2	4	55332
13315	-2	4	55336
13316	-2	4	55340
13317	-2	4	55344
13318	-2	4	55348
13319	-2	4	55352
13320	-2	4	55356
13321	-2	4	55360
13322	-2	4	55364
13323	-2	4	55368
13324	-2	4	55372
13325	-2	4	55376
13326	-2	4	55380
13327	-2	4	55384
13328	-2	4	55388
13329	-2	4	55392
13330	-2	4	55396
13331	-2	4	55400
13332	-2	4	55404
13333	-2	4	55408
13334	-2	4	55412
13335	-2	4	55416
13336	-2	4	55420
13337	-2	4	55424
13338	-2	4	55428
13339	-2	4	55432
13340	-2	4	55436
13341	-2	4	55440
13342	-2	4	55444
13343	-2	4	55448
13344	-2	4	55452
13345	-2	4	55456
13346	-2	4	55460
13347	-2	4	55464
13348	-2	4	55468
13349	-2	4	55472
13350	-2	4	55476
13351	-2	4	55480
13352	-2	4	55484
13353	-2	4	55488
13354	-2	4	55492
13355	-2	4	55496
13356	-2	4	55500
13357	-2	4	55504
13358	-2	4	55508
13359	-2	4	55512
13360	-2	4	55516
13361	-2	4	55520
13362	-2	4	55524
13363	-2	4	55528
13364	-4	6	55534
13365	-2	4	55538
13366	-2	4	55542
13367	-2	4	55546
13368	-2	4	55550
13369	-2	4	55554
13370	-2	4	55558
13371	-4	6	55564
13372	-2	4	55568
13373	-2	4	55572
13374	-2	4	55576
13375	-2	4	55580
13376	-2	4	55584
13377	-2	4	55588
13378	-2	4	55592
13379	-2	4	55596
13380	-2	4	55600
13381	-2	4	55604
13382	-3	5	55609
13383	-2	4	55613
13384	-2	4	55617
13385	-2	4	55621
13386	-4	6	55627
13387	-2	4	55631
13388	-3	5	55636
13389	-2	4	55640
13390	-2	4	55644
13391	-2	4	55648
13392	-2	4	55652
13393	-2	4	55656
13394	-4	6	55662
13395	-2	4	55666
13396	-2	4	55670
13397	-2	4	55674
13398	-2	4	55678
13399	-2	4	55682
13400	-2	4	55686
13401	-2	4	55690
13402	-2	4	55694
13403	-4	6	55700
13404	-2	4	55704
13405	-2	4	55708
13406	-2	4	55712
13407	-2	4	55716
13408	-2	4	55720
13409	-2	4	55724
13410	-2	4	55728
13411	-2	4	55732
13412	-2	4	55736
13413	-3	5	55741
13414	-2	4	55745
13415	-2	4	55749
13416	-2	4	55753
13417	-2	4	55757
13418	-4	6	55763
13419	-2	4	55767
13420	-2	4	55771
13421	-2	4	55775
13422	-2	4	55779
13423	-2	4	55783
13424	-2	4	55787
13425	-3	5	55792
13426	-2	4	55796
13427	-2	4	55800
13428	-2	4	55804
13429	-2	4	55808
13430	-2	4	55812
13431	-2	4	55816
13432	-2	4	55820
13433	-2	4	55824
13434	-2	4	55828
13435	-2	4	55832
13436	-2	4	55836
13437	-2	4	55840
13438	-2	4	55844
13439	-2	4	55848
13440	-2	4	55852
13441	-2	4	55856
13442	-2	4	55860
13443	-2	4	55864
13444	-2	4	55868
13445	-2	4	55872
13446	-2	4	55876
13447	-2	4	55880
13448	-2	4	55884
13449	-2	4	55888
13450	-2	4	55892
13451	-2	4	55896
13452	-2	4	55900
13453	-4	6	55906
13454	-2	4	55910
13455	-2	4	55914
13456	-2	4	55918
13457	-2	4	55922
13458	-2	4	55926
13459	-2	4	55930
13460	-2	4	55934
13461	-2	4	55938
13462	-2	4	55942
13463	-2	4	55946
13464	-2	4	55950
13465	-2	4	55954
13466	-2	4	55958
13467	-2	4	55962
13468	-2	4	55966
13469	-2	4	55970
13470	-2	4	55974
13471	-3	5	55979
13472	-2	4	55983
13473	-2	4	55987
13474	-2	4	55991
13475	-2	4	55995
13476	-2	4	55999
13477	-2	4	56003
13478	-2	4	56007
13479	-2	4	56011
13480	-2	4	56015
13481	-2	4	56019
13482	-2	4	56023
13483	-2	4	56027
13484	-2	4	56031
13485	-2	4	56035
13486	-2	4	56039
13487	-2	4	56043
13488	-2	4	56047
13489	-2	4	56051
13490	-2	4	56055
13491	-2	4	56059
13492	-2	4	56063
13493	-2	4	56067
13494	-2	4	56071
13495	-2	4	56075
13496	-2	4	56079
13497	-2	4	56083
13498	-2	4	56087
13499	-2	4	56091
13500	-2	4	56095
13501	-2	4	56099
13502	-2	4	56103
13503	-2	4	56107
13504	-2	4	56111
13505	-2	4	56115
13506	-2	4	56119
13507	-2	4	56123
13508	-2	4	56127
13509	-2	4	56131
13510	-4	6	56137
13511	-2	4	56141
13512	-2	4	56145
13513	-2	4	56149
13514	-2	4	56153
13515	-2	4	56157
13516	-2	4	56161
13517	-2	4	56165
13518	-2	4	56169
13519	-2	4	56173
13520	-2	4	56177
13521	-2	4	56181
13522	-2	4	56185
13523	-2	4	56189
13524	-2	4	56193
13525	-2	4	56197
13526	-2	4	56201
13527	-2	4	56205
13528	-2	4	56209
13529	-2	4	56213
13530	-2	4	56217
13531	-2	4	56221
13532	-2	4	56225
13533	-2	4	56229
13534	-2	4	56233
13535	-2	4	56237
13536	-2	4	56241
13537	-2	4	56245
13538	-2	4	56249
13539	-2	4	56253
13540	-2	4	56257
13541	-2	4	56261
13542	-2	4	56265
13543	-2	4	56269
13544	-4	6	56275
13545	-2	4	56279
13546	-2	4	56283
13547	-2	4	56287
13548	-2	4	56291
13549	-3	5	56296
13550	-2	4	56300
13551	-2	4	56304
13552	-4	6	56310
13553	-2	4	56314
13554	-2	4	56318
13555	-2	4	56322
13556	-2	4	56326
13557	-2	4	56330
13558	-2	4	56334
13559	-2	4	56338
13560	-2	4	56342
13561	-2	4	56346
13562	-2	4	56350
13563	-2	4	56354
13564	-2	4	56358
13565	-2	4	56362
13566	-2	4	56366
13567	-2	4	56370
13568	-2	4	56374
13569	-2	4	56378
13570	-2	4	56382
13571	-4	6	56388
13572	-2	4	56392
13573	-2	4	56396
13574	-2	4	56400
13575	-2	4	56404
13576	-2	4	56408
13577	-2	4	56412
13578	-2	4	56416
13579	-2	4	56420
13580	-4	6	56426
13581	-2	4	56430
13582	-4	6	56436
13583	-2	4	56440
13584	-2	4	56444
13585	-2	4	56448
13586	-2	4	56452
13587	-4	6	56458
13588	-2	4	56462
13589	-4	6	56468
13590	-2	4	56472
13591	-2	4	56476
13592	-2	4	56480
13593	-2	4	56484
13594	-2	4	56488
13595	-2	4	56492
13596	-2	4	56496
13597	-2	4	56500
13598	-2	4	56504
13599	-2	4	56508
13600	-2	4	56512
13601	-2	4	56516
13602	-2	4	56520
13603	-2	4	56524
13604	-2	4	56528
13605	-2	4	56532
13606	-2	4	56536
13607	-2	4	56540
13608	-2	4	56544
13609	-2	4	56548
13610	-2	4	56552
13611	-2	4	56556
13612	-2	4	56560
13613	-2	4	56564
13614	-2	4	56568
13615	-2	4	56572
13616	-2	4	56576
13617	-2	4	56580
13618	-2	4	56584
13619	-2	4	56588
13620	-2	4	56592
13621	-4	6	56598
13622	-2	4	56602
13623	-2	4	56606
13624	-2	4	56610
13625	-2	4	56614
13626	-2	4	56618
13627	-2	4	56622
13628	-2	4	56626
13629	-2	4	56630
13630	-2	4	56634
13631	-2	4	56638
13632	-2	4	56642
13633	-2	4	56646
13634	-2	4	56650
13635	-2	4	56654
13636	-2	4	56658
13637	-2	4	56662
13638	-2	4	56666
13639	-2	4	56670
13640	-4	6	56676
13641	-2	4	56680
13642	-2	4	56684
13643	-2	4	56688
13644	-2	4	56692
13645	-2	4	56696
13646	-2	4	56700
13647	-2	4	56704
13648	-2	4	56708
13649	-2	4	56712
13650	-2	4	56716
13651	-2	4	56720
13652	-2	4	56724
13653	-2	4	56728
13654	-2	4	56732
13655	-2	4	56736
13656	-2	4	56740
13657	-2	4	56744
13658	-2	4	56748
13659	-2	4	56752
13660	-2	4	56756
13661	-2	4	56760
13662	-2	4	56764
13663	-2	4	56768
13664	-2	4	56772
13665	-2	4	56776
13666	-2	4	56780
13667	-2	4	56784
13668	-2	4	56788
13669	-2	4	56792
13670	-2	4	56796
13671	-2	4	56800
13672	-2	4	56804
13673	-2	4	56808
13674	-2	4	56812
13675	-2	4	56816
13676	-2	4	56820
13677	-2	4	56824
13678	-4	6	56830
13679	-2	4	56834
13680	-2	4	56838
13681	-2	4	56842
13682	-2	4	56846
13683	-2	4	56850
13684	-2	4	56854
13685	-2	4	56858
13686	-2	4	56862
13687	-2	4	56866
13688	-2	4	56870
13689	-2	4	56874
13690	-2	4	56878
13691	-2	4	56882
13692	-2	4	56886
13693	-2	4	56890
13694	-2	4	56894
13695	-2	4	56898
13696	-2	4	56902
13697	-2	4	56906
13698	-2	4	56910
13699	-2	4	56914
13700	-4	6	56920
13701	-2	4	56924
13702	-2	4	56928
13703	-2	4	56932
13704	-2	4	56936
13705	-2	4	56940
13706	-2	4	56944
13707	-2	4	56948
13708	-2	4	56952
13709	-2	4	56956
13710	-2	4	56960
13711	-2	4	56964
13712	-3	5	56969
13713	-2	4	56973
13714	-2	4	56977
13715	-2	4	56981
13716	-2	4	56985
13717	-2	4	56989
13718	-2	4	56993
13719	-2	4	56997
13720	-2	4	57001
13721	-2	4	57005
13722	-2	4	57009
13723	-2	4	57013
13724	-2	4	57017
13725	-2	4	57021
13726	-2	4	57025
13727	-2	4	57029
13728	-2	4	57033
13729	-2	4	57037
13730	-2	4	57041
13731	-2	4	57045
13732	-2	4	57049
13733	-2	4	57053
13734	-2	4	57057
13735	-2	4	57061
13736	-2	4	57065
13737	-2	4	57069
13738	-2	4	57073
13739	-2	4	57077
13740	-2	4	57081
13741	-2	4	57085
13742	-2	4	57089
13743	-2	4	57093
13744	-2	4	57097
13745	-2	4	57101
13746	-2	4	57105
13747	-2	4	57109
13748	-2	4	57113
13749	-2	4	57117
13750	-2	4	57121
13751	-2	4	57125
13752	-4	6	57131
13753	-2	4	57135
13754	-2	4	57139
13755	-2	4	57143
13756	-2	4	57147
13757	-2	4	57151
13758	-2	4	57155
13759	-2	4	57159
13760	-2	4	57163
13761	-2	4	57167
13762	-6	8	57175
13763	-2	4	57179
13764	-3	5	57184
13765	-2	4	57188
13766	-2	4	57192
13767	-2	4	57196
13768	-2	4	57200
13769	-2	4	57204
13770	-2	4	57208
13771	-2	4	57212
13772	-2	4	57216
13773	-2	4	57220
13774	-2	4	57224
13775	-2	4	57228
13776	-2	4	57232
13777	-2	4	57236
13778	-2	4	57240
13779	-2	4	57244
13780	-2	4	57248
13781	-2	4	57252
13782	-2	4	57256
13783	-2	4	57260
13784	-2	4	57264
13785	-2	4	57268
13786	-3	5	57273
13787	-2	4	57277
13788	-2	4	57281
13789	-2	4	57285
13790	-2	4	57289
13791	-4	6	57295
13792	-2	4	57299
13793	-2	4	57303
13794	-2	4	57307
13795	-3	5	57312
13796	-4	6	57318
13797	-2	4	57322
13798	-2	4	57326
13799	-2	4	57330
13800	-2	4	57334
13801	-2	4	57338
13802	-2	4	57342
13803	-2	4	57346
13804	-2	4	57350
13805	-2	4	57354
13806	-2	4	57358
13807	-2	4	57362
13808	-2	4	57366
13809	-2	4	57370
13810	-2	4	57374
13811	-2	4	57378
13812	-2	4	57382
13813	-2	4	57386
13814	-4	6	57392
13815	-2	4	57396
13816	-2	4	57400
13817	-2	4	57404
13818	-2	4	57408
13819	-2	4	57412
13820	-2	4	57416
13821	-2	4	57420
13822	-2	4	57424
13823	-2	4	57428
13824	-2	4	57432
13825	-2	4	57436
13826	-2	4	57440
13827	-2	4	57444
13828	-2	4	57448
13829	-2	4	57452
13830	-2	4	57456
13831	-2	4	57460
13832	-2	4	57464
13833	-2	4	57468
13834	-2	4	57472
13835	-2	4	57476
13836	-2	4	57480
13837	-2	4	57484
13838	-2	4	57488
13839	-2	4	57492
13840	-2	4	57496
13841	-2	4	57500
13842	-2	4	57504
13843	-2	4	57508
13844	-4	6	57514
13845	-2	4	57518
13846	-2	4	57522
13847	-2	4	57526
13848	-2	4	57530
13849	-2	4	57534
13850	-2	4	57538
13851	-2	4	57542
13852	-2	4	57546
13853	-2	4	57550
13854	-2	4	57554
13855	-2	4	57558
13856	-2	4	57562
13857	-2	4	57566
13858	-2	4	57570
13859	-2	4	57574
13860	-2	4	57578
13861	-2	4	57582
13862	-2	4	57586
13863	-2	4	57590
13864	-2	4	57594
13865	-2	4	57598
13866	-2	4	57602
13867	-2	4	57606
13868	-2	4	57610
13869	-2	4	57614
13870	-2	4	57618
13871	-2	4	57622
13872	-2	4	57626
13873	-2	4	57630
13874	-2	4	57634
13875	-2	4	57638
13876	-2	4	57642
13877	-2	4	57646
13878	-2	4	57650
13879	-2	4	57654
13880	-2	4	57658
13881	-2	4	57662
13882	-2	4	57666
13883	-2	4	57670
13884	-3	5	57675
13885	-2	4	57679
13886	-2	4	57683
13887	-2	4	57687
13888	-2	4	57691
13889	-3	5	57696
13890	-2	4	57700
13891	-2	4	57704
13892	-2	4	57708
13893	-2	4	57712
13894	-2	4	57716
13895	-2	4	57720
13896	-2	4	57724
13897	-2	4	57728
13898	-2	4	57732
13899	-2	4	57736
13900	-2	4	57740
13901	-2	4	57744
13902	-2	4	57748
13903	-2	4	57752
13904	-2	4	57756
13905	-2	4	57760
13906	-2	4	57764
13907	-2	4	57768
13908	-2	4	57772
13909	-3	5	57777
13910	-2	4	57781
13911	-2	4	57785
13912	-2	4	57789
13913	-2	4	57793
13914	-2	4	57797
13915	-2	4	57801
13916	-6	8	57809
13917	-2	4	57813
13918	-2	4	57817
13919	-2	4	57821
13920	-2	4	57825
13921	-2	4	57829
13922	-2	4	57833
13923	-3	5	57838
13924	-2	4	57842
13925	-2	4	57846
13926	-3	5	57851
13927	-2	4	57855
13928	-2	4	57859
13929	-2	4	57863
13930	-2	4	57867
13931	-2	4	57871
13932	-2	4	57875
13933	-2	4	57879
13934	-2	4	57883
13935	-2	4	57887
13936	-2	4	57891
13937	-2	4	57895
13938	-2	4	57899
13939	-2	4	57903
13940	-2	4	57907
13941	-2	4	57911
13942	-2	4	57915
13943	-2	4	57919
13944	-2	4	57923
13945	-2	4	57927
13946	-2	4	57931
13947	-2	4	57935
13948	-2	4	57939
13949	-2	4	57943
13950	-2	4	57947
13951	-2	4	57951
13952	-2	4	57955
13953	-2	4	57959
13954	-2	4	57963
13955	-2	4	57967
13956	-2	4	57971
13957	-2	4	57975
13958	-2	4	57979
13959	-2	4	57983
13960	-2	4	57987
13961	-3	5	57992
13962	-2	4	57996
13963	-2	4	58000
13964	-2	4	58004
13965	-2	4	58008
13966	-2	4	58012
13967	-2	4	58016
13968	-2	4	58020
13969	-3	5	58025
13970	-2	4	58029
13971	-2	4	58033
13972	-2	4	58037
13973	-2	4	58041
13974	-2	4	58045
13975	-2	4	58049
13976	-2	4	58053
13977	-2	4	58057
13978	-2	4	58061
13979	-2	4	58065
13980	-2	4	58069
13981	-2	4	58073
13982	-2	4	58077
13983	-2	4	58081
13984	-2	4	58085
13985	-2	4	58089
13986	-2	4	58093
13987	-2	4	58097
13988	-2	4	58101
13989	-2	4	58105
13990	-2	4	58109
13991	-2	4	58113
13992	-2	4	58117
13993	-2	4	58121
13994	-2	4	58125
13995	-2	4	58129
13996	-2	4	58133
13997	-2	4	58137
13998	-2	4	58141
13999	-2	4	58145
14000	-2	4	58149
14001	-2	4	58153
14002	-2	4	58157
14003	-2	4	58161
14004	-2	4	58165
14005	-2	4	58169
14006	-2	4	58173
14007	-2	4	58177
14008	-2	4	58181
14009	-2	4	58185
14010	-2	4	58189
14011	-2	4	58193
14012	-2	4	58197
14013	-2	4	58201
14014	-2	4	58205
14015	-2	4	58209
14016	-2	4	58213
14017	-2	4	58217
14018	-2	4	58221
14019	-2	4	58225
14020	-2	4	58229
14021	-2	4	58233
14022	-2	4	58237
14023	-2	4	58241
14024	-2	4	58245
14025	-2	4	58249
14026	-2	4	58253
14027	-2	4	58257
14028	-2	4	58261
14029	-2	4	58265
14030	-2	4	58269
14031	-2	4	58273
14032	-2	4	58277
14033	-2	4	58281
14034	-2	4	58285
14035	-2	4	58289
14036	-2	4	58293
14037	-2	4	58297
14038	-2	4	58301
14039	-2	4	58305
14040	-2	4	58309
14041	-2	4	58313
14042	-2	4	58317
14043	-2	4	58321
14044	-2	4	58325
14045	-2	4	58329
14046	-2	4	58333
14047	-2	4	58337
14048	-2	4	58341
14049	-2	4	58345
14050	-2	4	58349
14051	-3	5	58354
14052	-3	5	58359
14053	-2	4	58363
14054	-2	4	58367
14055	-2	4	58371
14056	-2	4	58375
14057	-2	4	58379
14058	-4	6	58385
14059	-2	4	58389
14060	-2	4	58393
14061	-2	4	58397
14062	-2	4	58401
14063	-2	4	58405
14064	-2	4	58409
14065	-2	4	58413
14066	-2	4	58417
14067	-2	4	58421
14068	-2	4	58425
14069	-2	4	58429
14070	-2	4	58433
14071	-2	4	58437
14072	-2	4	58441
14073	-2	4	58445
14074	-2	4	58449
14075	-2	4	58453
14076	-2	4	58457
14077	-2	4	58461
14078	-2	4	58465
14079	-2	4	58469
14080	-2	4	58473
14081	-4	6	58479
14082	-2	4	58483
14083	-2	4	58487
14084	-2	4	58491
14085	-2	4	58495
14086	-2	4	58499
14087	-2	4	58503
14088	-2	4	58507
14089	-2	4	58511
14090	-2	4	58515
14091	-2	4	58519
14092	-2	4	58523
14093	-2	4	58527
14094	-2	4	58531
14095	-2	4	58535
14096	-2	4	58539
14097	-2	4	58543
14098	-2	4	58547
14099	-2	4	58551
14100	-2	4	58555
14101	-2	4	58559
14102	-2	4	58563
14103	-2	4	58567
14104	-2	4	58571
14105	-2	4	58575
14106	-2	4	58579
14107	-3	5	58584
14108	-2	4	58588
14109	-2	4	58592
14110	-2	4	58596
14111	-2	4	58600
14112	-2	4	58604
14113	-2	4	58608
14114	-2	4	58612
14115	-2	4	58616
14116	-2	4	58620
14117	-2	4	58624
14118	-2	4	58628
14119	-2	4	58632
14120	-2	4	58636
14121	-2	4	58640
14122	-2	4	58644
14123	-2	4	58648
14124	-2	4	58652
14125	-2	4	58656
14126	-2	4	58660
14127	-2	4	58664
14128	-2	4	58668
14129	-2	4	58672
14130	-5	7	58679
14131	-2	4	58683
14132	-2	4	58687
14133	-2	4	58691
14134	-2	4	58695
14135	-2	4	58699
14136	-2	4	58703
14137	-2	4	58707
14138	-2	4	58711
14139	-2	4	58715
14140	-2	4	58719
14141	-2	4	58723
14142	-2	4	58727
14143	-2	4	58731
14144	-2	4	58735
14145	-2	4	58739
14146	-4	6	58745
14147	-2	4	58749
14148	-2	4	58753
14149	-2	4	58757
14150	-2	4	58761
14151	-2	4	58765
14152	-2	4	58769
14153	-2	4	58773
14154	-2	4	58777
14155	-2	4	58781
14156	-2	4	58785
14157	-2	4	58789
14158	-2	4	58793
14159	-2	4	58797
14160	-2	4	58801
14161	-2	4	58805
14162	-2	4	58809
14163	-2	4	58813
14164	-2	4	58817
14165	-2	4	58821
14166	-2	4	58825
14167	-2	4	58829
14168	-2	4	58833
14169	-2	4	58837
14170	-2	4	58841
14171	-2	4	58845
14172	-2	4	58849
14173	-2	4	58853
14174	-2	4	58857
14175	-2	4	58861
14176	-2	4	58865
14177	-2	4	58869
14178	-2	4	58873
14179	-4	6	58879
14180	-2	4	58883
14181	-2	4	58887
14182	-2	4	58891
14183	-4	6	58897
14184	-2	4	58901
14185	-2	4	58905
14186	-2	4	58909
14187	-2	4	58913
14188	-2	4	58917
14189	-2	4	58921
14190	-2	4	58925
14191	-2	4	58929
14192	-2	4	58933
14193	-2	4	58937
14194	-2	4	58941
14195	-2	4	58945
14196	-2	4	58949
14197	-2	4	58953
14198	-2	4	58957
14199	-2	4	58961
14200	-2	4	58965
14201	-2	4	58969
14202	-2	4	58973
14203	-2	4	58977
14204	-2	4	58981
14205	-2	4	58985
14206	-2	4	58989
14207	-2	4	58993
14208	-4	6	58999
14209	-2	4	59003
14210	-2	4	59007
14211	-2	4	59011
14212	-2	4	59015
14213	-2	4	59019
14214	-2	4	59023
14215	-4	6	59029
14216	-2	4	59033
14217	-2	4	59037
14218	-2	4	59041
14219	-2	4	59045
14220	-2	4	59049
14221	-2	4	59053
14222	-4	6	59059
14223	-2	4	59063
14224	-2	4	59067
14225	-2	4	59071
14226	-2	4	59075
14227	-2	4	59079
14228	-2	4	59083
14229	-2	4	59087
14230	-2	4	59091
14231	-2	4	59095
14232	-2	4	59099
14233	-2	4	59103
14234	-2	4	59107
14235	-2	4	59111
14236	-2	4	59115
14237	-2	4	59119
14238	-2	4	59123
14239	-2	4	59127
14240	-2	4	59131
14241	-2	4	59135
14242	-2	4	59139
14243	-2	4	59143
14244	-2	4	59147
14245	-2	4	59151
14246	-2	4	59155
14247	-2	4	59159
14248	-2	4	59163
14249	-2	4	59167
14250	-2	4	59171
14251	-2	4	59175
14252	-2	4	59179
14253	-3	5	59184
14254	-2	4	59188
14255	-2	4	59192
14256	-2	4	59196
14257	-2	4	59200
14258	-2	4	59204
14259	-2	4	59208
14260	-2	4	59212
14261	-2	4	59216
14262	-2	4	59220
14263	-2	4	59224
14264	-2	4	59228
14265	-4	6	59234
14266	-2	4	59238
14267	-2	4	59242
14268	-2	4	59246
14269	-2	4	59250
14270	-2	4	59254
14271	-2	4	59258
14272	-2	4	59262
14273	-2	4	59266
14274	-2	4	59270
14275	-2	4	59274
14276	-2	4	59278
14277	-2	4	59282
14278	-2	4	59286
14279	-2	4	59290
14280	-2	4	59294
14281	-2	4	59298
14282	-2	4	59302
14283	-2	4	59306
14284	-2	4	59310
14285	-2	4	59314
14286	-2	4	59318
14287	-2	4	59322
14288	-2	4	59326
14289	-2	4	59330
14290	-2	4	59334
14291	-2	4	59338
14292	-4	6	59344
14293	-2	4	59348
14294	-2	4	59352
14295	-2	4	59356
14296	-4	6	59362
14297	-2	4	59366
14298	-2	4	59370
14299	-2	4	59374
14300	-2	4	59378
14301	-2	4	59382
14302	-2	4	59386
14303	-2	4	59390
14304	-2	4	59394
14305	-2	4	59398
14306	-4	6	59404
14307	-2	4	59408
14308	-2	4	59412
14309	-2	4	59416
14310	-2	4	59420
14311	-2	4	59424
14312	-2	4	59428
14313	-2	4	59432
14314	-2	4	59436
14315	-2	4	59440
14316	-2	4	59444
14317	-2	4	59448
14318	-2	4	59452
14319	-2	4	59456
14320	-2	4	59460
14321	-2	4	59464
14322	-2	4	59468
14323	-2	4	59472
14324	-2	4	59476
14325	-2	4	59480
14326	-2	4	59484
14327	-2	4	59488
14328	-2	4	59492
14329	-2	4	59496
14330	-3	5	59501
14331	-3	5	59506
14332	-2	4	59510
14333	-4	6	59516
14334	-4	6	59522
14335	-2	4	59526
14336	-2	4	59530
14337	-2	4	59534
14338	-2	4	59538
14339	-2	4	59542
14340	-2	4	59546
14341	-2	4	59550
14342	-2	4	59554
14343	-2	4	59558
14344	-2	4	59562
14345	-2	4	59566
14346	-2	4	59570
14347	-2	4	59574
14348	-2	4	59578
14349	-2	4	59582
14350	-2	4	59586
14351	-2	4	59590
14352	-2	4	59594
14353	-2	4	59598
14354	-2	4	59602
14355	-2	4	59606
14356	-2	4	59610
14357	-2	4	59614
14358	-2	4	59618
14359	-2	4	59622
14360	-2	4	59626
14361	-2	4	59630
14362	-2	4	59634
14363	-2	4	59638
14364	-2	4	59642
14365	-2	4	59646
14366	-2	4	59650
14367	-2	4	59654
14368	-2	4	59658
14369	-2	4	59662
14370	-3	5	59667
14371	-2	4	59671
14372	-2	4	59675
14373	-2	4	59679
14374	-2	4	59683
14375	-2	4	59687
14376	-2	4	59691
14377	-2	4	59695
14378	-2	4	59699
14379	-2	4	59703
14380	-2	4	59707
14381	-2	4	59711
14382	-2	4	59715
14383	-2	4	59719
14384	-2	4	59723
14385	-2	4	59727
14386	-2	4	59731
14387	-2	4	59735
14388	-2	4	59739
14389	-2	4	59743
14390	-2	4	59747
14391	-2	4	59751
14392	-2	4	59755
14393	-2	4	59759
14394	-2	4	59763
14395	-2	4	59767
14396	-2	4	59771
14397	-2	4	59775
14398	-2	4	59779
14399	-2	4	59783
14400	-2	4	59787
14401	-2	4	59791
14402	-2	4	59795
14403	-2	4	59799
14404	-2	4	59803
14405	-2	4	59807
14406	-2	4	59811
14407	-2	4	59815
14408	-3	5	59820
14409	-2	4	59824
14410	-4	6	59830
14411	-2	4	59834
14412	-2	4	59838
14413	-2	4	59842
14414	-2	4	59846
14415	-2	4	59850
14416	-2	4	59854
14417	-2	4	59858
14418	-2	4	59862
14419	-2	4	59866
14420	-2	4	59870
14421	-2	4	59874
14422	-2	4	59878
14423	-2	4	59882
14424	-2	4	59886
14425	-3	5	59891
14426	-2	4	59895
14427	-4	6	59901
14428	-2	4	59905
14429	-2	4	59909
14430	-2	4	59913
14431	-2	4	59917
14432	-2	4	59921
14433	-2	4	59925
14434	-2	4	59929
14435	-2	4	59933
14436	-2	4	59937
14437	-2	4	59941
14438	-2	4	59945
14439	-2	4	59949
14440	-2	4	59953
14441	-2	4	59957
14442	-3	5	59962
14443	-2	4	59966
14444	-2	4	59970
14445	-2	4	59974
14446	-2	4	59978
14447	-2	4	59982
14448	-2	4	59986
14449	-2	4	59990
14450	-2	4	59994
14451	-2	4	59998
14452	-2	4	60002
14453	-4	6	60008
14454	-2	4	60012
14455	-2	4	60016
14456	-2	4	60020
14457	-2	4	60024
14458	-2	4	60028
14459	-2	4	60032
14460	-2	4	60036
14461	-2	4	60040
14462	-2	4	60044
14463	-2	4	60048
14464	-2	4	60052
14465	-2	4	60056
14466	-2	4	60060
14467	-2	4	60064
14468	-2	4	60068
14469	-2	4	60072
14470	-2	4	60076
14471	-2	4	60080
14472	-2	4	60084
14473	-2	4	60088
14474	-2	4	60092
14475	-2	4	60096
14476	-2	4	60100
14477	-2	4	60104
14478	-2	4	60108
14479	-2	4	60112
14480	-2	4	60116
14481	-2	4	60120
14482	-2	4	60124
14483	-2	4	60128
14484	-2	4	60132
14485	-2	4	60136
14486	-2	4	60140
14487	-2	4	60144
14488	-2	4	60148
14489	-2	4	60152
14490	-2	4	60156
14491	-2	4	60160
14492	-2	4	60164
14493	-3	5	60169
14494	-2	4	60173
14495	-2	4	60177
14496	-2	4	60181
14497	-2	4	60185
14498	-2	4	60189
14499	-2	4	60193
14500	-2	4	60197
14501	-2	4	60201
14502	-2	4	60205
14503	-2	4	60209
14504	-2	4	60213
14505	-2	4	60217
14506	-2	4	60221
14507	-2	4	60225
14508	-2	4	60229
14509	-2	4	60233
14510	-2	4	60237
14511	-2	4	60241
14512	-2	4	60245
14513	-2	4	60249
14514	-5	7	60256
14515	-2	4	60260
14516	-2	4	60264
14517	-2	4	60268
14518	-2	4	60272
14519	-2	4	60276
14520	-4	6	60282
14521	-2	4	60286
14522	-2	4	60290
14523	-4	6	60296
14524	-2	4	60300
14525	-2	4	60304
14526	-4	6	60310
14527	-2	4	60314
14528	-4	6	60320
14529	-4	6	60326
14530	-4	6	60332
14531	-2	4	60336
14532	-2	4	60340
14533	-2	4	60344
14534	-2	4	60348
14535	-3	5	60353
14536	-2	4	60357
14537	-2	4	60361
14538	-2	4	60365
14539	-2	4	60369
14540	-2	4	60373
14541	-2	4	60377
14542	-2	4	60381
14543	-2	4	60385
14544	-2	4	60389
14545	-2	4	60393
14546	-2	4	60397
14547	-2	4	60401
14548	-2	4	60405
14549	-2	4	60409
14550	-4	6	60415
14551	-2	4	60419
14552	-2	4	60423
14553	-2	4	60427
14554	-2	4	60431
14555	-2	4	60435
14556	-2	4	60439
14557	-2	4	60443
14558	-2	4	60447
14559	-2	4	60451
14560	-2	4	60455
14561	-4	6	60461
14562	-2	4	60465
14563	-2	4	60469
14564	-2	4	60473
14565	-2	4	60477
14566	-2	4	60481
14567	-2	4	60485
14568	-2	4	60489
14569	-2	4	60493
14570	-2	4	60497
14571	-3	5	60502
14572	-2	4	60506
14573	-2	4	60510
14574	-2	4	60514
14575	-2	4	60518
14576	-2	4	60522
14577	-4	6	60528
14578	-4	6	60534
14579	-2	4	60538
14580	-2	4	60542
14581	-2	4	60546
14582	-2	4	60550
14583	-2	4	60554
14584	-2	4	60558
14585	-2	4	60562
14586	-2	4	60566
14587	-2	4	60570
14588	-2	4	60574
14589	-2	4	60578
14590	-2	4	60582
14591	-2	4	60586
14592	-2	4	60590
14593	-2	4	60594
14594	-2	4	60598
14595	-2	4	60602
14596	-2	4	60606
14597	-2	4	60610
14598	-2	4	60614
14599	-2	4	60618
14600	-2	4	60622
14601	-4	6	60628
14602	-2	4	60632
14603	-2	4	60636
14604	-5	7	60643
14605	-2	4	60647
14606	-2	4	60651
14607	-2	4	60655
14608	-2	4	60659
14609	-2	4	60663
14610	-2	4	60667
14611	-2	4	60671
14612	-2	4	60675
14613	-2	4	60679
14614	-2	4	60683
14615	-2	4	60687
14616	-2	4	60691
14617	-4	6	60697
14618	-2	4	60701
14619	-2	4	60705
14620	-2	4	60709
14621	-2	4	60713
14622	-2	4	60717
14623	-2	4	60721
14624	-2	4	60725
14625	-2	4	60729
14626	-2	4	60733
14627	-2	4	60737
14628	-2	4	60741
14629	-2	4	60745
14630	-2	4	60749
14631	-2	4	60753
14632	-2	4	60757
14633	-2	4	60761
14634	-2	4	60765
14635	-2	4	60769
14636	-2	4	60773
14637	-2	4	60777
14638	-2	4	60781
14639	-2	4	60785
14640	-2	4	60789
14641	-2	4	60793
14642	-2	4	60797
14643	-2	4	60801
14644	-2	4	60805
14645	-2	4	60809
14646	-2	4	60813
14647	-2	4	60817
14648	-2	4	60821
14649	-2	4	60825
14650	-2	4	60829
14651	-2	4	60833
14652	-2	4	60837
14653	-2	4	60841
14654	-2	4	60845
14655	-2	4	60849
14656	-2	4	60853
14657	-2	4	60857
14658	-2	4	60861
14659	-2	4	60865
14660	-2	4	60869
14661	-2	4	60873
14662	-3	5	60878
14663	-2	4	60882
14664	-2	4	60886
14665	-6	8	60894
14666	-2	4	60898
14667	-2	4	60902
14668	-2	4	60906
14669	-2	4	60910
14670	-2	4	60914
14671	-2	4	60918
14672	-2	4	60922
14673	-2	4	60926
14674	-2	4	60930
14675	-2	4	60934
14676	-3	5	60939
14677	-2	4	60943
14678	-2	4	60947
14679	-2	4	60951
14680	-2	4	60955
14681	-2	4	60959
14682	-2	4	60963
14683	-2	4	60967
14684	-2	4	60971
14685	-2	4	60975
14686	-2	4	60979
14687	-2	4	60983
14688	-2	4	60987
14689	-2	4	60991
14690	-2	4	60995
14691	-2	4	60999
14692	-2	4	61003
14693	-2	4	61007
14694	-4	6	61013
14695	-2	4	61017
14696	-2	4	61021
14697	-2	4	61025
14698	-2	4	61029
14699	-2	4	61033
14700	-2	4	61037
14701	-2	4	61041
14702	-2	4	61045
14703	-2	4	61049
14704	-4	6	61055
14705	-2	4	61059
14706	-2	4	61063
14707	-2	4	61067
14708	-2	4	61071
14709	-2	4	61075
14710	-2	4	61079
14711	-2	4	61083
14712	-2	4	61087
14713	-4	6	61093
14714	-2	4	61097
14715	-2	4	61101
14716	-2	4	61105
14717	-2	4	61109
14718	-2	4	61113
14719	-2	4	61117
14720	-2	4	61121
14721	-2	4	61125
14722	-2	4	61129
14723	-2	4	61133
14724	-2	4	61137
14725	-2	4	61141
14726	-2	4	61145
14727	-2	4	61149
14728	-2	4	61153
14729	-2	4	61157
14730	-2	4	61161
14731	-2	4	61165
14732	-2	4	61169
14733	-2	4	61173
14734	-2	4	61177
14735	-2	4	61181
14736	-2	4	61185
14737	-2	4	61189
14738	-2	4	61193
14739	-2	4	61197
14740	-2	4	61201
14741	-2	4	61205
14742	-2	4	61209
14743	-2	4	61213
14744	-2	4	61217
14745	-2	4	61221
14746	-2	4	61225
14747	-2	4	61229
14748	-2	4	61233
14749	-2	4	61237
14750	-2	4	61241
14751	-2	4	61245
14752	-2	4	61249
14753	-2	4	61253
14754	-2	4	61257
14755	-2	4	61261
14756	-2	4	61265
14757	-2	4	61269
14758	-2	4	61273
14759	-2	4	61277
14760	-2	4	61281
14761	-2	4	61285
14762	-2	4	61289
14763	-2	4	61293
14764	-2	4	61297
14765	-2	4	61301
14766	-2	4	61305
14767	-2	4	61309
14768	-2	4	61313
14769	-4	6	61319
14770	-2	4	61323
14771	-2	4	61327
14772	-2	4	61331
14773	-2	4	61335
14774	-2	4	61339
14775	-2	4	61343
14776	-2	4	61347
14777	-2	4	61351
14778	-2	4	61355
14779	-2	4	61359
14780	-2	4	61363
14781	-2	4	61367
14782	-4	6	61373
14783	-2	4	61377
14784	-2	4	61381
14785	-2	4	61385
14786	-2	4	61389
14787	-2	4	61393
14788	-2	4	61397
14789	-2	4	61401
14790	-4	6	61407
14791	-2	4	61411
14792	-2	4	61415
14793	-2	4	61419
14794	-2	4	61423
14795	-2	4	61427
14796	-2	4	61431
14797	-2	4	61435
14798	-2	4	61439
14799	-2	4	61443
14800	-2	4	61447
14801	-2	4	61451
14802	-2	4	61455
14803	-2	4	61459
14804	-2	4	61463
14805	-2	4	61467
14806	-2	4	61471
14807	-2	4	61475
14808	-2	4	61479
14809	-2	4	61483
14810	-4	6	61489
14811	-2	4	61493
14812	-2	4	61497
14813	-2	4	61501
14814	-4	6	61507
14815	-2	4	61511
14816	-2	4	61515
14817	-2	4	61519
14818	-2	4	61523
14819	-3	5	61528
14820	-2	4	61532
14821	-2	4	61536
14822	-2	4	61540
14823	-2	4	61544
14824	-2	4	61548
14825	-2	4	61552
14826	-2	4	61556
14827	-2	4	61560
14828	-2	4	61564
14829	-2	4	61568
14830	-4	6	61574
14831	-2	4	61578
14832	-2	4	61582
14833	-2	4	61586
14834	-2	4	61590
14835	-2	4	61594
14836	-2	4	61598
14837	-4	6	61604
14838	-2	4	61608
14839	-4	6	61614
14840	-2	4	61618
14841	-2	4	61622
14842	-2	4	61626
14843	-2	4	61630
14844	-2	4	61634
14845	-2	4	61638
14846	-2	4	61642
14847	-2	4	61646
14848	-2	4	61650
14849	-2	4	61654
14850	-2	4	61658
14851	-2	4	61662
14852	-2	4	61666
14853	-2	4	61670
14854	-2	4	61674
14855	-2	4	61678
14856	-2	4	61682
14857	-2	4	61686
14858	-2	4	61690
14859	-2	4	61694
14860	-2	4	61698
14861	-2	4	61702
14862	-2	4	61706
14863	-2	4	61710
14864	-2	4	61714
14865	-2	4	61718
14866	-2	4	61722
14867	-2	4	61726
14868	-2	4	61730
14869	-2	4	61734
14870	-2	4	61738
14871	-4	6	61744
14872	-2	4	61748
14873	-2	4	61752
14874	-2	4	61756
14875	-2	4	61760
14876	-2	4	61764
14877	-2	4	61768
14878	-2	4	61772
14879	-3	5	61777
14880	-2	4	61781
14881	-2	4	61785
14882	-2	4	61789
14883	-2	4	61793
14884	-2	4	61797
14885	-2	4	61801
14886	-2	4	61805
14887	-2	4	61809
14888	-2	4	61813
14889	-2	4	61817
14890	-2	4	61821
14891	-2	4	61825
14892	-2	4	61829
14893	-2	4	61833
14894	-2	4	61837
14895	-2	4	61841
14896	-2	4	61845
14897	-2	4	61849
14898	-2	4	61853
14899	-2	4	61857
14900	-2	4	61861
14901	-2	4	61865
14902	-2	4	61869
14903	-2	4	61873
14904	-2	4	61877
14905	-2	4	61881
14906	-2	4	61885
14907	-2	4	61889
14908	-2	4	61893
14909	-2	4	61897
14910	-2	4	61901
14911	-2	4	61905
14912	-2	4	61909
14913	-4	6	61915
14914	-2	4	61919
14915	-2	4	61923
14916	-2	4	61927
14917	-2	4	61931
14918	-2	4	61935
14919	-2	4	61939
14920	-2	4	61943
14921	-2	4	61947
14922	-2	4	61951
14923	-2	4	61955
14924	-2	4	61959
14925	-2	4	61963
14926	-2	4	61967
14927	-2	4	61971
14928	-2	4	61975
14929	-2	4	61979
14930	-2	4	61983
14931	-2	4	61987
14932	-2	4	61991
14933	-2	4	61995
14934	-2	4	61999
14935	-4	6	62005
14936	-2	4	62009
14937	-2	4	62013
14938	-2	4	62017
14939	-2	4	62021
14940	-2	4	62025
14941	-2	4	62029
14942	-2	4	62033
14943	-2	4	62037
14944	-4	6	62043
14945	-2	4	62047
14946	-4	6	62053
14947	-2	4	62057
14948	-2	4	62061
14949	-2	4	62065
14950	-2	4	62069
14951	-2	4	62073
14952	-2	4	62077
14953	-2	4	62081
14954	-4	6	62087
14955	-2	4	62091
14956	-2	4	62095
14957	-2	4	62099
14958	-4	6	62105
14959	-2	4	62109
14960	-2	4	62113
14961	-2	4	62117
14962	-2	4	62121
14963	-2	4	62125
14964	-2	4	62129
14965	-2	4	62133
14966	-2	4	62137
14967	-2	4	62141
14968	-2	4	62145
14969	-2	4	62149
14970	-2	4	62153
14971	-2	4	62157
14972	-2	4	62161
14973	-2	4	62165
14974	-2	4	62169
14975	-2	4	62173
14976	-2	4	62177
14977	-2	4	62181
14978	-2	4	62185
14979	-2	4	62189
14980	-2	4	62193
14981	-2	4	62197
14982	-4	6	62203
14983	-2	4	62207
14984	-2	4	62211
14985	-2	4	62215
14986	-2	4	62219
14987	-2	4	62223
14988	-2	4	62227
14989	-2	4	62231
14990	-2	4	62235
14991	-2	4	62239
14992	-2	4	62243
14993	-2	4	62247
14994	-2	4	62251
14995	-2	4	62255
14996	-2	4	62259
14997	-2	4	62263
14998	-4	6	62269
14999	-2	4	62273
15000	-2	4	62277
15001	-2	4	62281
15002	-2	4	62285
15003	-2	4	62289
15004	-2	4	62293
15005	-2	4	62297
15006	-2	4	62301
15007	-2	4	62305
15008	-2	4	62309
15009	-2	4	62313
15010	-2	4	62317
15011	-2	4	62321
15012	-2	4	62325
15013	-2	4	62329
15014	-2	4	62333
15015	-2	4	62337
15016	-2	4	62341
15017	-2	4	62345
15018	-2	4	62349
15019	-2	4	62353
15020	-2	4	62357
15021	-2	4	62361
15022	-2	4	62365
15023	-2	4	62369
15024	-2	4	62373
15025	-2	4	62377
15026	-4	6	62383
15027	-2	4	62387
15028	-2	4	62391
15029	-2	4	62395
15030	-2	4	62399
15031	-2	4	62403
15032	-2	4	62407
15033	-2	4	62411
15034	-2	4	62415
15035	-2	4	62419
15036	-2	4	62423
15037	-2	4	62427
15038	-2	4	62431
15039	-2	4	62435
15040	-2	4	62439
15041	-2	4	62443
15042	-2	4	62447
15043	-2	4	62451
15044	-2	4	62455
15045	-2	4	62459
15046	-2	4	62463
15047	-2	4	62467
15048	-2	4	62471
15049	-2	4	62475
15050	-2	4	62479
15051	-2	4	62483
15052	-2	4	62487
15053	-2	4	62491
15054	-2	4	62495
15055	-2	4	62499
15056	-2	4	62503
15057	-2	4	62507
15058	-2	4	62511
15059	-2	4	62515
15060	-2	4	62519
15061	-2	4	62523
15062	-2	4	62527
15063	-2	4	62531
15064	-2	4	62535
15065	-2	4	62539
15066	-2	4	62543
15067	-2	4	62547
15068	-2	4	62551
15069	-2	4	62555
15070	-2	4	62559
15071	-2	4	62563
15072	-2	4	62567
15073	-2	4	62571
15074	-2	4	62575
15075	-2	4	62579
15076	-2	4	62583
15077	-2	4	62587
15078	-2	4	62591
15079	-2	4	62595
15080	-2	4	62599
15081	-2	4	62603
15082	-2	4	62607
15083	-2	4	62611
15084	-2	4	62615
15085	-2	4	62619
15086	-2	4	62623
15087	-2	4	62627
15088	-2	4	62631
15089	-2	4	62635
15090	-4	6	62641
15091	-2	4	62645
15092	-2	4	62649
15093	-2	4	62653
15094	-2	4	62657
15095	-2	4	62661
15096	-2	4	62665
15097	-2	4	62669
15098	-3	5	62674
15099	-2	4	62678
15100	-2	4	62682
15101	-2	4	62686
15102	-2	4	62690
15103	-2	4	62694
15104	-2	4	62698
15105	-2	4	62702
15106	-2	4	62706
15107	-2	4	62710
15108	-2	4	62714
15109	-2	4	62718
15110	-2	4	62722
15111	-2	4	62726
15112	-2	4	62730
15113	-2	4	62734
15114	-2	4	62738
15115	-2	4	62742
15116	-2	4	62746
15117	-2	4	62750
15118	-2	4	62754
15119	-2	4	62758
15120	-2	4	62762
15121	-2	4	62766
15122	-2	4	62770
15123	-2	4	62774
15124	-2	4	62778
15125	-2	4	62782
15126	-2	4	62786
15127	-2	4	62790
15128	-2	4	62794
15129	-2	4	62798
15130	-2	4	62802
15131	-2	4	62806
15132	-2	4	62810
15133	-2	4	62814
15134	-2	4	62818
15135	-2	4	62822
15136	-2	4	62826
15137	-2	4	62830
15138	-2	4	62834
15139	-2	4	62838
15140	-2	4	62842
15141	-2	4	62846
15142	-2	4	62850
15143	-2	4	62854
15144	-2	4	62858
15145	-2	4	62862
15146	-2	4	62866
15147	-2	4	62870
15148	-2	4	62874
15149	-2	4	62878
15150	-2	4	62882
15151	-2	4	62886
15152	-2	4	62890
15153	-2	4	62894
15154	-4	6	62900
15155	-2	4	62904
15156	-2	4	62908
15157	-2	4	62912
15158	-2	4	62916
15159	-2	4	62920
15160	-2	4	62924
15161	-2	4	62928
15162	-2	4	62932
15163	-2	4	62936
15164	-2	4	62940
15165	-4	6	62946
15166	-2	4	62950
15167	-2	4	62954
15168	-2	4	62958
15169	-2	4	62962
15170	-2	4	62966
15171	-2	4	62970
15172	-2	4	62974
15173	-2	4	62978
15174	-2	4	62982
15175	-2	4	62986
15176	-2	4	62990
15177	-2	4	62994
15178	-2	4	62998
15179	-2	4	63002
15180	-2	4	63006
15181	-2	4	63010
15182	-2	4	63014
15183	-2	4	63018
15184	-2	4	63022
15185	-2	4	63026
15186	-2	4	63030
15187	-3	5	63035
15188	-2	4	63039
15189	-2	4	63043
15190	-2	4	63047
15191	-2	4	63051
15192	-2	4	63055
15193	-2	4	63059
15194	-2	4	63063
15195	-2	4	63067
15196	-2	4	63071
15197	-2	4	63075
15198	-2	4	63079
15199	-2	4	63083
15200	-4	6	63089
15201	-2	4	63093
15202	-2	4	63097
15203	-2	4	63101
15204	-2	4	63105
15205	-2	4	63109
15206	-2	4	63113
15207	-2	4	63117
15208	-2	4	63121
15209	-4	6	63127
15210	-2	4	63131
15211	-2	4	63135
15212	-2	4	63139
15213	-2	4	63143
15214	-2	4	63147
15215	-2	4	63151
15216	-2	4	63155
15217	-2	4	63159
15218	-2	4	63163
15219	-2	4	63167
15220	-2	4	63171
15221	-2	4	63175
15222	-2	4	63179
15223	-2	4	63183
15224	-2	4	63187
15225	-2	4	63191
15226	-2	4	63195
15227	-2	4	63199
15228	-2	4	63203
15229	-2	4	63207
15230	-2	4	63211
15231	-2	4	63215
15232	-2	4	63219
15233	-2	4	63223
15234	-2	4	63227
15235	-2	4	63231
15236	-2	4	63235
15237	-2	4	63239
15238	-2	4	63243
15239	-2	4	63247
15240	-2	4	63251
15241	-2	4	63255
15242	-2	4	63259
15243	-2	4	63263
15244	-2	4	63267
15245	-2	4	63271
15246	-2	4	63275
15247	-2	4	63279
15248	-2	4	63283
15249	-2	4	63287
15250	-2	4	63291
15251	-2	4	63295
15252	-2	4	63299
15253	-2	4	63303
15254	-2	4	63307
15255	-2	4	63311
15256	-2	4	63315
15257	-2	4	63319
15258	-4	6	63325
15259	-2	4	63329
15260	-2	4	63333
15261	-2	4	63337
15262	-4	6	63343
15263	-2	4	63347
15264	-2	4	63351
15265	-2	4	63355
15266	-2	4	63359
15267	-4	6	63365
15268	-2	4	63369
15269	-2	4	63373
15270	-2	4	63377
15271	-2	4	63381
15272	-2	4	63385
15273	-2	4	63389
15274	-2	4	63393
15275	-2	4	63397
15276	-2	4	63401
15277	-5	7	63408
15278	-2	4	63412
15279	-2	4	63416
15280	-2	4	63420
15281	-2	4	63424
15282	-2	4	63428
15283	-2	4	63432
15284	-2	4	63436
15285	-3	5	63441
15286	-2	4	63445
15287	-2	4	63449
15288	-2	4	63453
15289	-2	4	63457
15290	-2	4	63461
15291	-2	4	63465
15292	-2	4	63469
15293	-2	4	63473
15294	-2	4	63477
15295	-2	4	63481
15296	-2	4	63485
15297	-2	4	63489
15298	-2	4	63493
15299	-2	4	63497
15300	-2	4	63501
15301	-2	4	63505
15302	-2	4	63509
15303	-4	6	63515
15304	-2	4	63519
15305	-2	4	63523
15306	-2	4	63527
15307	-2	4	63531
15308	-2	4	63535
15309	-2	4	63539
15310	-2	4	63543
15311	-2	4	63547
15312	-2	4	63551
15313	-4	6	63557
15314	-2	4	63561
15315	-2	4	63565
15316	-2	4	63569
15317	-2	4	63573
15318	-2	4	63577
15319	-2	4	63581
15320	-2	4	63585
15321	-2	4	63589
15322	-2	4	63593
15323	-2	4	63597
15324	-2	4	63601
15325	-2	4	63605
15326	-2	4	63609
15327	-2	4	63613
15328	-2	4	63617
15329	-2	4	63621
15330	-2	4	63625
15331	-2	4	63629
15332	-2	4	63633
15333	-2	4	63637
15334	-3	5	63642
15335	-2	4	63646
15336	-2	4	63650
15337	-3	5	63655
15338	-2	4	63659
15339	-2	4	63663
15340	-2	4	63667
15341	-2	4	63671
15342	-2	4	63675
15343	-2	4	63679
15344	-2	4	63683
15345	-2	4	63687
15346	-2	4	63691
15347	-2	4	63695
15348	-2	4	63699
15349	-2	4	63703
15350	-2	4	63707
15351	-2	4	63711
15352	-2	4	63715
15353	-2	4	63719
15354	-2	4	63723
15355	-2	4	63727
15356	-2	4	63731
15357	-2	4	63735
15358	-2	4	63739
15359	-2	4	63743
15360	-2	4	63747
15361	-2	4	63751
15362	-2	4	63755
15363	-2	4	63759
15364	-2	4	63763
15365	-2	4	63767
15366	-4	6	63773
15367	-2	4	63777
15368	-2	4	63781
15369	-2	4	63785
15370	-2	4	63789
15371	-4	6	63795
15372	-2	4	63799
15373	-4	6	63805
15374	-2	4	63809
15375	-2	4	63813
15376	-2	4	63817
15377	-2	4	63821
15378	-2	4	63825
15379	-2	4	63829
15380	-2	4	63833
15381	-2	4	63837
15382	-2	4	63841
15383	-2	4	63845
15384	-4	6	63851
15385	-2	4	63855
15386	-2	4	63859
15387	-2	4	63863
15388	-2	4	63867
15389	-2	4	63871
15390	-2	4	63875
15391	-3	5	63880
15392	-2	4	63884
15393	-2	4	63888
15394	-2	4	63892
15395	-2	4	63896
15396	-2	4	63900
15397	-2	4	63904
15398	-2	4	63908
15399	-2	4	63912
15400	-2	4	63916
15401	-2	4	63920
15402	-2	4	63924
15403	-2	4	63928
15404	-2	4	63932
15405	-2	4	63936
15406	-2	4	63940
15407	-2	4	63944
15408	-2	4	63948
15409	-2	4	63952
15410	-2	4	63956
15411	-2	4	63960
15412	-2	4	63964
15413	-2	4	63968
15414	-2	4	63972
15415	-2	4	63976
15416	-2	4	63980
15417	-2	4	63984
15418	-4	6	63990
15419	-2	4	63994
15420	-4	6	64000
15421	-2	4	64004
15422	-2	4	64008
15423	-2	4	64012
15424	-2	4	64016
15425	-4	6	64022
15426	-2	4	64026
15427	-2	4	64030
15428	-2	4	64034
15429	-2	4	64038
15430	-2	4	64042
15431	-2	4	64046
15432	-2	4	64050
15433	-2	4	64054
15434	-2	4	64058
15435	-2	4	64062
15436	-2	4	64066
15437	-2	4	64070
15438	-2	4	64074
15439	-2	4	64078
15440	-2	4	64082
15441	-2	4	64086
15442	-2	4	64090
15443	-2	4	64094
15444	-2	4	64098
15445	-2	4	64102
15446	-2	4	64106
15447	-2	4	64110
15448	-2	4	64114
15449	-2	4	64118
15450	-2	4	64122
15451	-2	4	64126
15452	-2	4	64130
15453	-2	4	64134
15454	-2	4	64138
15455	-2	4	64142
15456	-2	4	64146
15457	-2	4	64150
15458	-2	4	64154
15459	-2	4	64158
15460	-2	4	64162
15461	-2	4	64166
15462	-2	4	64170
15463	-2	4	64174
15464	-3	5	64179
15465	-2	4	64183
15466	-2	4	64187
15467	-2	4	64191
15468	-2	4	64195
15469	-2	4	64199
15470	-2	4	64203
15471	-3	5	64208
15472	-2	4	64212
15473	-2	4	64216
15474	-2	4	64220
15475	-2	4	64224
15476	-2	4	64228
15477	-2	4	64232
15478	-2	4	64236
15479	-2	4	64240
15480	-2	4	64244
15481	-2	4	64248
15482	-2	4	64252
15483	-2	4	64256
15484	-2	4	64260
15485	-2	4	64264
15486	-2	4	64268
15487	-2	4	64272
15488	-2	4	64276
15489	-2	4	64280
15490	-2	4	64284
15491	-2	4	64288
15492	-2	4	64292
15493	-2	4	64296
15494	-2	4	64300
15495	-2	4	64304
15496	-2	4	64308
15497	-2	4	64312
15498	-2	4	64316
15499	-2	4	64320
15500	-2	4	64324
15501	-2	4	64328
15502	-2	4	64332
15503	-2	4	64336
15504	-2	4	64340
15505	-2	4	64344
15506	-2	4	64348
15507	-2	4	64352
15508	-2	4	64356
15509	-2	4	64360
15510	-2	4	64364
15511	-2	4	64368
15512	-2	4	64372
15513	-3	5	64377
15514	-2	4	64381
15515	-2	4	64385
15516	-2	4	64389
15517	-2	4	64393
15518	-2	4	64397
15519	-2	4	64401
15520	-2	4	64405
15521	-3	5	64410
15522	-2	4	64414
15523	-2	4	64418
15524	-3	5	64423
15525	-2	4	64427
15526	-2	4	64431
15527	-2	4	64435
15528	-2	4	64439
15529	-2	4	64443
15530	-2	4	64447
15531	-2	4	64451
15532	-2	4	64455
15533	-2	4	64459
15534	-2	4	64463
15535	-2	4	64467
15536	-2	4	64471
15537	-2	4	64475
15538	-2	4	64479
15539	-2	4	64483
15540	-4	6	64489
15541	-2	4	64493
15542	-2	4	64497
15543	-2	4	64501
15544	-2	4	64505
15545	-2	4	64509
15546	-2	4	64513
15547	-2	4	64517
15548	-2	4	64521
15549	-2	4	64525
15550	-2	4	64529
15551	-2	4	64533
15552	-2	4	64537
15553	-2	4	64541
15554	-2	4	64545
15555	-2	4	64549
15556	-2	4	64553
15557	-2	4	64557
15558	-2	4	64561
15559	-2	4	64565
15560	-2	4	64569
15561	-2	4	64573
15562	-2	4	64577
15563	-2	4	64581
15564	-2	4	64585
15565	-2	4	64589
15566	-2	4	64593
15567	-2	4	64597
15568	-2	4	64601
15569	-2	4	64605
15570	-3	5	64610
15571	-5	7	64617
15572	-2	4	64621
15573	-2	4	64625
15574	-2	4	64629
15575	-2	4	64633
15576	-2	4	64637
15577	-2	4	64641
15578	-2	4	64645
15579	-2	4	64649
15580	-2	4	64653
15581	-2	4	64657
15582	-8	10	64667
15583	-2	4	64671
15584	-2	4	64675
15585	-2	4	64679
15586	-2	4	64683
15587	-2	4	64687
15588	-2	4	64691
15589	-2	4	64695
15590	-2	4	64699
15591	-2	4	64703
15592	-2	4	64707
15593	-2	4	64711
15594	-2	4	64715
15595	-2	4	64719
15596	-2	4	64723
15597	-2	4	64727
15598	-2	4	64731
15599	-2	4	64735
15600	-2	4	64739
15601	-2	4	64743
15602	-2	4	64747
15603	-2	4	64751
15604	-2	4	64755
15605	-2	4	64759
15606	-2	4	64763
15607	-2	4	64767
15608	-2	4	64771
15609	-2	4	64775
15610	-2	4	64779
15611	-2	4	64783
15612	-2	4	64787
15613	-2	4	64791
15614	-2	4	64795
15615	-2	4	64799
15616	-2	4	64803
15617	-2	4	64807
15618	-2	4	64811
15619	-2	4	64815
15620	-2	4	64819
15621	-3	5	64824
15622	-2	4	64828
15623	-2	4	64832
15624	-2	4	64836
15625	-2	4	64840
15626	-2	4	64844
15627	-2	4	64848
15628	-2	4	64852
15629	-2	4	64856
15630	-2	4	64860
15631	-2	4	64864
15632	-2	4	64868
15633	-2	4	64872
15634	-2	4	64876
15635	-2	4	64880
15636	-2	4	64884
15637	-2	4	64888
15638	-2	4	64892
15639	-2	4	64896
15640	-2	4	64900
15641	-2	4	64904
15642	-2	4	64908
15643	-2	4	64912
15644	-2	4	64916
15645	-2	4	64920
15646	-2	4	64924
15647	-2	4	64928
15648	-4	6	64934
15649	-2	4	64938
15650	-2	4	64942
15651	-2	4	64946
15652	-2	4	64950
15653	-2	4	64954
15654	-2	4	64958
15655	-2	4	64962
15656	-2	4	64966
15657	-2	4	64970
15658	-2	4	64974
15659	-2	4	64978
15660	-2	4	64982
15661	-2	4	64986
15662	-2	4	64990
15663	-2	4	64994
15664	-2	4	64998
15665	-2	4	65002
15666	-2	4	65006
15667	-2	4	65010
15668	-2	4	65014
15669	-2	4	65018
15670	-2	4	65022
15671	-2	4	65026
15672	-2	4	65030
15673	-2	4	65034
15674	-2	4	65038
15675	-2	4	65042
15676	-2	4	65046
15677	-2	4	65050
15678	-2	4	65054
15679	-2	4	65058
15680	-2	4	65062
15681	-2	4	65066
15682	-4	6	65072
15683	-2	4	65076
15684	-2	4	65080
15685	-2	4	65084
15686	-2	4	65088
15687	-2	4	65092
15688	-2	4	65096
15689	-2	4	65100
15690	-2	4	65104
15691	-2	4	65108
15692	-2	4	65112
15693	-2	4	65116
15694	-2	4	65120
15695	-2	4	65124
15696	-2	4	65128
15697	-2	4	65132
15698	-2	4	65136
15699	-2	4	65140
15700	-2	4	65144
15701	-2	4	65148
15702	-2	4	65152
15703	-2	4	65156
15704	-2	4	65160
15705	-2	4	65164
15706	-2	4	65168
15707	-2	4	65172
15708	-2	4	65176
15709	-2	4	65180
15710	-2	4	65184
15711	-2	4	65188
15712	-2	4	65192
15713	-2	4	65196
15714	-2	4	65200
15715	-2	4	65204
15716	-2	4	65208
15717	-2	4	65212
15718	-2	4	65216
15719	-2	4	65220
15720	-2	4	65224
15721	-2	4	65228
15722	-2	4	65232
15723	-2	4	65236
15724	-2	4	65240
15725	-2	4	65244
15726	-2	4	65248
15727	-2	4	65252
15728	-2	4	65256
15729	-2	4	65260
15730	-2	4	65264
15731	-2	4	65268
15732	-2	4	65272
15733	-2	4	65276
15734	-4	6	65282
15735	-2	4	65286
15736	-2	4	65290
15737	-2	4	65294
15738	-2	4	65298
15739	-2	4	65302
15740	-2	4	65306
15741	-2	4	65310
15742	-4	6	65316
15743	-2	4	65320
15744	-2	4	65324
15745	-2	4	65328
15746	-2	4	65332
15747	-2	4	65336
15748	-2	4	65340
15749	-2	4	65344
15750	-2	4	65348
15751	-2	4	65352
15752	-2	4	65356
15753	-2	4	65360
15754	-2	4	65364
15755	-2	4	65368
15756	-2	4	65372
15757	-2	4	65376
15758	-2	4	65380
15759	-2	4	65384
15760	-2	4	65388
15761	-2	4	65392
15762	-2	4	65396
15763	-2	4	65400
15764	-2	4	65404
15765	-2	4	65408
15766	-2	4	65412
15767	-2	4	65416
15768	-2	4	65420
15769	-2	4	65424
15770	-2	4	65428
15771	-2	4	65432
15772	-2	4	65436
15773	-2	4	65440
15774	-2	4	65444
15775	-2	4	65448
15776	-2	4	65452
15777	-2	4	65456
15778	-2	4	65460
15779	-2	4	65464
15780	-2	4	65468
15781	-2	4	65472
15782	-2	4	65476
15783	-2	4	65480
15784	-2	4	65484
15785	-2	4	65488
15786	-2	4	65492
15787	-2	4	65496
15788	-2	4	65500
15789	-2	4	65504
15790	-2	4	65508
15791	-2	4	65512
15792	-2	4	65516
15793	-2	4	65520
15794	-2	4	65524
15795	-2	4	65528
15796	-3	5	65533
15797	-2	4	65537
15798	-2	4	65541
15799	-2	4	65545
15800	-2	4	65549
15801	-2	4	65553
15802	-3	5	65558
15803	-2	4	65562
15804	-2	4	65566
15805	-2	4	65570
15806	-2	4	65574
15807	-2	4	65578
15808	-2	4	65582
15809	-2	4	65586
15810	-2	4	65590
15811	-2	4	65594
15812	-2	4	65598
15813	-2	4	65602
15814	-2	4	65606
15815	-2	4	65610
15816	-2	4	65614
15817	-2	4	65618
15818	-4	6	65624
15819	-2	4	65628
15820	-2	4	65632
15821	-2	4	65636
15822	-2	4	65640
15823	-2	4	65644
15824	-2	4	65648
15825	-2	4	65652
15826	-2	4	65656
15827	-2	4	65660
15828	-2	4	65664
15829	-3	5	65669
15830	-2	4	65673
15831	-2	4	65677
15832	-2	4	65681
15833	-2	4	65685
15834	-2	4	65689
15835	-2	4	65693
15836	-2	4	65697
15837	-4	6	65703
15838	-2	4	65707
15839	-2	4	65711
15840	-2	4	65715
15841	-2	4	65719
15842	-2	4	65723
15843	-2	4	65727
15844	-2	4	65731
15845	-2	4	65735
15846	-2	4	65739
15847	-2	4	65743
15848	-2	4	65747
15849	-2	4	65751
15850	-4	6	65757
15851	-5	7	65764
15852	-2	4	65768
15853	-2	4	65772
15854	-2	4	65776
15855	-3	5	65781
15856	-2	4	65785
15857	-2	4	65789
15858	-2	4	65793
15859	-2	4	65797
15860	-2	4	65801
15861	-2	4	65805
15862	-2	4	65809
15863	-2	4	65813
15864	-2	4	65817
15865	-2	4	65821
15866	-2	4	65825
15867	-2	4	65829
15868	-2	4	65833
15869	-2	4	65837
15870	-2	4	65841
15871	-3	5	65846
15872	-2	4	65850
15873	-2	4	65854
15874	-2	4	65858
15875	-2	4	65862
15876	-2	4	65866
15877	-2	4	65870
15878	-2	4	65874
15879	-2	4	65878
15880	-2	4	65882
15881	-2	4	65886
15882	-2	4	65890
15883	-2	4	65894
15884	-2	4	65898
15885	-2	4	65902
15886	-2	4	65906
15887	-2	4	65910
15888	-2	4	65914
15889	-2	4	65918
15890	-2	4	65922
15891	-2	4	65926
15892	-2	4	65930
15893	-2	4	65934
15894	-2	4	65938
15895	-2	4	65942
15896	-2	4	65946
15897	-2	4	65950
15898	-2	4	65954
15899	-2	4	65958
15900	-2	4	65962
15901	-2	4	65966
15902	-2	4	65970
15903	-4	6	65976
15904	-2	4	65980
15905	-2	4	65984
15906	-2	4	65988
15907	-2	4	65992
15908	-2	4	65996
15909	-2	4	66000
15910	-2	4	66004
15911	-2	4	66008
15912	-2	4	66012
15913	-2	4	66016
15914	-2	4	66020
15915	-2	4	66024
15916	-2	4	66028
15917	-2	4	66032
15918	-2	4	66036
15919	-2	4	66040
15920	-2	4	66044
15921	-2	4	66048
15922	-2	4	66052
15923	-2	4	66056
15924	-2	4	66060
15925	-2	4	66064
15926	-2	4	66068
15927	-2	4	66072
15928	-2	4	66076
15929	-2	4	66080
15930	-2	4	66084
15931	-2	4	66088
15932	-4	6	66094
15933	-2	4	66098
15934	-2	4	66102
15935	-2	4	66106
15936	-2	4	66110
15937	-4	6	66116
15938	-2	4	66120
15939	-2	4	66124
15940	-2	4	66128
15941	-2	4	66132
15942	-2	4	66136
15943	-2	4	66140
15944	-2	4	66144
15945	-2	4	66148
15946	-2	4	66152
15947	-2	4	66156
15948	-2	4	66160
15949	-2	4	66164
15950	-2	4	66168
15951	-2	4	66172
15952	-4	6	66178
15953	-2	4	66182
15954	-2	4	66186
15955	-2	4	66190
15956	-2	4	66194
15957	-2	4	66198
15958	-2	4	66202
15959	-2	4	66206
15960	-3	5	66211
15961	-2	4	66215
15962	-2	4	66219
15963	-2	4	66223
15964	-2	4	66227
15965	-2	4	66231
15966	-2	4	66235
15967	-2	4	66239
15968	-4	6	66245
15969	-2	4	66249
15970	-2	4	66253
15971	-2	4	66257
15972	-2	4	66261
15973	-2	4	66265
15974	-2	4	66269
15975	-2	4	66273
15976	-2	4	66277
15977	-2	4	66281
15978	-2	4	66285
15979	-2	4	66289
15980	-2	4	66293
15981	-2	4	66297
15982	-4	6	66303
15983	-4	6	66309
15984	-2	4	66313
15985	-4	6	66319
15986	-2	4	66323
15987	-2	4	66327
15988	-2	4	66331
15989	-2	4	66335
15990	-2	4	66339
15991	-2	4	66343
15992	-2	4	66347
15993	-2	4	66351
15994	-2	4	66355
15995	-2	4	66359
15996	-2	4	66363
15997	-2	4	66367
15998	-2	4	66371
15999	-4	6	66377
16000	-2	4	66381
16001	-2	4	66385
16002	-4	6	66391
16003	-2	4	66395
16004	-2	4	66399
16005	-2	4	66403
16006	-2	4	66407
16007	-2	4	66411
16008	-2	4	66415
16009	-2	4	66419
16010	-2	4	66423
16011	-3	5	66428
16012	-3	5	66433
16013	-2	4	66437
16014	-2	4	66441
16015	-2	4	66445
16016	-2	4	66449
16017	-2	4	66453
16018	-2	4	66457
16019	-2	4	66461
16020	-2	4	66465
16021	-2	4	66469
16022	-2	4	66473
16023	-2	4	66477
16024	-2	4	66481
16025	-2	4	66485
16026	-2	4	66489
16027	-2	4	66493
16028	-2	4	66497
16029	-2	4	66501
16030	-2	4	66505
16031	-2	4	66509
16032	-2	4	66513
16033	-2	4	66517
16034	-2	4	66521
16035	-2	4	66525
16036	-2	4	66529
16037	-2	4	66533
16038	-2	4	66537
16039	-2	4	66541
16040	-2	4	66545
16041	-3	5	66550
16042	-2	4	66554
16043	-2	4	66558
16044	-2	4	66562
16045	-2	4	66566
16046	-2	4	66570
16047	-2	4	66574
16048	-3	5	66579
16049	-2	4	66583
16050	-2	4	66587
16051	-2	4	66591
16052	-2	4	66595
16053	-2	4	66599
16054	-2	4	66603
16055	-2	4	66607
16056	-2	4	66611
16057	-2	4	66615
16058	-2	4	66619
16059	-2	4	66623
16060	-2	4	66627
16061	-2	4	66631
16062	-2	4	66635
16063	-2	4	66639
16064	-2	4	66643
16065	-2	4	66647
16066	-2	4	66651
16067	-2	4	66655
16068	-2	4	66659
16069	-2	4	66663
16070	-2	4	66667
16071	-2	4	66671
16072	-2	4	66675
16073	-3	5	66680
16074	-2	4	66684
16075	-2	4	66688
16076	-2	4	66692
16077	-2	4	66696
16078	-3	5	66701
16079	-2	4	66705
16080	-2	4	66709
16081	-2	4	66713
16082	-2	4	66717
16083	-2	4	66721
16084	-2	4	66725
16085	-2	4	66729
16086	-4	6	66735
16087	-2	4	66739
16088	-2	4	66743
16089	-2	4	66747
16090	-2	4	66751
16091	-2	4	66755
16092	-2	4	66759
16093	-2	4	66763
16094	-2	4	66767
16095	-4	6	66773
16096	-2	4	66777
16097	-2	4	66781
16098	-2	4	66785
16099	-2	4	66789
16100	-2	4	66793
16101	-2	4	66797
16102	-2	4	66801
16103	-2	4	66805
16104	-2	4	66809
16105	-2	4	66813
16106	-2	4	66817
16107	-2	4	66821
16108	-2	4	66825
16109	-2	4	66829
16110	-3	5	66834
16111	-2	4	66838
16112	-2	4	66842
16113	-2	4	66846
16114	-2	4	66850
16115	-2	4	66854
16116	-2	4	66858
16117	-2	4	66862
16118	-2	4	66866
16119	-2	4	66870
16120	-2	4	66874
16121	-2	4	66878
16122	-2	4	66882
16123	-2	4	66886
16124	-2	4	66890
16125	-2	4	66894
16126	-2	4	66898
16127	-2	4	66902
16128	-2	4	66906
16129	-4	6	66912
16130	-2	4	66916
16131	-2	4	66920
16132	-3	5	66925
16133	-2	4	66929
16134	-2	4	66933
16135	-2	4	66937
16136	-2	4	66941
16137	-2	4	66945
16138	-2	4	66949
16139	-2	4	66953
16140	-2	4	66957
16141	-4	6	66963
16142	-2	4	66967
16143	-2	4	66971
16144	-4	6	66977
16145	-2	4	66981
16146	-4	6	66987
16147	-2	4	66991
16148	-2	4	66995
16149	-2	4	66999
16150	-2	4	67003
16151	-2	4	67007
16152	-2	4	67011
16153	-2	4	67015
16154	-2	4	67019
16155	-2	4	67023
16156	-2	4	67027
16157	-2	4	67031
16158	-2	4	67035
16159	-2	4	67039
16160	-2	4	67043
16161	-2	4	67047
16162	-2	4	67051
16163	-2	4	67055
16164	-2	4	67059
16165	-2	4	67063
16166	-2	4	67067
16167	-2	4	67071
16168	-2	4	67075
16169	-2	4	67079
16170	-2	4	67083
16171	-2	4	67087
16172	-2	4	67091
16173	-2	4	67095
16174	-2	4	67099
16175	-2	4	67103
16176	-3	5	67108
16177	-2	4	67112
16178	-2	4	67116
16179	-2	4	67120
16180	-2	4	67124
16181	-2	4	67128
16182	-2	4	67132
16183	-2	4	67136
16184	-2	4	67140
16185	-3	5	67145
16186	-2	4	67149
16187	-2	4	67153
16188	-2	4	67157
16189	-2	4	67161
16190	-2	4	67165
16191	-2	4	67169
16192	-2	4	67173
16193	-2	4	67177
16194	-4	6	67183
16195	-2	4	67187
16196	-4	6	67193
16197	-2	4	67197
16198	-2	4	67201
16199	-2	4	67205
16200	-2	4	67209
16201	-2	4	67213
16202	-2	4	67217
16203	-2	4	67221
16204	-2	4	67225
16205	-4	6	67231
16206	-2	4	67235
16207	-4	6	67241
16208	-2	4	67245
16209	-2	4	67249
16210	-2	4	67253
16211	-2	4	67257
16212	-2	4	67261
16213	-2	4	67265
16214	-2	4	67269
16215	-2	4	67273
16216	-2	4	67277
16217	-3	5	67282
16218	-2	4	67286
16219	-2	4	67290
16220	-2	4	67294
16221	-2	4	67298
16222	-2	4	67302
16223	-2	4	67306
16224	-2	4	67310
16225	-2	4	67314
16226	-2	4	67318
16227	-2	4	67322
16228	-2	4	67326
16229	-2	4	67330
16230	-3	5	67335
16231	-2	4	67339
16232	-4	6	67345
16233	-2	4	67349
16234	-2	4	67353
16235	-2	4	67357
16236	-2	4	67361
16237	-2	4	67365
16238	-2	4	67369
16239	-2	4	67373
16240	-4	6	67379
16241	-2	4	67383
16242	-2	4	67387
16243	-2	4	67391
16244	-2	4	67395
16245	-2	4	67399
16246	-2	4	67403
16247	-2	4	67407
16248	-4	6	67413
16249	-2	4	67417
16250	-2	4	67421
16251	-2	4	67425
16252	-2	4	67429
16253	-2	4	67433
16254	-2	4	67437
16255	-2	4	67441
16256	-2	4	67445
16257	-2	4	67449
16258	-2	4	67453
16259	-2	4	67457
16260	-2	4	67461
16261	-4	6	67467
16262	-2	4	67471
16263	-2	4	67475
16264	-2	4	67479
16265	-2	4	67483
16266	-2	4	67487
16267	-2	4	67491
16268	-2	4	67495
16269	-2	4	67499
16270	-2	4	67503
16271	-2	4	67507
16272	-2	4	67511
16273	-2	4	67515
16274	-2	4	67519
16275	-4	6	67525
16276	-2	4	67529
16277	-2	4	67533
16278	-4	6	67539
16279	-2	4	67543
16280	-2	4	67547
16281	-2	4	67551
16282	-2	4	67555
16283	-2	4	67559
16284	-2	4	67563
16285	-2	4	67567
16286	-2	4	67571
16287	-2	4	67575
16288	-2	4	67579
16289	-2	4	67583
16290	-2	4	67587
16291	-2	4	67591
16292	-2	4	67595
16293	-3	5	67600
16294	-2	4	67604
16295	-2	4	67608
16296	-2	4	67612
16297	-2	4	67616
16298	-2	4	67620
16299	-4	6	67626
16300	-2	4	67630
16301	-2	4	67634
16302	-2	4	67638
16303	-2	4	67642
16304	-2	4	67646
16305	-3	5	67651
16306	-2	4	67655
16307	-2	4	67659
16308	-2	4	67663
16309	-2	4	67667
16310	-2	4	67671
16311	-2	4	67675
16312	-2	4	67679
16313	-3	5	67684
16314	-2	4	67688
16315	-2	4	67692
16316	-2	4	67696
16317	-2	4	67700
16318	-3	5	67705
16319	-2	4	67709
16320	-2	4	67713
16321	-2	4	67717
16322	-2	4	67721
16323	-2	4	67725
16324	-2	4	67729
16325	-2	4	67733
16326	-2	4	67737
16327	-2	4	67741
16328	-2	4	67745
16329	-2	4	67749
16330	-2	4	67753
16331	-2	4	67757
16332	-2	4	67761
16333	-2	4	67765
16334	-2	4	67769
16335	-2	4	67773
16336	-2	4	67777
16337	-2	4	67781
16338	-2	4	67785
16339	-2	4	67789
16340	-2	4	67793
16341	-2	4	67797
16342	-2	4	67801
16343	-2	4	67805
16344	-2	4	67809
16345	-2	4	67813
16346	-2	4	67817
16347	-2	4	67821
16348	-2	4	67825
16349	-2	4	67829
16350	-2	4	67833
16351	-2	4	67837
16352	-2	4	67841
16353	-2	4	67845
16354	-2	4	67849
16355	-2	4	67853
16356	-2	4	67857
16357	-2	4	67861
16358	-2	4	67865
16359	-2	4	67869
16360	-2	4	67873
16361	-2	4	67877
16362	-2	4	67881
16363	-2	4	67885
16364	-2	4	67889
16365	-2	4	67893
16366	-2	4	67897
16367	-2	4	67901
16368	-2	4	67905
16369	-2	4	67909
16370	-2	4	67913
16371	-2	4	67917
16372	-2	4	67921
16373	-2	4	67925
16374	-2	4	67929
16375	-2	4	67933
16376	-2	4	67937
16377	-2	4	67941
16378	-2	4	67945
16379	-2	4	67949
16380	-2	4	67953
16381	-2	4	67957
16382	-2	4	67961
16383	-4	6	67967
16384	-2	4	67971
16385	-2	4	67975
16386	-2	4	67979
16387	-2	4	67983
16388	-2	4	67987
16389	-2	4	67991
16390	-2	4	67995
16391	-2	4	67999
16392	-2	4	68003
16393	-2	4	68007
16394	-2	4	68011
16395	-2	4	68015
16396	-2	4	68019
16397	-2	4	68023
16398	-2	4	68027
16399	-2	4	68031
16400	-2	4	68035
16401	-2	4	68039
16402	-2	4	68043
16403	-2	4	68047
16404	-2	4	68051
16405	-2	4	68055
16406	-2	4	68059
16407	-2	4	68063
16408	-2	4	68067
16409	-2	4	68071
16410	-2	4	68075
16411	-2	4	68079
16412	-2	4	68083
16413	-2	4	68087
16414	-2	4	68091
16415	-2	4	68095
16416	-2	4	68099
16417	-2	4	68103
16418	-2	4	68107
16419	-2	4	68111
16420	-2	4	68115
16421	-2	4	68119
16422	-2	4	68123
16423	-2	4	68127
16424	-2	4	68131
16425	-2	4	68135
16426	-2	4	68139
16427	-2	4	68143
16428	-2	4	68147
16429	-2	4	68151
16430	-4	6	68157
16431	-2	4	68161
16432	-2	4	68165
16433	-2	4	68169
16434	-2	4	68173
16435	-2	4	68177
16436	-2	4	68181
16437	-2	4	68185
16438	-2	4	68189
16439	-2	4	68193
16440	-2	4	68197
16441	-2	4	68201
16442	-2	4	68205
16443	-2	4	68209
16444	-2	4	68213
16445	-3	5	68218
16446	-2	4	68222
16447	-2	4	68226
16448	-2	4	68230
16449	-2	4	68234
16450	-2	4	68238
16451	-2	4	68242
16452	-2	4	68246
16453	-2	4	68250
16454	-2	4	68254
16455	-2	4	68258
16456	-2	4	68262
16457	-2	4	68266
16458	-2	4	68270
16459	-2	4	68274
16460	-2	4	68278
16461	-2	4	68282
16462	-2	4	68286
16463	-2	4	68290
16464	-2	4	68294
16465	-2	4	68298
16466	-2	4	68302
16467	-2	4	68306
16468	-2	4	68310
16469	-2	4	68314
16470	-2	4	68318
16471	-2	4	68322
16472	-2	4	68326
16473	-2	4	68330
16474	-2	4	68334
16475	-2	4	68338
16476	-2	4	68342
16477	-2	4	68346
16478	-2	4	68350
16479	-2	4	68354
16480	-2	4	68358
16481	-2	4	68362
16482	-2	4	68366
16483	-2	4	68370
16484	-2	4	68374
16485	-2	4	68378
16486	-2	4	68382
16487	-2	4	68386
16488	-4	6	68392
16489	-2	4	68396
16490	-2	4	68400
16491	-2	4	68404
16492	-2	4	68408
16493	-2	4	68412
16494	-2	4	68416
16495	-2	4	68420
16496	-2	4	68424
16497	-2	4	68428
16498	-2	4	68432
16499	-2	4	68436
16500	-2	4	68440
16501	-2	4	68444
16502	-2	4	68448
16503	-2	4	68452
16504	-2	4	68456
16505	-4	6	68462
16506	-2	4	68466
16507	-2	4	68470
16508	-2	4	68474
16509	-2	4	68478
16510	-2	4	68482
16511	-2	4	68486
16512	-2	4	68490
16513	-2	4	68494
16514	-2	4	68498
16515	-2	4	68502
16516	-2	4	68506
16517	-6	8	68514
16518	-4	6	68520
16519	-2	4	68524
16520	-2	4	68528
16521	-2	4	68532
16522	-2	4	68536
16523	-2	4	68540
16524	-2	4	68544
16525	-2	4	68548
16526	-2	4	68552
16527	-2	4	68556
16528	-2	4	68560
16529	-2	4	68564
16530	-2	4	68568
16531	-2	4	68572
16532	-2	4	68576
16533	-2	4	68580
16534	-2	4	68584
16535	-2	4	68588
16536	-2	4	68592
16537	-3	5	68597
16538	-4	6	68603
16539	-2	4	68607
16540	-2	4	68611
16541	-2	4	68615
16542	-2	4	68619
16543	-2	4	68623
16544	-3	5	68628
16545	-2	4	68632
16546	-2	4	68636
16547	-2	4	68640
16548	-2	4	68644
16549	-2	4	68648
16550	-2	4	68652
16551	-2	4	68656
16552	-2	4	68660
16553	-2	4	68664
16554	-2	4	68668
16555	-2	4	68672
16556	-2	4	68676
16557	-2	4	68680
16558	-2	4	68684
16559	-2	4	68688
16560	-2	4	68692
16561	-2	4	68696
16562	-2	4	68700
16563	-2	4	68704
16564	-2	4	68708
16565	-2	4	68712
16566	-2	4	68716
16567	-2	4	68720
16568	-2	4	68724
16569	-2	4	68728
16570	-2	4	68732
16571	-2	4	68736
16572	-2	4	68740
16573	-2	4	68744
16574	-2	4	68748
16575	-2	4	68752
16576	-2	4	68756
16577	-4	6	68762
16578	-2	4	68766
16579	-2	4	68770
16580	-2	4	68774
16581	-2	4	68778
16582	-2	4	68782
16583	-2	4	68786
16584	-2	4	68790
16585	-2	4	68794
16586	-2	4	68798
16587	-2	4	68802
16588	-2	4	68806
16589	-2	4	68810
16590	-2	4	68814
16591	-2	4	68818
16592	-2	4	68822
16593	-2	4	68826
16594	-2	4	68830
16595	-2	4	68834
16596	-2	4	68838
16597	-2	4	68842
16598	-2	4	68846
16599	-2	4	68850
16600	-2	4	68854
16601	-2	4	68858
16602	-2	4	68862
16603	-2	4	68866
16604	-2	4	68870
16605	-2	4	68874
16606	-2	4	68878
16607	-2	4	68882
16608	-2	4	68886
16609	-2	4	68890
16610	-2	4	68894
16611	-2	4	68898
16612	-2	4	68902
16613	-2	4	68906
16614	-5	7	68913
16615	-2	4	68917
16616	-2	4	68921
16617	-2	4	68925
16618	-2	4	68929
16619	-2	4	68933
16620	-2	4	68937
16621	-2	4	68941
16622	-2	4	68945
16623	-2	4	68949
16624	-2	4	68953
16625	-2	4	68957
16626	-2	4	68961
16627	-2	4	68965
16628	-3	5	68970
16629	-2	4	68974
16630	-2	4	68978
16631	-2	4	68982
16632	-2	4	68986
16633	-2	4	68990
16634	-2	4	68994
16635	-2	4	68998
16636	-2	4	69002
16637	-2	4	69006
16638	-2	4	69010
16639	-2	4	69014
16640	-2	4	69018
16641	-2	4	69022
16642	-2	4	69026
16643	-2	4	69030
16644	-2	4	69034
16645	-2	4	69038
16646	-2	4	69042
16647	-2	4	69046
16648	-2	4	69050
16649	-2	4	69054
16650	-2	4	69058
16651	-4	6	69064
16652	-2	4	69068
16653	-5	7	69075
16654	-2	4	69079
16655	-2	4	69083
16656	-2	4	69087
16657	-2	4	69091
16658	-2	4	69095
16659	-2	4	69099
16660	-2	4	69103
16661	-2	4	69107
16662	-2	4	69111
16663	-2	4	69115
16664	-2	4	69119
16665	-2	4	69123
16666	-2	4	69127
16667	-2	4	69131
16668	-2	4	69135
16669	-2	4	69139
16670	-2	4	69143
16671	-2	4	69147
16672	-2	4	69151
16673	-2	4	69155
16674	-2	4	69159
16675	-2	4	69163
16676	-2	4	69167
16677	-2	4	69171
16678	-2	4	69175
16679	-2	4	69179
16680	-2	4	69183
16681	-2	4	69187
16682	-2	4	69191
16683	-2	4	69195
16684	-2	4	69199
16685	-2	4	69203
16686	-2	4	69207
16687	-2	4	69211
16688	-2	4	69215
16689	-2	4	69219
16690	-2	4	69223
16691	-2	4	69227
16692	-2	4	69231
16693	-3	5	69236
16694	-2	4	69240
16695	-2	4	69244
16696	-2	4	69248
16697	-2	4	69252
16698	-2	4	69256
16699	-2	4	69260
16700	-2	4	69264
16701	-2	4	69268
16702	-2	4	69272
16703	-2	4	69276
16704	-2	4	69280
16705	-2	4	69284
16706	-2	4	69288
16707	-2	4	69292
16708	-2	4	69296
16709	-2	4	69300
16710	-2	4	69304
16711	-2	4	69308
16712	-2	4	69312
16713	-2	4	69316
16714	-2	4	69320
16715	-2	4	69324
16716	-2	4	69328
16717	-6	8	69336
16718	-2	4	69340
16719	-2	4	69344
16720	-2	4	69348
16721	-2	4	69352
16722	-4	6	69358
16723	-2	4	69362
16724	-2	4	69366
16725	-2	4	69370
16726	-2	4	69374
16727	-2	4	69378
16728	-2	4	69382
16729	-2	4	69386
16730	-2	4	69390
16731	-2	4	69394
16732	-2	4	69398
16733	-2	4	69402
16734	-2	4	69406
16735	-2	4	69410
16736	-2	4	69414
16737	-2	4	69418
16738	-2	4	69422
16739	-2	4	69426
16740	-2	4	69430
16741	-2	4	69434
16742	-2	4	69438
16743	-2	4	69442
16744	-2	4	69446
16745	-2	4	69450
16746	-2	4	69454
16747	-4	6	69460
16748	-2	4	69464
16749	-2	4	69468
16750	-2	4	69472
16751	-2	4	69476
16752	-2	4	69480
16753	-2	4	69484
16754	-2	4	69488
16755	-2	4	69492
16756	-4	6	69498
16757	-2	4	69502
16758	-4	6	69508
16759	-2	4	69512
16760	-2	4	69516
16761	-2	4	69520
16762	-2	4	69524
16763	-2	4	69528
16764	-2	4	69532
16765	-2	4	69536
16766	-2	4	69540
16767	-2	4	69544
16768	-2	4	69548
16769	-2	4	69552
16770	-2	4	69556
16771	-2	4	69560
16772	-2	4	69564
16773	-2	4	69568
16774	-2	4	69572
16775	-2	4	69576
16776	-2	4	69580
16777	-2	4	69584
16778	-3	5	69589
16779	-2	4	69593
16780	-2	4	69597
16781	-2	4	69601
16782	-2	4	69605
16783	-4	6	69611
16784	-2	4	69615
16785	-2	4	69619
16786	-2	4	69623
16787	-2	4	69627
16788	-2	4	69631
16789	-2	4	69635
16790	-2	4	69639
16791	-2	4	69643
16792	-2	4	69647
16793	-2	4	69651
16794	-2	4	69655
16795	-2	4	69659
16796	-2	4	69663
16797	-2	4	69667
16798	-4	6	69673
16799	-2	4	69677
16800	-2	4	69681
16801	-2	4	69685
16802	-2	4	69689
16803	-2	4	69693
16804	-4	6	69699
16805	-2	4	69703
16806	-2	4	69707
16807	-2	4	69711
16808	-2	4	69715
16809	-4	6	69721
16810	-2	4	69725
16811	-2	4	69729
16812	-2	4	69733
16813	-2	4	69737
16814	-2	4	69741
16815	-2	4	69745
16816	-2	4	69749
16817	-2	4	69753
16818	-2	4	69757
16819	-2	4	69761
16820	-2	4	69765
16821	-2	4	69769
16822	-2	4	69773
16823	-2	4	69777
16824	-3	5	69782
16825	-2	4	69786
16826	-2	4	69790
16827	-2	4	69794
16828	-2	4	69798
16829	-2	4	69802
16830	-2	4	69806
16831	-2	4	69810
16832	-3	5	69815
16833	-2	4	69819
16834	-4	6	69825
16835	-2	4	69829
16836	-2	4	69833
16837	-2	4	69837
16838	-2	4	69841
16839	-2	4	69845
16840	-2	4	69849
16841	-2	4	69853
16842	-2	4	69857
16843	-2	4	69861
16844	-2	4	69865
16845	-2	4	69869
16846	-2	4	69873
16847	-2	4	69877
16848	-2	4	69881
16849	-2	4	69885
16850	-2	4	69889
16851	-4	6	69895
16852	-2	4	69899
16853	-2	4	69903
16854	-2	4	69907
16855	-2	4	69911
16856	-2	4	69915
16857	-2	4	69919
16858	-2	4	69923
16859	-2	4	69927
16860	-2	4	69931
16861	-2	4	69935
16862	-2	4	69939
16863	-2	4	69943
16864	-2	4	69947
16865	-2	4	69951
16866	-2	4	69955
16867	-2	4	69959
16868	-2	4	69963
16869	-4	6	69969
16870	-2	4	69973
16871	-2	4	69977
16872	-2	4	69981
16873	-2	4	69985
16874	-2	4	69989
16875	-2	4	69993
16876	-4	6	69999
16877	-2	4	70003
16878	-2	4	70007
16879	-2	4	70011
16880	-2	4	70015
16881	-2	4	70019
16882	-2	4	70023
16883	-2	4	70027
16884	-2	4	70031
16885	-2	4	70035
16886	-2	4	70039
16887	-2	4	70043
16888	-2	4	70047
16889	-2	4	70051
16890	-2	4	70055
16891	-2	4	70059
16892	-2	4	70063
16893	-2	4	70067
16894	-2	4	70071
16895	-2	4	70075
16896	-2	4	70079
16897	-2	4	70083
16898	-2	4	70087
16899	-2	4	70091
16900	-2	4	70095
16901	-2	4	70099
16902	-2	4	70103
16903	-2	4	70107
16904	-2	4	70111
16905	-2	4	70115
16906	-2	4	70119
16907	-2	4	70123
16908	-4	6	70129
16909	-2	4	70133
16910	-2	4	70137
16911	-2	4	70141
16912	-2	4	70145
16913	-2	4	70149
16914	-2	4	70153
16915	-2	4	70157
16916	-2	4	70161
16917	-2	4	70165
16918	-2	4	70169
16919	-2	4	70173
16920	-2	4	70177
16921	-3	5	70182
16922	-2	4	70186
16923	-2	4	70190
16924	-2	4	70194
16925	-2	4	70198
16926	-2	4	70202
16927	-2	4	70206
16928	-2	4	70210
16929	-2	4	70214
16930	-4	6	70220
16931	-2	4	70224
16932	-4	6	70230
16933	-2	4	70234
16934	-2	4	70238
16935	-2	4	70242
16936	-2	4	70246
16937	-2	4	70250
16938	-2	4	70254
16939	-2	4	70258
16940	-2	4	70262
16941	-2	4	70266
16942	-4	6	70272
16943	-2	4	70276
16944	-2	4	70280
16945	-2	4	70284
16946	-2	4	70288
16947	-2	4	70292
16948	-2	4	70296
16949	-2	4	70300
16950	-2	4	70304
16951	-2	4	70308
16952	-2	4	70312
16953	-2	4	70316
16954	-2	4	70320
16955	-2	4	70324
16956	-2	4	70328
16957	-2	4	70332
16958	-2	4	70336
16959	-2	4	70340
16960	-2	4	70344
16961	-2	4	70348
16962	-2	4	70352
16963	-2	4	70356
16964	-2	4	70360
16965	-2	4	70364
16966	-2	4	70368
16967	-2	4	70372
16968	-2	4	70376
16969	-2	4	70380
16970	-2	4	70384
16971	-2	4	70388
16972	-2	4	70392
16973	-2	4	70396
16974	-2	4	70400
16975	-4	6	70406
16976	-2	4	70410
16977	-2	4	70414
16978	-2	4	70418
16979	-2	4	70422
16980	-2	4	70426
16981	-2	4	70430
16982	-2	4	70434
16983	-2	4	70438
16984	-2	4	70442
16985	-2	4	70446
16986	-2	4	70450
16987	-2	4	70454
16988	-2	4	70458
16989	-2	4	70462
16990	-4	6	70468
16991	-2	4	70472
16992	-2	4	70476
16993	-2	4	70480
16994	-2	4	70484
16995	-2	4	70488
16996	-2	4	70492
16997	-2	4	70496
16998	-2	4	70500
16999	-2	4	70504
17000	-2	4	70508
17001	-4	6	70514
17002	-2	4	70518
17003	-2	4	70522
17004	-2	4	70526
17005	-2	4	70530
17006	-2	4	70534
17007	-2	4	70538
17008	-2	4	70542
17009	-2	4	70546
17010	-2	4	70550
17011	-2	4	70554
17012	-2	4	70558
17013	-2	4	70562
17014	-2	4	70566
17015	-2	4	70570
17016	-2	4	70574
17017	-2	4	70578
17018	-2	4	70582
17019	-2	4	70586
17020	-2	4	70590
17021	-4	6	70596
17022	-2	4	70600
17023	-2	4	70604
17024	-4	6	70610
17025	-2	4	70614
17026	-2	4	70618
17027	-2	4	70622
17028	-2	4	70626
17029	-2	4	70630
17030	-2	4	70634
17031	-2	4	70638
17032	-3	5	70643
17033	-2	4	70647
17034	-2	4	70651
17035	-2	4	70655
17036	-2	4	70659
17037	-2	4	70663
17038	-2	4	70667
17039	-2	4	70671
17040	-2	4	70675
17041	-2	4	70679
17042	-2	4	70683
17043	-2	4	70687
17044	-2	4	70691
17045	-2	4	70695
17046	-2	4	70699
17047	-4	6	70705
17048	-2	4	70709
17049	-2	4	70713
17050	-2	4	70717
17051	-2	4	70721
17052	-2	4	70725
17053	-2	4	70729
17054	-2	4	70733
17055	-2	4	70737
17056	-2	4	70741
17057	-4	6	70747
17058	-2	4	70751
17059	-2	4	70755
17060	-2	4	70759
17061	-2	4	70763
17062	-2	4	70767
17063	-2	4	70771
17064	-2	4	70775
17065	-2	4	70779
17066	-2	4	70783
17067	-2	4	70787
17068	-2	4	70791
17069	-2	4	70795
17070	-2	4	70799
17071	-2	4	70803
17072	-2	4	70807
17073	-2	4	70811
17074	-2	4	70815
17075	-2	4	70819
17076	-2	4	70823
17077	-2	4	70827
17078	-2	4	70831
17079	-2	4	70835
17080	-2	4	70839
17081	-2	4	70843
17082	-2	4	70847
17083	-2	4	70851
17084	-2	4	70855
17085	-2	4	70859
17086	-2	4	70863
17087	-2	4	70867
17088	-2	4	70871
17089	-4	6	70877
17090	-2	4	70881
17091	-2	4	70885
17092	-2	4	70889
17093	-2	4	70893
17094	-2	4	70897
17095	-2	4	70901
17096	-3	5	70906
17097	-2	4	70910
17098	-2	4	70914
17099	-2	4	70918
17100	-4	6	70924
17101	-2	4	70928
17102	-2	4	70932
17103	-2	4	70936
17104	-2	4	70940
17105	-2	4	70944
17106	-2	4	70948
17107	-2	4	70952
17108	-2	4	70956
17109	-2	4	70960
17110	-2	4	70964
17111	-2	4	70968
17112	-2	4	70972
17113	-2	4	70976
17114	-2	4	70980
17115	-2	4	70984
17116	-2	4	70988
17117	-2	4	70992
17118	-2	4	70996
17119	-2	4	71000
17120	-2	4	71004
17121	-2	4	71008
17122	-2	4	71012
17123	-2	4	71016
17124	-2	4	71020
17125	-2	4	71024
17126	-2	4	71028
17127	-2	4	71032
17128	-2	4	71036
17129	-2	4	71040
17130	-2	4	71044
17131	-4	6	71050
17132	-2	4	71054
17133	-2	4	71058
17134	-2	4	71062
17135	-2	4	71066
17136	-2	4	71070
17137	-2	4	71074
17138	-4	6	71080
17139	-2	4	71084
17140	-2	4	71088
17141	-2	4	71092
17142	-2	4	71096
17143	-2	4	71100
17144	-4	6	71106
17145	-2	4	71110
17146	-2	4	71114
17147	-2	4	71118
17148	-2	4	71122
17149	-2	4	71126
17150	-2	4	71130
17151	-2	4	71134
17152	-2	4	71138
17153	-2	4	71142
17154	-2	4	71146
17155	-2	4	71150
17156	-2	4	71154
17157	-2	4	71158
17158	-2	4	71162
17159	-2	4	71166
17160	-2	4	71170
17161	-2	4	71174
17162	-2	4	71178
17163	-4	6	71184
17164	-2	4	71188
17165	-4	6	71194
17166	-2	4	71198
17167	-2	4	71202
17168	-2	4	71206
17169	-2	4	71210
17170	-2	4	71214
17171	-2	4	71218
17172	-2	4	71222
17173	-2	4	71226
17174	-2	4	71230
17175	-2	4	71234
17176	-2	4	71238
17177	-2	4	71242
17178	-4	6	71248
17179	-2	4	71252
17180	-4	6	71258
17181	-2	4	71262
17182	-2	4	71266
17183	-2	4	71270
17184	-2	4	71274
17185	-2	4	71278
17186	-4	6	71284
17187	-2	4	71288
17188	-2	4	71292
17189	-2	4	71296
17190	-2	4	71300
17191	-2	4	71304
17192	-2	4	71308
17193	-2	4	71312
17194	-2	4	71316
17195	-2	4	71320
17196	-2	4	71324
17197	-2	4	71328
17198	-4	6	71334
17199	-2	4	71338
17200	-2	4	71342
17201	-2	4	71346
17202	-2	4	71350
17203	-2	4	71354
17204	-2	4	71358
17205	-2	4	71362
17206	-4	6	71368
17207	-2	4	71372
17208	-2	4	71376
17209	-2	4	71380
17210	-2	4	71384
17211	-4	6	71390
17212	-2	4	71394
17213	-2	4	71398
17214	-2	4	71402
17215	-2	4	71406
17216	-2	4	71410
17217	-2	4	71414
17218	-2	4	71418
17219	-2	4	71422
17220	-2	4	71426
17221	-2	4	71430
17222	-2	4	71434
17223	-2	4	71438
17224	-2	4	71442
17225	-2	4	71446
17226	-2	4	71450
17227	-2	4	71454
17228	-2	4	71458
17229	-2	4	71462
17230	-2	4	71466
17231	-2	4	71470
17232	-2	4	71474
17233	-2	4	71478
17234	-2	4	71482
17235	-2	4	71486
17236	-2	4	71490
17237	-2	4	71494
17238	-2	4	71498
17239	-2	4	71502
17240	-2	4	71506
17241	-2	4	71510
17242	-2	4	71514
17243	-2	4	71518
17244	-2	4	71522
17245	-2	4	71526
17246	-2	4	71530
17247	-2	4	71534
17248	-2	4	71538
17249	-2	4	71542
17250	-2	4	71546
17251	-2	4	71550
17252	-2	4	71554
17253	-2	4	71558
17254	-2	4	71562
17255	-2	4	71566
17256	-4	6	71572
17257	-2	4	71576
17258	-2	4	71580
17259	-2	4	71584
17260	-2	4	71588
17261	-2	4	71592
17262	-2	4	71596
17263	-2	4	71600
17264	-2	4	71604
17265	-2	4	71608
17266	-4	6	71614
17267	-4	6	71620
17268	-2	4	71624
17269	-2	4	71628
17270	-2	4	71632
17271	-2	4	71636
17272	-2	4	71640
17273	-2	4	71644
17274	-2	4	71648
17275	-2	4	71652
17276	-2	4	71656
17277	-2	4	71660
17278	-2	4	71664
17279	-2	4	71668
17280	-2	4	71672
17281	-2	4	71676
17282	-2	4	71680
17283	-2	4	71684
17284	-2	4	71688
17285	-2	4	71692
17286	-2	4	71696
17287	-2	4	71700
17288	-2	4	71704
17289	-2	4	71708
17290	-2	4	71712
17291	-2	4	71716
17292	-2	4	71720
17293	-2	4	71724
17294	-2	4	71728
17295	-2	4	71732
17296	-2	4	71736
17297	-2	4	71740
17298	-2	4	71744
17299	-2	4	71748
17300	-2	4	71752
17301	-2	4	71756
17302	-2	4	71760
17303	-2	4	71764
17304	-2	4	71768
17305	-2	4	71772
17306	-2	4	71776
17307	-2	4	71780
17308	-2	4	71784
17309	-2	4	71788
17310	-2	4	71792
17311	-2	4	71796
17312	-2	4	71800
17313	-2	4	71804
17314	-2	4	71808
17315	-2	4	71812
17316	-2	4	71816
17317	-2	4	71820
17318	-2	4	71824
17319	-2	4	71828
17320	-2	4	71832
17321	-2	4	71836
17322	-2	4	71840
17323	-2	4	71844
17324	-3	5	71849
17325	-2	4	71853
17326	-2	4	71857
17327	-2	4	71861
17328	-2	4	71865
17329	-2	4	71869
17330	-2	4	71873
17331	-2	4	71877
17332	-2	4	71881
17333	-2	4	71885
17334	-2	4	71889
17335	-2	4	71893
17336	-2	4	71897
17337	-2	4	71901
17338	-2	4	71905
17339	-2	4	71909
17340	-2	4	71913
17341	-4	6	71919
17342	-2	4	71923
17343	-2	4	71927
17344	-2	4	71931
17345	-2	4	71935
17346	-2	4	71939
17347	-4	6	71945
17348	-2	4	71949
17349	-2	4	71953
17350	-4	6	71959
17351	-2	4	71963
17352	-2	4	71967
17353	-2	4	71971
17354	-2	4	71975
17355	-2	4	71979
17356	-2	4	71983
17357	-2	4	71987
17358	-2	4	71991
17359	-2	4	71995
17360	-2	4	71999
17361	-4	6	72005
17362	-2	4	72009
17363	-2	4	72013
17364	-2	4	72017
17365	-2	4	72021
17366	-2	4	72025
17367	-2	4	72029
17368	-2	4	72033
17369	-2	4	72037
17370	-2	4	72041
17371	-2	4	72045
17372	-2	4	72049
17373	-2	4	72053
17374	-2	4	72057
17375	-2	4	72061
17376	-2	4	72065
17377	-2	4	72069
17378	-2	4	72073
17379	-2	4	72077
17380	-2	4	72081
17381	-2	4	72085
17382	-2	4	72089
17383	-2	4	72093
17384	-2	4	72097
17385	-2	4	72101
17386	-2	4	72105
17387	-2	4	72109
17388	-4	6	72115
17389	-2	4	72119
17390	-2	4	72123
17391	-2	4	72127
17392	-2	4	72131
17393	-2	4	72135
17394	-2	4	72139
17395	-2	4	72143
17396	-2	4	72147
17397	-4	6	72153
17398	-2	4	72157
17399	-2	4	72161
17400	-2	4	72165
17401	-2	4	72169
17402	-2	4	72173
17403	-2	4	72177
17404	-2	4	72181
17405	-2	4	72185
17406	-2	4	72189
17407	-2	4	72193
17408	-2	4	72197
17409	-2	4	72201
17410	-2	4	72205
17411	-2	4	72209
17412	-2	4	72213
17413	-3	5	72218
17414	-2	4	72222
17415	-2	4	72226
17416	-2	4	72230
17417	-2	4	72234
17418	-2	4	72238
17419	-2	4	72242
17420	-2	4	72246
17421	-2	4	72250
17422	-2	4	72254
17423	-2	4	72258
17424	-2	4	72262
17425	-2	4	72266
17426	-2	4	72270
17427	-2	4	72274
17428	-2	4	72278
17429	-2	4	72282
17430	-2	4	72286
17431	-2	4	72290
17432	-2	4	72294
17433	-2	4	72298
17434	-2	4	72302
17435	-2	4	72306
17436	-2	4	72310
17437	-2	4	72314
17438	-2	4	72318
17439	-2	4	72322
17440	-2	4	72326
17441	-4	6	72332
17442	-2	4	72336
17443	-2	4	72340
17444	-2	4	72344
17445	-3	5	72349
17446	-4	6	72355
17447	-2	4	72359
17448	-2	4	72363
17449	-2	4	72367
17450	-2	4	72371
17451	-2	4	72375
17452	-2	4	72379
17453	-2	4	72383
17454	-3	5	72388
17455	-2	4	72392
17456	-2	4	72396
17457	-2	4	72400
17458	-2	4	72404
17459	-3	5	72409
17460	-2	4	72413
17461	-2	4	72417
17462	-4	6	72423
17463	-2	4	72427
17464	-2	4	72431
17465	-2	4	72435
17466	-2	4	72439
17467	-2	4	72443
17468	-2	4	72447
17469	-2	4	72451
17470	-2	4	72455
17471	-2	4	72459
17472	-2	4	72463
17473	-3	5	72468
17474	-2	4	72472
17475	-2	4	72476
17476	-2	4	72480
17477	-2	4	72484
17478	-2	4	72488
17479	-2	4	72492
17480	-2	4	72496
17481	-4	6	72502
17482	-2	4	72506
17483	-2	4	72510
17484	-4	6	72516
17485	-2	4	72520
17486	-2	4	72524
17487	-2	4	72528
17488	-2	4	72532
17489	-2	4	72536
17490	-2	4	72540
17491	-2	4	72544
17492	-2	4	72548
17493	-2	4	72552
17494	-2	4	72556
17495	-2	4	72560
17496	-2	4	72564
17497	-2	4	72568
17498	-2	4	72572
17499	-2	4	72576
17500	-2	4	72580
17501	-2	4	72584
17502	-2	4	72588
17503	-2	4	72592
17504	-2	4	72596
17505	-2	4	72600
17506	-2	4	72604
17507	-2	4	72608
17508	-2	4	72612
17509	-2	4	72616
17510	-2	4	72620
17511	-2	4	72624
17512	-3	5	72629
17513	-2	4	72633
17514	-2	4	72637
17515	-4	6	72643
17516	-3	5	72648
17517	-2	4	72652
17518	-5	7	72659
17519	-2	4	72663
17520	-2	4	72667
17521	-2	4	72671
17522	-2	4	72675
17523	-2	4	72679
17524	-2	4	72683
17525	-2	4	72687
17526	-2	4	72691
17527	-2	4	72695
17528	-2	4	72699
17529	-2	4	72703
17530	-2	4	72707
17531	-2	4	72711
17532	-2	4	72715
17533	-2	4	72719
17534	-2	4	72723
17535	-2	4	72727
17536	-2	4	72731
17537	-2	4	72735
17538	-2	4	72739
17539	-4	6	72745
17540	-2	4	72749
17541	-2	4	72753
17542	-2	4	72757
17543	-2	4	72761
17544	-2	4	72765
17545	-2	4	72769
17546	-2	4	72773
17547	-2	4	72777
17548	-2	4	72781
17549	-2	4	72785
17550	-2	4	72789
17551	-2	4	72793
17552	-2	4	72797
17553	-4	6	72803
17554	-2	4	72807
17555	-2	4	72811
17556	-2	4	72815
17557	-2	4	72819
17558	-2	4	72823
17559	-2	4	72827
17560	-2	4	72831
17561	-2	4	72835
17562	-2	4	72839
17563	-2	4	72843
17564	-2	4	72847
17565	-2	4	72851
17566	-2	4	72855
17567	-2	4	72859
17568	-2	4	72863
17569	-2	4	72867
17570	-2	4	72871
17571	-2	4	72875
17572	-2	4	72879
17573	-2	4	72883
17574	-2	4	72887
17575	-2	4	72891
17576	-2	4	72895
17577	-2	4	72899
17578	-2	4	72903
17579	-2	4	72907
17580	-2	4	72911
17581	-2	4	72915
17582	-2	4	72919
17583	-2	4	72923
17584	-2	4	72927
17585	-2	4	72931
17586	-2	4	72935
17587	-2	4	72939
17588	-2	4	72943
17589	-2	4	72947
17590	-2	4	72951
17591	-2	4	72955
17592	-2	4	72959
17593	-2	4	72963
17594	-2	4	72967
17595	-2	4	72971
17596	-2	4	72975
17597	-2	4	72979
17598	-2	4	72983
17599	-2	4	72987
17600	-2	4	72991
17601	-2	4	72995
17602	-2	4	72999
17603	-2	4	73003
17604	-4	6	73009
17605	-2	4	73013
17606	-2	4	73017
17607	-2	4	73021
17608	-2	4	73025
17609	-2	4	73029
17610	-2	4	73033
17611	-2	4	73037
17612	-2	4	73041
17613	-3	5	73046
17614	-2	4	73050
17615	-2	4	73054
17616	-2	4	73058
17617	-2	4	73062
17618	-2	4	73066
17619	-2	4	73070
17620	-2	4	73074
17621	-2	4	73078
17622	-2	4	73082
17623	-2	4	73086
17624	-2	4	73090
17625	-2	4	73094
17626	-2	4	73098
17627	-2	4	73102
17628	-2	4	73106
17629	-2	4	73110
17630	-2	4	73114
17631	-2	4	73118
17632	-2	4	73122
17633	-2	4	73126
17634	-2	4	73130
17635	-2	4	73134
17636	-2	4	73138
17637	-2	4	73142
17638	-2	4	73146
17639	-2	4	73150
17640	-2	4	73154
17641	-2	4	73158
17642	-2	4	73162
17643	-2	4	73166
17644	-2	4	73170
17645	-2	4	73174
17646	-2	4	73178
17647	-2	4	73182
17648	-2	4	73186
17649	-2	4	73190
17650	-2	4	73194
17651	-2	4	73198
17652	-2	4	73202
17653	-2	4	73206
17654	-2	4	73210
17655	-2	4	73214
17656	-3	5	73219
17657	-2	4	73223
17658	-2	4	73227
17659	-2	4	73231
17660	-2	4	73235
17661	-2	4	73239
17662	-2	4	73243
17663	-2	4	73247
17664	-2	4	73251
17665	-2	4	73255
17666	-2	4	73259
17667	-2	4	73263
17668	-2	4	73267
17669	-2	4	73271
17670	-2	4	73275
17671	-2	4	73279
17672	-2	4	73283
17673	-4	6	73289
17674	-2	4	73293
17675	-2	4	73297
17676	-2	4	73301
17677	-2	4	73305
17678	-2	4	73309
17679	-2	4	73313
17680	-2	4	73317
17681	-2	4	73321
17682	-2	4	73325
17683	-2	4	73329
17684	-3	5	73334
17685	-2	4	73338
17686	-2	4	73342
17687	-4	6	73348
17688	-2	4	73352
17689	-2	4	73356
17690	-2	4	73360
17691	-2	4	73364
17692	-2	4	73368
17693	-2	4	73372
17694	-2	4	73376
17695	-2	4	73380
17696	-2	4	73384
17697	-2	4	73388
17698	-2	4	73392
17699	-2	4	73396
17700	-2	4	73400
17701	-2	4	73404
17702	-2	4	73408
17703	-2	4	73412
17704	-4	6	73418
17705	-2	4	73422
17706	-2	4	73426
17707	-2	4	73430
17708	-2	4	73434
17709	-2	4	73438
17710	-2	4	73442
17711	-2	4	73446
17712	-2	4	73450
17713	-2	4	73454
17714	-4	6	73460
17715	-2	4	73464
17716	-2	4	73468
17717	-2	4	73472
17718	-2	4	73476
17719	-2	4	73480
17720	-2	4	73484
17721	-2	4	73488
17722	-2	4	73492
17723	-2	4	73496
17724	-2	4	73500
17725	-2	4	73504
17726	-2	4	73508
17727	-4	6	73514
17728	-2	4	73518
17729	-2	4	73522
17730	-2	4	73526
17731	-2	4	73530
17732	-4	6	73536
17733	-2	4	73540
17734	-3	5	73545
17735	-2	4	73549
17736	-2	4	73553
17737	-2	4	73557
17738	-2	4	73561
17739	-2	4	73565
17740	-2	4	73569
17741	-2	4	73573
17742	-2	4	73577
17743	-2	4	73581
17744	-2	4	73585
17745	-2	4	73589
17746	-2	4	73593
17747	-2	4	73597
17748	-2	4	73601
17749	-2	4	73605
17750	-2	4	73609
17751	-2	4	73613
17752	-2	4	73617
17753	-2	4	73621
17754	-2	4	73625
17755	-2	4	73629
17756	-2	4	73633
17757	-2	4	73637
17758	-2	4	73641
17759	-2	4	73645
17760	-2	4	73649
17761	-2	4	73653
17762	-2	4	73657
17763	-2	4	73661
17764	-2	4	73665
17765	-2	4	73669
17766	-2	4	73673
17767	-2	4	73677
17768	-2	4	73681
17769	-2	4	73685
17770	-2	4	73689
17771	-2	4	73693
17772	-2	4	73697
17773	-2	4	73701
17774	-2	4	73705
17775	-2	4	73709
17776	-2	4	73713
17777	-2	4	73717
17778	-2	4	73721
17779	-2	4	73725
17780	-2	4	73729
17781	-2	4	73733
17782	-2	4	73737
17783	-2	4	73741
17784	-2	4	73745
17785	-2	4	73749
17786	-2	4	73753
17787	-2	4	73757
17788	-2	4	73761
17789	-2	4	73765
17790	-2	4	73769
17791	-2	4	73773
17792	-2	4	73777
17793	-2	4	73781
17794	-2	4	73785
17795	-2	4	73789
17796	-2	4	73793
17797	-2	4	73797
17798	-2	4	73801
17799	-2	4	73805
17800	-4	6	73811
17801	-2	4	73815
17802	-2	4	73819
17803	-2	4	73823
17804	-2	4	73827
17805	-2	4	73831
17806	-3	5	73836
17807	-2	4	73840
17808	-2	4	73844
17809	-2	4	73848
17810	-2	4	73852
17811	-2	4	73856
17812	-2	4	73860
17813	-2	4	73864
17814	-2	4	73868
17815	-2	4	73872
17816	-2	4	73876
17817	-2	4	73880
17818	-2	4	73884
17819	-2	4	73888
17820	-2	4	73892
17821	-2	4	73896
17822	-2	4	73900
17823	-2	4	73904
17824	-2	4	73908
17825	-2	4	73912
17826	-2	4	73916
17827	-4	6	73922
17828	-2	4	73926
17829	-2	4	73930
17830	-2	4	73934
17831	-2	4	73938
17832	-2	4	73942
17833	-2	4	73946
17834	-2	4	73950
17835	-2	4	73954
17836	-4	6	73960
17837	-2	4	73964
17838	-2	4	73968
17839	-2	4	73972
17840	-2	4	73976
17841	-2	4	73980
17842	-2	4	73984
17843	-2	4	73988
17844	-2	4	73992
17845	-2	4	73996
17846	-2	4	74000
17847	-2	4	74004
17848	-2	4	74008
17849	-2	4	74012
17850	-2	4	74016
17851	-2	4	74020
17852	-2	4	74024
17853	-3	5	74029
17854	-2	4	74033
17855	-2	4	74037
17856	-2	4	74041
17857	-2	4	74045
17858	-2	4	74049
17859	-2	4	74053
17860	-2	4	74057
17861	-2	4	74061
17862	-2	4	74065
17863	-2	4	74069
17864	-2	4	74073
17865	-2	4	74077
17866	-2	4	74081
17867	-2	4	74085
17868	-2	4	74089
17869	-2	4	74093
17870	-2	4	74097
17871	-2	4	74101
17872	-2	4	74105
17873	-2	4	74109
17874	-2	4	74113
17875	-2	4	74117
17876	-2	4	74121
17877	-2	4	74125
17878	-2	4	74129
17879	-2	4	74133
17880	-2	4	74137
17881	-2	4	74141
17882	-2	4	74145
17883	-2	4	74149
17884	-2	4	74153
17885	-2	4	74157
17886	-2	4	74161
17887	-2	4	74165
17888	-2	4	74169
17889	-4	6	74175
17890	-2	4	74179
17891	-2	4	74183
17892	-2	4	74187
17893	-2	4	74191
17894	-2	4	74195
17895	-4	6	74201
17896	-2	4	74205
17897	-2	4	74209
17898	-2	4	74213
17899	-2	4	74217
17900	-2	4	74221
17901	-2	4	74225
17902	-2	4	74229
17903	-2	4	74233
17904	-2	4	74237
17905	-2	4	74241
17906	-2	4	74245
17907	-3	5	74250
17908	-2	4	74254
17909	-2	4	74258
17910	-2	4	74262
17911	-2	4	74266
17912	-2	4	74270
17913	-2	4	74274
17914	-2	4	74278
17915	-2	4	74282
17916	-3	5	74287
17917	-2	4	74291
17918	-2	4	74295
17919	-2	4	74299
17920	-4	6	74305
17921	-2	4	74309
17922	-2	4	74313
17923	-2	4	74317
17924	-2	4	74321
17925	-2	4	74325
17926	-2	4	74329
17927	-4	6	74335
17928	-2	4	74339
17929	-2	4	74343
17930	-2	4	74347
17931	-2	4	74351
17932	-2	4	74355
17933	-2	4	74359
17934	-2	4	74363
17935	-2	4	74367
17936	-2	4	74371
17937	-2	4	74375
17938	-2	4	74379
17939	-2	4	74383
17940	-2	4	74387
17941	-2	4	74391
17942	-2	4	74395
17943	-2	4	74399
17944	-2	4	74403
17945	-2	4	74407
17946	-2	4	74411
17947	-2	4	74415
17948	-4	6	74421
17949	-2	4	74425
17950	-2	4	74429
17951	-2	4	74433
17952	-2	4	74437
17953	-2	4	74441
17954	-2	4	74445
17955	-2	4	74449
17956	-2	4	74453
17957	-2	4	74457
17958	-2	4	74461
17959	-2	4	74465
17960	-4	6	74471
17961	-2	4	74475
17962	-2	4	74479
17963	-2	4	74483
17964	-2	4	74487
17965	-2	4	74491
17966	-2	4	74495
17967	-2	4	74499
17968	-2	4	74503
17969	-2	4	74507
17970	-2	4	74511
17971	-2	4	74515
17972	-4	6	74521
17973	-2	4	74525
17974	-2	4	74529
17975	-3	5	74534
17976	-2	4	74538
17977	-2	4	74542
17978	-2	4	74546
17979	-2	4	74550
17980	-2	4	74554
17981	-2	4	74558
17982	-2	4	74562
17983	-2	4	74566
17984	-2	4	74570
17985	-2	4	74574
17986	-2	4	74578
17987	-2	4	74582
17988	-2	4	74586
17989	-2	4	74590
17990	-2	4	74594
17991	-4	6	74600
17992	-2	4	74604
17993	-2	4	74608
17994	-2	4	74612
17995	-2	4	74616
17996	-2	4	74620
17997	-2	4	74624
17998	-2	4	74628
17999	-2	4	74632
18000	-2	4	74636
18001	-2	4	74640
18002	-2	4	74644
18003	-2	4	74648
18004	-2	4	74652
18005	-2	4	74656
18006	-2	4	74660
18007	-2	4	74664
18008	-2	4	74668
18009	-2	4	74672
18010	-2	4	74676
18011	-2	4	74680
18012	-2	4	74684
18013	-2	4	74688
18014	-2	4	74692
18015	-2	4	74696
18016	-2	4	74700
18017	-2	4	74704
18018	-2	4	74708
18019	-2	4	74712
18020	-2	4	74716
18021	-2	4	74720
18022	-2	4	74724
18023	-2	4	74728
18024	-2	4	74732
18025	-2	4	74736
18026	-2	4	74740
18027	-2	4	74744
18028	-2	4	74748
18029	-2	4	74752
18030	-2	4	74756
18031	-2	4	74760
18032	-4	6	74766
18033	-2	4	74770
18034	-2	4	74774
18035	-2	4	74778
18036	-2	4	74782
18037	-2	4	74786
18038	-2	4	74790
18039	-2	4	74794
18040	-2	4	74798
18041	-2	4	74802
18042	-2	4	74806
18043	-2	4	74810
18044	-2	4	74814
18045	-2	4	74818
18046	-4	6	74824
18047	-2	4	74828
18048	-2	4	74832
18049	-3	5	74837
18050	-2	4	74841
18051	-2	4	74845
18052	-2	4	74849
18053	-4	6	74855
18054	-2	4	74859
18055	-2	4	74863
18056	-2	4	74867
18057	-2	4	74871
18058	-2	4	74875
18059	-2	4	74879
18060	-3	5	74884
18061	-2	4	74888
18062	-2	4	74892
18063	-2	4	74896
18064	-2	4	74900
18065	-2	4	74904
18066	-2	4	74908
18067	-4	6	74914
18068	-2	4	74918
18069	-4	6	74924
18070	-2	4	74928
18071	-2	4	74932
18072	-2	4	74936
18073	-2	4	74940
18074	-4	6	74946
18075	-2	4	74950
18076	-2	4	74954
18077	-2	4	74958
18078	-2	4	74962
18079	-2	4	74966
18080	-2	4	74970
18081	-2	4	74974
18082	-2	4	74978
18083	-2	4	74982
18084	-2	4	74986
18085	-4	6	74992
18086	-2	4	74996
18087	-2	4	75000
18088	-2	4	75004
18089	-3	5	75009
18090	-2	4	75013
18091	-2	4	75017
18092	-2	4	75021
18093	-2	4	75025
18094	-2	4	75029
18095	-2	4	75033
18096	-2	4	75037
18097	-2	4	75041
18098	-2	4	75045
18099	-2	4	75049
18100	-2	4	75053
18101	-2	4	75057
18102	-2	4	75061
18103	-2	4	75065
18104	-2	4	75069
18105	-2	4	75073
18106	-2	4	75077
18107	-2	4	75081
18108	-2	4	75085
18109	-2	4	75089
18110	-2	4	75093
18111	-2	4	75097
18112	-2	4	75101
18113	-2	4	75105
18114	-2	4	75109
18115	-2	4	75113
18116	-2	4	75117
18117	-2	4	75121
18118	-2	4	75125
18119	-2	4	75129
18120	-2	4	75133
18121	-2	4	75137
18122	-2	4	75141
18123	-2	4	75145
18124	-2	4	75149
18125	-2	4	75153
18126	-4	6	75159
18127	-2	4	75163
18128	-2	4	75167
18129	-2	4	75171
18130	-2	4	75175
18131	-2	4	75179
18132	-3	5	75184
18133	-4	6	75190
18134	-2	4	75194
18135	-2	4	75198
18136	-2	4	75202
18137	-2	4	75206
18138	-2	4	75210
18139	-2	4	75214
18140	-2	4	75218
18141	-2	4	75222
18142	-2	4	75226
18143	-2	4	75230
18144	-2	4	75234
18145	-4	6	75240
18146	-2	4	75244
18147	-2	4	75248
18148	-2	4	75252
18149	-2	4	75256
18150	-2	4	75260
18151	-2	4	75264
18152	-2	4	75268
18153	-2	4	75272
18154	-2	4	75276
18155	-2	4	75280
18156	-2	4	75284
18157	-2	4	75288
18158	-2	4	75292
18159	-2	4	75296
18160	-2	4	75300
18161	-2	4	75304
18162	-2	4	75308
18163	-2	4	75312
18164	-2	4	75316
18165	-4	6	75322
18166	-2	4	75326
18167	-4	6	75332
18168	-2	4	75336
18169	-2	4	75340
18170	-2	4	75344
18171	-2	4	75348
18172	-2	4	75352
18173	-3	5	75357
18174	-2	4	75361
18175	-2	4	75365
18176	-2	4	75369
18177	-2	4	75373
18178	-2	4	75377
18179	-2	4	75381
18180	-2	4	75385
18181	-2	4	75389
18182	-2	4	75393
18183	-2	4	75397
18184	-2	4	75401
18185	-2	4	75405
18186	-2	4	75409
18187	-2	4	75413
18188	-2	4	75417
18189	-2	4	75421
18190	-2	4	75425
18191	-2	4	75429
18192	-2	4	75433
18193	-2	4	75437
18194	-2	4	75441
18195	-4	6	75447
18196	-2	4	75451
18197	-4	6	75457
18198	-2	4	75461
18199	-4	6	75467
18200	-2	4	75471
18201	-2	4	75475
18202	-2	4	75479
18203	-2	4	75483
18204	-2	4	75487
18205	-2	4	75491
18206	-2	4	75495
18207	-2	4	75499
18208	-2	4	75503
18209	-2	4	75507
18210	-4	6	75513
18211	-2	4	75517
18212	-2	4	75521
18213	-2	4	75525
18214	-2	4	75529
18215	-4	6	75535
18216	-2	4	75539
18217	-2	4	75543
18218	-2	4	75547
18219	-2	4	75551
18220	-2	4	75555
18221	-2	4	75559
18222	-2	4	75563
18223	-2	4	75567
18224	-2	4	75571
18225	-2	4	75575
18226	-2	4	75579
18227	-2	4	75583
18228	-2	4	75587
18229	-2	4	75591
18230	-2	4	75595
18231	-2	4	75599
18232	-2	4	75603
18233	-2	4	75607
18234	-2	4	75611
18235	-2	4	75615
18236	-2	4	75619
18237	-2	4	75623
18238	-2	4	75627
18239	-2	4	75631
18240	-2	4	75635
18241	-2	4	75639
18242	-2	4	75643
18243	-2	4	75647
18244	-2	4	75651
18245	-2	4	75655
18246	-2	4	75659
18247	-2	4	75663
18248	-4	6	75669
18249	-2	4	75673
18250	-2	4	75677
18251	-2	4	75681
18252	-2	4	75685
18253	-2	4	75689
18254	-2	4	75693
18255	-2	4	75697
18256	-2	4	75701
18257	-2	4	75705
18258	-3	5	75710
18259	-2	4	75714
18260	-2	4	75718
18261	-2	4	75722
18262	-2	4	75726
18263	-2	4	75730
18264	-2	4	75734
18265	-2	4	75738
18266	-2	4	75742
18267	-2	4	75746
18268	-2	4	75750
18269	-2	4	75754
18270	-2	4	75758
18271	-2	4	75762
18272	-2	4	75766
18273	-2	4	75770
18274	-2	4	75774
18275	-2	4	75778
18276	-2	4	75782
18277	-2	4	75786
18278	-2	4	75790
18279	-2	4	75794
18280	-2	4	75798
18281	-2	4	75802
18282	-2	4	75806
18283	-2	4	75810
18284	-2	4	75814
18285	-2	4	75818
18286	-2	4	75822
18287	-2	4	75826
18288	-2	4	75830
18289	-2	4	75834
18290	-2	4	75838
18291	-2	4	75842
18292	-2	4	75846
18293	-2	4	75850
18294	-2	4	75854
18295	-2	4	75858
18296	-2	4	75862
18297	-2	4	75866
18298	-2	4	75870
18299	-2	4	75874
18300	-2	4	75878
18301	-2	4	75882
18302	-2	4	75886
18303	-2	4	75890
18304	-2	4	75894
18305	-2	4	75898
18306	-2	4	75902
18307	-2	4	75906
18308	-2	4	75910
18309	-2	4	75914
18310	-2	4	75918
18311	-2	4	75922
18312	-2	4	75926
18313	-2	4	75930
18314	-2	4	75934
18315	-2	4	75938
18316	-2	4	75942
18317	-2	4	75946
18318	-2	4	75950
18319	-2	4	75954
18320	-2	4	75958
18321	-2	4	75962
18322	-2	4	75966
18323	-2	4	75970
18324	-2	4	75974
18325	-2	4	75978
18326	-2	4	75982
18327	-2	4	75986
18328	-3	5	75991
18329	-2	4	75995
18330	-2	4	75999
18331	-2	4	76003
18332	-2	4	76007
18333	-2	4	76011
18334	-2	4	76015
18335	-2	4	76019
18336	-2	4	76023
18337	-2	4	76027
18338	-2	4	76031
18339	-2	4	76035
18340	-2	4	76039
18341	-2	4	76043
18342	-2	4	76047
18343	-2	4	76051
18344	-2	4	76055
18345	-2	4	76059
18346	-2	4	76063
18347	-2	4	76067
18348	-2	4	76071
18349	-2	4	76075
18350	-2	4	76079
18351	-2	4	76083
18352	-2	4	76087
18353	-2	4	76091
18354	-2	4	76095
18355	-2	4	76099
18356	-2	4	76103
18357	-4	6	76109
18358	-2	4	76113
18359	-2	4	76117
18360	-2	4	76121
18361	-2	4	76125
18362	-3	5	76130
18363	-3	5	76135
18364	-2	4	76139
18365	-4	6	76145
18366	-2	4	76149
18367	-2	4	76153
18368	-3	5	76158
18369	-2	4	76162
18370	-2	4	76166
18371	-2	4	76170
18372	-2	4	76174
18373	-2	4	76178
18374	-2	4	76182
18375	-2	4	76186
18376	-2	4	76190
18377	-2	4	76194
18378	-2	4	76198
18379	-2	4	76202
18380	-2	4	76206
18381	-2	4	76210
18382	-2	4	76214
18383	-2	4	76218
18384	-2	4	76222
18385	-2	4	76226
18386	-2	4	76230
18387	-4	6	76236
18388	-2	4	76240
18389	-2	4	76244
18390	-2	4	76248
18391	-2	4	76252
18392	-2	4	76256
18393	-2	4	76260
18394	-2	4	76264
18395	-2	4	76268
18396	-2	4	76272
18397	-2	4	76276
18398	-2	4	76280
18399	-2	4	76284
18400	-2	4	76288
18401	-2	4	76292
18402	-2	4	76296
18403	-2	4	76300
18404	-2	4	76304
18405	-2	4	76308
18406	-2	4	76312
18407	-2	4	76316
18408	-2	4	76320
18409	-2	4	76324
18410	-2	4	76328
18411	-3	5	76333
18412	-2	4	76337
18413	-2	4	76341
18414	-2	4	76345
18415	-2	4	76349
18416	-2	4	76353
18417	-2	4	76357
18418	-2	4	76361
18419	-2	4	76365
18420	-2	4	76369
18421	-2	4	76373
18422	-2	4	76377
18423	-2	4	76381
18424	-2	4	76385
18425	-2	4	76389
18426	-2	4	76393
18427	-2	4	76397
18428	-2	4	76401
18429	-2	4	76405
18430	-2	4	76409
18431	-2	4	76413
18432	-2	4	76417
18433	-2	4	76421
18434	-2	4	76425
18435	-2	4	76429
18436	-2	4	76433
18437	-2	4	76437
18438	-2	4	76441
18439	-2	4	76445
18440	-2	4	76449
18441	-2	4	76453
18442	-2	4	76457
18443	-2	4	76461
18444	-2	4	76465
18445	-2	4	76469
18446	-2	4	76473
18447	-2	4	76477
18448	-2	4	76481
18449	-2	4	76485
18450	-2	4	76489
18451	-2	4	76493
18452	-2	4	76497
18453	-2	4	76501
18454	-2	4	76505
18455	-2	4	76509
18456	-2	4	76513
18457	-2	4	76517
18458	-2	4	76521
18459	-2	4	76525
18460	-2	4	76529
18461	-2	4	76533
18462	-2	4	76537
18463	-2	4	76541
18464	-2	4	76545
18465	-2	4	76549
18466	-2	4	76553
18467	-2	4	76557
18468	-2	4	76561
18469	-2	4	76565
18470	-2	4	76569
18471	-2	4	76573
18472	-2	4	76577
18473	-2	4	76581
18474	-2	4	76585
18475	-2	4	76589
18476	-2	4	76593
18477	-2	4	76597
18478	-2	4	76601
18479	-2	4	76605
18480	-2	4	76609
18481	-2	4	76613
18482	-2	4	76617
18483	-2	4	76621
18484	-2	4	76625
18485	-2	4	76629
18486	-2	4	76633
18487	-2	4	76637
18488	-2	4	76641
18489	-2	4	76645
18490	-2	4	76649
18491	-2	4	76653
18492	-2	4	76657
18493	-2	4	76661
18494	-2	4	76665
18495	-2	4	76669
18496	-2	4	76673
18497	-2	4	76677
18498	-2	4	76681
18499	-2	4	76685
18500	-2	4	76689
18501	-2	4	76693
18502	-2	4	76697
18503	-2	4	76701
18504	-2	4	76705
18505	-2	4	76709
18506	-4	6	76715
18507	-2	4	76719
18508	-2	4	76723
18509	-2	4	76727
18510	-2	4	76731
18511	-2	4	76735
18512	-2	4	76739
18513	-3	5	76744
18514	-2	4	76748
18515	-2	4	76752
18516	-2	4	76756
18517	-2	4	76760
18518	-3	5	76765
18519	-2	4	76769
18520	-2	4	76773
18521	-2	4	76777
18522	-2	4	76781
18523	-2	4	76785
18524	-3	5	76790
18525	-2	4	76794
18526	-2	4	76798
18527	-2	4	76802
18528	-2	4	76806
18529	-2	4	76810
18530	-2	4	76814
18531	-2	4	76818
18532	-2	4	76822
18533	-2	4	76826
18534	-2	4	76830
18535	-2	4	76834
18536	-2	4	76838
18537	-2	4	76842
18538	-2	4	76846
18539	-2	4	76850
18540	-2	4	76854
18541	-2	4	76858
18542	-2	4	76862
18543	-2	4	76866
18544	-2	4	76870
18545	-4	6	76876
18546	-2	4	76880
18547	-2	4	76884
18548	-2	4	76888
18549	-2	4	76892
18550	-2	4	76896
18551	-2	4	76900
18552	-2	4	76904
18553	-2	4	76908
18554	-2	4	76912
18555	-2	4	76916
18556	-2	4	76920
18557	-2	4	76924
18558	-2	4	76928
18559	-2	4	76932
18560	-2	4	76936
18561	-2	4	76940
18562	-2	4	76944
18563	-2	4	76948
18564	-2	4	76952
18565	-2	4	76956
18566	-2	4	76960
18567	-2	4	76964
18568	-2	4	76968
18569	-2	4	76972
18570	-2	4	76976
18571	-2	4	76980
18572	-2	4	76984
18573	-2	4	76988
18574	-2	4	76992
18575	-2	4	76996
18576	-2	4	77000
18577	-2	4	77004
18578	-2	4	77008
18579	-2	4	77012
18580	-2	4	77016
18581	-2	4	77020
18582	-2	4	77024
18583	-2	4	77028
18584	-2	4	77032
18585	-2	4	77036
18586	-2	4	77040
18587	-2	4	77044
18588	-2	4	77048
18589	-4	6	77054
18590	-2	4	77058
18591	-2	4	77062
18592	-3	5	77067
18593	-2	4	77071
18594	-2	4	77075
18595	-2	4	77079
18596	-2	4	77083
18597	-4	6	77089
18598	-2	4	77093
18599	-2	4	77097
18600	-2	4	77101
18601	-2	4	77105
18602	-2	4	77109
18603	-2	4	77113
18604	-2	4	77117
18605	-2	4	77121
18606	-2	4	77125
18607	-2	4	77129
18608	-2	4	77133
18609	-2	4	77137
18610	-2	4	77141
18611	-2	4	77145
18612	-2	4	77149
18613	-2	4	77153
18614	-2	4	77157
18615	-3	5	77162
18616	-2	4	77166
18617	-2	4	77170
18618	-2	4	77174
18619	-2	4	77178
18620	-2	4	77182
18621	-2	4	77186
18622	-2	4	77190
18623	-2	4	77194
18624	-2	4	77198
18625	-2	4	77202
18626	-2	4	77206
18627	-2	4	77210
18628	-2	4	77214
18629	-2	4	77218
18630	-2	4	77222
18631	-2	4	77226
18632	-2	4	77230
18633	-2	4	77234
18634	-2	4	77238
18635	-2	4	77242
18636	-2	4	77246
18637	-2	4	77250
18638	-2	4	77254
18639	-2	4	77258
18640	-2	4	77262
18641	-2	4	77266
18642	-2	4	77270
18643	-2	4	77274
18644	-2	4	77278
18645	-2	4	77282
18646	-2	4	77286
18647	-2	4	77290
18648	-2	4	77294
18649	-2	4	77298
18650	-2	4	77302
18651	-2	4	77306
18652	-2	4	77310
18653	-2	4	77314
18654	-3	5	77319
18655	-2	4	77323
18656	-2	4	77327
18657	-2	4	77331
18658	-2	4	77335
18659	-3	5	77340
18660	-2	4	77344
18661	-2	4	77348
18662	-2	4	77352
18663	-2	4	77356
18664	-2	4	77360
18665	-2	4	77364
18666	-2	4	77368
18667	-2	4	77372
18668	-2	4	77376
18669	-2	4	77380
18670	-2	4	77384
18671	-3	5	77389
18672	-2	4	77393
18673	-2	4	77397
18674	-2	4	77401
18675	-2	4	77405
18676	-2	4	77409
18677	-2	4	77413
18678	-2	4	77417
18679	-2	4	77421
18680	-2	4	77425
18681	-2	4	77429
18682	-2	4	77433
18683	-2	4	77437
18684	-2	4	77441
18685	-3	5	77446
18686	-2	4	77450
18687	-2	4	77454
18688	-2	4	77458
18689	-2	4	77462
18690	-2	4	77466
18691	-2	4	77470
18692	-2	4	77474
18693	-2	4	77478
18694	-2	4	77482
18695	-2	4	77486
18696	-2	4	77490
18697	-2	4	77494
18698	-2	4	77498
18699	-2	4	77502
18700	-2	4	77506
18701	-2	4	77510
18702	-2	4	77514
18703	-2	4	77518
18704	-2	4	77522
18705	-2	4	77526
18706	-2	4	77530
18707	-4	6	77536
18708	-2	4	77540
18709	-2	4	77544
18710	-2	4	77548
18711	-2	4	77552
18712	-3	5	77557
18713	-2	4	77561
18714	-2	4	77565
18715	-2	4	77569
18716	-2	4	77573
18717	-2	4	77577
18718	-2	4	77581
18719	-2	4	77585
18720	-2	4	77589
18721	-2	4	77593
18722	-2	4	77597
18723	-2	4	77601
18724	-2	4	77605
18725	-2	4	77609
18726	-2	4	77613
18727	-2	4	77617
18728	-2	4	77621
18729	-2	4	77625
18730	-2	4	77629
18731	-2	4	77633
18732	-2	4	77637
18733	-2	4	77641
18734	-2	4	77645
18735	-2	4	77649
18736	-2	4	77653
18737	-2	4	77657
18738	-4	6	77663
18739	-2	4	77667
18740	-2	4	77671
18741	-3	5	77676
18742	-2	4	77680
18743	-4	6	77686
18744	-2	4	77690
18745	-2	4	77694
18746	-2	4	77698
18747	-2	4	77702
18748	-2	4	77706
18749	-2	4	77710
18750	-2	4	77714
18751	-2	4	77718
18752	-2	4	77722
18753	-2	4	77726
18754	-2	4	77730
18755	-2	4	77734
18756	-2	4	77738
18757	-2	4	77742
18758	-2	4	77746
18759	-2	4	77750
18760	-2	4	77754
18761	-2	4	77758
18762	-2	4	77762
18763	-4	6	77768
18764	-2	4	77772
18765	-2	4	77776
18766	-2	4	77780
18767	-2	4	77784
18768	-2	4	77788
18769	-2	4	77792
18770	-2	4	77796
18771	-2	4	77800
18772	-2	4	77804
18773	-2	4	77808
18774	-2	4	77812
18775	-2	4	77816
18776	-2	4	77820
18777	-2	4	77824
18778	-2	4	77828
18779	-2	4	77832
18780	-2	4	77836
18781	-2	4	77840
18782	-2	4	77844
18783	-2	4	77848
18784	-2	4	77852
18785	-2	4	77856
18786	-2	4	77860
18787	-2	4	77864
18788	-2	4	77868
18789	-2	4	77872
18790	-2	4	77876
18791	-2	4	77880
18792	-2	4	77884
18793	-2	4	77888
18794	-2	4	77892
18795	-2	4	77896
18796	-3	5	77901
18797	-2	4	77905
18798	-2	4	77909
18799	-2	4	77913
18800	-2	4	77917
18801	-2	4	77921
18802	-2	4	77925
18803	-2	4	77929
18804	-2	4	77933
18805	-2	4	77937
18806	-2	4	77941
18807	-2	4	77945
18808	-2	4	77949
18809	-2	4	77953
18810	-2	4	77957
18811	-2	4	77961
18812	-2	4	77965
18813	-3	5	77970
18814	-2	4	77974
18815	-2	4	77978
18816	-2	4	77982
18817	-2	4	77986
18818	-2	4	77990
18819	-2	4	77994
18820	-2	4	77998
18821	-2	4	78002
18822	-2	4	78006
18823	-2	4	78010
18824	-2	4	78014
18825	-2	4	78018
18826	-2	4	78022
18827	-2	4	78026
18828	-2	4	78030
18829	-2	4	78034
18830	-2	4	78038
18831	-2	4	78042
18832	-2	4	78046
18833	-2	4	78050
18834	-2	4	78054
18835	-2	4	78058
18836	-2	4	78062
18837	-2	4	78066
18838	-2	4	78070
18839	-2	4	78074
18840	-2	4	78078
18841	-2	4	78082
18842	-2	4	78086
18843	-2	4	78090
18844	-2	4	78094
18845	-2	4	78098
18846	-2	4	78102
18847	-2	4	78106
18848	-2	4	78110
18849	-2	4	78114
18850	-2	4	78118
18851	-2	4	78122
18852	-2	4	78126
18853	-4	6	78132
18854	-2	4	78136
18855	-2	4	78140
18856	-2	4	78144
18857	-4	6	78150
18858	-2	4	78154
18859	-2	4	78158
18860	-2	4	78162
18861	-4	6	78168
18862	-2	4	78172
18863	-2	4	78176
18864	-2	4	78180
18865	-2	4	78184
18866	-2	4	78188
18867	-2	4	78192
18868	-2	4	78196
18869	-2	4	78200
18870	-2	4	78204
18871	-2	4	78208
18872	-2	4	78212
18873	-2	4	78216
18874	-4	6	78222
18875	-3	5	78227
18876	-2	4	78231
18877	-2	4	78235
18878	-2	4	78239
18879	-2	4	78243
18880	-2	4	78247
18881	-2	4	78251
18882	-2	4	78255
18883	-2	4	78259
18884	-2	4	78263
18885	-2	4	78267
18886	-2	4	78271
18887	-2	4	78275
18888	-2	4	78279
18889	-2	4	78283
18890	-2	4	78287
18891	-2	4	78291
18892	-2	4	78295
18893	-2	4	78299
18894	-2	4	78303
18895	-2	4	78307
18896	-2	4	78311
18897	-2	4	78315
18898	-2	4	78319
18899	-2	4	78323
18900	-2	4	78327
18901	-2	4	78331
18902	-2	4	78335
18903	-3	5	78340
18904	-2	4	78344
18905	-2	4	78348
18906	-2	4	78352
18907	-2	4	78356
18908	-2	4	78360
18909	-2	4	78364
18910	-2	4	78368
18911	-3	5	78373
18912	-2	4	78377
18913	-2	4	78381
18914	-2	4	78385
18915	-2	4	78389
18916	-2	4	78393
18917	-2	4	78397
18918	-2	4	78401
18919	-2	4	78405
18920	-2	4	78409
18921	-2	4	78413
18922	-2	4	78417
18923	-2	4	78421
18924	-2	4	78425
18925	-4	6	78431
18926	-2	4	78435
18927	-2	4	78439
18928	-2	4	78443
18929	-2	4	78447
18930	-2	4	78451
18931	-2	4	78455
18932	-2	4	78459
18933	-2	4	78463
18934	-2	4	78467
18935	-3	5	78472
18936	-2	4	78476
18937	-2	4	78480
18938	-4	6	78486
18939	-2	4	78490
18940	-2	4	78494
18941	-2	4	78498
18942	-2	4	78502
18943	-2	4	78506
18944	-2	4	78510
18945	-2	4	78514
18946	-2	4	78518
18947	-2	4	78522
18948	-2	4	78526
18949	-2	4	78530
18950	-4	6	78536
18951	-2	4	78540
18952	-4	6	78546
18953	-2	4	78550
18954	-2	4	78554
18955	-4	6	78560
18956	-2	4	78564
18957	-2	4	78568
18958	-2	4	78572
18959	-2	4	78576
18960	-2	4	78580
18961	-2	4	78584
18962	-2	4	78588
18963	-2	4	78592
18964	-2	4	78596
18965	-2	4	78600
18966	-2	4	78604
18967	-2	4	78608
18968	-2	4	78612
18969	-2	4	78616
18970	-2	4	78620
18971	-2	4	78624
18972	-2	4	78628
18973	-2	4	78632
18974	-2	4	78636
18975	-2	4	78640
18976	-2	4	78644
18977	-2	4	78648
18978	-4	6	78654
18979	-2	4	78658
18980	-2	4	78662
18981	-2	4	78666
18982	-2	4	78670
18983	-2	4	78674
18984	-2	4	78678
18985	-2	4	78682
18986	-2	4	78686
18987	-2	4	78690
18988	-2	4	78694
18989	-2	4	78698
18990	-4	6	78704
18991	-2	4	78708
18992	-2	4	78712
18993	-2	4	78716
18994	-2	4	78720
18995	-2	4	78724
18996	-2	4	78728
18997	-2	4	78732
18998	-2	4	78736
18999	-4	6	78742
19000	-2	4	78746
19001	-2	4	78750
19002	-4	6	78756
19003	-2	4	78760
19004	-2	4	78764
19005	-3	5	78769
19006	-2	4	78773
19007	-2	4	78777
19008	-2	4	78781
19009	-2	4	78785
19010	-2	4	78789
19011	-2	4	78793
19012	-2	4	78797
19013	-2	4	78801
19014	-2	4	78805
19015	-2	4	78809
19016	-2	4	78813
19017	-2	4	78817
19018	-2	4	78821
19019	-2	4	78825
19020	-2	4	78829
19021	-2	4	78833
19022	-2	4	78837
19023	-2	4	78841
19024	-2	4	78845
19025	-2	4	78849
19026	-2	4	78853
19027	-2	4	78857
19028	-2	4	78861
19029	-2	4	78865
19030	-2	4	78869
19031	-2	4	78873
19032	-2	4	78877
19033	-2	4	78881
19034	-2	4	78885
19035	-2	4	78889
19036	-2	4	78893
19037	-2	4	78897
19038	-2	4	78901
19039	-2	4	78905
19040	-2	4	78909
19041	-2	4	78913
19042	-4	6	78919
19043	-2	4	78923
19044	-2	4	78927
19045	-2	4	78931
19046	-2	4	78935
19047	-2	4	78939
19048	-2	4	78943
19049	-2	4	78947
19050	-2	4	78951
19051	-2	4	78955
19052	-2	4	78959
19053	-2	4	78963
19054	-2	4	78967
19055	-2	4	78971
19056	-2	4	78975
19057	-2	4	78979
19058	-2	4	78983
19059	-2	4	78987
19060	-2	4	78991
19061	-2	4	78995
19062	-2	4	78999
19063	-2	4	79003
19064	-2	4	79007
19065	-3	5	79012
19066	-2	4	79016
19067	-2	4	79020
19068	-2	4	79024
19069	-2	4	79028
19070	-2	4	79032
19071	-2	4	79036
19072	-2	4	79040
19073	-2	4	79044
19074	-2	4	79048
19075	-2	4	79052
19076	-2	4	79056
19077	-2	4	79060
19078	-2	4	79064
19079	-2	4	79068
19080	-2	4	79072
19081	-2	4	79076
19082	-2	4	79080
19083	-2	4	79084
19084	-2	4	79088
19085	-2	4	79092
19086	-2	4	79096
19087	-2	4	79100
19088	-2	4	79104
19089	-4	6	79110
19090	-2	4	79114
19091	-2	4	79118
19092	-2	4	79122
19093	-4	6	79128
19094	-2	4	79132
19095	-2	4	79136
19096	-2	4	79140
19097	-2	4	79144
19098	-2	4	79148
19099	-2	4	79152
19100	-2	4	79156
19101	-2	4	79160
19102	-2	4	79164
19103	-2	4	79168
19104	-2	4	79172
19105	-2	4	79176
19106	-2	4	79180
19107	-2	4	79184
19108	-2	4	79188
19109	-2	4	79192
19110	-2	4	79196
19111	-2	4	79200
19112	-2	4	79204
19113	-2	4	79208
19114	-2	4	79212
19115	-2	4	79216
19116	-2	4	79220
19117	-2	4	79224
19118	-2	4	79228
19119	-2	4	79232
19120	-2	4	79236
19121	-2	4	79240
19122	-2	4	79244
19123	-2	4	79248
19124	-2	4	79252
19125	-2	4	79256
19126	-2	4	79260
19127	-2	4	79264
19128	-2	4	79268
19129	-2	4	79272
19130	-2	4	79276
19131	-2	4	79280
19132	-2	4	79284
19133	-2	4	79288
19134	-2	4	79292
19135	-2	4	79296
19136	-4	6	79302
19137	-2	4	79306
19138	-2	4	79310
19139	-2	4	79314
19140	-2	4	79318
19141	-2	4	79322
19142	-2	4	79326
19143	-2	4	79330
19144	-2	4	79334
19145	-2	4	79338
19146	-2	4	79342
19147	-2	4	79346
19148	-2	4	79350
19149	-2	4	79354
19150	-2	4	79358
19151	-2	4	79362
19152	-2	4	79366
19153	-2	4	79370
19154	-2	4	79374
19155	-2	4	79378
19156	-2	4	79382
19157	-2	4	79386
19158	-2	4	79390
19159	-2	4	79394
19160	-2	4	79398
19161	-2	4	79402
19162	-2	4	79406
19163	-2	4	79410
19164	-2	4	79414
19165	-2	4	79418
19166	-3	5	79423
19167	-2	4	79427
19168	-2	4	79431
19169	-2	4	79435
19170	-3	5	79440
19171	-2	4	79444
19172	-2	4	79448
19173	-2	4	79452
19174	-2	4	79456
19175	-2	4	79460
19176	-2	4	79464
19177	-2	4	79468
19178	-2	4	79472
19179	-2	4	79476
19180	-2	4	79480
19181	-2	4	79484
19182	-2	4	79488
19183	-2	4	79492
19184	-2	4	79496
19185	-4	6	79502
19186	-2	4	79506
19187	-2	4	79510
19188	-2	4	79514
19189	-2	4	79518
19190	-2	4	79522
19191	-2	4	79526
19192	-2	4	79530
19193	-2	4	79534
19194	-2	4	79538
19195	-2	4	79542
19196	-2	4	79546
19197	-2	4	79550
19198	-2	4	79554
19199	-3	5	79559
19200	-2	4	79563
19201	-2	4	79567
19202	-2	4	79571
19203	-2	4	79575
19204	-2	4	79579
19205	-2	4	79583
19206	-2	4	79587
19207	-4	6	79593
19208	-4	6	79599
19209	-2	4	79603
19210	-2	4	79607
19211	-2	4	79611
19212	-2	4	79615
19213	-2	4	79619
19214	-2	4	79623
19215	-2	4	79627
19216	-2	4	79631
19217	-2	4	79635
19218	-2	4	79639
19219	-2	4	79643
19220	-2	4	79647
19221	-2	4	79651
19222	-2	4	79655
19223	-2	4	79659
19224	-2	4	79663
19225	-2	4	79667
19226	-2	4	79671
19227	-2	4	79675
19228	-2	4	79679
19229	-2	4	79683
19230	-2	4	79687
19231	-2	4	79691
19232	-2	4	79695
19233	-2	4	79699
19234	-2	4	79703
19235	-6	8	79711
19236	-2	4	79715
19237	-2	4	79719
19238	-4	6	79725
19239	-2	4	79729
19240	-2	4	79733
19241	-2	4	79737
19242	-2	4	79741
19243	-2	4	79745
19244	-4	6	79751
19245	-2	4	79755
19246	-2	4	79759
19247	-2	4	79763
19248	-2	4	79767
19249	-2	4	79771
19250	-2	4	79775
19251	-2	4	79779
19252	-6	8	79787
19253	-2	4	79791
19254	-2	4	79795
19255	-2	4	79799
19256	-2	4	79803
19257	-2	4	79807
19258	-2	4	79811
19259	-2	4	79815
19260	-2	4	79819
19261	-2	4	79823
19262	-2	4	79827
19263	-2	4	79831
19264	-2	4	79835
19265	-2	4	79839
19266	-4	6	79845
19267	-2	4	79849
19268	-2	4	79853
19269	-2	4	79857
19270	-2	4	79861
19271	-2	4	79865
19272	-2	4	79869
19273	-2	4	79873
19274	-2	4	79877
19275	-4	6	79883
19276	-2	4	79887
19277	-4	6	79893
19278	-2	4	79897
19279	-2	4	79901
19280	-2	4	79905
19281	-2	4	79909
19282	-2	4	79913
19283	-2	4	79917
19284	-2	4	79921
19285	-2	4	79925
19286	-2	4	79929
19287	-2	4	79933
19288	-2	4	79937
19289	-2	4	79941
19290	-2	4	79945
19291	-2	4	79949
19292	-2	4	79953
19293	-3	5	79958
19294	-2	4	79962
19295	-2	4	79966
19296	-2	4	79970
19297	-4	6	79976
19298	-2	4	79980
19299	-2	4	79984
19300	-2	4	79988
19301	-2	4	79992
19302	-2	4	79996
19303	-2	4	80000
19304	-2	4	80004
19305	-2	4	80008
19306	-2	4	80012
19307	-2	4	80016
19308	-2	4	80020
19309	-2	4	80024
19310	-2	4	80028
19311	-2	4	80032
19312	-2	4	80036
19313	-2	4	80040
19314	-2	4	80044
19315	-2	4	80048
19316	-2	4	80052
19317	-2	4	80056
19318	-2	4	80060
19319	-3	5	80065
19320	-2	4	80069
19321	-2	4	80073
19322	-2	4	80077
19323	-2	4	80081
19324	-2	4	80085
19325	-2	4	80089
19326	-2	4	80093
19327	-2	4	80097
19328	-2	4	80101
19329	-2	4	80105
19330	-4	6	80111
19331	-2	4	80115
19332	-2	4	80119
19333	-4	6	80125
19334	-2	4	80129
19335	-2	4	80133
19336	-2	4	80137
19337	-2	4	80141
19338	-2	4	80145
19339	-2	4	80149
19340	-2	4	80153
19341	-2	4	80157
19342	-2	4	80161
19343	-2	4	80165
19344	-3	5	80170
19345	-2	4	80174
19346	-2	4	80178
19347	-2	4	80182
19348	-2	4	80186
19349	-2	4	80190
19350	-2	4	80194
19351	-2	4	80198
19352	-2	4	80202
19353	-2	4	80206
19354	-2	4	80210
19355	-2	4	80214
19356	-2	4	80218
19357	-2	4	80222
19358	-2	4	80226
19359	-2	4	80230
19360	-2	4	80234
19361	-2	4	80238
19362	-2	4	80242
19363	-2	4	80246
19364	-2	4	80250
19365	-2	4	80254
19366	-2	4	80258
19367	-2	4	80262
19368	-2	4	80266
19369	-4	6	80272
19370	-2	4	80276
19371	-2	4	80280
19372	-2	4	80284
19373	-2	4	80288
19374	-2	4	80292
19375	-2	4	80296
19376	-2	4	80300
19377	-2	4	80304
19378	-2	4	80308
19379	-2	4	80312
19380	-2	4	80316
19381	-2	4	80320
19382	-2	4	80324
19383	-2	4	80328
19384	-5	7	80335
19385	-2	4	80339
19386	-2	4	80343
19387	-2	4	80347
19388	-2	4	80351
19389	-2	4	80355
19390	-2	4	80359
19391	-2	4	80363
19392	-2	4	80367
19393	-2	4	80371
19394	-2	4	80375
19395	-2	4	80379
19396	-2	4	80383
19397	-2	4	80387
19398	-2	4	80391
19399	-2	4	80395
19400	-2	4	80399
19401	-2	4	80403
19402	-2	4	80407
19403	-2	4	80411
19404	-2	4	80415
19405	-2	4	80419
19406	-2	4	80423
19407	-2	4	80427
19408	-2	4	80431
19409	-2	4	80435
19410	-2	4	80439
19411	-2	4	80443
19412	-2	4	80447
19413	-2	4	80451
19414	-2	4	80455
19415	-2	4	80459
19416	-2	4	80463
19417	-4	6	80469
19418	-2	4	80473
19419	-2	4	80477
19420	-2	4	80481
19421	-2	4	80485
19422	-2	4	80489
19423	-2	4	80493
19424	-2	4	80497
19425	-2	4	80501
19426	-2	4	80505
19427	-2	4	80509
19428	-2	4	80513
19429	-2	4	80517
19430	-2	4	80521
19431	-2	4	80525
19432	-4	6	80531
19433	-4	6	80537
19434	-2	4	80541
19435	-2	4	80545
19436	-2	4	80549
19437	-2	4	80553
19438	-2	4	80557
19439	-2	4	80561
19440	-2	4	80565
19441	-2	4	80569
19442	-2	4	80573
19443	-2	4	80577
19444	-2	4	80581
19445	-2	4	80585
19446	-2	4	80589
19447	-2	4	80593
19448	-2	4	80597
19449	-2	4	80601
19450	-2	4	80605
19451	-2	4	80609
19452	-2	4	80613
19453	-2	4	80617
19454	-2	4	80621
19455	-2	4	80625
19456	-2	4	80629
19457	-4	6	80635
19458	-2	4	80639
19459	-2	4	80643
19460	-2	4	80647
19461	-2	4	80651
19462	-2	4	80655
19463	-2	4	80659
19464	-2	4	80663
19465	-2	4	80667
19466	-2	4	80671
19467	-2	4	80675
19468	-2	4	80679
19469	-2	4	80683
19470	-2	4	80687
19471	-2	4	80691
19472	-2	4	80695
19473	-2	4	80699
19474	-2	4	80703
19475	-2	4	80707
19476	-2	4	80711
19477	-2	4	80715
19478	-2	4	80719
19479	-2	4	80723
19480	-2	4	80727
19481	-2	4	80731
19482	-6	8	80739
19483	-2	4	80743
19484	-2	4	80747
19485	-2	4	80751
19486	-2	4	80755
19487	-2	4	80759
19488	-2	4	80763
19489	-2	4	80767
19490	-2	4	80771
19491	-2	4	80775
19492	-2	4	80779
19493	-2	4	80783
19494	-2	4	80787
19495	-2	4	80791
19496	-2	4	80795
19497	-2	4	80799
19498	-2	4	80803
19499	-2	4	80807
19500	-2	4	80811
19501	-2	4	80815
19502	-2	4	80819
19503	-2	4	80823
19504	-2	4	80827
19505	-2	4	80831
19506	-2	4	80835
19507	-2	4	80839
19508	-2	4	80843
19509	-2	4	80847
19510	-2	4	80851
19511	-2	4	80855
19512	-2	4	80859
19513	-2	4	80863
19514	-2	4	80867
19515	-2	4	80871
19516	-2	4	80875
19517	-2	4	80879
19518	-2	4	80883
19519	-2	4	80887
19520	-2	4	80891
19521	-2	4	80895
19522	-2	4	80899
19523	-2	4	80903
19524	-2	4	80907
19525	-2	4	80911
19526	-2	4	80915
19527	-5	7	80922
19528	-2	4	80926
19529	-2	4	80930
19530	-2	4	80934
19531	-2	4	80938
19532	-2	4	80942
19533	-6	8	80950
19534	-2	4	80954
19535	-2	4	80958
19536	-2	4	80962
19537	-2	4	80966
19538	-2	4	80970
19539	-2	4	80974
19540	-2	4	80978
19541	-2	4	80982
19542	-2	4	80986
19543	-2	4	80990
19544	-2	4	80994
19545	-2	4	80998
19546	-2	4	81002
19547	-4	6	81008
19548	-2	4	81012
19549	-3	5	81017
19550	-2	4	81021
19551	-2	4	81025
19552	-2	4	81029
19553	-2	4	81033
19554	-2	4	81037
19555	-2	4	81041
19556	-2	4	81045
19557	-2	4	81049
19558	-2	4	81053
19559	-2	4	81057
19560	-2	4	81061
19561	-2	4	81065
19562	-2	4	81069
19563	-4	6	81075
19564	-2	4	81079
19565	-2	4	81083
19566	-2	4	81087
19567	-2	4	81091
19568	-2	4	81095
19569	-2	4	81099
19570	-2	4	81103
19571	-2	4	81107
19572	-2	4	81111
19573	-2	4	81115
19574	-2	4	81119
19575	-2	4	81123
19576	-4	6	81129
19577	-2	4	81133
19578	-2	4	81137
19579	-2	4	81141
19580	-2	4	81145
19581	-2	4	81149
19582	-2	4	81153
19583	-2	4	81157
19584	-2	4	81161
19585	-2	4	81165
19586	-2	4	81169
19587	-2	4	81173
19588	-2	4	81177
19589	-2	4	81181
19590	-2	4	81185
19591	-2	4	81189
19592	-2	4	81193
19593	-2	4	81197
19594	-2	4	81201
19595	-2	4	81205
19596	-2	4	81209
19597	-2	4	81213
19598	-2	4	81217
19599	-2	4	81221
19600	-2	4	81225
19601	-2	4	81229
19602	-2	4	81233
19603	-2	4	81237
19604	-2	4	81241
19605	-2	4	81245
19606	-2	4	81249
19607	-2	4	81253
19608	-2	4	81257
19609	-2	4	81261
19610	-2	4	81265
19611	-3	5	81270
19612	-2	4	81274
19613	-2	4	81278
19614	-2	4	81282
19615	-2	4	81286
19616	-2	4	81290
19617	-2	4	81294
19618	-2	4	81298
19619	-2	4	81302
19620	-2	4	81306
19621	-2	4	81310
19622	-2	4	81314
19623	-2	4	81318
19624	-2	4	81322
19625	-2	4	81326
19626	-2	4	81330
19627	-2	4	81334
19628	-2	4	81338
19629	-2	4	81342
19630	-2	4	81346
19631	-2	4	81350
19632	-2	4	81354
19633	-2	4	81358
19634	-2	4	81362
19635	-2	4	81366
19636	-2	4	81370
19637	-2	4	81374
19638	-2	4	81378
19639	-2	4	81382
19640	-2	4	81386
19641	-2	4	81390
19642	-2	4	81394
19643	-2	4	81398
19644	-2	4	81402
19645	-2	4	81406
19646	-2	4	81410
19647	-2	4	81414
19648	-2	4	81418
19649	-2	4	81422
19650	-2	4	81426
19651	-2	4	81430
19652	-2	4	81434
19653	-2	4	81438
19654	-2	4	81442
19655	-2	4	81446
19656	-2	4	81450
19657	-2	4	81454
19658	-2	4	81458
19659	-2	4	81462
19660	-2	4	81466
19661	-2	4	81470
19662	-2	4	81474
19663	-2	4	81478
19664	-2	4	81482
19665	-3	5	81487
19666	-2	4	81491
19667	-2	4	81495
19668	-3	5	81500
19669	-2	4	81504
19670	-2	4	81508
19671	-2	4	81512
19672	-2	4	81516
19673	-2	4	81520
19674	-2	4	81524
19675	-2	4	81528
19676	-2	4	81532
19677	-2	4	81536
19678	-2	4	81540
19679	-2	4	81544
19680	-2	4	81548
19681	-2	4	81552
19682	-2	4	81556
19683	-2	4	81560
19684	-2	4	81564
19685	-2	4	81568
19686	-2	4	81572
19687	-2	4	81576
19688	-2	4	81580
19689	-2	4	81584
19690	-2	4	81588
19691	-2	4	81592
19692	-2	4	81596
19693	-2	4	81600
19694	-2	4	81604
19695	-2	4	81608
19696	-2	4	81612
19697	-2	4	81616
19698	-2	4	81620
19699	-2	4	81624
19700	-2	4	81628
19701	-4	6	81634
19702	-2	4	81638
19703	-2	4	81642
19704	-2	4	81646
19705	-2	4	81650
19706	-2	4	81654
19707	-2	4	81658
19708	-2	4	81662
19709	-2	4	81666
19710	-2	4	81670
19711	-2	4	81674
19712	-3	5	81679
19713	-2	4	81683
19714	-2	4	81687
19715	-2	4	81691
19716	-2	4	81695
19717	-2	4	81699
19718	-2	4	81703
19719	-2	4	81707
19720	-2	4	81711
19721	-2	4	81715
19722	-2	4	81719
19723	-2	4	81723
19724	-2	4	81727
19725	-2	4	81731
19726	-4	6	81737
19727	-2	4	81741
19728	-2	4	81745
19729	-2	4	81749
19730	-2	4	81753
19731	-2	4	81757
19732	-2	4	81761
19733	-2	4	81765
19734	-2	4	81769
19735	-2	4	81773
19736	-2	4	81777
19737	-2	4	81781
19738	-2	4	81785
19739	-2	4	81789
19740	-2	4	81793
19741	-2	4	81797
19742	-2	4	81801
19743	-2	4	81805
19744	-2	4	81809
19745	-2	4	81813
19746	-2	4	81817
19747	-2	4	81821
19748	-2	4	81825
19749	-2	4	81829
19750	-2	4	81833
19751	-2	4	81837
19752	-2	4	81841
19753	-4	6	81847
19754	-2	4	81851
19755	-2	4	81855
19756	-2	4	81859
19757	-2	4	81863
19758	-2	4	81867
19759	-2	4	81871
19760	-2	4	81875
19761	-2	4	81879
19762	-2	4	81883
19763	-2	4	81887
19764	-2	4	81891
19765	-2	4	81895
19766	-2	4	81899
19767	-2	4	81903
19768	-2	4	81907
19769	-2	4	81911
19770	-2	4	81915
19771	-2	4	81919
19772	-2	4	81923
19773	-2	4	81927
19774	-2	4	81931
19775	-2	4	81935
19776	-3	5	81940
19777	-2	4	81944
19778	-2	4	81948
19779	-2	4	81952
19780	-3	5	81957
19781	-2	4	81961
19782	-2	4	81965
19783	-2	4	81969
19784	-2	4	81973
19785	-2	4	81977
19786	-2	4	81981
19787	-2	4	81985
19788	-2	4	81989
19789	-2	4	81993
19790	-2	4	81997
19791	-2	4	82001
19792	-2	4	82005
19793	-2	4	82009
19794	-2	4	82013
19795	-3	5	82018
19796	-2	4	82022
19797	-2	4	82026
19798	-2	4	82030
19799	-2	4	82034
19800	-2	4	82038
19801	-2	4	82042
19802	-2	4	82046
19803	-2	4	82050
19804	-2	4	82054
19805	-2	4	82058
19806	-2	4	82062
19807	-2	4	82066
19808	-2	4	82070
19809	-2	4	82074
19810	-2	4	82078
19811	-2	4	82082
19812	-2	4	82086
19813	-2	4	82090
19814	-2	4	82094
19815	-2	4	82098
19816	-3	5	82103
19817	-2	4	82107
19818	-2	4	82111
19819	-2	4	82115
19820	-2	4	82119
19821	-2	4	82123
19822	-2	4	82127
19823	-2	4	82131
19824	-2	4	82135
19825	-2	4	82139
19826	-2	4	82143
19827	-2	4	82147
19828	-2	4	82151
19829	-2	4	82155
19830	-2	4	82159
19831	-2	4	82163
19832	-2	4	82167
19833	-2	4	82171
19834	-2	4	82175
19835	-2	4	82179
19836	-2	4	82183
19837	-2	4	82187
19838	-2	4	82191
19839	-2	4	82195
19840	-2	4	82199
19841	-2	4	82203
19842	-4	6	82209
19843	-2	4	82213
19844	-2	4	82217
19845	-2	4	82221
19846	-2	4	82225
19847	-2	4	82229
19848	-2	4	82233
19849	-2	4	82237
19850	-2	4	82241
19851	-2	4	82245
19852	-2	4	82249
19853	-2	4	82253
19854	-2	4	82257
19855	-2	4	82261
19856	-2	4	82265
19857	-2	4	82269
19858	-4	6	82275
19859	-2	4	82279
19860	-2	4	82283
19861	-2	4	82287
19862	-2	4	82291
19863	-3	5	82296
19864	-2	4	82300
19865	-2	4	82304
19866	-2	4	82308
19867	-2	4	82312
19868	-2	4	82316
19869	-2	4	82320
19870	-2	4	82324
19871	-2	4	82328
19872	-2	4	82332
19873	-3	5	82337
19874	-2	4	82341
19875	-2	4	82345
19876	-2	4	82349
19877	-4	6	82355
19878	-2	4	82359
19879	-2	4	82363
19880	-2	4	82367
19881	-2	4	82371
19882	-4	6	82377
19883	-2	4	82381
19884	-2	4	82385
19885	-2	4	82389
19886	-2	4	82393
19887	-2	4	82397
19888	-2	4	82401
19889	-2	4	82405
19890	-2	4	82409
19891	-2	4	82413
19892	-2	4	82417
19893	-2	4	82421
19894	-2	4	82425
19895	-2	4	82429
19896	-2	4	82433
19897	-2	4	82437
19898	-2	4	82441
19899	-2	4	82445
19900	-2	4	82449
19901	-2	4	82453
19902	-2	4	82457
19903	-2	4	82461
19904	-2	4	82465
19905	-2	4	82469
19906	-2	4	82473
19907	-2	4	82477
19908	-2	4	82481
19909	-2	4	82485
19910	-2	4	82489
19911	-2	4	82493
19912	-2	4	82497
19913	-2	4	82501
19914	-2	4	82505
19915	-2	4	82509
19916	-3	5	82514
19917	-3	5	82519
19918	-2	4	82523
19919	-4	6	82529
19920	-2	4	82533
19921	-2	4	82537
19922	-2	4	82541
19923	-2	4	82545
19924	-2	4	82549
19925	-2	4	82553
19926	-2	4	82557
19927	-2	4	82561
19928	-2	4	82565
19929	-4	6	82571
19930	-2	4	82575
19931	-2	4	82579
19932	-2	4	82583
19933	-4	6	82589
19934	-4	6	82595
19935	-2	4	82599
19936	-6	8	82607
19937	-2	4	82611
19938	-2	4	82615
19939	-2	4	82619
19940	-2	4	82623
19941	-2	4	82627
19942	-2	4	82631
19943	-2	4	82635
19944	-2	4	82639
19945	-2	4	82643
19946	-2	4	82647
19947	-2	4	82651
19948	-2	4	82655
19949	-2	4	82659
19950	-3	5	82664
19951	-2	4	82668
19952	-2	4	82672
19953	-3	5	82677
19954	-2	4	82681
19955	-2	4	82685
19956	-2	4	82689
19957	-2	4	82693
19958	-2	4	82697
19959	-2	4	82701
19960	-2	4	82705
19961	-2	4	82709
19962	-3	5	82714
19963	-2	4	82718
19964	-2	4	82722
19965	-2	4	82726
19966	-3	5	82731
19967	-2	4	82735
19968	-2	4	82739
19969	-2	4	82743
19970	-2	4	82747
19971	-2	4	82751
19972	-2	4	82755
19973	-2	4	82759
19974	-2	4	82763
19975	-2	4	82767
19976	-2	4	82771
19977	-2	4	82775
19978	-2	4	82779
19979	-6	8	82787
19980	-2	4	82791
19981	-2	4	82795
19982	-2	4	82799
19983	-4	6	82805
19984	-2	4	82809
19985	-2	4	82813
19986	-2	4	82817
19987	-2	4	82821
19988	-2	4	82825
19989	-2	4	82829
19990	-2	4	82833
19991	-2	4	82837
19992	-4	6	82843
19993	-3	5	82848
19994	-2	4	82852
19995	-4	6	82858
19996	-2	4	82862
19997	-2	4	82866
19998	-2	4	82870
19999	-2	4	82874
