Episode	Accumulated Reward	Length	Steps
0	-9	11	11
1	-8	10	21
2	-20	22	43
3	-25	27	70
4	-12	14	84
5	-2	4	88
6	-2	4	92
7	-2	4	96
8	-2	4	100
9	-2	4	104
10	-2	4	108
11	-2	4	112
12	-2	4	116
13	-2	4	120
14	-2	4	124
15	-2	4	128
16	-2	4	132
17	-9	11	143
18	-2	4	147
19	-2	4	151
20	-2	4	155
21	-2	4	159
22	-4	6	165
23	-2	4	169
24	-2	4	173
25	-2	4	177
26	-2	4	181
27	-2	4	185
28	-2	4	189
29	-2	4	193
30	-2	4	197
31	-2	4	201
32	-2	4	205
33	-2	4	209
34	-2	4	213
35	-2	4	217
36	-2	4	221
37	-2	4	225
38	-2	4	229
39	-2	4	233
40	-2	4	237
41	-2	4	241
42	-2	4	245
43	-2	4	249
44	-2	4	253
45	-2	4	257
46	-3	5	262
47	-2	4	266
48	-2	4	270
49	-2	4	274
50	-2	4	278
51	-4	6	284
52	-2	4	288
53	-3	5	293
54	-2	4	297
55	-2	4	301
56	-2	4	305
57	-2	4	309
58	-2	4	313
59	-2	4	317
60	-2	4	321
61	-2	4	325
62	-2	4	329
63	-2	4	333
64	-2	4	337
65	-2	4	341
66	-2	4	345
67	-2	4	349
68	-2	4	353
69	-3	5	358
70	-2	4	362
71	-2	4	366
72	-2	4	370
73	-2	4	374
74	-2	4	378
75	-2	4	382
76	-2	4	386
77	-2	4	390
78	-2	4	394
79	-2	4	398
80	-2	4	402
81	-2	4	406
82	-2	4	410
83	-2	4	414
84	-2	4	418
85	-2	4	422
86	-2	4	426
87	-2	4	430
88	-2	4	434
89	-2	4	438
90	-2	4	442
91	-2	4	446
92	-2	4	450
93	-2	4	454
94	-2	4	458
95	-2	4	462
96	-2	4	466
97	-2	4	470
98	-2	4	474
99	-2	4	478
100	-2	4	482
101	-2	4	486
102	-2	4	490
103	-2	4	494
104	-2	4	498
105	-2	4	502
106	-2	4	506
107	-2	4	510
108	-2	4	514
109	-2	4	518
110	-2	4	522
111	-2	4	526
112	-2	4	530
113	-2	4	534
114	-2	4	538
115	-2	4	542
116	-2	4	546
117	-2	4	550
118	-2	4	554
119	-2	4	558
120	-2	4	562
121	-2	4	566
122	-2	4	570
123	-2	4	574
124	-2	4	578
125	-2	4	582
126	-2	4	586
127	-2	4	590
128	-2	4	594
129	-2	4	598
130	-2	4	602
131	-2	4	606
132	-2	4	610
133	-2	4	614
134	-6	8	622
135	-2	4	626
136	-3	5	631
137	-2	4	635
138	-2	4	639
139	-2	4	643
140	-2	4	647
141	-2	4	651
142	-2	4	655
143	-3	5	660
144	-2	4	664
145	-2	4	668
146	-2	4	672
147	-2	4	676
148	-2	4	680
149	-2	4	684
150	-2	4	688
151	-2	4	692
152	-2	4	696
153	-2	4	700
154	-2	4	704
155	-2	4	708
156	-2	4	712
157	-2	4	716
158	-2	4	720
159	-2	4	724
160	-2	4	728
161	-2	4	732
162	-2	4	736
163	-2	4	740
164	-4	6	746
165	-2	4	750
166	-2	4	754
167	-2	4	758
168	-2	4	762
169	-2	4	766
170	-2	4	770
171	-2	4	774
172	-2	4	778
173	-2	4	782
174	-2	4	786
175	-2	4	790
176	-2	4	794
177	-4	6	800
178	-2	4	804
179	-2	4	808
180	-2	4	812
181	-2	4	816
182	-2	4	820
183	-2	4	824
184	-2	4	828
185	-2	4	832
186	-2	4	836
187	-2	4	840
188	-2	4	844
189	-2	4	848
190	-2	4	852
191	-2	4	856
192	-2	4	860
193	-2	4	864
194	-4	6	870
195	-2	4	874
196	-2	4	878
197	-2	4	882
198	-2	4	886
199	-2	4	890
200	-2	4	894
201	-2	4	898
202	-2	4	902
203	-2	4	906
204	-2	4	910
205	-2	4	914
206	-2	4	918
207	-2	4	922
208	-2	4	926
209	-4	6	932
210	-2	4	936
211	-2	4	940
212	-2	4	944
213	-2	4	948
214	-2	4	952
215	-2	4	956
216	-2	4	960
217	-5	7	967
218	-2	4	971
219	-2	4	975
220	-2	4	979
221	-2	4	983
222	-6	8	991
223	-2	4	995
224	-2	4	999
225	-2	4	1003
226	-2	4	1007
227	-2	4	1011
228	-4	6	1017
229	-2	4	1021
230	-2	4	1025
231	-3	5	1030
232	-2	4	1034
233	-2	4	1038
234	-2	4	1042
235	-2	4	1046
236	-2	4	1050
237	-2	4	1054
238	-2	4	1058
239	-2	4	1062
240	-2	4	1066
241	-2	4	1070
242	-2	4	1074
243	-2	4	1078
244	-2	4	1082
245	-2	4	1086
246	-2	4	1090
247	-4	6	1096
248	-2	4	1100
249	-2	4	1104
250	-2	4	1108
251	-4	6	1114
252	-2	4	1118
253	-2	4	1122
254	-2	4	1126
255	-2	4	1130
256	-2	4	1134
257	-2	4	1138
258	-2	4	1142
259	-2	4	1146
260	-2	4	1150
261	-2	4	1154
262	-2	4	1158
263	-2	4	1162
264	-2	4	1166
265	-2	4	1170
266	-2	4	1174
267	-2	4	1178
268	-2	4	1182
269	-2	4	1186
270	-2	4	1190
271	-2	4	1194
272	-2	4	1198
273	-2	4	1202
274	-2	4	1206
275	-2	4	1210
276	-2	4	1214
277	-4	6	1220
278	-2	4	1224
279	-2	4	1228
280	-2	4	1232
281	-2	4	1236
282	-2	4	1240
283	-2	4	1244
284	-4	6	1250
285	-2	4	1254
286	-2	4	1258
287	-4	6	1264
288	-2	4	1268
289	-2	4	1272
290	-2	4	1276
291	-2	4	1280
292	-2	4	1284
293	-2	4	1288
294	-2	4	1292
295	-2	4	1296
296	-2	4	1300
297	-2	4	1304
298	-2	4	1308
299	-2	4	1312
300	-2	4	1316
301	-2	4	1320
302	-2	4	1324
303	-2	4	1328
304	-4	6	1334
305	-3	5	1339
306	-2	4	1343
307	-4	6	1349
308	-2	4	1353
309	-2	4	1357
310	-2	4	1361
311	-2	4	1365
312	-2	4	1369
313	-2	4	1373
314	-2	4	1377
315	-2	4	1381
316	-2	4	1385
317	-2	4	1389
318	-2	4	1393
319	-2	4	1397
320	-2	4	1401
321	-2	4	1405
322	-2	4	1409
323	-2	4	1413
324	-2	4	1417
325	-2	4	1421
326	-4	6	1427
327	-2	4	1431
328	-2	4	1435
329	-2	4	1439
330	-2	4	1443
331	-2	4	1447
332	-2	4	1451
333	-2	4	1455
334	-2	4	1459
335	-2	4	1463
336	-2	4	1467
337	-2	4	1471
338	-2	4	1475
339	-2	4	1479
340	-2	4	1483
341	-2	4	1487
342	-2	4	1491
343	-2	4	1495
344	-2	4	1499
345	-2	4	1503
346	-2	4	1507
347	-2	4	1511
348	-2	4	1515
349	-2	4	1519
350	-2	4	1523
351	-2	4	1527
352	-2	4	1531
353	-2	4	1535
354	-2	4	1539
355	-2	4	1543
356	-2	4	1547
357	-2	4	1551
358	-2	4	1555
359	-2	4	1559
360	-2	4	1563
361	-2	4	1567
362	-2	4	1571
363	-2	4	1575
364	-2	4	1579
365	-2	4	1583
366	-2	4	1587
367	-2	4	1591
368	-2	4	1595
369	-2	4	1599
370	-2	4	1603
371	-4	6	1609
372	-2	4	1613
373	-2	4	1617
374	-2	4	1621
375	-2	4	1625
376	-2	4	1629
377	-2	4	1633
378	-2	4	1637
379	-2	4	1641
380	-2	4	1645
381	-2	4	1649
382	-2	4	1653
383	-2	4	1657
384	-2	4	1661
385	-2	4	1665
386	-2	4	1669
387	-2	4	1673
388	-2	4	1677
389	-2	4	1681
390	-2	4	1685
391	-2	4	1689
392	-2	4	1693
393	-2	4	1697
394	-2	4	1701
395	-2	4	1705
396	-2	4	1709
397	-2	4	1713
398	-2	4	1717
399	-2	4	1721
400	-2	4	1725
401	-2	4	1729
402	-2	4	1733
403	-4	6	1739
404	-2	4	1743
405	-2	4	1747
406	-2	4	1751
407	-2	4	1755
408	-2	4	1759
409	-2	4	1763
410	-2	4	1767
411	-2	4	1771
412	-2	4	1775
413	-2	4	1779
414	-2	4	1783
415	-2	4	1787
416	-2	4	1791
417	-2	4	1795
418	-2	4	1799
419	-2	4	1803
420	-2	4	1807
421	-2	4	1811
422	-2	4	1815
423	-2	4	1819
424	-2	4	1823
425	-2	4	1827
426	-4	6	1833
427	-2	4	1837
428	-2	4	1841
429	-2	4	1845
430	-2	4	1849
431	-2	4	1853
432	-2	4	1857
433	-2	4	1861
434	-2	4	1865
435	-2	4	1869
436	-2	4	1873
437	-2	4	1877
438	-2	4	1881
439	-2	4	1885
440	-2	4	1889
441	-2	4	1893
442	-2	4	1897
443	-2	4	1901
444	-2	4	1905
445	-2	4	1909
446	-2	4	1913
447	-2	4	1917
448	-2	4	1921
449	-2	4	1925
450	-2	4	1929
451	-2	4	1933
452	-2	4	1937
453	-2	4	1941
454	-2	4	1945
455	-2	4	1949
456	-2	4	1953
457	-2	4	1957
458	-2	4	1961
459	-2	4	1965
460	-2	4	1969
461	-2	4	1973
462	-2	4	1977
463	-2	4	1981
464	-2	4	1985
465	-2	4	1989
466	-2	4	1993
467	-2	4	1997
468	-2	4	2001
469	-2	4	2005
470	-2	4	2009
471	-2	4	2013
472	-2	4	2017
473	-2	4	2021
474	-2	4	2025
475	-2	4	2029
476	-2	4	2033
477	-2	4	2037
478	-2	4	2041
479	-2	4	2045
480	-2	4	2049
481	-2	4	2053
482	-2	4	2057
483	-2	4	2061
484	-2	4	2065
485	-2	4	2069
486	-2	4	2073
487	-2	4	2077
488	-2	4	2081
489	-2	4	2085
490	-2	4	2089
491	-2	4	2093
492	-2	4	2097
493	-2	4	2101
494	-2	4	2105
495	-3	5	2110
496	-2	4	2114
497	-2	4	2118
498	-2	4	2122
499	-2	4	2126
500	-2	4	2130
501	-2	4	2134
502	-4	6	2140
503	-2	4	2144
504	-2	4	2148
505	-2	4	2152
506	-3	5	2157
507	-2	4	2161
508	-2	4	2165
509	-2	4	2169
510	-2	4	2173
511	-2	4	2177
512	-2	4	2181
513	-2	4	2185
514	-2	4	2189
515	-2	4	2193
516	-2	4	2197
517	-2	4	2201
518	-2	4	2205
519	-2	4	2209
520	-4	6	2215
521	-2	4	2219
522	-2	4	2223
523	-2	4	2227
524	-2	4	2231
525	-2	4	2235
526	-3	5	2240
527	-2	4	2244
528	-2	4	2248
529	-2	4	2252
530	-2	4	2256
531	-2	4	2260
532	-2	4	2264
533	-2	4	2268
534	-4	6	2274
535	-2	4	2278
536	-2	4	2282
537	-2	4	2286
538	-2	4	2290
539	-2	4	2294
540	-2	4	2298
541	-2	4	2302
542	-2	4	2306
543	-3	5	2311
544	-2	4	2315
545	-2	4	2319
546	-2	4	2323
547	-2	4	2327
548	-2	4	2331
549	-2	4	2335
550	-2	4	2339
551	-2	4	2343
552	-2	4	2347
553	-2	4	2351
554	-2	4	2355
555	-2	4	2359
556	-2	4	2363
557	-2	4	2367
558	-2	4	2371
559	-2	4	2375
560	-2	4	2379
561	-2	4	2383
562	-2	4	2387
563	-2	4	2391
564	-4	6	2397
565	-2	4	2401
566	-2	4	2405
567	-2	4	2409
568	-2	4	2413
569	-2	4	2417
570	-2	4	2421
571	-2	4	2425
572	-2	4	2429
573	-2	4	2433
574	-2	4	2437
575	-2	4	2441
576	-2	4	2445
577	-2	4	2449
578	-2	4	2453
579	-2	4	2457
580	-2	4	2461
581	-2	4	2465
582	-2	4	2469
583	-2	4	2473
584	-2	4	2477
585	-2	4	2481
586	-2	4	2485
587	-2	4	2489
588	-2	4	2493
589	-2	4	2497
590	-2	4	2501
591	-4	6	2507
592	-2	4	2511
593	-2	4	2515
594	-2	4	2519
595	-2	4	2523
596	-2	4	2527
597	-2	4	2531
598	-2	4	2535
599	-2	4	2539
600	-2	4	2543
601	-2	4	2547
602	-2	4	2551
603	-2	4	2555
604	-2	4	2559
605	-2	4	2563
606	-2	4	2567
607	-2	4	2571
608	-2	4	2575
609	-2	4	2579
610	-2	4	2583
611	-2	4	2587
612	-2	4	2591
613	-2	4	2595
614	-4	6	2601
615	-2	4	2605
616	-2	4	2609
617	-2	4	2613
618	-2	4	2617
619	-2	4	2621
620	-2	4	2625
621	-2	4	2629
622	-2	4	2633
623	-2	4	2637
624	-2	4	2641
625	-2	4	2645
626	-2	4	2649
627	-2	4	2653
628	-2	4	2657
629	-3	5	2662
630	-2	4	2666
631	-2	4	2670
632	-4	6	2676
633	-2	4	2680
634	-2	4	2684
635	-2	4	2688
636	-2	4	2692
637	-2	4	2696
638	-2	4	2700
639	-2	4	2704
640	-2	4	2708
641	-2	4	2712
642	-2	4	2716
643	-2	4	2720
644	-2	4	2724
645	-2	4	2728
646	-2	4	2732
647	-2	4	2736
648	-4	6	2742
649	-2	4	2746
650	-2	4	2750
651	-3	5	2755
652	-2	4	2759
653	-3	5	2764
654	-2	4	2768
655	-2	4	2772
656	-2	4	2776
657	-2	4	2780
658	-2	4	2784
659	-3	5	2789
660	-2	4	2793
661	-2	4	2797
662	-2	4	2801
663	-2	4	2805
664	-2	4	2809
665	-2	4	2813
666	-2	4	2817
667	-2	4	2821
668	-2	4	2825
669	-2	4	2829
670	-2	4	2833
671	-6	8	2841
672	-2	4	2845
673	-2	4	2849
674	-2	4	2853
675	-2	4	2857
676	-2	4	2861
677	-2	4	2865
678	-2	4	2869
679	-2	4	2873
680	-2	4	2877
681	-2	4	2881
682	-2	4	2885
683	-2	4	2889
684	-2	4	2893
685	-2	4	2897
686	-2	4	2901
687	-2	4	2905
688	-2	4	2909
689	-2	4	2913
690	-4	6	2919
691	-2	4	2923
692	-2	4	2927
693	-2	4	2931
694	-2	4	2935
695	-2	4	2939
696	-2	4	2943
697	-4	6	2949
698	-3	5	2954
699	-2	4	2958
700	-2	4	2962
701	-2	4	2966
702	-2	4	2970
703	-2	4	2974
704	-2	4	2978
705	-2	4	2982
706	-2	4	2986
707	-2	4	2990
708	-2	4	2994
709	-2	4	2998
710	-2	4	3002
711	-2	4	3006
712	-2	4	3010
713	-2	4	3014
714	-2	4	3018
715	-2	4	3022
716	-2	4	3026
717	-2	4	3030
718	-2	4	3034
719	-2	4	3038
720	-2	4	3042
721	-2	4	3046
722	-2	4	3050
723	-2	4	3054
724	-2	4	3058
725	-2	4	3062
726	-2	4	3066
727	-2	4	3070
728	-2	4	3074
729	-2	4	3078
730	-2	4	3082
731	-2	4	3086
732	-2	4	3090
733	-5	7	3097
734	-2	4	3101
735	-2	4	3105
736	-2	4	3109
737	-2	4	3113
738	-2	4	3117
739	-2	4	3121
740	-2	4	3125
741	-2	4	3129
742	-2	4	3133
743	-2	4	3137
744	-2	4	3141
745	-2	4	3145
746	-2	4	3149
747	-2	4	3153
748	-2	4	3157
749	-2	4	3161
750	-2	4	3165
751	-2	4	3169
752	-2	4	3173
753	-2	4	3177
754	-2	4	3181
755	-2	4	3185
756	-2	4	3189
757	-2	4	3193
758	-2	4	3197
759	-2	4	3201
760	-2	4	3205
761	-4	6	3211
762	-2	4	3215
763	-2	4	3219
764	-2	4	3223
765	-2	4	3227
766	-2	4	3231
767	-2	4	3235
768	-2	4	3239
769	-2	4	3243
770	-2	4	3247
771	-2	4	3251
772	-2	4	3255
773	-2	4	3259
774	-2	4	3263
775	-2	4	3267
776	-2	4	3271
777	-2	4	3275
778	-2	4	3279
779	-2	4	3283
780	-2	4	3287
781	-3	5	3292
782	-2	4	3296
783	-2	4	3300
784	-2	4	3304
785	-2	4	3308
786	-2	4	3312
787	-2	4	3316
788	-2	4	3320
789	-2	4	3324
790	-2	4	3328
791	-2	4	3332
792	-2	4	3336
793	-2	4	3340
794	-2	4	3344
795	-2	4	3348
796	-2	4	3352
797	-2	4	3356
798	-2	4	3360
799	-4	6	3366
800	-2	4	3370
801	-2	4	3374
802	-6	8	3382
803	-2	4	3386
804	-2	4	3390
805	-2	4	3394
806	-2	4	3398
807	-4	6	3404
808	-2	4	3408
809	-2	4	3412
810	-2	4	3416
811	-2	4	3420
812	-2	4	3424
813	-2	4	3428
814	-2	4	3432
815	-4	6	3438
816	-2	4	3442
817	-3	5	3447
818	-2	4	3451
819	-2	4	3455
820	-2	4	3459
821	-2	4	3463
822	-2	4	3467
823	-2	4	3471
824	-2	4	3475
825	-2	4	3479
826	-2	4	3483
827	-2	4	3487
828	-2	4	3491
829	-2	4	3495
830	-2	4	3499
831	-2	4	3503
832	-2	4	3507
833	-2	4	3511
834	-2	4	3515
835	-2	4	3519
836	-2	4	3523
837	-2	4	3527
838	-2	4	3531
839	-2	4	3535
840	-2	4	3539
841	-2	4	3543
842	-2	4	3547
843	-2	4	3551
844	-2	4	3555
845	-2	4	3559
846	-2	4	3563
847	-2	4	3567
848	-2	4	3571
849	-2	4	3575
850	-2	4	3579
851	-2	4	3583
852	-2	4	3587
853	-2	4	3591
854	-2	4	3595
855	-2	4	3599
856	-2	4	3603
857	-3	5	3608
858	-2	4	3612
859	-2	4	3616
860	-2	4	3620
861	-2	4	3624
862	-2	4	3628
863	-2	4	3632
864	-2	4	3636
865	-2	4	3640
866	-2	4	3644
867	-2	4	3648
868	-2	4	3652
869	-2	4	3656
870	-2	4	3660
871	-2	4	3664
872	-2	4	3668
873	-2	4	3672
874	-2	4	3676
875	-5	7	3683
876	-2	4	3687
877	-2	4	3691
878	-2	4	3695
879	-2	4	3699
880	-2	4	3703
881	-2	4	3707
882	-2	4	3711
883	-2	4	3715
884	-2	4	3719
885	-2	4	3723
886	-2	4	3727
887	-2	4	3731
888	-4	6	3737
889	-2	4	3741
890	-2	4	3745
891	-2	4	3749
892	-2	4	3753
893	-4	6	3759
894	-2	4	3763
895	-2	4	3767
896	-2	4	3771
897	-2	4	3775
898	-2	4	3779
899	-2	4	3783
900	-2	4	3787
901	-2	4	3791
902	-2	4	3795
903	-2	4	3799
904	-2	4	3803
905	-2	4	3807
906	-2	4	3811
907	-2	4	3815
908	-2	4	3819
909	-2	4	3823
910	-2	4	3827
911	-2	4	3831
912	-2	4	3835
913	-2	4	3839
914	-2	4	3843
915	-2	4	3847
916	-2	4	3851
917	-2	4	3855
918	-2	4	3859
919	-2	4	3863
920	-2	4	3867
921	-2	4	3871
922	-2	4	3875
923	-3	5	3880
924	-2	4	3884
925	-3	5	3889
926	-2	4	3893
927	-2	4	3897
928	-2	4	3901
929	-2	4	3905
930	-2	4	3909
931	-2	4	3913
932	-2	4	3917
933	-2	4	3921
934	-2	4	3925
935	-2	4	3929
936	-2	4	3933
937	-2	4	3937
938	-2	4	3941
939	-2	4	3945
940	-2	4	3949
941	-2	4	3953
942	-2	4	3957
943	-2	4	3961
944	-2	4	3965
945	-4	6	3971
946	-2	4	3975
947	-2	4	3979
948	-4	6	3985
949	-2	4	3989
950	-2	4	3993
951	-2	4	3997
952	-2	4	4001
953	-2	4	4005
954	-2	4	4009
955	-2	4	4013
956	-2	4	4017
957	-2	4	4021
958	-2	4	4025
959	-2	4	4029
960	-2	4	4033
961	-2	4	4037
962	-2	4	4041
963	-4	6	4047
964	-4	6	4053
965	-2	4	4057
966	-2	4	4061
967	-2	4	4065
968	-2	4	4069
969	-2	4	4073
970	-2	4	4077
971	-2	4	4081
972	-4	6	4087
973	-2	4	4091
974	-2	4	4095
975	-2	4	4099
976	-2	4	4103
977	-2	4	4107
978	-2	4	4111
979	-2	4	4115
980	-2	4	4119
981	-2	4	4123
982	-2	4	4127
983	-2	4	4131
984	-2	4	4135
985	-2	4	4139
986	-2	4	4143
987	-4	6	4149
988	-2	4	4153
989	-2	4	4157
990	-2	4	4161
991	-2	4	4165
992	-2	4	4169
993	-2	4	4173
994	-2	4	4177
995	-2	4	4181
996	-2	4	4185
997	-2	4	4189
998	-2	4	4193
999	-2	4	4197
1000	-4	6	4203
1001	-2	4	4207
1002	-2	4	4211
1003	-2	4	4215
1004	-2	4	4219
1005	-2	4	4223
1006	-2	4	4227
1007	-2	4	4231
1008	-2	4	4235
1009	-2	4	4239
1010	-2	4	4243
1011	-2	4	4247
1012	-2	4	4251
1013	-2	4	4255
1014	-2	4	4259
1015	-2	4	4263
1016	-2	4	4267
1017	-2	4	4271
1018	-2	4	4275
1019	-2	4	4279
1020	-2	4	4283
1021	-2	4	4287
1022	-2	4	4291
1023	-2	4	4295
1024	-2	4	4299
1025	-2	4	4303
1026	-2	4	4307
1027	-2	4	4311
1028	-2	4	4315
1029	-3	5	4320
1030	-2	4	4324
1031	-2	4	4328
1032	-2	4	4332
1033	-2	4	4336
1034	-2	4	4340
1035	-2	4	4344
1036	-2	4	4348
1037	-2	4	4352
1038	-2	4	4356
1039	-2	4	4360
1040	-2	4	4364
1041	-2	4	4368
1042	-2	4	4372
1043	-2	4	4376
1044	-2	4	4380
1045	-2	4	4384
1046	-2	4	4388
1047	-2	4	4392
1048	-2	4	4396
1049	-2	4	4400
1050	-2	4	4404
1051	-2	4	4408
1052	-2	4	4412
1053	-2	4	4416
1054	-2	4	4420
1055	-2	4	4424
1056	-2	4	4428
1057	-2	4	4432
1058	-4	6	4438
1059	-2	4	4442
1060	-2	4	4446
1061	-2	4	4450
1062	-2	4	4454
1063	-2	4	4458
1064	-4	6	4464
1065	-2	4	4468
1066	-2	4	4472
1067	-2	4	4476
1068	-2	4	4480
1069	-2	4	4484
1070	-2	4	4488
1071	-2	4	4492
1072	-2	4	4496
1073	-2	4	4500
1074	-2	4	4504
1075	-2	4	4508
1076	-2	4	4512
1077	-2	4	4516
1078	-2	4	4520
1079	-2	4	4524
1080	-2	4	4528
1081	-2	4	4532
1082	-2	4	4536
1083	-2	4	4540
1084	-2	4	4544
1085	-2	4	4548
1086	-2	4	4552
1087	-2	4	4556
1088	-2	4	4560
1089	-2	4	4564
1090	-2	4	4568
1091	-4	6	4574
1092	-2	4	4578
1093	-2	4	4582
1094	-2	4	4586
1095	-2	4	4590
1096	-2	4	4594
1097	-2	4	4598
1098	-2	4	4602
1099	-2	4	4606
1100	-2	4	4610
1101	-2	4	4614
1102	-2	4	4618
1103	-2	4	4622
1104	-2	4	4626
1105	-2	4	4630
1106	-2	4	4634
1107	-2	4	4638
1108	-2	4	4642
1109	-2	4	4646
1110	-2	4	4650
1111	-2	4	4654
1112	-2	4	4658
1113	-2	4	4662
1114	-2	4	4666
1115	-2	4	4670
1116	-2	4	4674
1117	-2	4	4678
1118	-2	4	4682
1119	-2	4	4686
1120	-2	4	4690
1121	-2	4	4694
1122	-2	4	4698
1123	-2	4	4702
1124	-2	4	4706
1125	-2	4	4710
1126	-2	4	4714
1127	-4	6	4720
1128	-2	4	4724
1129	-2	4	4728
1130	-3	5	4733
1131	-2	4	4737
1132	-2	4	4741
1133	-2	4	4745
1134	-2	4	4749
1135	-2	4	4753
1136	-3	5	4758
1137	-2	4	4762
1138	-3	5	4767
1139	-2	4	4771
1140	-2	4	4775
1141	-2	4	4779
1142	-2	4	4783
1143	-2	4	4787
1144	-4	6	4793
1145	-2	4	4797
1146	-2	4	4801
1147	-4	6	4807
1148	-2	4	4811
1149	-4	6	4817
1150	-2	4	4821
1151	-2	4	4825
1152	-2	4	4829
1153	-2	4	4833
1154	-2	4	4837
1155	-2	4	4841
1156	-2	4	4845
1157	-2	4	4849
1158	-2	4	4853
1159	-2	4	4857
1160	-2	4	4861
1161	-2	4	4865
1162	-2	4	4869
1163	-2	4	4873
1164	-2	4	4877
1165	-3	5	4882
1166	-2	4	4886
1167	-2	4	4890
1168	-2	4	4894
1169	-2	4	4898
1170	-8	10	4908
1171	-2	4	4912
1172	-2	4	4916
1173	-2	4	4920
1174	-2	4	4924
1175	-4	6	4930
1176	-2	4	4934
1177	-2	4	4938
1178	-2	4	4942
1179	-2	4	4946
1180	-2	4	4950
1181	-2	4	4954
1182	-2	4	4958
1183	-2	4	4962
1184	-2	4	4966
1185	-2	4	4970
1186	-2	4	4974
1187	-3	5	4979
1188	-2	4	4983
1189	-2	4	4987
1190	-2	4	4991
1191	-2	4	4995
1192	-2	4	4999
1193	-2	4	5003
1194	-2	4	5007
1195	-2	4	5011
1196	-2	4	5015
1197	-4	6	5021
1198	-2	4	5025
1199	-2	4	5029
1200	-2	4	5033
1201	-2	4	5037
1202	-2	4	5041
1203	-3	5	5046
1204	-2	4	5050
1205	-2	4	5054
1206	-2	4	5058
1207	-2	4	5062
1208	-2	4	5066
1209	-2	4	5070
1210	-2	4	5074
1211	-2	4	5078
1212	-2	4	5082
1213	-3	5	5087
1214	-2	4	5091
1215	-2	4	5095
1216	-2	4	5099
1217	-2	4	5103
1218	-2	4	5107
1219	-2	4	5111
1220	-2	4	5115
1221	-2	4	5119
1222	-2	4	5123
1223	-2	4	5127
1224	-2	4	5131
1225	-2	4	5135
1226	-4	6	5141
1227	-2	4	5145
1228	-2	4	5149
1229	-2	4	5153
1230	-2	4	5157
1231	-2	4	5161
1232	-2	4	5165
1233	-2	4	5169
1234	-2	4	5173
1235	-2	4	5177
1236	-2	4	5181
1237	-2	4	5185
1238	-2	4	5189
1239	-2	4	5193
1240	-2	4	5197
1241	-2	4	5201
1242	-2	4	5205
1243	-2	4	5209
1244	-2	4	5213
1245	-2	4	5217
1246	-2	4	5221
1247	-2	4	5225
1248	-2	4	5229
1249	-2	4	5233
1250	-2	4	5237
1251	-2	4	5241
1252	-2	4	5245
1253	-2	4	5249
1254	-2	4	5253
1255	-2	4	5257
1256	-2	4	5261
1257	-2	4	5265
1258	-2	4	5269
1259	-2	4	5273
1260	-2	4	5277
1261	-2	4	5281
1262	-2	4	5285
1263	-2	4	5289
1264	-2	4	5293
1265	-2	4	5297
1266	-2	4	5301
1267	-2	4	5305
1268	-2	4	5309
1269	-2	4	5313
1270	-2	4	5317
1271	-2	4	5321
1272	-2	4	5325
1273	-4	6	5331
1274	-2	4	5335
1275	-2	4	5339
1276	-2	4	5343
1277	-2	4	5347
1278	-2	4	5351
1279	-2	4	5355
1280	-2	4	5359
1281	-2	4	5363
1282	-2	4	5367
1283	-2	4	5371
1284	-4	6	5377
1285	-2	4	5381
1286	-2	4	5385
1287	-2	4	5389
1288	-2	4	5393
1289	-4	6	5399
1290	-2	4	5403
1291	-2	4	5407
1292	-2	4	5411
1293	-4	6	5417
1294	-2	4	5421
1295	-2	4	5425
1296	-2	4	5429
1297	-2	4	5433
1298	-2	4	5437
1299	-2	4	5441
1300	-2	4	5445
1301	-2	4	5449
1302	-2	4	5453
1303	-2	4	5457
1304	-2	4	5461
1305	-2	4	5465
1306	-2	4	5469
1307	-2	4	5473
1308	-2	4	5477
1309	-2	4	5481
1310	-2	4	5485
1311	-2	4	5489
1312	-2	4	5493
1313	-2	4	5497
1314	-2	4	5501
1315	-2	4	5505
1316	-2	4	5509
1317	-2	4	5513
1318	-2	4	5517
1319	-2	4	5521
1320	-2	4	5525
1321	-2	4	5529
1322	-2	4	5533
1323	-2	4	5537
1324	-2	4	5541
1325	-2	4	5545
1326	-2	4	5549
1327	-2	4	5553
1328	-2	4	5557
1329	-2	4	5561
1330	-2	4	5565
1331	-2	4	5569
1332	-2	4	5573
1333	-2	4	5577
1334	-2	4	5581
1335	-2	4	5585
1336	-2	4	5589
1337	-2	4	5593
1338	-2	4	5597
1339	-2	4	5601
1340	-2	4	5605
1341	-2	4	5609
1342	-2	4	5613
1343	-2	4	5617
1344	-2	4	5621
1345	-2	4	5625
1346	-2	4	5629
1347	-2	4	5633
1348	-2	4	5637
1349	-2	4	5641
1350	-2	4	5645
1351	-2	4	5649
1352	-2	4	5653
1353	-2	4	5657
1354	-2	4	5661
1355	-2	4	5665
1356	-2	4	5669
1357	-2	4	5673
1358	-2	4	5677
1359	-2	4	5681
1360	-2	4	5685
1361	-2	4	5689
1362	-2	4	5693
1363	-2	4	5697
1364	-2	4	5701
1365	-2	4	5705
1366	-2	4	5709
1367	-2	4	5713
1368	-2	4	5717
1369	-2	4	5721
1370	-2	4	5725
1371	-2	4	5729
1372	-2	4	5733
1373	-2	4	5737
1374	-2	4	5741
1375	-2	4	5745
1376	-2	4	5749
1377	-2	4	5753
1378	-2	4	5757
1379	-2	4	5761
1380	-2	4	5765
1381	-2	4	5769
1382	-2	4	5773
1383	-2	4	5777
1384	-3	5	5782
1385	-2	4	5786
1386	-2	4	5790
1387	-2	4	5794
1388	-2	4	5798
1389	-2	4	5802
1390	-4	6	5808
1391	-2	4	5812
1392	-2	4	5816
1393	-2	4	5820
1394	-2	4	5824
1395	-2	4	5828
1396	-2	4	5832
1397	-2	4	5836
1398	-2	4	5840
1399	-2	4	5844
1400	-2	4	5848
1401	-2	4	5852
1402	-2	4	5856
1403	-2	4	5860
1404	-4	6	5866
1405	-2	4	5870
1406	-2	4	5874
1407	-2	4	5878
1408	-2	4	5882
1409	-2	4	5886
1410	-2	4	5890
1411	-2	4	5894
1412	-2	4	5898
1413	-2	4	5902
1414	-2	4	5906
1415	-2	4	5910
1416	-2	4	5914
1417	-2	4	5918
1418	-2	4	5922
1419	-2	4	5926
1420	-2	4	5930
1421	-2	4	5934
1422	-2	4	5938
1423	-2	4	5942
1424	-2	4	5946
1425	-2	4	5950
1426	-2	4	5954
1427	-2	4	5958
1428	-2	4	5962
1429	-2	4	5966
1430	-2	4	5970
1431	-2	4	5974
1432	-2	4	5978
1433	-2	4	5982
1434	-2	4	5986
1435	-2	4	5990
1436	-2	4	5994
1437	-2	4	5998
1438	-2	4	6002
1439	-2	4	6006
1440	-2	4	6010
1441	-2	4	6014
1442	-2	4	6018
1443	-2	4	6022
1444	-2	4	6026
1445	-2	4	6030
1446	-2	4	6034
1447	-2	4	6038
1448	-2	4	6042
1449	-2	4	6046
1450	-2	4	6050
1451	-2	4	6054
1452	-2	4	6058
1453	-2	4	6062
1454	-2	4	6066
1455	-4	6	6072
1456	-2	4	6076
1457	-2	4	6080
1458	-2	4	6084
1459	-2	4	6088
1460	-2	4	6092
1461	-2	4	6096
1462	-2	4	6100
1463	-2	4	6104
1464	-2	4	6108
1465	-2	4	6112
1466	-4	6	6118
1467	-2	4	6122
1468	-2	4	6126
1469	-2	4	6130
1470	-2	4	6134
1471	-2	4	6138
1472	-2	4	6142
1473	-2	4	6146
1474	-2	4	6150
1475	-2	4	6154
1476	-2	4	6158
1477	-2	4	6162
1478	-2	4	6166
1479	-2	4	6170
1480	-2	4	6174
1481	-2	4	6178
1482	-2	4	6182
1483	-2	4	6186
1484	-2	4	6190
1485	-3	5	6195
1486	-2	4	6199
1487	-2	4	6203
1488	-2	4	6207
1489	-2	4	6211
1490	-2	4	6215
1491	-2	4	6219
1492	-2	4	6223
1493	-2	4	6227
1494	-2	4	6231
1495	-2	4	6235
1496	-2	4	6239
1497	-2	4	6243
1498	-2	4	6247
1499	-2	4	6251
1500	-2	4	6255
1501	-2	4	6259
1502	-2	4	6263
1503	-2	4	6267
1504	-2	4	6271
1505	-2	4	6275
1506	-2	4	6279
1507	-2	4	6283
1508	-2	4	6287
1509	-2	4	6291
1510	-3	5	6296
1511	-2	4	6300
1512	-2	4	6304
1513	-2	4	6308
1514	-2	4	6312
1515	-2	4	6316
1516	-2	4	6320
1517	-2	4	6324
1518	-2	4	6328
1519	-2	4	6332
1520	-2	4	6336
1521	-2	4	6340
1522	-2	4	6344
1523	-2	4	6348
1524	-4	6	6354
1525	-4	6	6360
1526	-3	5	6365
1527	-2	4	6369
1528	-4	6	6375
1529	-2	4	6379
1530	-2	4	6383
1531	-2	4	6387
1532	-2	4	6391
1533	-3	5	6396
1534	-2	4	6400
1535	-2	4	6404
1536	-2	4	6408
1537	-2	4	6412
1538	-2	4	6416
1539	-2	4	6420
1540	-2	4	6424
1541	-2	4	6428
1542	-2	4	6432
1543	-2	4	6436
1544	-2	4	6440
1545	-2	4	6444
1546	-2	4	6448
1547	-2	4	6452
1548	-2	4	6456
1549	-2	4	6460
1550	-2	4	6464
1551	-2	4	6468
1552	-2	4	6472
1553	-2	4	6476
1554	-2	4	6480
1555	-2	4	6484
1556	-2	4	6488
1557	-2	4	6492
1558	-4	6	6498
1559	-2	4	6502
1560	-4	6	6508
1561	-2	4	6512
1562	-2	4	6516
1563	-2	4	6520
1564	-2	4	6524
1565	-5	7	6531
1566	-2	4	6535
1567	-5	7	6542
1568	-2	4	6546
1569	-2	4	6550
1570	-2	4	6554
1571	-2	4	6558
1572	-2	4	6562
1573	-2	4	6566
1574	-2	4	6570
1575	-2	4	6574
1576	-6	8	6582
1577	-2	4	6586
1578	-2	4	6590
1579	-2	4	6594
1580	-2	4	6598
1581	-2	4	6602
1582	-2	4	6606
1583	-2	4	6610
1584	-2	4	6614
1585	-2	4	6618
1586	-2	4	6622
1587	-2	4	6626
1588	-2	4	6630
1589	-2	4	6634
1590	-2	4	6638
1591	-2	4	6642
1592	-2	4	6646
1593	-3	5	6651
1594	-2	4	6655
1595	-2	4	6659
1596	-2	4	6663
1597	-4	6	6669
1598	-2	4	6673
1599	-2	4	6677
1600	-2	4	6681
1601	-2	4	6685
1602	-2	4	6689
1603	-2	4	6693
1604	-4	6	6699
1605	-2	4	6703
1606	-2	4	6707
1607	-2	4	6711
1608	-2	4	6715
1609	-2	4	6719
1610	-2	4	6723
1611	-2	4	6727
1612	-2	4	6731
1613	-2	4	6735
1614	-3	5	6740
1615	-6	8	6748
1616	-2	4	6752
1617	-2	4	6756
1618	-2	4	6760
1619	-2	4	6764
1620	-2	4	6768
1621	-4	6	6774
1622	-4	6	6780
1623	-2	4	6784
1624	-2	4	6788
1625	-2	4	6792
1626	-2	4	6796
1627	-2	4	6800
1628	-2	4	6804
1629	-3	5	6809
1630	-2	4	6813
1631	-2	4	6817
1632	-2	4	6821
1633	-2	4	6825
1634	-2	4	6829
1635	-2	4	6833
1636	-2	4	6837
1637	-2	4	6841
1638	-2	4	6845
1639	-2	4	6849
1640	-2	4	6853
1641	-2	4	6857
1642	-2	4	6861
1643	-2	4	6865
1644	-2	4	6869
1645	-2	4	6873
1646	-2	4	6877
1647	-2	4	6881
1648	-2	4	6885
1649	-2	4	6889
1650	-2	4	6893
1651	-2	4	6897
1652	-2	4	6901
1653	-2	4	6905
1654	-2	4	6909
1655	-2	4	6913
1656	-2	4	6917
1657	-2	4	6921
1658	-2	4	6925
1659	-2	4	6929
1660	-2	4	6933
1661	-2	4	6937
1662	-2	4	6941
1663	-2	4	6945
1664	-2	4	6949
1665	-2	4	6953
1666	-2	4	6957
1667	-2	4	6961
1668	-2	4	6965
1669	-2	4	6969
1670	-2	4	6973
1671	-2	4	6977
1672	-2	4	6981
1673	-2	4	6985
1674	-2	4	6989
1675	-2	4	6993
1676	-2	4	6997
1677	-2	4	7001
1678	-2	4	7005
1679	-2	4	7009
1680	-2	4	7013
1681	-2	4	7017
1682	-2	4	7021
1683	-2	4	7025
1684	-2	4	7029
1685	-2	4	7033
1686	-2	4	7037
1687	-2	4	7041
1688	-2	4	7045
1689	-2	4	7049
1690	-2	4	7053
1691	-2	4	7057
1692	-2	4	7061
1693	-2	4	7065
1694	-2	4	7069
1695	-2	4	7073
1696	-2	4	7077
1697	-2	4	7081
1698	-2	4	7085
1699	-2	4	7089
1700	-2	4	7093
1701	-2	4	7097
1702	-2	4	7101
1703	-2	4	7105
1704	-2	4	7109
1705	-2	4	7113
1706	-2	4	7117
1707	-2	4	7121
1708	-2	4	7125
1709	-2	4	7129
1710	-4	6	7135
1711	-2	4	7139
1712	-2	4	7143
1713	-2	4	7147
1714	-2	4	7151
1715	-2	4	7155
1716	-2	4	7159
1717	-2	4	7163
1718	-2	4	7167
1719	-2	4	7171
1720	-2	4	7175
1721	-2	4	7179
1722	-2	4	7183
1723	-2	4	7187
1724	-3	5	7192
1725	-2	4	7196
1726	-2	4	7200
1727	-2	4	7204
1728	-2	4	7208
1729	-2	4	7212
1730	-2	4	7216
1731	-2	4	7220
1732	-2	4	7224
1733	-2	4	7228
1734	-2	4	7232
1735	-2	4	7236
1736	-2	4	7240
1737	-2	4	7244
1738	-3	5	7249
1739	-2	4	7253
1740	-2	4	7257
1741	-2	4	7261
1742	-2	4	7265
1743	-2	4	7269
1744	-2	4	7273
1745	-2	4	7277
1746	-2	4	7281
1747	-2	4	7285
1748	-2	4	7289
1749	-2	4	7293
1750	-2	4	7297
1751	-2	4	7301
1752	-2	4	7305
1753	-3	5	7310
1754	-2	4	7314
1755	-2	4	7318
1756	-2	4	7322
1757	-2	4	7326
1758	-2	4	7330
1759	-2	4	7334
1760	-2	4	7338
1761	-2	4	7342
1762	-2	4	7346
1763	-2	4	7350
1764	-2	4	7354
1765	-2	4	7358
1766	-2	4	7362
1767	-2	4	7366
1768	-2	4	7370
1769	-2	4	7374
1770	-2	4	7378
1771	-2	4	7382
1772	-2	4	7386
1773	-2	4	7390
1774	-2	4	7394
1775	-2	4	7398
1776	-2	4	7402
1777	-2	4	7406
1778	-2	4	7410
1779	-2	4	7414
1780	-2	4	7418
1781	-2	4	7422
1782	-2	4	7426
1783	-2	4	7430
1784	-2	4	7434
1785	-2	4	7438
1786	-2	4	7442
1787	-2	4	7446
1788	-2	4	7450
1789	-2	4	7454
1790	-2	4	7458
1791	-2	4	7462
1792	-2	4	7466
1793	-2	4	7470
1794	-4	6	7476
1795	-2	4	7480
1796	-2	4	7484
1797	-2	4	7488
1798	-2	4	7492
1799	-2	4	7496
1800	-2	4	7500
1801	-2	4	7504
1802	-2	4	7508
1803	-2	4	7512
1804	-2	4	7516
1805	-2	4	7520
1806	-2	4	7524
1807	-2	4	7528
1808	-2	4	7532
1809	-2	4	7536
1810	-2	4	7540
1811	-2	4	7544
1812	-2	4	7548
1813	-2	4	7552
1814	-2	4	7556
1815	-2	4	7560
1816	-2	4	7564
1817	-2	4	7568
1818	-2	4	7572
1819	-2	4	7576
1820	-2	4	7580
1821	-2	4	7584
1822	-2	4	7588
1823	-2	4	7592
1824	-2	4	7596
1825	-2	4	7600
1826	-2	4	7604
1827	-2	4	7608
1828	-2	4	7612
1829	-2	4	7616
1830	-2	4	7620
1831	-2	4	7624
1832	-2	4	7628
1833	-2	4	7632
1834	-2	4	7636
1835	-2	4	7640
1836	-2	4	7644
1837	-2	4	7648
1838	-2	4	7652
1839	-2	4	7656
1840	-2	4	7660
1841	-2	4	7664
1842	-2	4	7668
1843	-2	4	7672
1844	-2	4	7676
1845	-2	4	7680
1846	-2	4	7684
1847	-2	4	7688
1848	-2	4	7692
1849	-2	4	7696
1850	-2	4	7700
1851	-2	4	7704
1852	-4	6	7710
1853	-2	4	7714
1854	-2	4	7718
1855	-2	4	7722
1856	-2	4	7726
1857	-2	4	7730
1858	-2	4	7734
1859	-2	4	7738
1860	-2	4	7742
1861	-2	4	7746
1862	-2	4	7750
1863	-2	4	7754
1864	-2	4	7758
1865	-2	4	7762
1866	-2	4	7766
1867	-2	4	7770
1868	-2	4	7774
1869	-2	4	7778
1870	-3	5	7783
1871	-2	4	7787
1872	-2	4	7791
1873	-2	4	7795
1874	-2	4	7799
1875	-2	4	7803
1876	-3	5	7808
1877	-2	4	7812
1878	-2	4	7816
1879	-2	4	7820
1880	-3	5	7825
1881	-2	4	7829
1882	-2	4	7833
1883	-2	4	7837
1884	-2	4	7841
1885	-2	4	7845
1886	-2	4	7849
1887	-2	4	7853
1888	-2	4	7857
1889	-2	4	7861
1890	-2	4	7865
1891	-2	4	7869
1892	-2	4	7873
1893	-2	4	7877
1894	-2	4	7881
1895	-2	4	7885
1896	-2	4	7889
1897	-2	4	7893
1898	-2	4	7897
1899	-2	4	7901
1900	-2	4	7905
1901	-2	4	7909
1902	-2	4	7913
1903	-2	4	7917
1904	-2	4	7921
1905	-2	4	7925
1906	-2	4	7929
1907	-2	4	7933
1908	-2	4	7937
1909	-2	4	7941
1910	-2	4	7945
1911	-2	4	7949
1912	-2	4	7953
1913	-2	4	7957
1914	-2	4	7961
1915	-2	4	7965
1916	-2	4	7969
1917	-2	4	7973
1918	-2	4	7977
1919	-2	4	7981
1920	-2	4	7985
1921	-2	4	7989
1922	-3	5	7994
1923	-2	4	7998
1924	-2	4	8002
1925	-2	4	8006
1926	-2	4	8010
1927	-2	4	8014
1928	-2	4	8018
1929	-2	4	8022
1930	-2	4	8026
1931	-2	4	8030
1932	-2	4	8034
1933	-2	4	8038
1934	-2	4	8042
1935	-2	4	8046
1936	-2	4	8050
1937	-2	4	8054
1938	-2	4	8058
1939	-4	6	8064
1940	-2	4	8068
1941	-2	4	8072
1942	-2	4	8076
1943	-2	4	8080
1944	-2	4	8084
1945	-3	5	8089
1946	-2	4	8093
1947	-2	4	8097
1948	-2	4	8101
1949	-2	4	8105
1950	-2	4	8109
1951	-2	4	8113
1952	-2	4	8117
1953	-2	4	8121
1954	-2	4	8125
1955	-2	4	8129
1956	-2	4	8133
1957	-2	4	8137
1958	-4	6	8143
1959	-6	8	8151
1960	-2	4	8155
1961	-4	6	8161
1962	-2	4	8165
1963	-2	4	8169
1964	-2	4	8173
1965	-2	4	8177
1966	-2	4	8181
1967	-2	4	8185
1968	-2	4	8189
1969	-2	4	8193
1970	-2	4	8197
1971	-2	4	8201
1972	-2	4	8205
1973	-2	4	8209
1974	-2	4	8213
1975	-2	4	8217
1976	-2	4	8221
1977	-2	4	8225
1978	-2	4	8229
1979	-2	4	8233
1980	-2	4	8237
1981	-2	4	8241
1982	-2	4	8245
1983	-2	4	8249
1984	-2	4	8253
1985	-2	4	8257
1986	-2	4	8261
1987	-2	4	8265
1988	-2	4	8269
1989	-2	4	8273
1990	-2	4	8277
1991	-2	4	8281
1992	-2	4	8285
1993	-2	4	8289
1994	-2	4	8293
1995	-2	4	8297
1996	-2	4	8301
1997	-2	4	8305
1998	-2	4	8309
1999	-2	4	8313
2000	-2	4	8317
2001	-2	4	8321
2002	-2	4	8325
2003	-3	5	8330
2004	-2	4	8334
2005	-2	4	8338
2006	-2	4	8342
2007	-2	4	8346
2008	-2	4	8350
2009	-2	4	8354
2010	-2	4	8358
2011	-2	4	8362
2012	-2	4	8366
2013	-2	4	8370
2014	-2	4	8374
2015	-2	4	8378
2016	-2	4	8382
2017	-2	4	8386
2018	-2	4	8390
2019	-2	4	8394
2020	-2	4	8398
2021	-2	4	8402
2022	-2	4	8406
2023	-2	4	8410
2024	-2	4	8414
2025	-2	4	8418
2026	-2	4	8422
2027	-2	4	8426
2028	-2	4	8430
2029	-2	4	8434
2030	-2	4	8438
2031	-2	4	8442
2032	-2	4	8446
2033	-2	4	8450
2034	-2	4	8454
2035	-4	6	8460
2036	-4	6	8466
2037	-2	4	8470
2038	-2	4	8474
2039	-2	4	8478
2040	-2	4	8482
2041	-2	4	8486
2042	-2	4	8490
2043	-2	4	8494
2044	-2	4	8498
2045	-2	4	8502
2046	-2	4	8506
2047	-2	4	8510
2048	-2	4	8514
2049	-2	4	8518
2050	-2	4	8522
2051	-2	4	8526
2052	-2	4	8530
2053	-2	4	8534
2054	-2	4	8538
2055	-2	4	8542
2056	-2	4	8546
2057	-2	4	8550
2058	-2	4	8554
2059	-2	4	8558
2060	-2	4	8562
2061	-2	4	8566
2062	-2	4	8570
2063	-2	4	8574
2064	-2	4	8578
2065	-2	4	8582
2066	-2	4	8586
2067	-2	4	8590
2068	-2	4	8594
2069	-2	4	8598
2070	-2	4	8602
2071	-3	5	8607
2072	-4	6	8613
2073	-2	4	8617
2074	-2	4	8621
2075	-2	4	8625
2076	-2	4	8629
2077	-2	4	8633
2078	-2	4	8637
2079	-2	4	8641
2080	-2	4	8645
2081	-2	4	8649
2082	-2	4	8653
2083	-2	4	8657
2084	-2	4	8661
2085	-2	4	8665
2086	-2	4	8669
2087	-2	4	8673
2088	-2	4	8677
2089	-2	4	8681
2090	-2	4	8685
2091	-2	4	8689
2092	-2	4	8693
2093	-2	4	8697
2094	-2	4	8701
2095	-2	4	8705
2096	-2	4	8709
2097	-2	4	8713
2098	-2	4	8717
2099	-2	4	8721
2100	-2	4	8725
2101	-2	4	8729
2102	-2	4	8733
2103	-2	4	8737
2104	-2	4	8741
2105	-2	4	8745
2106	-2	4	8749
2107	-2	4	8753
2108	-2	4	8757
2109	-2	4	8761
2110	-4	6	8767
2111	-2	4	8771
2112	-2	4	8775
2113	-2	4	8779
2114	-2	4	8783
2115	-2	4	8787
2116	-2	4	8791
2117	-2	4	8795
2118	-2	4	8799
2119	-2	4	8803
2120	-2	4	8807
2121	-2	4	8811
2122	-2	4	8815
2123	-2	4	8819
2124	-2	4	8823
2125	-2	4	8827
2126	-2	4	8831
2127	-2	4	8835
2128	-2	4	8839
2129	-2	4	8843
2130	-2	4	8847
2131	-2	4	8851
2132	-2	4	8855
2133	-2	4	8859
2134	-2	4	8863
2135	-2	4	8867
2136	-2	4	8871
2137	-2	4	8875
2138	-2	4	8879
2139	-2	4	8883
2140	-2	4	8887
2141	-2	4	8891
2142	-2	4	8895
2143	-2	4	8899
2144	-2	4	8903
2145	-2	4	8907
2146	-2	4	8911
2147	-2	4	8915
2148	-2	4	8919
2149	-2	4	8923
2150	-2	4	8927
2151	-4	6	8933
2152	-2	4	8937
2153	-2	4	8941
2154	-2	4	8945
2155	-2	4	8949
2156	-2	4	8953
2157	-2	4	8957
2158	-2	4	8961
2159	-2	4	8965
2160	-2	4	8969
2161	-2	4	8973
2162	-2	4	8977
2163	-2	4	8981
2164	-2	4	8985
2165	-2	4	8989
2166	-2	4	8993
2167	-2	4	8997
2168	-2	4	9001
2169	-2	4	9005
2170	-2	4	9009
2171	-2	4	9013
2172	-2	4	9017
2173	-2	4	9021
2174	-2	4	9025
2175	-2	4	9029
2176	-2	4	9033
2177	-2	4	9037
2178	-2	4	9041
2179	-2	4	9045
2180	-2	4	9049
2181	-2	4	9053
2182	-2	4	9057
2183	-2	4	9061
2184	-2	4	9065
2185	-2	4	9069
2186	-2	4	9073
2187	-2	4	9077
2188	-2	4	9081
2189	-2	4	9085
2190	-2	4	9089
2191	-2	4	9093
2192	-2	4	9097
2193	-2	4	9101
2194	-2	4	9105
2195	-2	4	9109
2196	-2	4	9113
2197	-2	4	9117
2198	-2	4	9121
2199	-2	4	9125
2200	-2	4	9129
2201	-2	4	9133
2202	-2	4	9137
2203	-2	4	9141
2204	-2	4	9145
2205	-2	4	9149
2206	-2	4	9153
2207	-6	8	9161
2208	-2	4	9165
2209	-4	6	9171
2210	-2	4	9175
2211	-2	4	9179
2212	-2	4	9183
2213	-2	4	9187
2214	-2	4	9191
2215	-2	4	9195
2216	-2	4	9199
2217	-2	4	9203
2218	-2	4	9207
2219	-2	4	9211
2220	-2	4	9215
2221	-2	4	9219
2222	-2	4	9223
2223	-2	4	9227
2224	-2	4	9231
2225	-2	4	9235
2226	-4	6	9241
2227	-2	4	9245
2228	-2	4	9249
2229	-2	4	9253
2230	-2	4	9257
2231	-2	4	9261
2232	-2	4	9265
2233	-2	4	9269
2234	-2	4	9273
2235	-2	4	9277
2236	-2	4	9281
2237	-2	4	9285
2238	-2	4	9289
2239	-2	4	9293
2240	-2	4	9297
2241	-2	4	9301
2242	-2	4	9305
2243	-2	4	9309
2244	-2	4	9313
2245	-2	4	9317
2246	-2	4	9321
2247	-2	4	9325
2248	-2	4	9329
2249	-2	4	9333
2250	-4	6	9339
2251	-2	4	9343
2252	-2	4	9347
2253	-2	4	9351
2254	-2	4	9355
2255	-2	4	9359
2256	-2	4	9363
2257	-2	4	9367
2258	-2	4	9371
2259	-2	4	9375
2260	-2	4	9379
2261	-2	4	9383
2262	-2	4	9387
2263	-2	4	9391
2264	-2	4	9395
2265	-2	4	9399
2266	-2	4	9403
2267	-2	4	9407
2268	-2	4	9411
2269	-2	4	9415
2270	-2	4	9419
2271	-2	4	9423
2272	-2	4	9427
2273	-2	4	9431
2274	-2	4	9435
2275	-2	4	9439
2276	-2	4	9443
2277	-2	4	9447
2278	-2	4	9451
2279	-2	4	9455
2280	-2	4	9459
2281	-2	4	9463
2282	-2	4	9467
2283	-2	4	9471
2284	-3	5	9476
2285	-2	4	9480
2286	-2	4	9484
2287	-2	4	9488
2288	-2	4	9492
2289	-2	4	9496
2290	-2	4	9500
2291	-4	6	9506
2292	-2	4	9510
2293	-2	4	9514
2294	-2	4	9518
2295	-2	4	9522
2296	-2	4	9526
2297	-2	4	9530
2298	-4	6	9536
2299	-2	4	9540
2300	-2	4	9544
2301	-2	4	9548
2302	-4	6	9554
2303	-2	4	9558
2304	-2	4	9562
2305	-2	4	9566
2306	-2	4	9570
2307	-2	4	9574
2308	-2	4	9578
2309	-2	4	9582
2310	-2	4	9586
2311	-2	4	9590
2312	-2	4	9594
2313	-2	4	9598
2314	-2	4	9602
2315	-2	4	9606
2316	-2	4	9610
2317	-2	4	9614
2318	-2	4	9618
2319	-2	4	9622
2320	-2	4	9626
2321	-2	4	9630
2322	-2	4	9634
2323	-2	4	9638
2324	-2	4	9642
2325	-2	4	9646
2326	-4	6	9652
2327	-2	4	9656
2328	-2	4	9660
2329	-2	4	9664
2330	-2	4	9668
2331	-2	4	9672
2332	-2	4	9676
2333	-2	4	9680
2334	-2	4	9684
2335	-2	4	9688
2336	-4	6	9694
2337	-2	4	9698
2338	-2	4	9702
2339	-2	4	9706
2340	-4	6	9712
2341	-2	4	9716
2342	-2	4	9720
2343	-2	4	9724
2344	-2	4	9728
2345	-2	4	9732
2346	-2	4	9736
2347	-2	4	9740
2348	-2	4	9744
2349	-2	4	9748
2350	-2	4	9752
2351	-2	4	9756
2352	-2	4	9760
2353	-2	4	9764
2354	-2	4	9768
2355	-4	6	9774
2356	-2	4	9778
2357	-2	4	9782
2358	-2	4	9786
2359	-2	4	9790
2360	-2	4	9794
2361	-2	4	9798
2362	-2	4	9802
2363	-2	4	9806
2364	-2	4	9810
2365	-2	4	9814
2366	-2	4	9818
2367	-2	4	9822
2368	-2	4	9826
2369	-2	4	9830
2370	-2	4	9834
2371	-4	6	9840
2372	-2	4	9844
2373	-2	4	9848
2374	-2	4	9852
2375	-2	4	9856
2376	-2	4	9860
2377	-3	5	9865
2378	-2	4	9869
2379	-2	4	9873
2380	-2	4	9877
2381	-2	4	9881
2382	-3	5	9886
2383	-2	4	9890
2384	-2	4	9894
2385	-2	4	9898
2386	-2	4	9902
2387	-2	4	9906
2388	-2	4	9910
2389	-2	4	9914
2390	-2	4	9918
2391	-2	4	9922
2392	-2	4	9926
2393	-2	4	9930
2394	-2	4	9934
2395	-2	4	9938
2396	-2	4	9942
2397	-2	4	9946
2398	-2	4	9950
2399	-2	4	9954
2400	-2	4	9958
2401	-2	4	9962
2402	-2	4	9966
2403	-2	4	9970
2404	-2	4	9974
2405	-2	4	9978
2406	-2	4	9982
2407	-2	4	9986
2408	-2	4	9990
2409	-2	4	9994
2410	-2	4	9998
2411	-2	4	10002
2412	-2	4	10006
2413	-2	4	10010
2414	-2	4	10014
2415	-2	4	10018
2416	-2	4	10022
2417	-2	4	10026
2418	-4	6	10032
2419	-2	4	10036
2420	-2	4	10040
2421	-2	4	10044
2422	-2	4	10048
2423	-2	4	10052
2424	-2	4	10056
2425	-2	4	10060
2426	-2	4	10064
2427	-2	4	10068
2428	-2	4	10072
2429	-2	4	10076
2430	-2	4	10080
2431	-2	4	10084
2432	-3	5	10089
2433	-2	4	10093
2434	-2	4	10097
2435	-2	4	10101
2436	-2	4	10105
2437	-2	4	10109
2438	-2	4	10113
2439	-2	4	10117
2440	-2	4	10121
2441	-2	4	10125
2442	-2	4	10129
2443	-2	4	10133
2444	-4	6	10139
2445	-2	4	10143
2446	-3	5	10148
2447	-4	6	10154
2448	-2	4	10158
2449	-2	4	10162
2450	-2	4	10166
2451	-2	4	10170
2452	-3	5	10175
2453	-2	4	10179
2454	-2	4	10183
2455	-2	4	10187
2456	-4	6	10193
2457	-2	4	10197
2458	-4	6	10203
2459	-2	4	10207
2460	-2	4	10211
2461	-2	4	10215
2462	-2	4	10219
2463	-2	4	10223
2464	-4	6	10229
2465	-2	4	10233
2466	-2	4	10237
2467	-2	4	10241
2468	-2	4	10245
2469	-2	4	10249
2470	-2	4	10253
2471	-2	4	10257
2472	-2	4	10261
2473	-2	4	10265
2474	-2	4	10269
2475	-3	5	10274
2476	-2	4	10278
2477	-4	6	10284
2478	-2	4	10288
2479	-2	4	10292
2480	-4	6	10298
2481	-2	4	10302
2482	-2	4	10306
2483	-2	4	10310
2484	-2	4	10314
2485	-2	4	10318
2486	-2	4	10322
2487	-2	4	10326
2488	-2	4	10330
2489	-4	6	10336
2490	-2	4	10340
2491	-2	4	10344
2492	-2	4	10348
2493	-2	4	10352
2494	-2	4	10356
2495	-2	4	10360
2496	-7	9	10369
2497	-4	6	10375
2498	-2	4	10379
2499	-2	4	10383
2500	-2	4	10387
2501	-2	4	10391
2502	-2	4	10395
2503	-2	4	10399
2504	-2	4	10403
2505	-2	4	10407
2506	-2	4	10411
2507	-4	6	10417
2508	-2	4	10421
2509	-2	4	10425
2510	-2	4	10429
2511	-2	4	10433
2512	-2	4	10437
2513	-4	6	10443
2514	-2	4	10447
2515	-2	4	10451
2516	-2	4	10455
2517	-2	4	10459
2518	-2	4	10463
2519	-2	4	10467
2520	-3	5	10472
2521	-2	4	10476
2522	-2	4	10480
2523	-2	4	10484
2524	-2	4	10488
2525	-2	4	10492
2526	-2	4	10496
2527	-2	4	10500
2528	-2	4	10504
2529	-2	4	10508
2530	-2	4	10512
2531	-2	4	10516
2532	-2	4	10520
2533	-2	4	10524
2534	-2	4	10528
2535	-2	4	10532
2536	-2	4	10536
2537	-2	4	10540
2538	-2	4	10544
2539	-2	4	10548
2540	-2	4	10552
2541	-2	4	10556
2542	-2	4	10560
2543	-2	4	10564
2544	-2	4	10568
2545	-2	4	10572
2546	-2	4	10576
2547	-2	4	10580
2548	-2	4	10584
2549	-2	4	10588
2550	-2	4	10592
2551	-2	4	10596
2552	-2	4	10600
2553	-2	4	10604
2554	-2	4	10608
2555	-2	4	10612
2556	-3	5	10617
2557	-2	4	10621
2558	-2	4	10625
2559	-2	4	10629
2560	-2	4	10633
2561	-2	4	10637
2562	-2	4	10641
2563	-2	4	10645
2564	-3	5	10650
2565	-2	4	10654
2566	-2	4	10658
2567	-2	4	10662
2568	-2	4	10666
2569	-2	4	10670
2570	-2	4	10674
2571	-2	4	10678
2572	-2	4	10682
2573	-2	4	10686
2574	-2	4	10690
2575	-2	4	10694
2576	-2	4	10698
2577	-2	4	10702
2578	-4	6	10708
2579	-2	4	10712
2580	-2	4	10716
2581	-2	4	10720
2582	-2	4	10724
2583	-2	4	10728
2584	-2	4	10732
2585	-2	4	10736
2586	-2	4	10740
2587	-2	4	10744
2588	-2	4	10748
2589	-2	4	10752
2590	-2	4	10756
2591	-2	4	10760
2592	-2	4	10764
2593	-3	5	10769
2594	-2	4	10773
2595	-2	4	10777
2596	-2	4	10781
2597	-2	4	10785
2598	-2	4	10789
2599	-2	4	10793
2600	-2	4	10797
2601	-2	4	10801
2602	-2	4	10805
2603	-2	4	10809
2604	-2	4	10813
2605	-2	4	10817
2606	-2	4	10821
2607	-2	4	10825
2608	-2	4	10829
2609	-2	4	10833
2610	-2	4	10837
2611	-2	4	10841
2612	-2	4	10845
2613	-2	4	10849
2614	-3	5	10854
2615	-2	4	10858
2616	-2	4	10862
2617	-2	4	10866
2618	-2	4	10870
2619	-3	5	10875
2620	-2	4	10879
2621	-2	4	10883
2622	-2	4	10887
2623	-2	4	10891
2624	-2	4	10895
2625	-2	4	10899
2626	-2	4	10903
2627	-2	4	10907
2628	-3	5	10912
2629	-2	4	10916
2630	-2	4	10920
2631	-2	4	10924
2632	-2	4	10928
2633	-2	4	10932
2634	-2	4	10936
2635	-2	4	10940
2636	-2	4	10944
2637	-2	4	10948
2638	-2	4	10952
2639	-2	4	10956
2640	-2	4	10960
2641	-2	4	10964
2642	-2	4	10968
2643	-2	4	10972
2644	-2	4	10976
2645	-2	4	10980
2646	-2	4	10984
2647	-2	4	10988
2648	-2	4	10992
2649	-4	6	10998
2650	-2	4	11002
2651	-2	4	11006
2652	-2	4	11010
2653	-2	4	11014
2654	-2	4	11018
2655	-2	4	11022
2656	-4	6	11028
2657	-2	4	11032
2658	-2	4	11036
2659	-2	4	11040
2660	-2	4	11044
2661	-2	4	11048
2662	-2	4	11052
2663	-2	4	11056
2664	-2	4	11060
2665	-2	4	11064
2666	-2	4	11068
2667	-2	4	11072
2668	-2	4	11076
2669	-2	4	11080
2670	-2	4	11084
2671	-2	4	11088
2672	-2	4	11092
2673	-2	4	11096
2674	-2	4	11100
2675	-2	4	11104
2676	-2	4	11108
2677	-2	4	11112
2678	-2	4	11116
2679	-2	4	11120
2680	-2	4	11124
2681	-4	6	11130
2682	-2	4	11134
2683	-3	5	11139
2684	-2	4	11143
2685	-2	4	11147
2686	-2	4	11151
2687	-2	4	11155
2688	-2	4	11159
2689	-2	4	11163
2690	-2	4	11167
2691	-3	5	11172
2692	-2	4	11176
2693	-2	4	11180
2694	-2	4	11184
2695	-2	4	11188
2696	-2	4	11192
2697	-2	4	11196
2698	-2	4	11200
2699	-2	4	11204
2700	-2	4	11208
2701	-2	4	11212
2702	-2	4	11216
2703	-2	4	11220
2704	-2	4	11224
2705	-2	4	11228
2706	-2	4	11232
2707	-2	4	11236
2708	-2	4	11240
2709	-2	4	11244
2710	-2	4	11248
2711	-2	4	11252
2712	-2	4	11256
2713	-2	4	11260
2714	-2	4	11264
2715	-2	4	11268
2716	-2	4	11272
2717	-2	4	11276
2718	-2	4	11280
2719	-2	4	11284
2720	-2	4	11288
2721	-2	4	11292
2722	-2	4	11296
2723	-2	4	11300
2724	-2	4	11304
2725	-2	4	11308
2726	-2	4	11312
2727	-2	4	11316
2728	-2	4	11320
2729	-2	4	11324
2730	-2	4	11328
2731	-2	4	11332
2732	-2	4	11336
2733	-2	4	11340
2734	-2	4	11344
2735	-2	4	11348
2736	-2	4	11352
2737	-2	4	11356
2738	-2	4	11360
2739	-2	4	11364
2740	-2	4	11368
2741	-2	4	11372
2742	-2	4	11376
2743	-2	4	11380
2744	-2	4	11384
2745	-2	4	11388
2746	-2	4	11392
2747	-2	4	11396
2748	-2	4	11400
2749	-2	4	11404
2750	-2	4	11408
2751	-2	4	11412
2752	-2	4	11416
2753	-2	4	11420
2754	-2	4	11424
2755	-2	4	11428
2756	-3	5	11433
2757	-2	4	11437
2758	-2	4	11441
2759	-2	4	11445
2760	-2	4	11449
2761	-2	4	11453
2762	-2	4	11457
2763	-2	4	11461
2764	-2	4	11465
2765	-2	4	11469
2766	-2	4	11473
2767	-2	4	11477
2768	-3	5	11482
2769	-2	4	11486
2770	-2	4	11490
2771	-2	4	11494
2772	-2	4	11498
2773	-2	4	11502
2774	-2	4	11506
2775	-2	4	11510
2776	-2	4	11514
2777	-2	4	11518
2778	-2	4	11522
2779	-2	4	11526
2780	-2	4	11530
2781	-2	4	11534
2782	-2	4	11538
2783	-2	4	11542
2784	-2	4	11546
2785	-2	4	11550
2786	-2	4	11554
2787	-2	4	11558
2788	-2	4	11562
2789	-2	4	11566
2790	-2	4	11570
2791	-2	4	11574
2792	-2	4	11578
2793	-2	4	11582
2794	-2	4	11586
2795	-2	4	11590
2796	-2	4	11594
2797	-2	4	11598
2798	-2	4	11602
2799	-2	4	11606
2800	-2	4	11610
2801	-2	4	11614
2802	-2	4	11618
2803	-2	4	11622
2804	-2	4	11626
2805	-2	4	11630
2806	-2	4	11634
2807	-2	4	11638
2808	-2	4	11642
2809	-2	4	11646
2810	-2	4	11650
2811	-2	4	11654
2812	-2	4	11658
2813	-2	4	11662
2814	-2	4	11666
2815	-2	4	11670
2816	-2	4	11674
2817	-2	4	11678
2818	-2	4	11682
2819	-6	8	11690
2820	-2	4	11694
2821	-2	4	11698
2822	-2	4	11702
2823	-2	4	11706
2824	-2	4	11710
2825	-4	6	11716
2826	-2	4	11720
2827	-2	4	11724
2828	-2	4	11728
2829	-2	4	11732
2830	-2	4	11736
2831	-2	4	11740
2832	-2	4	11744
2833	-2	4	11748
2834	-2	4	11752
2835	-2	4	11756
2836	-2	4	11760
2837	-2	4	11764
2838	-6	8	11772
2839	-3	5	11777
2840	-2	4	11781
2841	-2	4	11785
2842	-2	4	11789
2843	-2	4	11793
2844	-2	4	11797
2845	-5	7	11804
2846	-2	4	11808
2847	-2	4	11812
2848	-2	4	11816
2849	-2	4	11820
2850	-2	4	11824
2851	-2	4	11828
2852	-2	4	11832
2853	-2	4	11836
2854	-2	4	11840
2855	-2	4	11844
2856	-2	4	11848
2857	-2	4	11852
2858	-3	5	11857
2859	-2	4	11861
2860	-2	4	11865
2861	-2	4	11869
2862	-2	4	11873
2863	-2	4	11877
2864	-2	4	11881
2865	-2	4	11885
2866	-2	4	11889
2867	-2	4	11893
2868	-2	4	11897
2869	-2	4	11901
2870	-2	4	11905
2871	-2	4	11909
2872	-2	4	11913
2873	-2	4	11917
2874	-2	4	11921
2875	-2	4	11925
2876	-2	4	11929
2877	-2	4	11933
2878	-2	4	11937
2879	-2	4	11941
2880	-2	4	11945
2881	-2	4	11949
2882	-2	4	11953
2883	-4	6	11959
2884	-2	4	11963
2885	-2	4	11967
2886	-2	4	11971
2887	-2	4	11975
2888	-2	4	11979
2889	-2	4	11983
2890	-4	6	11989
2891	-2	4	11993
2892	-2	4	11997
2893	-2	4	12001
2894	-2	4	12005
2895	-2	4	12009
2896	-3	5	12014
2897	-2	4	12018
2898	-2	4	12022
2899	-2	4	12026
2900	-2	4	12030
2901	-2	4	12034
2902	-2	4	12038
2903	-2	4	12042
2904	-2	4	12046
2905	-2	4	12050
2906	-2	4	12054
2907	-2	4	12058
2908	-2	4	12062
2909	-2	4	12066
2910	-2	4	12070
2911	-4	6	12076
2912	-2	4	12080
2913	-2	4	12084
2914	-2	4	12088
2915	-2	4	12092
2916	-2	4	12096
2917	-2	4	12100
2918	-2	4	12104
2919	-2	4	12108
2920	-2	4	12112
2921	-2	4	12116
2922	-2	4	12120
2923	-2	4	12124
2924	-2	4	12128
2925	-8	10	12138
2926	-2	4	12142
2927	-2	4	12146
2928	-2	4	12150
2929	-3	5	12155
2930	-2	4	12159
2931	-3	5	12164
2932	-2	4	12168
2933	-2	4	12172
2934	-2	4	12176
2935	-2	4	12180
2936	-2	4	12184
2937	-2	4	12188
2938	-2	4	12192
2939	-2	4	12196
2940	-2	4	12200
2941	-2	4	12204
2942	-2	4	12208
2943	-2	4	12212
2944	-2	4	12216
2945	-2	4	12220
2946	-2	4	12224
2947	-2	4	12228
2948	-2	4	12232
2949	-2	4	12236
2950	-4	6	12242
2951	-2	4	12246
2952	-2	4	12250
2953	-2	4	12254
2954	-4	6	12260
2955	-2	4	12264
2956	-2	4	12268
2957	-4	6	12274
2958	-2	4	12278
2959	-2	4	12282
2960	-2	4	12286
2961	-2	4	12290
2962	-2	4	12294
2963	-2	4	12298
2964	-2	4	12302
2965	-2	4	12306
2966	-2	4	12310
2967	-2	4	12314
2968	-2	4	12318
2969	-2	4	12322
2970	-2	4	12326
2971	-2	4	12330
2972	-2	4	12334
2973	-2	4	12338
2974	-2	4	12342
2975	-2	4	12346
2976	-2	4	12350
2977	-2	4	12354
2978	-2	4	12358
2979	-2	4	12362
2980	-2	4	12366
2981	-2	4	12370
2982	-2	4	12374
2983	-2	4	12378
2984	-2	4	12382
2985	-2	4	12386
2986	-2	4	12390
2987	-2	4	12394
2988	-2	4	12398
2989	-2	4	12402
2990	-2	4	12406
2991	-2	4	12410
2992	-3	5	12415
2993	-2	4	12419
2994	-2	4	12423
2995	-2	4	12427
2996	-2	4	12431
2997	-2	4	12435
2998	-2	4	12439
2999	-2	4	12443
3000	-2	4	12447
3001	-2	4	12451
3002	-2	4	12455
3003	-2	4	12459
3004	-2	4	12463
3005	-2	4	12467
3006	-2	4	12471
3007	-2	4	12475
3008	-2	4	12479
3009	-2	4	12483
3010	-2	4	12487
3011	-2	4	12491
3012	-2	4	12495
3013	-2	4	12499
3014	-2	4	12503
3015	-2	4	12507
3016	-2	4	12511
3017	-2	4	12515
3018	-2	4	12519
3019	-2	4	12523
3020	-2	4	12527
3021	-2	4	12531
3022	-2	4	12535
3023	-2	4	12539
3024	-2	4	12543
3025	-2	4	12547
3026	-2	4	12551
3027	-4	6	12557
3028	-3	5	12562
3029	-2	4	12566
3030	-2	4	12570
3031	-2	4	12574
3032	-2	4	12578
3033	-2	4	12582
3034	-2	4	12586
3035	-2	4	12590
3036	-2	4	12594
3037	-2	4	12598
3038	-2	4	12602
3039	-2	4	12606
3040	-2	4	12610
3041	-2	4	12614
3042	-2	4	12618
3043	-2	4	12622
3044	-2	4	12626
3045	-4	6	12632
3046	-4	6	12638
3047	-2	4	12642
3048	-2	4	12646
3049	-2	4	12650
3050	-2	4	12654
3051	-2	4	12658
3052	-2	4	12662
3053	-2	4	12666
3054	-2	4	12670
3055	-4	6	12676
3056	-2	4	12680
3057	-3	5	12685
3058	-2	4	12689
3059	-2	4	12693
3060	-3	5	12698
3061	-2	4	12702
3062	-2	4	12706
3063	-3	5	12711
3064	-2	4	12715
3065	-2	4	12719
3066	-2	4	12723
3067	-2	4	12727
3068	-2	4	12731
3069	-2	4	12735
3070	-2	4	12739
3071	-4	6	12745
3072	-2	4	12749
3073	-2	4	12753
3074	-2	4	12757
3075	-2	4	12761
3076	-2	4	12765
3077	-2	4	12769
3078	-2	4	12773
3079	-2	4	12777
3080	-2	4	12781
3081	-2	4	12785
3082	-2	4	12789
3083	-4	6	12795
3084	-2	4	12799
3085	-2	4	12803
3086	-2	4	12807
3087	-2	4	12811
3088	-2	4	12815
3089	-2	4	12819
3090	-2	4	12823
3091	-2	4	12827
3092	-2	4	12831
3093	-2	4	12835
3094	-2	4	12839
3095	-2	4	12843
3096	-2	4	12847
3097	-2	4	12851
3098	-2	4	12855
3099	-2	4	12859
3100	-2	4	12863
3101	-2	4	12867
3102	-2	4	12871
3103	-2	4	12875
3104	-2	4	12879
3105	-2	4	12883
3106	-2	4	12887
3107	-4	6	12893
3108	-2	4	12897
3109	-2	4	12901
3110	-2	4	12905
3111	-2	4	12909
3112	-2	4	12913
3113	-2	4	12917
3114	-2	4	12921
3115	-2	4	12925
3116	-2	4	12929
3117	-2	4	12933
3118	-2	4	12937
3119	-2	4	12941
3120	-2	4	12945
3121	-2	4	12949
3122	-2	4	12953
3123	-2	4	12957
3124	-2	4	12961
3125	-2	4	12965
3126	-2	4	12969
3127	-2	4	12973
3128	-2	4	12977
3129	-2	4	12981
3130	-2	4	12985
3131	-2	4	12989
3132	-2	4	12993
3133	-2	4	12997
3134	-2	4	13001
3135	-2	4	13005
3136	-2	4	13009
3137	-2	4	13013
3138	-2	4	13017
3139	-2	4	13021
3140	-2	4	13025
3141	-2	4	13029
3142	-2	4	13033
3143	-2	4	13037
3144	-2	4	13041
3145	-2	4	13045
3146	-2	4	13049
3147	-2	4	13053
3148	-2	4	13057
3149	-2	4	13061
3150	-2	4	13065
3151	-2	4	13069
3152	-2	4	13073
3153	-2	4	13077
3154	-2	4	13081
3155	-2	4	13085
3156	-2	4	13089
3157	-2	4	13093
3158	-2	4	13097
3159	-2	4	13101
3160	-2	4	13105
3161	-2	4	13109
3162	-2	4	13113
3163	-2	4	13117
3164	-4	6	13123
3165	-2	4	13127
3166	-2	4	13131
3167	-2	4	13135
3168	-2	4	13139
3169	-2	4	13143
3170	-4	6	13149
3171	-2	4	13153
3172	-2	4	13157
3173	-2	4	13161
3174	-3	5	13166
3175	-2	4	13170
3176	-2	4	13174
3177	-2	4	13178
3178	-2	4	13182
3179	-2	4	13186
3180	-3	5	13191
3181	-2	4	13195
3182	-2	4	13199
3183	-2	4	13203
3184	-2	4	13207
3185	-2	4	13211
3186	-2	4	13215
3187	-2	4	13219
3188	-2	4	13223
3189	-2	4	13227
3190	-2	4	13231
3191	-2	4	13235
3192	-2	4	13239
3193	-2	4	13243
3194	-2	4	13247
3195	-2	4	13251
3196	-2	4	13255
3197	-2	4	13259
3198	-2	4	13263
3199	-2	4	13267
3200	-2	4	13271
3201	-2	4	13275
3202	-2	4	13279
3203	-2	4	13283
3204	-3	5	13288
3205	-2	4	13292
3206	-2	4	13296
3207	-2	4	13300
3208	-2	4	13304
3209	-2	4	13308
3210	-2	4	13312
3211	-2	4	13316
3212	-2	4	13320
3213	-2	4	13324
3214	-2	4	13328
3215	-2	4	13332
3216	-2	4	13336
3217	-2	4	13340
3218	-2	4	13344
3219	-2	4	13348
3220	-2	4	13352
3221	-2	4	13356
3222	-2	4	13360
3223	-2	4	13364
3224	-2	4	13368
3225	-2	4	13372
3226	-2	4	13376
3227	-2	4	13380
3228	-2	4	13384
3229	-2	4	13388
3230	-2	4	13392
3231	-2	4	13396
3232	-2	4	13400
3233	-2	4	13404
3234	-2	4	13408
3235	-2	4	13412
3236	-2	4	13416
3237	-2	4	13420
3238	-2	4	13424
3239	-2	4	13428
3240	-2	4	13432
3241	-2	4	13436
3242	-2	4	13440
3243	-2	4	13444
3244	-2	4	13448
3245	-2	4	13452
3246	-2	4	13456
3247	-2	4	13460
3248	-2	4	13464
3249	-2	4	13468
3250	-2	4	13472
3251	-2	4	13476
3252	-2	4	13480
3253	-2	4	13484
3254	-2	4	13488
3255	-2	4	13492
3256	-2	4	13496
3257	-2	4	13500
3258	-2	4	13504
3259	-2	4	13508
3260	-2	4	13512
3261	-2	4	13516
3262	-2	4	13520
3263	-3	5	13525
3264	-2	4	13529
3265	-2	4	13533
3266	-2	4	13537
3267	-2	4	13541
3268	-2	4	13545
3269	-2	4	13549
3270	-4	6	13555
3271	-2	4	13559
3272	-2	4	13563
3273	-2	4	13567
3274	-2	4	13571
3275	-2	4	13575
3276	-2	4	13579
3277	-2	4	13583
3278	-2	4	13587
3279	-2	4	13591
3280	-4	6	13597
3281	-2	4	13601
3282	-4	6	13607
3283	-2	4	13611
3284	-2	4	13615
3285	-2	4	13619
3286	-2	4	13623
3287	-2	4	13627
3288	-2	4	13631
3289	-2	4	13635
3290	-2	4	13639
3291	-2	4	13643
3292	-2	4	13647
3293	-2	4	13651
3294	-2	4	13655
3295	-2	4	13659
3296	-2	4	13663
3297	-2	4	13667
3298	-2	4	13671
3299	-2	4	13675
3300	-2	4	13679
3301	-2	4	13683
3302	-2	4	13687
3303	-2	4	13691
3304	-2	4	13695
3305	-2	4	13699
3306	-2	4	13703
3307	-2	4	13707
3308	-2	4	13711
3309	-83	85	13796
3310	-2	4	13800
3311	-2	4	13804
3312	-4	6	13810
3313	-2	4	13814
3314	-2	4	13818
3315	-2	4	13822
3316	-2	4	13826
3317	-4	6	13832
3318	-2	4	13836
3319	-2	4	13840
3320	-2	4	13844
3321	-2	4	13848
3322	-2	4	13852
3323	-2	4	13856
3324	-2	4	13860
3325	-2	4	13864
3326	-2	4	13868
3327	-2	4	13872
3328	-2	4	13876
3329	-2	4	13880
3330	-2	4	13884
3331	-2	4	13888
3332	-2	4	13892
3333	-2	4	13896
3334	-2	4	13900
3335	-2	4	13904
3336	-2	4	13908
3337	-3	5	13913
3338	-2	4	13917
3339	-2	4	13921
3340	-2	4	13925
3341	-3	5	13930
3342	-2	4	13934
3343	-4	6	13940
3344	-2	4	13944
3345	-2	4	13948
3346	-2	4	13952
3347	-3	5	13957
3348	-2	4	13961
3349	-2	4	13965
3350	-2	4	13969
3351	-3	5	13974
3352	-4	6	13980
3353	-2	4	13984
3354	-2	4	13988
3355	-2	4	13992
3356	-2	4	13996
3357	-2	4	14000
3358	-2	4	14004
3359	-2	4	14008
3360	-2	4	14012
3361	-2	4	14016
3362	-2	4	14020
3363	-3	5	14025
3364	-2	4	14029
3365	-2	4	14033
3366	-2	4	14037
3367	-2	4	14041
3368	-2	4	14045
3369	-2	4	14049
3370	-2	4	14053
3371	-2	4	14057
3372	-2	4	14061
3373	-2	4	14065
3374	-2	4	14069
3375	-3	5	14074
3376	-2	4	14078
3377	-2	4	14082
3378	-2	4	14086
3379	-2	4	14090
3380	-2	4	14094
3381	-2	4	14098
3382	-2	4	14102
3383	-2	4	14106
3384	-2	4	14110
3385	-2	4	14114
3386	-2	4	14118
3387	-2	4	14122
3388	-2	4	14126
3389	-2	4	14130
3390	-2	4	14134
3391	-4	6	14140
3392	-2	4	14144
3393	-2	4	14148
3394	-2	4	14152
3395	-2	4	14156
3396	-2	4	14160
3397	-2	4	14164
3398	-2	4	14168
3399	-2	4	14172
3400	-2	4	14176
3401	-2	4	14180
3402	-2	4	14184
3403	-2	4	14188
3404	-2	4	14192
3405	-2	4	14196
3406	-2	4	14200
3407	-2	4	14204
3408	-2	4	14208
3409	-2	4	14212
3410	-2	4	14216
3411	-2	4	14220
3412	-2	4	14224
3413	-2	4	14228
3414	-2	4	14232
3415	-2	4	14236
3416	-2	4	14240
3417	-2	4	14244
3418	-3	5	14249
3419	-2	4	14253
3420	-2	4	14257
3421	-2	4	14261
3422	-2	4	14265
3423	-2	4	14269
3424	-2	4	14273
3425	-2	4	14277
3426	-2	4	14281
3427	-2	4	14285
3428	-2	4	14289
3429	-2	4	14293
3430	-2	4	14297
3431	-2	4	14301
3432	-2	4	14305
3433	-2	4	14309
3434	-2	4	14313
3435	-2	4	14317
3436	-2	4	14321
3437	-2	4	14325
3438	-2	4	14329
3439	-2	4	14333
3440	-2	4	14337
3441	-2	4	14341
3442	-2	4	14345
3443	-4	6	14351
3444	-2	4	14355
3445	-2	4	14359
3446	-4	6	14365
3447	-2	4	14369
3448	-2	4	14373
3449	-4	6	14379
3450	-2	4	14383
3451	-2	4	14387
3452	-2	4	14391
3453	-2	4	14395
3454	-2	4	14399
3455	-2	4	14403
3456	-2	4	14407
3457	-2	4	14411
3458	-2	4	14415
3459	-2	4	14419
3460	-2	4	14423
3461	-2	4	14427
3462	-2	4	14431
3463	-4	6	14437
3464	-2	4	14441
3465	-4	6	14447
3466	-2	4	14451
3467	-2	4	14455
3468	-2	4	14459
3469	-2	4	14463
3470	-2	4	14467
3471	-2	4	14471
3472	-2	4	14475
3473	-2	4	14479
3474	-2	4	14483
3475	-2	4	14487
3476	-2	4	14491
3477	-4	6	14497
3478	-2	4	14501
3479	-2	4	14505
3480	-2	4	14509
3481	-2	4	14513
3482	-2	4	14517
3483	-2	4	14521
3484	-2	4	14525
3485	-2	4	14529
3486	-2	4	14533
3487	-2	4	14537
3488	-4	6	14543
3489	-2	4	14547
3490	-2	4	14551
3491	-2	4	14555
3492	-3	5	14560
3493	-2	4	14564
3494	-2	4	14568
3495	-2	4	14572
3496	-2	4	14576
3497	-2	4	14580
3498	-2	4	14584
3499	-2	4	14588
3500	-2	4	14592
3501	-2	4	14596
3502	-2	4	14600
3503	-2	4	14604
3504	-2	4	14608
3505	-2	4	14612
3506	-2	4	14616
3507	-2	4	14620
3508	-2	4	14624
3509	-2	4	14628
3510	-2	4	14632
3511	-2	4	14636
3512	-2	4	14640
3513	-2	4	14644
3514	-2	4	14648
3515	-2	4	14652
3516	-2	4	14656
3517	-2	4	14660
3518	-2	4	14664
3519	-2	4	14668
3520	-2	4	14672
3521	-2	4	14676
3522	-4	6	14682
3523	-2	4	14686
3524	-2	4	14690
3525	-2	4	14694
3526	-2	4	14698
3527	-2	4	14702
3528	-2	4	14706
3529	-2	4	14710
3530	-2	4	14714
3531	-2	4	14718
3532	-3	5	14723
3533	-2	4	14727
3534	-2	4	14731
3535	-2	4	14735
3536	-2	4	14739
3537	-2	4	14743
3538	-2	4	14747
3539	-2	4	14751
3540	-2	4	14755
3541	-2	4	14759
3542	-2	4	14763
3543	-2	4	14767
3544	-2	4	14771
3545	-2	4	14775
3546	-2	4	14779
3547	-2	4	14783
3548	-2	4	14787
3549	-2	4	14791
3550	-2	4	14795
3551	-2	4	14799
3552	-2	4	14803
3553	-2	4	14807
3554	-2	4	14811
3555	-2	4	14815
3556	-2	4	14819
3557	-2	4	14823
3558	-2	4	14827
3559	-2	4	14831
3560	-2	4	14835
3561	-2	4	14839
3562	-2	4	14843
3563	-2	4	14847
3564	-5	7	14854
3565	-2	4	14858
3566	-2	4	14862
3567	-2	4	14866
3568	-2	4	14870
3569	-2	4	14874
3570	-2	4	14878
3571	-2	4	14882
3572	-2	4	14886
3573	-2	4	14890
3574	-2	4	14894
3575	-2	4	14898
3576	-2	4	14902
3577	-2	4	14906
3578	-2	4	14910
3579	-2	4	14914
3580	-3	5	14919
3581	-2	4	14923
3582	-2	4	14927
3583	-2	4	14931
3584	-3	5	14936
3585	-3	5	14941
3586	-2	4	14945
3587	-2	4	14949
3588	-2	4	14953
3589	-2	4	14957
3590	-2	4	14961
3591	-2	4	14965
3592	-2	4	14969
3593	-2	4	14973
3594	-2	4	14977
3595	-2	4	14981
3596	-2	4	14985
3597	-2	4	14989
3598	-2	4	14993
3599	-2	4	14997
3600	-2	4	15001
3601	-2	4	15005
3602	-3	5	15010
3603	-2	4	15014
3604	-2	4	15018
3605	-2	4	15022
3606	-2	4	15026
3607	-2	4	15030
3608	-2	4	15034
3609	-2	4	15038
3610	-2	4	15042
3611	-2	4	15046
3612	-2	4	15050
3613	-2	4	15054
3614	-4	6	15060
3615	-2	4	15064
3616	-2	4	15068
3617	-2	4	15072
3618	-2	4	15076
3619	-2	4	15080
3620	-2	4	15084
3621	-2	4	15088
3622	-2	4	15092
3623	-2	4	15096
3624	-2	4	15100
3625	-2	4	15104
3626	-2	4	15108
3627	-2	4	15112
3628	-2	4	15116
3629	-2	4	15120
3630	-2	4	15124
3631	-2	4	15128
3632	-2	4	15132
3633	-2	4	15136
3634	-2	4	15140
3635	-2	4	15144
3636	-2	4	15148
3637	-2	4	15152
3638	-2	4	15156
3639	-2	4	15160
3640	-2	4	15164
3641	-2	4	15168
3642	-2	4	15172
3643	-2	4	15176
3644	-2	4	15180
3645	-2	4	15184
3646	-2	4	15188
3647	-2	4	15192
3648	-2	4	15196
3649	-2	4	15200
3650	-2	4	15204
3651	-2	4	15208
3652	-2	4	15212
3653	-2	4	15216
3654	-2	4	15220
3655	-2	4	15224
3656	-2	4	15228
3657	-2	4	15232
3658	-2	4	15236
3659	-3	5	15241
3660	-2	4	15245
3661	-2	4	15249
3662	-2	4	15253
3663	-2	4	15257
3664	-2	4	15261
3665	-2	4	15265
3666	-2	4	15269
3667	-4	6	15275
3668	-2	4	15279
3669	-2	4	15283
3670	-2	4	15287
3671	-3	5	15292
3672	-2	4	15296
3673	-2	4	15300
3674	-2	4	15304
3675	-2	4	15308
3676	-2	4	15312
3677	-3	5	15317
3678	-2	4	15321
3679	-2	4	15325
3680	-2	4	15329
3681	-2	4	15333
3682	-2	4	15337
3683	-2	4	15341
3684	-2	4	15345
3685	-2	4	15349
3686	-2	4	15353
3687	-2	4	15357
3688	-2	4	15361
3689	-2	4	15365
3690	-2	4	15369
3691	-2	4	15373
3692	-2	4	15377
3693	-2	4	15381
3694	-2	4	15385
3695	-2	4	15389
3696	-2	4	15393
3697	-2	4	15397
3698	-2	4	15401
3699	-2	4	15405
3700	-2	4	15409
3701	-2	4	15413
3702	-2	4	15417
3703	-2	4	15421
3704	-2	4	15425
3705	-2	4	15429
3706	-2	4	15433
3707	-5	7	15440
3708	-2	4	15444
3709	-2	4	15448
3710	-2	4	15452
3711	-2	4	15456
3712	-2	4	15460
3713	-2	4	15464
3714	-2	4	15468
3715	-2	4	15472
3716	-2	4	15476
3717	-2	4	15480
3718	-2	4	15484
3719	-2	4	15488
3720	-2	4	15492
3721	-2	4	15496
3722	-2	4	15500
3723	-2	4	15504
3724	-2	4	15508
3725	-2	4	15512
3726	-2	4	15516
3727	-4	6	15522
3728	-2	4	15526
3729	-2	4	15530
3730	-4	6	15536
3731	-2	4	15540
3732	-2	4	15544
3733	-2	4	15548
3734	-2	4	15552
3735	-2	4	15556
3736	-2	4	15560
3737	-2	4	15564
3738	-2	4	15568
3739	-2	4	15572
3740	-2	4	15576
3741	-2	4	15580
3742	-2	4	15584
3743	-2	4	15588
3744	-2	4	15592
3745	-2	4	15596
3746	-2	4	15600
3747	-2	4	15604
3748	-2	4	15608
3749	-2	4	15612
3750	-2	4	15616
3751	-2	4	15620
3752	-2	4	15624
3753	-2	4	15628
3754	-2	4	15632
3755	-2	4	15636
3756	-2	4	15640
3757	-2	4	15644
3758	-2	4	15648
3759	-2	4	15652
3760	-2	4	15656
3761	-2	4	15660
3762	-2	4	15664
3763	-2	4	15668
3764	-2	4	15672
3765	-2	4	15676
3766	-2	4	15680
3767	-2	4	15684
3768	-2	4	15688
3769	-2	4	15692
3770	-2	4	15696
3771	-2	4	15700
3772	-2	4	15704
3773	-2	4	15708
3774	-2	4	15712
3775	-2	4	15716
3776	-2	4	15720
3777	-2	4	15724
3778	-2	4	15728
3779	-2	4	15732
3780	-2	4	15736
3781	-2	4	15740
3782	-2	4	15744
3783	-2	4	15748
3784	-2	4	15752
3785	-2	4	15756
3786	-2	4	15760
3787	-2	4	15764
3788	-2	4	15768
3789	-2	4	15772
3790	-2	4	15776
3791	-2	4	15780
3792	-2	4	15784
3793	-3	5	15789
3794	-2	4	15793
3795	-2	4	15797
3796	-2	4	15801
3797	-2	4	15805
3798	-2	4	15809
3799	-2	4	15813
3800	-2	4	15817
3801	-2	4	15821
3802	-2	4	15825
3803	-2	4	15829
3804	-2	4	15833
3805	-2	4	15837
3806	-2	4	15841
3807	-2	4	15845
3808	-2	4	15849
3809	-2	4	15853
3810	-2	4	15857
3811	-2	4	15861
3812	-2	4	15865
3813	-2	4	15869
3814	-2	4	15873
3815	-2	4	15877
3816	-8	10	15887
3817	-2	4	15891
3818	-4	6	15897
3819	-2	4	15901
3820	-2	4	15905
3821	-2	4	15909
3822	-2	4	15913
3823	-2	4	15917
3824	-2	4	15921
3825	-2	4	15925
3826	-2	4	15929
3827	-4	6	15935
3828	-2	4	15939
3829	-2	4	15943
3830	-2	4	15947
3831	-2	4	15951
3832	-2	4	15955
3833	-2	4	15959
3834	-2	4	15963
3835	-2	4	15967
3836	-2	4	15971
3837	-2	4	15975
3838	-2	4	15979
3839	-2	4	15983
3840	-3	5	15988
3841	-2	4	15992
3842	-2	4	15996
3843	-2	4	16000
3844	-2	4	16004
3845	-2	4	16008
3846	-2	4	16012
3847	-2	4	16016
3848	-2	4	16020
3849	-2	4	16024
3850	-2	4	16028
3851	-2	4	16032
3852	-3	5	16037
3853	-2	4	16041
3854	-2	4	16045
3855	-2	4	16049
3856	-2	4	16053
3857	-2	4	16057
3858	-2	4	16061
3859	-2	4	16065
3860	-2	4	16069
3861	-2	4	16073
3862	-2	4	16077
3863	-4	6	16083
3864	-2	4	16087
3865	-2	4	16091
3866	-2	4	16095
3867	-2	4	16099
3868	-2	4	16103
3869	-2	4	16107
3870	-2	4	16111
3871	-2	4	16115
3872	-2	4	16119
3873	-2	4	16123
3874	-2	4	16127
3875	-4	6	16133
3876	-2	4	16137
3877	-2	4	16141
3878	-2	4	16145
3879	-2	4	16149
3880	-2	4	16153
3881	-2	4	16157
3882	-2	4	16161
3883	-2	4	16165
3884	-2	4	16169
3885	-2	4	16173
3886	-2	4	16177
3887	-2	4	16181
3888	-2	4	16185
3889	-2	4	16189
3890	-2	4	16193
3891	-2	4	16197
3892	-2	4	16201
3893	-2	4	16205
3894	-2	4	16209
3895	-2	4	16213
3896	-2	4	16217
3897	-2	4	16221
3898	-2	4	16225
3899	-2	4	16229
3900	-2	4	16233
3901	-2	4	16237
3902	-2	4	16241
3903	-2	4	16245
3904	-2	4	16249
3905	-2	4	16253
3906	-2	4	16257
3907	-2	4	16261
3908	-2	4	16265
3909	-2	4	16269
3910	-2	4	16273
3911	-2	4	16277
3912	-2	4	16281
3913	-2	4	16285
3914	-2	4	16289
3915	-2	4	16293
3916	-2	4	16297
3917	-2	4	16301
3918	-2	4	16305
3919	-2	4	16309
3920	-2	4	16313
3921	-2	4	16317
3922	-2	4	16321
3923	-2	4	16325
3924	-4	6	16331
3925	-2	4	16335
3926	-2	4	16339
3927	-2	4	16343
3928	-2	4	16347
3929	-2	4	16351
3930	-3	5	16356
3931	-2	4	16360
3932	-2	4	16364
3933	-2	4	16368
3934	-2	4	16372
3935	-2	4	16376
3936	-2	4	16380
3937	-2	4	16384
3938	-2	4	16388
3939	-2	4	16392
3940	-2	4	16396
3941	-2	4	16400
3942	-2	4	16404
3943	-2	4	16408
3944	-2	4	16412
3945	-2	4	16416
3946	-2	4	16420
3947	-2	4	16424
3948	-2	4	16428
3949	-2	4	16432
3950	-2	4	16436
3951	-2	4	16440
3952	-2	4	16444
3953	-2	4	16448
3954	-2	4	16452
3955	-2	4	16456
3956	-2	4	16460
3957	-2	4	16464
3958	-2	4	16468
3959	-2	4	16472
3960	-2	4	16476
3961	-2	4	16480
3962	-2	4	16484
3963	-2	4	16488
3964	-2	4	16492
3965	-2	4	16496
3966	-2	4	16500
3967	-2	4	16504
3968	-2	4	16508
3969	-2	4	16512
3970	-2	4	16516
3971	-2	4	16520
3972	-2	4	16524
3973	-2	4	16528
3974	-2	4	16532
3975	-2	4	16536
3976	-2	4	16540
3977	-2	4	16544
3978	-2	4	16548
3979	-2	4	16552
3980	-2	4	16556
3981	-2	4	16560
3982	-4	6	16566
3983	-2	4	16570
3984	-2	4	16574
3985	-2	4	16578
3986	-2	4	16582
3987	-2	4	16586
3988	-2	4	16590
3989	-2	4	16594
3990	-4	6	16600
3991	-2	4	16604
3992	-4	6	16610
3993	-2	4	16614
3994	-2	4	16618
3995	-2	4	16622
3996	-2	4	16626
3997	-2	4	16630
3998	-2	4	16634
3999	-2	4	16638
4000	-2	4	16642
4001	-2	4	16646
4002	-2	4	16650
4003	-2	4	16654
4004	-2	4	16658
4005	-2	4	16662
4006	-2	4	16666
4007	-2	4	16670
4008	-2	4	16674
4009	-2	4	16678
4010	-2	4	16682
4011	-2	4	16686
4012	-2	4	16690
4013	-2	4	16694
4014	-2	4	16698
4015	-2	4	16702
4016	-2	4	16706
4017	-2	4	16710
4018	-2	4	16714
4019	-2	4	16718
4020	-2	4	16722
4021	-4	6	16728
4022	-2	4	16732
4023	-2	4	16736
4024	-2	4	16740
4025	-2	4	16744
4026	-2	4	16748
4027	-2	4	16752
4028	-2	4	16756
4029	-2	4	16760
4030	-2	4	16764
4031	-2	4	16768
4032	-3	5	16773
4033	-2	4	16777
4034	-2	4	16781
4035	-2	4	16785
4036	-2	4	16789
4037	-3	5	16794
4038	-2	4	16798
4039	-2	4	16802
4040	-2	4	16806
4041	-2	4	16810
4042	-2	4	16814
4043	-2	4	16818
4044	-2	4	16822
4045	-2	4	16826
4046	-2	4	16830
4047	-2	4	16834
4048	-2	4	16838
4049	-2	4	16842
4050	-2	4	16846
4051	-2	4	16850
4052	-2	4	16854
4053	-4	6	16860
4054	-2	4	16864
4055	-2	4	16868
4056	-2	4	16872
4057	-2	4	16876
4058	-2	4	16880
4059	-2	4	16884
4060	-2	4	16888
4061	-2	4	16892
4062	-2	4	16896
4063	-2	4	16900
4064	-2	4	16904
4065	-2	4	16908
4066	-2	4	16912
4067	-2	4	16916
4068	-3	5	16921
4069	-2	4	16925
4070	-2	4	16929
4071	-2	4	16933
4072	-2	4	16937
4073	-2	4	16941
4074	-2	4	16945
4075	-2	4	16949
4076	-4	6	16955
4077	-2	4	16959
4078	-2	4	16963
4079	-2	4	16967
4080	-2	4	16971
4081	-4	6	16977
4082	-2	4	16981
4083	-2	4	16985
4084	-2	4	16989
4085	-2	4	16993
4086	-2	4	16997
4087	-2	4	17001
4088	-2	4	17005
4089	-2	4	17009
4090	-2	4	17013
4091	-2	4	17017
4092	-2	4	17021
4093	-2	4	17025
4094	-2	4	17029
4095	-2	4	17033
4096	-2	4	17037
4097	-2	4	17041
4098	-2	4	17045
4099	-2	4	17049
4100	-2	4	17053
4101	-2	4	17057
4102	-2	4	17061
4103	-2	4	17065
4104	-2	4	17069
4105	-2	4	17073
4106	-4	6	17079
4107	-2	4	17083
4108	-2	4	17087
4109	-6	8	17095
4110	-2	4	17099
4111	-4	6	17105
4112	-2	4	17109
4113	-2	4	17113
4114	-2	4	17117
4115	-2	4	17121
4116	-2	4	17125
4117	-2	4	17129
4118	-2	4	17133
4119	-2	4	17137
4120	-2	4	17141
4121	-2	4	17145
4122	-2	4	17149
4123	-2	4	17153
4124	-2	4	17157
4125	-2	4	17161
4126	-2	4	17165
4127	-2	4	17169
4128	-2	4	17173
4129	-2	4	17177
4130	-2	4	17181
4131	-2	4	17185
4132	-2	4	17189
4133	-2	4	17193
4134	-2	4	17197
4135	-2	4	17201
4136	-2	4	17205
4137	-2	4	17209
4138	-2	4	17213
4139	-2	4	17217
4140	-2	4	17221
4141	-3	5	17226
4142	-2	4	17230
4143	-2	4	17234
4144	-2	4	17238
4145	-2	4	17242
4146	-2	4	17246
4147	-2	4	17250
4148	-2	4	17254
4149	-4	6	17260
4150	-2	4	17264
4151	-2	4	17268
4152	-2	4	17272
4153	-2	4	17276
4154	-2	4	17280
4155	-2	4	17284
4156	-2	4	17288
4157	-2	4	17292
4158	-2	4	17296
4159	-2	4	17300
4160	-2	4	17304
4161	-2	4	17308
4162	-3	5	17313
4163	-2	4	17317
4164	-2	4	17321
4165	-2	4	17325
4166	-2	4	17329
4167	-2	4	17333
4168	-2	4	17337
4169	-2	4	17341
4170	-2	4	17345
4171	-2	4	17349
4172	-2	4	17353
4173	-2	4	17357
4174	-2	4	17361
4175	-2	4	17365
4176	-2	4	17369
4177	-2	4	17373
4178	-2	4	17377
4179	-2	4	17381
4180	-2	4	17385
4181	-2	4	17389
4182	-2	4	17393
4183	-2	4	17397
4184	-2	4	17401
4185	-2	4	17405
4186	-2	4	17409
4187	-2	4	17413
4188	-2	4	17417
4189	-2	4	17421
4190	-2	4	17425
4191	-2	4	17429
4192	-4	6	17435
4193	-2	4	17439
4194	-2	4	17443
4195	-2	4	17447
4196	-2	4	17451
4197	-2	4	17455
4198	-2	4	17459
4199	-2	4	17463
4200	-2	4	17467
4201	-2	4	17471
4202	-2	4	17475
4203	-4	6	17481
4204	-2	4	17485
4205	-2	4	17489
4206	-2	4	17493
4207	-2	4	17497
4208	-2	4	17501
4209	-2	4	17505
4210	-2	4	17509
4211	-2	4	17513
4212	-2	4	17517
4213	-2	4	17521
4214	-2	4	17525
4215	-2	4	17529
4216	-2	4	17533
4217	-2	4	17537
4218	-2	4	17541
4219	-3	5	17546
4220	-2	4	17550
4221	-2	4	17554
4222	-2	4	17558
4223	-2	4	17562
4224	-2	4	17566
4225	-2	4	17570
4226	-2	4	17574
4227	-2	4	17578
4228	-2	4	17582
4229	-2	4	17586
4230	-2	4	17590
4231	-4	6	17596
4232	-2	4	17600
4233	-2	4	17604
4234	-2	4	17608
4235	-2	4	17612
4236	-2	4	17616
4237	-2	4	17620
4238	-2	4	17624
4239	-2	4	17628
4240	-2	4	17632
4241	-2	4	17636
4242	-2	4	17640
4243	-2	4	17644
4244	-2	4	17648
4245	-2	4	17652
4246	-2	4	17656
4247	-2	4	17660
4248	-2	4	17664
4249	-2	4	17668
4250	-2	4	17672
4251	-2	4	17676
4252	-2	4	17680
4253	-2	4	17684
4254	-2	4	17688
4255	-2	4	17692
4256	-2	4	17696
4257	-2	4	17700
4258	-2	4	17704
4259	-2	4	17708
4260	-2	4	17712
4261	-2	4	17716
4262	-2	4	17720
4263	-2	4	17724
4264	-2	4	17728
4265	-2	4	17732
4266	-4	6	17738
4267	-2	4	17742
4268	-2	4	17746
4269	-2	4	17750
4270	-2	4	17754
4271	-2	4	17758
4272	-2	4	17762
4273	-2	4	17766
4274	-2	4	17770
4275	-2	4	17774
4276	-2	4	17778
4277	-2	4	17782
4278	-2	4	17786
4279	-2	4	17790
4280	-5	7	17797
4281	-2	4	17801
4282	-2	4	17805
4283	-2	4	17809
4284	-2	4	17813
4285	-2	4	17817
4286	-2	4	17821
4287	-2	4	17825
4288	-2	4	17829
4289	-2	4	17833
4290	-2	4	17837
4291	-2	4	17841
4292	-2	4	17845
4293	-2	4	17849
4294	-2	4	17853
4295	-2	4	17857
4296	-2	4	17861
4297	-2	4	17865
4298	-2	4	17869
4299	-2	4	17873
4300	-2	4	17877
4301	-3	5	17882
4302	-2	4	17886
4303	-4	6	17892
4304	-2	4	17896
4305	-2	4	17900
4306	-2	4	17904
4307	-2	4	17908
4308	-4	6	17914
4309	-2	4	17918
4310	-2	4	17922
4311	-2	4	17926
4312	-2	4	17930
4313	-2	4	17934
4314	-2	4	17938
4315	-2	4	17942
4316	-2	4	17946
4317	-2	4	17950
4318	-2	4	17954
4319	-2	4	17958
4320	-2	4	17962
4321	-2	4	17966
4322	-2	4	17970
4323	-2	4	17974
4324	-2	4	17978
4325	-2	4	17982
4326	-2	4	17986
4327	-2	4	17990
4328	-2	4	17994
4329	-2	4	17998
4330	-2	4	18002
4331	-2	4	18006
4332	-2	4	18010
4333	-2	4	18014
4334	-2	4	18018
4335	-2	4	18022
4336	-2	4	18026
4337	-2	4	18030
4338	-2	4	18034
4339	-2	4	18038
4340	-2	4	18042
4341	-2	4	18046
4342	-4	6	18052
4343	-2	4	18056
4344	-2	4	18060
4345	-4	6	18066
4346	-2	4	18070
4347	-3	5	18075
4348	-2	4	18079
4349	-2	4	18083
4350	-2	4	18087
4351	-2	4	18091
4352	-2	4	18095
4353	-2	4	18099
4354	-2	4	18103
4355	-2	4	18107
4356	-2	4	18111
4357	-2	4	18115
4358	-3	5	18120
4359	-2	4	18124
4360	-2	4	18128
4361	-3	5	18133
4362	-2	4	18137
4363	-2	4	18141
4364	-2	4	18145
4365	-2	4	18149
4366	-2	4	18153
4367	-2	4	18157
4368	-2	4	18161
4369	-2	4	18165
4370	-2	4	18169
4371	-2	4	18173
4372	-2	4	18177
4373	-4	6	18183
4374	-2	4	18187
4375	-2	4	18191
4376	-2	4	18195
4377	-2	4	18199
4378	-2	4	18203
4379	-2	4	18207
4380	-2	4	18211
4381	-2	4	18215
4382	-2	4	18219
4383	-2	4	18223
4384	-2	4	18227
4385	-2	4	18231
4386	-2	4	18235
4387	-2	4	18239
4388	-2	4	18243
4389	-2	4	18247
4390	-2	4	18251
4391	-2	4	18255
4392	-2	4	18259
4393	-2	4	18263
4394	-2	4	18267
4395	-2	4	18271
4396	-2	4	18275
4397	-2	4	18279
4398	-3	5	18284
4399	-2	4	18288
4400	-2	4	18292
4401	-2	4	18296
4402	-2	4	18300
4403	-2	4	18304
4404	-2	4	18308
4405	-2	4	18312
4406	-4	6	18318
4407	-2	4	18322
4408	-4	6	18328
4409	-2	4	18332
4410	-4	6	18338
4411	-4	6	18344
4412	-2	4	18348
4413	-4	6	18354
4414	-2	4	18358
4415	-2	4	18362
4416	-2	4	18366
4417	-2	4	18370
4418	-2	4	18374
4419	-2	4	18378
4420	-2	4	18382
4421	-2	4	18386
4422	-2	4	18390
4423	-2	4	18394
4424	-2	4	18398
4425	-2	4	18402
4426	-2	4	18406
4427	-2	4	18410
4428	-2	4	18414
4429	-2	4	18418
4430	-2	4	18422
4431	-2	4	18426
4432	-2	4	18430
4433	-2	4	18434
4434	-2	4	18438
4435	-2	4	18442
4436	-2	4	18446
4437	-2	4	18450
4438	-2	4	18454
4439	-2	4	18458
4440	-2	4	18462
4441	-2	4	18466
4442	-2	4	18470
4443	-2	4	18474
4444	-4	6	18480
4445	-2	4	18484
4446	-2	4	18488
4447	-2	4	18492
4448	-2	4	18496
4449	-2	4	18500
4450	-2	4	18504
4451	-2	4	18508
4452	-2	4	18512
4453	-2	4	18516
4454	-2	4	18520
4455	-2	4	18524
4456	-2	4	18528
4457	-2	4	18532
4458	-2	4	18536
4459	-2	4	18540
4460	-4	6	18546
4461	-2	4	18550
4462	-2	4	18554
4463	-2	4	18558
4464	-2	4	18562
4465	-2	4	18566
4466	-4	6	18572
4467	-2	4	18576
4468	-2	4	18580
4469	-2	4	18584
4470	-2	4	18588
4471	-2	4	18592
4472	-4	6	18598
4473	-2	4	18602
4474	-2	4	18606
4475	-2	4	18610
4476	-2	4	18614
4477	-2	4	18618
4478	-2	4	18622
4479	-2	4	18626
4480	-2	4	18630
4481	-2	4	18634
4482	-2	4	18638
4483	-2	4	18642
4484	-2	4	18646
4485	-2	4	18650
4486	-2	4	18654
4487	-2	4	18658
4488	-2	4	18662
4489	-2	4	18666
4490	-2	4	18670
4491	-2	4	18674
4492	-2	4	18678
4493	-2	4	18682
4494	-2	4	18686
4495	-2	4	18690
4496	-2	4	18694
4497	-2	4	18698
4498	-2	4	18702
4499	-2	4	18706
4500	-2	4	18710
4501	-2	4	18714
4502	-2	4	18718
4503	-2	4	18722
4504	-2	4	18726
4505	-2	4	18730
4506	-2	4	18734
4507	-2	4	18738
4508	-4	6	18744
4509	-2	4	18748
4510	-2	4	18752
4511	-2	4	18756
4512	-2	4	18760
4513	-2	4	18764
4514	-2	4	18768
4515	-2	4	18772
4516	-4	6	18778
4517	-2	4	18782
4518	-2	4	18786
4519	-2	4	18790
4520	-2	4	18794
4521	-2	4	18798
4522	-2	4	18802
4523	-2	4	18806
4524	-2	4	18810
4525	-3	5	18815
4526	-2	4	18819
4527	-2	4	18823
4528	-2	4	18827
4529	-2	4	18831
4530	-2	4	18835
4531	-2	4	18839
4532	-2	4	18843
4533	-2	4	18847
4534	-2	4	18851
4535	-2	4	18855
4536	-2	4	18859
4537	-2	4	18863
4538	-2	4	18867
4539	-2	4	18871
4540	-2	4	18875
4541	-2	4	18879
4542	-2	4	18883
4543	-2	4	18887
4544	-2	4	18891
4545	-2	4	18895
4546	-2	4	18899
4547	-2	4	18903
4548	-2	4	18907
4549	-2	4	18911
4550	-2	4	18915
4551	-2	4	18919
4552	-2	4	18923
4553	-2	4	18927
4554	-2	4	18931
4555	-2	4	18935
4556	-2	4	18939
4557	-2	4	18943
4558	-6	8	18951
4559	-4	6	18957
4560	-2	4	18961
4561	-2	4	18965
4562	-2	4	18969
4563	-2	4	18973
4564	-2	4	18977
4565	-2	4	18981
4566	-2	4	18985
4567	-2	4	18989
4568	-2	4	18993
4569	-2	4	18997
4570	-2	4	19001
4571	-2	4	19005
4572	-2	4	19009
4573	-2	4	19013
4574	-2	4	19017
4575	-2	4	19021
4576	-4	6	19027
4577	-2	4	19031
4578	-2	4	19035
4579	-2	4	19039
4580	-2	4	19043
4581	-2	4	19047
4582	-2	4	19051
4583	-2	4	19055
4584	-2	4	19059
4585	-2	4	19063
4586	-2	4	19067
4587	-2	4	19071
4588	-2	4	19075
4589	-2	4	19079
4590	-2	4	19083
4591	-2	4	19087
4592	-2	4	19091
4593	-2	4	19095
4594	-2	4	19099
4595	-2	4	19103
4596	-2	4	19107
4597	-2	4	19111
4598	-2	4	19115
4599	-2	4	19119
4600	-2	4	19123
4601	-2	4	19127
4602	-2	4	19131
4603	-2	4	19135
4604	-2	4	19139
4605	-2	4	19143
4606	-2	4	19147
4607	-2	4	19151
4608	-2	4	19155
4609	-2	4	19159
4610	-4	6	19165
4611	-2	4	19169
4612	-2	4	19173
4613	-2	4	19177
4614	-2	4	19181
4615	-2	4	19185
4616	-2	4	19189
4617	-2	4	19193
4618	-2	4	19197
4619	-2	4	19201
4620	-2	4	19205
4621	-2	4	19209
4622	-2	4	19213
4623	-2	4	19217
4624	-2	4	19221
4625	-2	4	19225
4626	-3	5	19230
4627	-2	4	19234
4628	-2	4	19238
4629	-4	6	19244
4630	-2	4	19248
4631	-2	4	19252
4632	-2	4	19256
4633	-2	4	19260
4634	-2	4	19264
4635	-2	4	19268
4636	-2	4	19272
4637	-2	4	19276
4638	-2	4	19280
4639	-2	4	19284
4640	-2	4	19288
4641	-2	4	19292
4642	-2	4	19296
4643	-2	4	19300
4644	-2	4	19304
4645	-2	4	19308
4646	-2	4	19312
4647	-2	4	19316
4648	-2	4	19320
4649	-2	4	19324
4650	-2	4	19328
4651	-2	4	19332
4652	-2	4	19336
4653	-2	4	19340
4654	-2	4	19344
4655	-2	4	19348
4656	-2	4	19352
4657	-2	4	19356
4658	-2	4	19360
4659	-2	4	19364
4660	-2	4	19368
4661	-2	4	19372
4662	-2	4	19376
4663	-2	4	19380
4664	-2	4	19384
4665	-2	4	19388
4666	-2	4	19392
4667	-2	4	19396
4668	-2	4	19400
4669	-2	4	19404
4670	-2	4	19408
4671	-2	4	19412
4672	-2	4	19416
4673	-2	4	19420
4674	-2	4	19424
4675	-2	4	19428
4676	-2	4	19432
4677	-2	4	19436
4678	-4	6	19442
4679	-2	4	19446
4680	-2	4	19450
4681	-2	4	19454
4682	-2	4	19458
4683	-2	4	19462
4684	-2	4	19466
4685	-2	4	19470
4686	-2	4	19474
4687	-2	4	19478
4688	-2	4	19482
4689	-2	4	19486
4690	-2	4	19490
4691	-2	4	19494
4692	-2	4	19498
4693	-2	4	19502
4694	-2	4	19506
4695	-2	4	19510
4696	-2	4	19514
4697	-2	4	19518
4698	-2	4	19522
4699	-2	4	19526
4700	-2	4	19530
4701	-2	4	19534
4702	-2	4	19538
4703	-2	4	19542
4704	-2	4	19546
4705	-2	4	19550
4706	-2	4	19554
4707	-2	4	19558
4708	-2	4	19562
4709	-2	4	19566
4710	-2	4	19570
4711	-2	4	19574
4712	-2	4	19578
4713	-2	4	19582
4714	-2	4	19586
4715	-2	4	19590
4716	-2	4	19594
4717	-2	4	19598
4718	-2	4	19602
4719	-2	4	19606
4720	-2	4	19610
4721	-2	4	19614
4722	-2	4	19618
4723	-2	4	19622
4724	-2	4	19626
4725	-2	4	19630
4726	-2	4	19634
4727	-2	4	19638
4728	-2	4	19642
4729	-4	6	19648
4730	-2	4	19652
4731	-2	4	19656
4732	-2	4	19660
4733	-2	4	19664
4734	-4	6	19670
4735	-2	4	19674
4736	-2	4	19678
4737	-2	4	19682
4738	-2	4	19686
4739	-2	4	19690
4740	-2	4	19694
4741	-2	4	19698
4742	-2	4	19702
4743	-3	5	19707
4744	-2	4	19711
4745	-2	4	19715
4746	-2	4	19719
4747	-2	4	19723
4748	-2	4	19727
4749	-2	4	19731
4750	-2	4	19735
4751	-2	4	19739
4752	-2	4	19743
4753	-2	4	19747
4754	-2	4	19751
4755	-3	5	19756
4756	-2	4	19760
4757	-2	4	19764
4758	-2	4	19768
4759	-2	4	19772
4760	-2	4	19776
4761	-2	4	19780
4762	-2	4	19784
4763	-2	4	19788
4764	-2	4	19792
4765	-4	6	19798
4766	-2	4	19802
4767	-2	4	19806
4768	-2	4	19810
4769	-4	6	19816
4770	-2	4	19820
4771	-2	4	19824
4772	-2	4	19828
4773	-2	4	19832
4774	-2	4	19836
4775	-2	4	19840
4776	-2	4	19844
4777	-2	4	19848
4778	-2	4	19852
4779	-2	4	19856
4780	-2	4	19860
4781	-2	4	19864
4782	-2	4	19868
4783	-2	4	19872
4784	-2	4	19876
4785	-2	4	19880
4786	-2	4	19884
4787	-2	4	19888
4788	-2	4	19892
4789	-2	4	19896
4790	-2	4	19900
4791	-5	7	19907
4792	-2	4	19911
4793	-2	4	19915
4794	-2	4	19919
4795	-2	4	19923
4796	-3	5	19928
4797	-2	4	19932
4798	-2	4	19936
4799	-2	4	19940
4800	-2	4	19944
4801	-2	4	19948
4802	-2	4	19952
4803	-2	4	19956
4804	-2	4	19960
4805	-2	4	19964
4806	-2	4	19968
4807	-2	4	19972
4808	-2	4	19976
4809	-2	4	19980
4810	-2	4	19984
4811	-2	4	19988
4812	-2	4	19992
4813	-2	4	19996
4814	-2	4	20000
4815	-2	4	20004
4816	-2	4	20008
4817	-2	4	20012
4818	-4	6	20018
4819	-2	4	20022
4820	-2	4	20026
4821	-2	4	20030
4822	-2	4	20034
4823	-2	4	20038
4824	-2	4	20042
4825	-2	4	20046
4826	-2	4	20050
4827	-2	4	20054
4828	-2	4	20058
4829	-2	4	20062
4830	-2	4	20066
4831	-2	4	20070
4832	-2	4	20074
4833	-2	4	20078
4834	-2	4	20082
4835	-2	4	20086
4836	-2	4	20090
4837	-2	4	20094
4838	-2	4	20098
4839	-2	4	20102
4840	-2	4	20106
4841	-5	7	20113
4842	-2	4	20117
4843	-2	4	20121
4844	-2	4	20125
4845	-4	6	20131
4846	-2	4	20135
4847	-2	4	20139
4848	-2	4	20143
4849	-2	4	20147
4850	-2	4	20151
4851	-2	4	20155
4852	-2	4	20159
4853	-3	5	20164
4854	-2	4	20168
4855	-3	5	20173
4856	-2	4	20177
4857	-2	4	20181
4858	-2	4	20185
4859	-2	4	20189
4860	-2	4	20193
4861	-4	6	20199
4862	-2	4	20203
4863	-2	4	20207
4864	-2	4	20211
4865	-4	6	20217
4866	-2	4	20221
4867	-3	5	20226
4868	-2	4	20230
4869	-4	6	20236
4870	-2	4	20240
4871	-2	4	20244
4872	-2	4	20248
4873	-2	4	20252
4874	-2	4	20256
4875	-2	4	20260
4876	-3	5	20265
4877	-2	4	20269
4878	-2	4	20273
4879	-2	4	20277
4880	-2	4	20281
4881	-2	4	20285
4882	-2	4	20289
4883	-2	4	20293
4884	-3	5	20298
4885	-2	4	20302
4886	-2	4	20306
4887	-2	4	20310
4888	-2	4	20314
4889	-2	4	20318
4890	-2	4	20322
4891	-2	4	20326
4892	-2	4	20330
4893	-2	4	20334
4894	-2	4	20338
4895	-4	6	20344
4896	-2	4	20348
4897	-2	4	20352
4898	-2	4	20356
4899	-2	4	20360
4900	-2	4	20364
4901	-2	4	20368
4902	-2	4	20372
4903	-2	4	20376
4904	-4	6	20382
4905	-2	4	20386
4906	-2	4	20390
4907	-2	4	20394
4908	-2	4	20398
4909	-2	4	20402
4910	-2	4	20406
4911	-2	4	20410
4912	-2	4	20414
4913	-2	4	20418
4914	-2	4	20422
4915	-2	4	20426
4916	-2	4	20430
4917	-4	6	20436
4918	-2	4	20440
4919	-2	4	20444
4920	-2	4	20448
4921	-2	4	20452
4922	-2	4	20456
4923	-2	4	20460
4924	-2	4	20464
4925	-2	4	20468
4926	-2	4	20472
4927	-2	4	20476
4928	-2	4	20480
4929	-2	4	20484
4930	-4	6	20490
4931	-2	4	20494
4932	-2	4	20498
4933	-2	4	20502
4934	-2	4	20506
4935	-2	4	20510
4936	-2	4	20514
4937	-2	4	20518
4938	-2	4	20522
4939	-2	4	20526
4940	-2	4	20530
4941	-2	4	20534
4942	-2	4	20538
4943	-2	4	20542
4944	-2	4	20546
4945	-2	4	20550
4946	-2	4	20554
4947	-2	4	20558
4948	-2	4	20562
4949	-2	4	20566
4950	-2	4	20570
4951	-2	4	20574
4952	-2	4	20578
4953	-2	4	20582
4954	-2	4	20586
4955	-2	4	20590
4956	-4	6	20596
4957	-2	4	20600
4958	-4	6	20606
4959	-4	6	20612
4960	-2	4	20616
4961	-2	4	20620
4962	-2	4	20624
4963	-2	4	20628
4964	-2	4	20632
4965	-2	4	20636
4966	-2	4	20640
4967	-2	4	20644
4968	-2	4	20648
4969	-2	4	20652
4970	-3	5	20657
4971	-2	4	20661
4972	-4	6	20667
4973	-2	4	20671
4974	-2	4	20675
4975	-2	4	20679
4976	-2	4	20683
4977	-2	4	20687
4978	-4	6	20693
4979	-2	4	20697
4980	-2	4	20701
4981	-2	4	20705
4982	-2	4	20709
4983	-2	4	20713
4984	-2	4	20717
4985	-2	4	20721
4986	-2	4	20725
4987	-2	4	20729
4988	-4	6	20735
4989	-2	4	20739
4990	-2	4	20743
4991	-2	4	20747
4992	-2	4	20751
4993	-2	4	20755
4994	-2	4	20759
4995	-2	4	20763
4996	-3	5	20768
4997	-2	4	20772
4998	-2	4	20776
4999	-2	4	20780
5000	-2	4	20784
5001	-2	4	20788
5002	-2	4	20792
5003	-2	4	20796
5004	-2	4	20800
5005	-4	6	20806
5006	-2	4	20810
5007	-2	4	20814
5008	-2	4	20818
5009	-2	4	20822
5010	-2	4	20826
5011	-2	4	20830
5012	-2	4	20834
5013	-2	4	20838
5014	-2	4	20842
5015	-2	4	20846
5016	-2	4	20850
5017	-2	4	20854
5018	-2	4	20858
5019	-2	4	20862
5020	-2	4	20866
5021	-2	4	20870
5022	-2	4	20874
5023	-2	4	20878
5024	-2	4	20882
5025	-2	4	20886
5026	-2	4	20890
5027	-2	4	20894
5028	-2	4	20898
5029	-2	4	20902
5030	-2	4	20906
5031	-2	4	20910
5032	-2	4	20914
5033	-2	4	20918
5034	-2	4	20922
5035	-2	4	20926
5036	-2	4	20930
5037	-2	4	20934
5038	-2	4	20938
5039	-2	4	20942
5040	-2	4	20946
5041	-2	4	20950
5042	-2	4	20954
5043	-2	4	20958
5044	-2	4	20962
5045	-2	4	20966
5046	-2	4	20970
5047	-2	4	20974
5048	-2	4	20978
5049	-2	4	20982
5050	-2	4	20986
5051	-2	4	20990
5052	-2	4	20994
5053	-2	4	20998
5054	-2	4	21002
5055	-4	6	21008
5056	-2	4	21012
5057	-2	4	21016
5058	-4	6	21022
5059	-2	4	21026
5060	-2	4	21030
5061	-2	4	21034
5062	-4	6	21040
5063	-2	4	21044
5064	-2	4	21048
5065	-2	4	21052
5066	-2	4	21056
5067	-6	8	21064
5068	-2	4	21068
5069	-2	4	21072
5070	-2	4	21076
5071	-2	4	21080
5072	-2	4	21084
5073	-2	4	21088
5074	-2	4	21092
5075	-2	4	21096
5076	-2	4	21100
5077	-2	4	21104
5078	-2	4	21108
5079	-2	4	21112
5080	-2	4	21116
5081	-2	4	21120
5082	-2	4	21124
5083	-2	4	21128
5084	-2	4	21132
5085	-2	4	21136
5086	-2	4	21140
5087	-2	4	21144
5088	-4	6	21150
5089	-2	4	21154
5090	-2	4	21158
5091	-2	4	21162
5092	-2	4	21166
5093	-2	4	21170
5094	-2	4	21174
5095	-2	4	21178
5096	-2	4	21182
5097	-2	4	21186
5098	-2	4	21190
5099	-2	4	21194
5100	-2	4	21198
5101	-2	4	21202
5102	-5	7	21209
5103	-2	4	21213
5104	-2	4	21217
5105	-2	4	21221
5106	-2	4	21225
5107	-2	4	21229
5108	-3	5	21234
5109	-2	4	21238
5110	-2	4	21242
5111	-2	4	21246
5112	-2	4	21250
5113	-2	4	21254
5114	-2	4	21258
5115	-2	4	21262
5116	-2	4	21266
5117	-2	4	21270
5118	-2	4	21274
5119	-2	4	21278
5120	-2	4	21282
5121	-2	4	21286
5122	-2	4	21290
5123	-2	4	21294
5124	-2	4	21298
5125	-2	4	21302
5126	-2	4	21306
5127	-2	4	21310
5128	-2	4	21314
5129	-2	4	21318
5130	-2	4	21322
5131	-2	4	21326
5132	-2	4	21330
5133	-2	4	21334
5134	-2	4	21338
5135	-2	4	21342
5136	-2	4	21346
5137	-2	4	21350
5138	-2	4	21354
5139	-2	4	21358
5140	-2	4	21362
5141	-2	4	21366
5142	-2	4	21370
5143	-2	4	21374
5144	-4	6	21380
5145	-2	4	21384
5146	-2	4	21388
5147	-2	4	21392
5148	-3	5	21397
5149	-2	4	21401
5150	-2	4	21405
5151	-2	4	21409
5152	-2	4	21413
5153	-2	4	21417
5154	-2	4	21421
5155	-2	4	21425
5156	-2	4	21429
5157	-2	4	21433
5158	-4	6	21439
5159	-2	4	21443
5160	-2	4	21447
5161	-2	4	21451
5162	-2	4	21455
5163	-2	4	21459
5164	-2	4	21463
5165	-2	4	21467
5166	-2	4	21471
5167	-2	4	21475
5168	-3	5	21480
5169	-4	6	21486
5170	-2	4	21490
5171	-2	4	21494
5172	-2	4	21498
5173	-2	4	21502
5174	-2	4	21506
5175	-2	4	21510
5176	-2	4	21514
5177	-2	4	21518
5178	-4	6	21524
5179	-2	4	21528
5180	-2	4	21532
5181	-2	4	21536
5182	-2	4	21540
5183	-2	4	21544
5184	-2	4	21548
5185	-4	6	21554
5186	-3	5	21559
5187	-2	4	21563
5188	-2	4	21567
5189	-2	4	21571
5190	-2	4	21575
5191	-2	4	21579
5192	-2	4	21583
5193	-2	4	21587
5194	-2	4	21591
5195	-2	4	21595
5196	-2	4	21599
5197	-2	4	21603
5198	-2	4	21607
5199	-2	4	21611
5200	-2	4	21615
5201	-2	4	21619
5202	-2	4	21623
5203	-2	4	21627
5204	-2	4	21631
5205	-2	4	21635
5206	-2	4	21639
5207	-2	4	21643
5208	-2	4	21647
5209	-2	4	21651
5210	-2	4	21655
5211	-2	4	21659
5212	-2	4	21663
5213	-2	4	21667
5214	-2	4	21671
5215	-2	4	21675
5216	-2	4	21679
5217	-2	4	21683
5218	-2	4	21687
5219	-2	4	21691
5220	-2	4	21695
5221	-2	4	21699
5222	-2	4	21703
5223	-2	4	21707
5224	-2	4	21711
5225	-2	4	21715
5226	-2	4	21719
5227	-2	4	21723
5228	-2	4	21727
5229	-2	4	21731
5230	-4	6	21737
5231	-4	6	21743
5232	-2	4	21747
5233	-2	4	21751
5234	-2	4	21755
5235	-2	4	21759
5236	-2	4	21763
5237	-2	4	21767
5238	-2	4	21771
5239	-2	4	21775
5240	-2	4	21779
5241	-2	4	21783
5242	-2	4	21787
5243	-2	4	21791
5244	-2	4	21795
5245	-4	6	21801
5246	-2	4	21805
5247	-2	4	21809
5248	-2	4	21813
5249	-2	4	21817
5250	-2	4	21821
5251	-2	4	21825
5252	-2	4	21829
5253	-2	4	21833
5254	-2	4	21837
5255	-2	4	21841
5256	-2	4	21845
5257	-2	4	21849
5258	-2	4	21853
5259	-2	4	21857
5260	-2	4	21861
5261	-2	4	21865
5262	-2	4	21869
5263	-2	4	21873
5264	-2	4	21877
5265	-2	4	21881
5266	-2	4	21885
5267	-2	4	21889
5268	-2	4	21893
5269	-2	4	21897
5270	-2	4	21901
5271	-2	4	21905
5272	-2	4	21909
5273	-2	4	21913
5274	-2	4	21917
5275	-2	4	21921
5276	-2	4	21925
5277	-2	4	21929
5278	-2	4	21933
5279	-2	4	21937
5280	-2	4	21941
5281	-2	4	21945
5282	-2	4	21949
5283	-2	4	21953
5284	-2	4	21957
5285	-2	4	21961
5286	-2	4	21965
5287	-2	4	21969
5288	-2	4	21973
5289	-2	4	21977
5290	-2	4	21981
5291	-2	4	21985
5292	-2	4	21989
5293	-2	4	21993
5294	-2	4	21997
5295	-2	4	22001
5296	-2	4	22005
5297	-2	4	22009
5298	-2	4	22013
5299	-2	4	22017
5300	-2	4	22021
5301	-2	4	22025
5302	-2	4	22029
5303	-2	4	22033
5304	-2	4	22037
5305	-4	6	22043
5306	-2	4	22047
5307	-2	4	22051
5308	-2	4	22055
5309	-2	4	22059
5310	-2	4	22063
5311	-2	4	22067
5312	-2	4	22071
5313	-2	4	22075
5314	-2	4	22079
5315	-2	4	22083
5316	-4	6	22089
5317	-2	4	22093
5318	-2	4	22097
5319	-2	4	22101
5320	-2	4	22105
5321	-2	4	22109
5322	-2	4	22113
5323	-2	4	22117
5324	-2	4	22121
5325	-2	4	22125
5326	-2	4	22129
5327	-4	6	22135
5328	-2	4	22139
5329	-5	7	22146
5330	-2	4	22150
5331	-2	4	22154
5332	-2	4	22158
5333	-2	4	22162
5334	-2	4	22166
5335	-2	4	22170
5336	-2	4	22174
5337	-2	4	22178
5338	-2	4	22182
5339	-2	4	22186
5340	-2	4	22190
5341	-2	4	22194
5342	-2	4	22198
5343	-2	4	22202
5344	-2	4	22206
5345	-2	4	22210
5346	-2	4	22214
5347	-2	4	22218
5348	-2	4	22222
5349	-2	4	22226
5350	-2	4	22230
5351	-4	6	22236
5352	-2	4	22240
5353	-2	4	22244
5354	-2	4	22248
5355	-2	4	22252
5356	-2	4	22256
5357	-2	4	22260
5358	-2	4	22264
5359	-2	4	22268
5360	-2	4	22272
5361	-2	4	22276
5362	-2	4	22280
5363	-2	4	22284
5364	-2	4	22288
5365	-2	4	22292
5366	-2	4	22296
5367	-2	4	22300
5368	-2	4	22304
5369	-2	4	22308
5370	-2	4	22312
5371	-2	4	22316
5372	-2	4	22320
5373	-2	4	22324
5374	-2	4	22328
5375	-2	4	22332
5376	-2	4	22336
5377	-2	4	22340
5378	-2	4	22344
5379	-2	4	22348
5380	-2	4	22352
5381	-2	4	22356
5382	-2	4	22360
5383	-2	4	22364
5384	-2	4	22368
5385	-2	4	22372
5386	-6	8	22380
5387	-2	4	22384
5388	-4	6	22390
5389	-2	4	22394
5390	-2	4	22398
5391	-2	4	22402
5392	-2	4	22406
5393	-2	4	22410
5394	-2	4	22414
5395	-2	4	22418
5396	-2	4	22422
5397	-2	4	22426
5398	-2	4	22430
5399	-2	4	22434
5400	-2	4	22438
5401	-2	4	22442
5402	-2	4	22446
5403	-2	4	22450
5404	-2	4	22454
5405	-2	4	22458
5406	-2	4	22462
5407	-2	4	22466
5408	-2	4	22470
5409	-2	4	22474
5410	-2	4	22478
5411	-2	4	22482
5412	-2	4	22486
5413	-2	4	22490
5414	-2	4	22494
5415	-2	4	22498
5416	-2	4	22502
5417	-2	4	22506
5418	-2	4	22510
5419	-4	6	22516
5420	-2	4	22520
5421	-2	4	22524
5422	-2	4	22528
5423	-2	4	22532
5424	-2	4	22536
5425	-2	4	22540
5426	-2	4	22544
5427	-2	4	22548
5428	-2	4	22552
5429	-2	4	22556
5430	-2	4	22560
5431	-2	4	22564
5432	-2	4	22568
5433	-2	4	22572
5434	-3	5	22577
5435	-2	4	22581
5436	-2	4	22585
5437	-2	4	22589
5438	-2	4	22593
5439	-6	8	22601
5440	-2	4	22605
5441	-2	4	22609
5442	-4	6	22615
5443	-4	6	22621
5444	-2	4	22625
5445	-2	4	22629
5446	-6	8	22637
5447	-4	6	22643
5448	-2	4	22647
5449	-2	4	22651
5450	-2	4	22655
5451	-2	4	22659
5452	-2	4	22663
5453	-2	4	22667
5454	-2	4	22671
5455	-2	4	22675
5456	-2	4	22679
5457	-2	4	22683
5458	-2	4	22687
5459	-2	4	22691
5460	-2	4	22695
5461	-2	4	22699
5462	-2	4	22703
5463	-2	4	22707
5464	-2	4	22711
5465	-2	4	22715
5466	-2	4	22719
5467	-2	4	22723
5468	-2	4	22727
5469	-2	4	22731
5470	-2	4	22735
5471	-2	4	22739
5472	-2	4	22743
5473	-2	4	22747
5474	-2	4	22751
5475	-2	4	22755
5476	-2	4	22759
5477	-2	4	22763
5478	-4	6	22769
5479	-2	4	22773
5480	-2	4	22777
5481	-2	4	22781
5482	-2	4	22785
5483	-2	4	22789
5484	-2	4	22793
5485	-4	6	22799
5486	-2	4	22803
5487	-2	4	22807
5488	-2	4	22811
5489	-2	4	22815
5490	-2	4	22819
5491	-2	4	22823
5492	-2	4	22827
5493	-2	4	22831
5494	-2	4	22835
5495	-2	4	22839
5496	-2	4	22843
5497	-4	6	22849
5498	-2	4	22853
5499	-2	4	22857
5500	-2	4	22861
5501	-2	4	22865
5502	-2	4	22869
5503	-2	4	22873
5504	-2	4	22877
5505	-2	4	22881
5506	-2	4	22885
5507	-4	6	22891
5508	-4	6	22897
5509	-2	4	22901
5510	-2	4	22905
5511	-2	4	22909
5512	-2	4	22913
5513	-2	4	22917
5514	-2	4	22921
5515	-2	4	22925
5516	-2	4	22929
5517	-2	4	22933
5518	-2	4	22937
5519	-2	4	22941
5520	-2	4	22945
5521	-2	4	22949
5522	-2	4	22953
5523	-2	4	22957
5524	-2	4	22961
5525	-2	4	22965
5526	-2	4	22969
5527	-2	4	22973
5528	-2	4	22977
5529	-2	4	22981
5530	-3	5	22986
5531	-2	4	22990
5532	-2	4	22994
5533	-2	4	22998
5534	-2	4	23002
5535	-2	4	23006
5536	-2	4	23010
5537	-2	4	23014
5538	-2	4	23018
5539	-3	5	23023
5540	-2	4	23027
5541	-2	4	23031
5542	-2	4	23035
5543	-2	4	23039
5544	-2	4	23043
5545	-2	4	23047
5546	-4	6	23053
5547	-2	4	23057
5548	-2	4	23061
5549	-2	4	23065
5550	-2	4	23069
5551	-2	4	23073
5552	-3	5	23078
5553	-2	4	23082
5554	-2	4	23086
5555	-2	4	23090
5556	-4	6	23096
5557	-2	4	23100
5558	-2	4	23104
5559	-2	4	23108
5560	-2	4	23112
5561	-2	4	23116
5562	-2	4	23120
5563	-2	4	23124
5564	-2	4	23128
5565	-2	4	23132
5566	-2	4	23136
5567	-2	4	23140
5568	-2	4	23144
5569	-2	4	23148
5570	-2	4	23152
5571	-2	4	23156
5572	-2	4	23160
5573	-2	4	23164
5574	-2	4	23168
5575	-2	4	23172
5576	-2	4	23176
5577	-2	4	23180
5578	-2	4	23184
5579	-2	4	23188
5580	-2	4	23192
5581	-2	4	23196
5582	-2	4	23200
5583	-2	4	23204
5584	-2	4	23208
5585	-2	4	23212
5586	-2	4	23216
5587	-2	4	23220
5588	-4	6	23226
5589	-2	4	23230
5590	-2	4	23234
5591	-2	4	23238
5592	-2	4	23242
5593	-2	4	23246
5594	-2	4	23250
5595	-2	4	23254
5596	-2	4	23258
5597	-2	4	23262
5598	-2	4	23266
5599	-2	4	23270
5600	-2	4	23274
5601	-2	4	23278
5602	-2	4	23282
5603	-2	4	23286
5604	-2	4	23290
5605	-2	4	23294
5606	-2	4	23298
5607	-4	6	23304
5608	-2	4	23308
5609	-4	6	23314
5610	-2	4	23318
5611	-2	4	23322
5612	-2	4	23326
5613	-2	4	23330
5614	-2	4	23334
5615	-2	4	23338
5616	-2	4	23342
5617	-2	4	23346
5618	-2	4	23350
5619	-2	4	23354
5620	-2	4	23358
5621	-2	4	23362
5622	-2	4	23366
5623	-2	4	23370
5624	-2	4	23374
5625	-2	4	23378
5626	-2	4	23382
5627	-2	4	23386
5628	-3	5	23391
5629	-2	4	23395
5630	-2	4	23399
5631	-2	4	23403
5632	-2	4	23407
5633	-2	4	23411
5634	-2	4	23415
5635	-2	4	23419
5636	-4	6	23425
5637	-2	4	23429
5638	-2	4	23433
5639	-2	4	23437
5640	-2	4	23441
5641	-2	4	23445
5642	-2	4	23449
5643	-2	4	23453
5644	-2	4	23457
5645	-2	4	23461
5646	-2	4	23465
5647	-2	4	23469
5648	-2	4	23473
5649	-2	4	23477
5650	-2	4	23481
5651	-3	5	23486
5652	-2	4	23490
5653	-2	4	23494
5654	-2	4	23498
5655	-2	4	23502
5656	-2	4	23506
5657	-2	4	23510
5658	-2	4	23514
5659	-2	4	23518
5660	-2	4	23522
5661	-2	4	23526
5662	-2	4	23530
5663	-2	4	23534
5664	-2	4	23538
5665	-2	4	23542
5666	-2	4	23546
5667	-2	4	23550
5668	-2	4	23554
5669	-2	4	23558
5670	-2	4	23562
5671	-2	4	23566
5672	-2	4	23570
5673	-2	4	23574
5674	-2	4	23578
5675	-2	4	23582
5676	-2	4	23586
5677	-2	4	23590
5678	-2	4	23594
5679	-2	4	23598
5680	-2	4	23602
5681	-2	4	23606
5682	-2	4	23610
5683	-2	4	23614
5684	-2	4	23618
5685	-2	4	23622
5686	-2	4	23626
5687	-2	4	23630
5688	-2	4	23634
5689	-2	4	23638
5690	-2	4	23642
5691	-2	4	23646
5692	-2	4	23650
5693	-2	4	23654
5694	-2	4	23658
5695	-2	4	23662
5696	-2	4	23666
5697	-2	4	23670
5698	-2	4	23674
5699	-2	4	23678
5700	-2	4	23682
5701	-2	4	23686
5702	-2	4	23690
5703	-2	4	23694
5704	-2	4	23698
5705	-2	4	23702
5706	-4	6	23708
5707	-2	4	23712
5708	-2	4	23716
5709	-2	4	23720
5710	-2	4	23724
5711	-4	6	23730
5712	-2	4	23734
5713	-4	6	23740
5714	-2	4	23744
5715	-2	4	23748
5716	-2	4	23752
5717	-2	4	23756
5718	-2	4	23760
5719	-2	4	23764
5720	-2	4	23768
5721	-2	4	23772
5722	-2	4	23776
5723	-2	4	23780
5724	-2	4	23784
5725	-2	4	23788
5726	-2	4	23792
5727	-2	4	23796
5728	-2	4	23800
5729	-2	4	23804
5730	-2	4	23808
5731	-2	4	23812
5732	-2	4	23816
5733	-2	4	23820
5734	-2	4	23824
5735	-2	4	23828
5736	-2	4	23832
5737	-2	4	23836
5738	-2	4	23840
5739	-2	4	23844
5740	-2	4	23848
5741	-2	4	23852
5742	-2	4	23856
5743	-2	4	23860
5744	-2	4	23864
5745	-2	4	23868
5746	-2	4	23872
5747	-3	5	23877
5748	-2	4	23881
5749	-2	4	23885
5750	-2	4	23889
5751	-2	4	23893
5752	-2	4	23897
5753	-4	6	23903
5754	-2	4	23907
5755	-2	4	23911
5756	-2	4	23915
5757	-2	4	23919
5758	-2	4	23923
5759	-2	4	23927
5760	-2	4	23931
5761	-2	4	23935
5762	-2	4	23939
5763	-2	4	23943
5764	-2	4	23947
5765	-2	4	23951
5766	-2	4	23955
5767	-2	4	23959
5768	-2	4	23963
5769	-4	6	23969
5770	-2	4	23973
5771	-2	4	23977
5772	-2	4	23981
5773	-2	4	23985
5774	-2	4	23989
5775	-2	4	23993
5776	-2	4	23997
5777	-2	4	24001
5778	-2	4	24005
5779	-2	4	24009
5780	-2	4	24013
5781	-3	5	24018
5782	-2	4	24022
5783	-2	4	24026
5784	-2	4	24030
5785	-2	4	24034
5786	-2	4	24038
5787	-2	4	24042
5788	-2	4	24046
5789	-2	4	24050
5790	-2	4	24054
5791	-2	4	24058
5792	-2	4	24062
5793	-2	4	24066
5794	-2	4	24070
5795	-2	4	24074
5796	-2	4	24078
5797	-2	4	24082
5798	-2	4	24086
5799	-2	4	24090
5800	-3	5	24095
5801	-2	4	24099
5802	-2	4	24103
5803	-2	4	24107
5804	-2	4	24111
5805	-2	4	24115
5806	-2	4	24119
5807	-2	4	24123
5808	-2	4	24127
5809	-4	6	24133
5810	-4	6	24139
5811	-2	4	24143
5812	-4	6	24149
5813	-2	4	24153
5814	-3	5	24158
5815	-2	4	24162
5816	-2	4	24166
5817	-2	4	24170
5818	-2	4	24174
5819	-2	4	24178
5820	-2	4	24182
5821	-2	4	24186
5822	-2	4	24190
5823	-2	4	24194
5824	-3	5	24199
5825	-2	4	24203
5826	-2	4	24207
5827	-2	4	24211
5828	-2	4	24215
5829	-2	4	24219
5830	-4	6	24225
5831	-2	4	24229
5832	-2	4	24233
5833	-6	8	24241
5834	-2	4	24245
5835	-2	4	24249
5836	-2	4	24253
5837	-2	4	24257
5838	-2	4	24261
5839	-4	6	24267
5840	-4	6	24273
5841	-2	4	24277
5842	-2	4	24281
5843	-2	4	24285
5844	-2	4	24289
5845	-2	4	24293
5846	-2	4	24297
5847	-2	4	24301
5848	-2	4	24305
5849	-2	4	24309
5850	-2	4	24313
5851	-2	4	24317
5852	-2	4	24321
5853	-2	4	24325
5854	-2	4	24329
5855	-2	4	24333
5856	-2	4	24337
5857	-6	8	24345
5858	-2	4	24349
5859	-2	4	24353
5860	-3	5	24358
5861	-2	4	24362
5862	-2	4	24366
5863	-2	4	24370
5864	-2	4	24374
5865	-2	4	24378
5866	-2	4	24382
5867	-2	4	24386
5868	-2	4	24390
5869	-2	4	24394
5870	-2	4	24398
5871	-2	4	24402
5872	-2	4	24406
5873	-2	4	24410
5874	-3	5	24415
5875	-6	8	24423
5876	-2	4	24427
5877	-2	4	24431
5878	-2	4	24435
5879	-2	4	24439
5880	-2	4	24443
5881	-2	4	24447
5882	-2	4	24451
5883	-2	4	24455
5884	-2	4	24459
5885	-2	4	24463
5886	-2	4	24467
5887	-2	4	24471
5888	-2	4	24475
5889	-2	4	24479
5890	-2	4	24483
5891	-2	4	24487
5892	-2	4	24491
5893	-2	4	24495
5894	-2	4	24499
5895	-2	4	24503
5896	-2	4	24507
5897	-2	4	24511
5898	-2	4	24515
5899	-2	4	24519
5900	-2	4	24523
5901	-2	4	24527
5902	-2	4	24531
5903	-2	4	24535
5904	-4	6	24541
5905	-2	4	24545
5906	-2	4	24549
5907	-2	4	24553
5908	-2	4	24557
5909	-2	4	24561
5910	-2	4	24565
5911	-2	4	24569
5912	-2	4	24573
5913	-2	4	24577
5914	-2	4	24581
5915	-2	4	24585
5916	-2	4	24589
5917	-2	4	24593
5918	-5	7	24600
5919	-2	4	24604
5920	-2	4	24608
5921	-2	4	24612
5922	-2	4	24616
5923	-2	4	24620
5924	-2	4	24624
5925	-4	6	24630
5926	-2	4	24634
5927	-2	4	24638
5928	-2	4	24642
5929	-2	4	24646
5930	-2	4	24650
5931	-2	4	24654
5932	-2	4	24658
5933	-2	4	24662
5934	-2	4	24666
5935	-2	4	24670
5936	-2	4	24674
5937	-3	5	24679
5938	-2	4	24683
5939	-2	4	24687
5940	-2	4	24691
5941	-2	4	24695
5942	-2	4	24699
5943	-2	4	24703
5944	-3	5	24708
5945	-2	4	24712
5946	-2	4	24716
5947	-2	4	24720
5948	-2	4	24724
5949	-2	4	24728
5950	-2	4	24732
5951	-2	4	24736
5952	-2	4	24740
5953	-2	4	24744
5954	-2	4	24748
5955	-2	4	24752
5956	-2	4	24756
5957	-2	4	24760
5958	-2	4	24764
5959	-2	4	24768
5960	-2	4	24772
5961	-2	4	24776
5962	-2	4	24780
5963	-2	4	24784
5964	-2	4	24788
5965	-2	4	24792
5966	-2	4	24796
5967	-2	4	24800
5968	-2	4	24804
5969	-2	4	24808
5970	-2	4	24812
5971	-2	4	24816
5972	-2	4	24820
5973	-2	4	24824
5974	-2	4	24828
5975	-2	4	24832
5976	-2	4	24836
5977	-2	4	24840
5978	-2	4	24844
5979	-2	4	24848
5980	-2	4	24852
5981	-2	4	24856
5982	-2	4	24860
5983	-2	4	24864
5984	-2	4	24868
5985	-2	4	24872
5986	-2	4	24876
5987	-2	4	24880
5988	-2	4	24884
5989	-2	4	24888
5990	-4	6	24894
5991	-3	5	24899
5992	-2	4	24903
5993	-2	4	24907
5994	-2	4	24911
5995	-2	4	24915
5996	-2	4	24919
5997	-2	4	24923
5998	-2	4	24927
5999	-2	4	24931
6000	-2	4	24935
6001	-2	4	24939
6002	-2	4	24943
6003	-2	4	24947
6004	-2	4	24951
6005	-2	4	24955
6006	-2	4	24959
6007	-2	4	24963
6008	-2	4	24967
6009	-2	4	24971
6010	-2	4	24975
6011	-2	4	24979
6012	-2	4	24983
6013	-2	4	24987
6014	-2	4	24991
6015	-2	4	24995
6016	-2	4	24999
6017	-2	4	25003
6018	-2	4	25007
6019	-2	4	25011
6020	-2	4	25015
6021	-2	4	25019
6022	-2	4	25023
6023	-2	4	25027
6024	-2	4	25031
6025	-2	4	25035
6026	-2	4	25039
6027	-2	4	25043
6028	-2	4	25047
6029	-2	4	25051
6030	-2	4	25055
6031	-2	4	25059
6032	-2	4	25063
6033	-2	4	25067
6034	-2	4	25071
6035	-2	4	25075
6036	-2	4	25079
6037	-4	6	25085
6038	-2	4	25089
6039	-2	4	25093
6040	-2	4	25097
6041	-2	4	25101
6042	-2	4	25105
6043	-3	5	25110
6044	-2	4	25114
6045	-2	4	25118
6046	-2	4	25122
6047	-2	4	25126
6048	-2	4	25130
6049	-2	4	25134
6050	-2	4	25138
6051	-2	4	25142
6052	-2	4	25146
6053	-2	4	25150
6054	-2	4	25154
6055	-2	4	25158
6056	-2	4	25162
6057	-2	4	25166
6058	-2	4	25170
6059	-2	4	25174
6060	-2	4	25178
6061	-2	4	25182
6062	-2	4	25186
6063	-2	4	25190
6064	-2	4	25194
6065	-2	4	25198
6066	-2	4	25202
6067	-2	4	25206
6068	-2	4	25210
6069	-2	4	25214
6070	-2	4	25218
6071	-2	4	25222
6072	-2	4	25226
6073	-2	4	25230
6074	-2	4	25234
6075	-2	4	25238
6076	-2	4	25242
6077	-2	4	25246
6078	-2	4	25250
6079	-2	4	25254
6080	-2	4	25258
6081	-2	4	25262
6082	-2	4	25266
6083	-2	4	25270
6084	-2	4	25274
6085	-2	4	25278
6086	-2	4	25282
6087	-2	4	25286
6088	-2	4	25290
6089	-2	4	25294
6090	-4	6	25300
6091	-2	4	25304
6092	-2	4	25308
6093	-2	4	25312
6094	-2	4	25316
6095	-3	5	25321
6096	-2	4	25325
6097	-3	5	25330
6098	-2	4	25334
6099	-2	4	25338
6100	-2	4	25342
6101	-2	4	25346
6102	-2	4	25350
6103	-3	5	25355
6104	-2	4	25359
6105	-4	6	25365
6106	-2	4	25369
6107	-2	4	25373
6108	-2	4	25377
6109	-2	4	25381
6110	-4	6	25387
6111	-2	4	25391
6112	-2	4	25395
6113	-2	4	25399
6114	-2	4	25403
6115	-2	4	25407
6116	-4	6	25413
6117	-4	6	25419
6118	-2	4	25423
6119	-2	4	25427
6120	-2	4	25431
6121	-2	4	25435
6122	-2	4	25439
6123	-2	4	25443
6124	-6	8	25451
6125	-2	4	25455
6126	-2	4	25459
6127	-2	4	25463
6128	-2	4	25467
6129	-2	4	25471
6130	-3	5	25476
6131	-2	4	25480
6132	-2	4	25484
6133	-2	4	25488
6134	-2	4	25492
6135	-2	4	25496
6136	-2	4	25500
6137	-2	4	25504
6138	-2	4	25508
6139	-2	4	25512
6140	-2	4	25516
6141	-2	4	25520
6142	-2	4	25524
6143	-4	6	25530
6144	-2	4	25534
6145	-2	4	25538
6146	-3	5	25543
6147	-4	6	25549
6148	-2	4	25553
6149	-4	6	25559
6150	-2	4	25563
6151	-2	4	25567
6152	-2	4	25571
6153	-2	4	25575
6154	-2	4	25579
6155	-2	4	25583
6156	-2	4	25587
6157	-2	4	25591
6158	-2	4	25595
6159	-2	4	25599
6160	-2	4	25603
6161	-2	4	25607
6162	-2	4	25611
6163	-2	4	25615
6164	-2	4	25619
6165	-2	4	25623
6166	-2	4	25627
6167	-2	4	25631
6168	-2	4	25635
6169	-2	4	25639
6170	-2	4	25643
6171	-2	4	25647
6172	-2	4	25651
6173	-2	4	25655
6174	-2	4	25659
6175	-2	4	25663
6176	-2	4	25667
6177	-2	4	25671
6178	-2	4	25675
6179	-2	4	25679
6180	-2	4	25683
6181	-2	4	25687
6182	-2	4	25691
6183	-2	4	25695
6184	-2	4	25699
6185	-2	4	25703
6186	-2	4	25707
6187	-2	4	25711
6188	-2	4	25715
6189	-2	4	25719
6190	-2	4	25723
6191	-2	4	25727
6192	-2	4	25731
6193	-2	4	25735
6194	-2	4	25739
6195	-2	4	25743
6196	-2	4	25747
6197	-2	4	25751
6198	-2	4	25755
6199	-2	4	25759
6200	-2	4	25763
6201	-2	4	25767
6202	-2	4	25771
6203	-2	4	25775
6204	-2	4	25779
6205	-2	4	25783
6206	-2	4	25787
6207	-2	4	25791
6208	-2	4	25795
6209	-2	4	25799
6210	-2	4	25803
6211	-2	4	25807
6212	-2	4	25811
6213	-2	4	25815
6214	-2	4	25819
6215	-2	4	25823
6216	-2	4	25827
6217	-2	4	25831
6218	-2	4	25835
6219	-2	4	25839
6220	-2	4	25843
6221	-2	4	25847
6222	-2	4	25851
6223	-2	4	25855
6224	-2	4	25859
6225	-2	4	25863
6226	-2	4	25867
6227	-2	4	25871
6228	-2	4	25875
6229	-3	5	25880
6230	-2	4	25884
6231	-2	4	25888
6232	-2	4	25892
6233	-2	4	25896
6234	-2	4	25900
6235	-2	4	25904
6236	-2	4	25908
6237	-2	4	25912
6238	-4	6	25918
6239	-2	4	25922
6240	-2	4	25926
6241	-2	4	25930
6242	-2	4	25934
6243	-2	4	25938
6244	-2	4	25942
6245	-2	4	25946
6246	-2	4	25950
6247	-2	4	25954
6248	-2	4	25958
6249	-2	4	25962
6250	-2	4	25966
6251	-2	4	25970
6252	-2	4	25974
6253	-2	4	25978
6254	-2	4	25982
6255	-2	4	25986
6256	-2	4	25990
6257	-2	4	25994
6258	-2	4	25998
6259	-2	4	26002
6260	-2	4	26006
6261	-2	4	26010
6262	-2	4	26014
6263	-2	4	26018
6264	-2	4	26022
6265	-2	4	26026
6266	-2	4	26030
6267	-2	4	26034
6268	-2	4	26038
6269	-2	4	26042
6270	-2	4	26046
6271	-2	4	26050
6272	-2	4	26054
6273	-2	4	26058
6274	-4	6	26064
6275	-2	4	26068
6276	-2	4	26072
6277	-2	4	26076
6278	-2	4	26080
6279	-2	4	26084
6280	-2	4	26088
6281	-2	4	26092
6282	-2	4	26096
6283	-2	4	26100
6284	-2	4	26104
6285	-2	4	26108
6286	-2	4	26112
6287	-4	6	26118
6288	-2	4	26122
6289	-6	8	26130
6290	-2	4	26134
6291	-2	4	26138
6292	-2	4	26142
6293	-2	4	26146
6294	-2	4	26150
6295	-2	4	26154
6296	-2	4	26158
6297	-2	4	26162
6298	-2	4	26166
6299	-2	4	26170
6300	-2	4	26174
6301	-2	4	26178
6302	-2	4	26182
6303	-2	4	26186
6304	-2	4	26190
6305	-2	4	26194
6306	-2	4	26198
6307	-2	4	26202
6308	-2	4	26206
6309	-2	4	26210
6310	-2	4	26214
6311	-2	4	26218
6312	-2	4	26222
6313	-2	4	26226
6314	-2	4	26230
6315	-2	4	26234
6316	-2	4	26238
6317	-4	6	26244
6318	-2	4	26248
6319	-2	4	26252
6320	-2	4	26256
6321	-2	4	26260
6322	-2	4	26264
6323	-2	4	26268
6324	-2	4	26272
6325	-2	4	26276
6326	-2	4	26280
6327	-2	4	26284
6328	-2	4	26288
6329	-2	4	26292
6330	-2	4	26296
6331	-4	6	26302
6332	-2	4	26306
6333	-2	4	26310
6334	-2	4	26314
6335	-2	4	26318
6336	-2	4	26322
6337	-4	6	26328
6338	-2	4	26332
6339	-2	4	26336
6340	-4	6	26342
6341	-2	4	26346
6342	-2	4	26350
6343	-2	4	26354
6344	-2	4	26358
6345	-2	4	26362
6346	-2	4	26366
6347	-2	4	26370
6348	-2	4	26374
6349	-2	4	26378
6350	-2	4	26382
6351	-2	4	26386
6352	-2	4	26390
6353	-2	4	26394
6354	-2	4	26398
6355	-2	4	26402
6356	-2	4	26406
6357	-2	4	26410
6358	-2	4	26414
6359	-2	4	26418
6360	-2	4	26422
6361	-2	4	26426
6362	-2	4	26430
6363	-2	4	26434
6364	-2	4	26438
6365	-2	4	26442
6366	-2	4	26446
6367	-2	4	26450
6368	-2	4	26454
6369	-2	4	26458
6370	-2	4	26462
6371	-2	4	26466
6372	-2	4	26470
6373	-2	4	26474
6374	-2	4	26478
6375	-2	4	26482
6376	-2	4	26486
6377	-2	4	26490
6378	-2	4	26494
6379	-2	4	26498
6380	-2	4	26502
6381	-2	4	26506
6382	-2	4	26510
6383	-2	4	26514
6384	-2	4	26518
6385	-2	4	26522
6386	-2	4	26526
6387	-2	4	26530
6388	-2	4	26534
6389	-2	4	26538
6390	-4	6	26544
6391	-2	4	26548
6392	-2	4	26552
6393	-2	4	26556
6394	-2	4	26560
6395	-2	4	26564
6396	-6	8	26572
6397	-2	4	26576
6398	-2	4	26580
6399	-2	4	26584
6400	-2	4	26588
6401	-2	4	26592
6402	-2	4	26596
6403	-2	4	26600
6404	-2	4	26604
6405	-2	4	26608
6406	-2	4	26612
6407	-2	4	26616
6408	-2	4	26620
6409	-2	4	26624
6410	-2	4	26628
6411	-2	4	26632
6412	-2	4	26636
6413	-2	4	26640
6414	-2	4	26644
6415	-2	4	26648
6416	-2	4	26652
6417	-3	5	26657
6418	-2	4	26661
6419	-2	4	26665
6420	-2	4	26669
6421	-2	4	26673
6422	-2	4	26677
6423	-2	4	26681
6424	-2	4	26685
6425	-2	4	26689
6426	-2	4	26693
6427	-3	5	26698
6428	-2	4	26702
6429	-2	4	26706
6430	-2	4	26710
6431	-2	4	26714
6432	-2	4	26718
6433	-6	8	26726
6434	-2	4	26730
6435	-2	4	26734
6436	-2	4	26738
6437	-2	4	26742
6438	-2	4	26746
6439	-2	4	26750
6440	-2	4	26754
6441	-2	4	26758
6442	-2	4	26762
6443	-2	4	26766
6444	-2	4	26770
6445	-2	4	26774
6446	-2	4	26778
6447	-2	4	26782
6448	-2	4	26786
6449	-2	4	26790
6450	-2	4	26794
6451	-2	4	26798
6452	-2	4	26802
6453	-2	4	26806
6454	-2	4	26810
6455	-2	4	26814
6456	-2	4	26818
6457	-2	4	26822
6458	-2	4	26826
6459	-2	4	26830
6460	-4	6	26836
6461	-2	4	26840
6462	-2	4	26844
6463	-2	4	26848
6464	-2	4	26852
6465	-2	4	26856
6466	-2	4	26860
6467	-2	4	26864
6468	-4	6	26870
6469	-2	4	26874
6470	-2	4	26878
6471	-2	4	26882
6472	-2	4	26886
6473	-2	4	26890
6474	-2	4	26894
6475	-2	4	26898
6476	-2	4	26902
6477	-2	4	26906
6478	-2	4	26910
6479	-2	4	26914
6480	-2	4	26918
6481	-2	4	26922
6482	-2	4	26926
6483	-2	4	26930
6484	-2	4	26934
6485	-2	4	26938
6486	-2	4	26942
6487	-2	4	26946
6488	-2	4	26950
6489	-2	4	26954
6490	-2	4	26958
6491	-2	4	26962
6492	-2	4	26966
6493	-2	4	26970
6494	-2	4	26974
6495	-2	4	26978
6496	-2	4	26982
6497	-2	4	26986
6498	-2	4	26990
6499	-2	4	26994
6500	-2	4	26998
6501	-2	4	27002
6502	-2	4	27006
6503	-2	4	27010
6504	-2	4	27014
6505	-2	4	27018
6506	-2	4	27022
6507	-2	4	27026
6508	-2	4	27030
6509	-2	4	27034
6510	-2	4	27038
6511	-2	4	27042
6512	-2	4	27046
6513	-2	4	27050
6514	-2	4	27054
6515	-2	4	27058
6516	-2	4	27062
6517	-2	4	27066
6518	-2	4	27070
6519	-2	4	27074
6520	-2	4	27078
6521	-2	4	27082
6522	-2	4	27086
6523	-4	6	27092
6524	-2	4	27096
6525	-2	4	27100
6526	-2	4	27104
6527	-2	4	27108
6528	-2	4	27112
6529	-2	4	27116
6530	-2	4	27120
6531	-2	4	27124
6532	-2	4	27128
6533	-2	4	27132
6534	-2	4	27136
6535	-2	4	27140
6536	-2	4	27144
6537	-4	6	27150
6538	-2	4	27154
6539	-2	4	27158
6540	-3	5	27163
6541	-2	4	27167
6542	-2	4	27171
6543	-3	5	27176
6544	-2	4	27180
6545	-2	4	27184
6546	-2	4	27188
6547	-2	4	27192
6548	-2	4	27196
6549	-2	4	27200
6550	-2	4	27204
6551	-2	4	27208
6552	-2	4	27212
6553	-2	4	27216
6554	-2	4	27220
6555	-2	4	27224
6556	-2	4	27228
6557	-2	4	27232
6558	-2	4	27236
6559	-2	4	27240
6560	-2	4	27244
6561	-4	6	27250
6562	-2	4	27254
6563	-2	4	27258
6564	-2	4	27262
6565	-2	4	27266
6566	-2	4	27270
6567	-4	6	27276
6568	-2	4	27280
6569	-3	5	27285
6570	-2	4	27289
6571	-2	4	27293
6572	-4	6	27299
6573	-2	4	27303
6574	-2	4	27307
6575	-2	4	27311
6576	-2	4	27315
6577	-2	4	27319
6578	-2	4	27323
6579	-2	4	27327
6580	-2	4	27331
6581	-2	4	27335
6582	-2	4	27339
6583	-2	4	27343
6584	-2	4	27347
6585	-3	5	27352
6586	-2	4	27356
6587	-2	4	27360
6588	-2	4	27364
6589	-2	4	27368
6590	-2	4	27372
6591	-2	4	27376
6592	-2	4	27380
6593	-2	4	27384
6594	-2	4	27388
6595	-2	4	27392
6596	-2	4	27396
6597	-2	4	27400
6598	-2	4	27404
6599	-3	5	27409
6600	-2	4	27413
6601	-2	4	27417
6602	-2	4	27421
6603	-2	4	27425
6604	-2	4	27429
6605	-4	6	27435
6606	-2	4	27439
6607	-2	4	27443
6608	-2	4	27447
6609	-2	4	27451
6610	-2	4	27455
6611	-2	4	27459
6612	-2	4	27463
6613	-2	4	27467
6614	-2	4	27471
6615	-2	4	27475
6616	-2	4	27479
6617	-2	4	27483
6618	-2	4	27487
6619	-2	4	27491
6620	-2	4	27495
6621	-2	4	27499
6622	-2	4	27503
6623	-2	4	27507
6624	-2	4	27511
6625	-3	5	27516
6626	-2	4	27520
6627	-2	4	27524
6628	-2	4	27528
6629	-2	4	27532
6630	-2	4	27536
6631	-2	4	27540
6632	-2	4	27544
6633	-2	4	27548
6634	-2	4	27552
6635	-2	4	27556
6636	-2	4	27560
6637	-2	4	27564
6638	-2	4	27568
6639	-2	4	27572
6640	-2	4	27576
6641	-3	5	27581
6642	-2	4	27585
6643	-2	4	27589
6644	-2	4	27593
6645	-2	4	27597
6646	-2	4	27601
6647	-2	4	27605
6648	-2	4	27609
6649	-2	4	27613
6650	-2	4	27617
6651	-2	4	27621
6652	-2	4	27625
6653	-2	4	27629
6654	-2	4	27633
6655	-2	4	27637
6656	-2	4	27641
6657	-2	4	27645
6658	-2	4	27649
6659	-2	4	27653
6660	-2	4	27657
6661	-2	4	27661
6662	-2	4	27665
6663	-4	6	27671
6664	-4	6	27677
6665	-2	4	27681
6666	-4	6	27687
6667	-2	4	27691
6668	-2	4	27695
6669	-2	4	27699
6670	-2	4	27703
6671	-2	4	27707
6672	-2	4	27711
6673	-2	4	27715
6674	-2	4	27719
6675	-2	4	27723
6676	-2	4	27727
6677	-2	4	27731
6678	-2	4	27735
6679	-2	4	27739
6680	-2	4	27743
6681	-2	4	27747
6682	-4	6	27753
6683	-2	4	27757
6684	-2	4	27761
6685	-2	4	27765
6686	-2	4	27769
6687	-4	6	27775
6688	-2	4	27779
6689	-2	4	27783
6690	-2	4	27787
6691	-2	4	27791
6692	-4	6	27797
6693	-2	4	27801
6694	-2	4	27805
6695	-2	4	27809
6696	-2	4	27813
6697	-2	4	27817
6698	-2	4	27821
6699	-2	4	27825
6700	-2	4	27829
6701	-2	4	27833
6702	-2	4	27837
6703	-2	4	27841
6704	-2	4	27845
6705	-2	4	27849
6706	-2	4	27853
6707	-2	4	27857
6708	-2	4	27861
6709	-4	6	27867
6710	-4	6	27873
6711	-2	4	27877
6712	-2	4	27881
6713	-2	4	27885
6714	-2	4	27889
6715	-2	4	27893
6716	-2	4	27897
6717	-2	4	27901
6718	-2	4	27905
6719	-2	4	27909
6720	-2	4	27913
6721	-2	4	27917
6722	-2	4	27921
6723	-2	4	27925
6724	-2	4	27929
6725	-2	4	27933
6726	-2	4	27937
6727	-2	4	27941
6728	-2	4	27945
6729	-2	4	27949
6730	-2	4	27953
6731	-2	4	27957
6732	-2	4	27961
6733	-2	4	27965
6734	-2	4	27969
6735	-2	4	27973
6736	-2	4	27977
6737	-2	4	27981
6738	-2	4	27985
6739	-2	4	27989
6740	-2	4	27993
6741	-2	4	27997
6742	-2	4	28001
6743	-2	4	28005
6744	-2	4	28009
6745	-2	4	28013
6746	-2	4	28017
6747	-4	6	28023
6748	-2	4	28027
6749	-2	4	28031
6750	-2	4	28035
6751	-2	4	28039
6752	-2	4	28043
6753	-2	4	28047
6754	-2	4	28051
6755	-2	4	28055
6756	-2	4	28059
6757	-2	4	28063
6758	-2	4	28067
6759	-2	4	28071
6760	-2	4	28075
6761	-2	4	28079
6762	-2	4	28083
6763	-4	6	28089
6764	-2	4	28093
6765	-2	4	28097
6766	-2	4	28101
6767	-2	4	28105
6768	-2	4	28109
6769	-2	4	28113
6770	-2	4	28117
6771	-2	4	28121
6772	-2	4	28125
6773	-2	4	28129
6774	-2	4	28133
6775	-2	4	28137
6776	-2	4	28141
6777	-2	4	28145
6778	-2	4	28149
6779	-2	4	28153
6780	-2	4	28157
6781	-2	4	28161
6782	-2	4	28165
6783	-2	4	28169
6784	-2	4	28173
6785	-2	4	28177
6786	-2	4	28181
6787	-2	4	28185
6788	-2	4	28189
6789	-2	4	28193
6790	-2	4	28197
6791	-2	4	28201
6792	-2	4	28205
6793	-2	4	28209
6794	-2	4	28213
6795	-2	4	28217
6796	-2	4	28221
6797	-2	4	28225
6798	-2	4	28229
6799	-2	4	28233
6800	-3	5	28238
6801	-4	6	28244
6802	-2	4	28248
6803	-2	4	28252
6804	-2	4	28256
6805	-2	4	28260
6806	-2	4	28264
6807	-2	4	28268
6808	-4	6	28274
6809	-2	4	28278
6810	-2	4	28282
6811	-2	4	28286
6812	-2	4	28290
6813	-2	4	28294
6814	-2	4	28298
6815	-2	4	28302
6816	-2	4	28306
6817	-2	4	28310
6818	-2	4	28314
6819	-2	4	28318
6820	-2	4	28322
6821	-2	4	28326
6822	-2	4	28330
6823	-2	4	28334
6824	-2	4	28338
6825	-2	4	28342
6826	-2	4	28346
6827	-2	4	28350
6828	-2	4	28354
6829	-2	4	28358
6830	-4	6	28364
6831	-2	4	28368
6832	-2	4	28372
6833	-2	4	28376
6834	-2	4	28380
6835	-2	4	28384
6836	-2	4	28388
6837	-2	4	28392
6838	-2	4	28396
6839	-2	4	28400
6840	-2	4	28404
6841	-2	4	28408
6842	-2	4	28412
6843	-3	5	28417
6844	-2	4	28421
6845	-2	4	28425
6846	-2	4	28429
6847	-2	4	28433
6848	-2	4	28437
6849	-2	4	28441
6850	-2	4	28445
6851	-2	4	28449
6852	-2	4	28453
6853	-4	6	28459
6854	-2	4	28463
6855	-2	4	28467
6856	-2	4	28471
6857	-2	4	28475
6858	-2	4	28479
6859	-2	4	28483
6860	-2	4	28487
6861	-2	4	28491
6862	-2	4	28495
6863	-2	4	28499
6864	-2	4	28503
6865	-2	4	28507
6866	-2	4	28511
6867	-2	4	28515
6868	-4	6	28521
6869	-2	4	28525
6870	-2	4	28529
6871	-2	4	28533
6872	-2	4	28537
6873	-2	4	28541
6874	-2	4	28545
6875	-2	4	28549
6876	-2	4	28553
6877	-2	4	28557
6878	-2	4	28561
6879	-2	4	28565
6880	-2	4	28569
6881	-3	5	28574
6882	-2	4	28578
6883	-2	4	28582
6884	-2	4	28586
6885	-2	4	28590
6886	-2	4	28594
6887	-2	4	28598
6888	-2	4	28602
6889	-2	4	28606
6890	-2	4	28610
6891	-2	4	28614
6892	-2	4	28618
6893	-2	4	28622
6894	-2	4	28626
6895	-3	5	28631
6896	-2	4	28635
6897	-2	4	28639
6898	-2	4	28643
6899	-2	4	28647
6900	-2	4	28651
6901	-2	4	28655
6902	-2	4	28659
6903	-6	8	28667
6904	-4	6	28673
6905	-2	4	28677
6906	-2	4	28681
6907	-2	4	28685
6908	-2	4	28689
6909	-2	4	28693
6910	-3	5	28698
6911	-2	4	28702
6912	-2	4	28706
6913	-2	4	28710
6914	-2	4	28714
6915	-4	6	28720
6916	-2	4	28724
6917	-2	4	28728
6918	-2	4	28732
6919	-2	4	28736
6920	-2	4	28740
6921	-2	4	28744
6922	-2	4	28748
6923	-2	4	28752
6924	-2	4	28756
6925	-2	4	28760
6926	-2	4	28764
6927	-2	4	28768
6928	-2	4	28772
6929	-2	4	28776
6930	-2	4	28780
6931	-2	4	28784
6932	-2	4	28788
6933	-2	4	28792
6934	-2	4	28796
6935	-2	4	28800
6936	-2	4	28804
6937	-2	4	28808
6938	-2	4	28812
6939	-2	4	28816
6940	-2	4	28820
6941	-2	4	28824
6942	-2	4	28828
6943	-2	4	28832
6944	-3	5	28837
6945	-2	4	28841
6946	-2	4	28845
6947	-2	4	28849
6948	-2	4	28853
6949	-2	4	28857
6950	-2	4	28861
6951	-2	4	28865
6952	-2	4	28869
6953	-4	6	28875
6954	-2	4	28879
6955	-2	4	28883
6956	-2	4	28887
6957	-2	4	28891
6958	-2	4	28895
6959	-2	4	28899
6960	-2	4	28903
6961	-2	4	28907
6962	-2	4	28911
6963	-2	4	28915
6964	-2	4	28919
6965	-2	4	28923
6966	-2	4	28927
6967	-4	6	28933
6968	-2	4	28937
6969	-2	4	28941
6970	-2	4	28945
6971	-2	4	28949
6972	-2	4	28953
6973	-2	4	28957
6974	-2	4	28961
6975	-2	4	28965
6976	-2	4	28969
6977	-2	4	28973
6978	-2	4	28977
6979	-2	4	28981
6980	-2	4	28985
6981	-2	4	28989
6982	-3	5	28994
6983	-2	4	28998
6984	-2	4	29002
6985	-2	4	29006
6986	-2	4	29010
6987	-2	4	29014
6988	-2	4	29018
6989	-2	4	29022
6990	-2	4	29026
6991	-2	4	29030
6992	-2	4	29034
6993	-2	4	29038
6994	-2	4	29042
6995	-2	4	29046
6996	-2	4	29050
6997	-2	4	29054
6998	-2	4	29058
6999	-2	4	29062
7000	-2	4	29066
7001	-2	4	29070
7002	-4	6	29076
7003	-2	4	29080
7004	-2	4	29084
7005	-2	4	29088
7006	-2	4	29092
7007	-2	4	29096
7008	-2	4	29100
7009	-2	4	29104
7010	-2	4	29108
7011	-2	4	29112
7012	-2	4	29116
7013	-2	4	29120
7014	-2	4	29124
7015	-2	4	29128
7016	-2	4	29132
7017	-2	4	29136
7018	-2	4	29140
7019	-2	4	29144
7020	-2	4	29148
7021	-2	4	29152
7022	-2	4	29156
7023	-2	4	29160
7024	-2	4	29164
7025	-3	5	29169
7026	-2	4	29173
7027	-2	4	29177
7028	-2	4	29181
7029	-2	4	29185
7030	-2	4	29189
7031	-2	4	29193
7032	-2	4	29197
7033	-2	4	29201
7034	-2	4	29205
7035	-2	4	29209
7036	-2	4	29213
7037	-2	4	29217
7038	-2	4	29221
7039	-2	4	29225
7040	-2	4	29229
7041	-2	4	29233
7042	-2	4	29237
7043	-2	4	29241
7044	-2	4	29245
7045	-2	4	29249
7046	-2	4	29253
7047	-2	4	29257
7048	-2	4	29261
7049	-5	7	29268
7050	-2	4	29272
7051	-2	4	29276
7052	-2	4	29280
7053	-2	4	29284
7054	-2	4	29288
7055	-2	4	29292
7056	-2	4	29296
7057	-2	4	29300
7058	-2	4	29304
7059	-2	4	29308
7060	-2	4	29312
7061	-2	4	29316
7062	-2	4	29320
7063	-2	4	29324
7064	-2	4	29328
7065	-2	4	29332
7066	-2	4	29336
7067	-2	4	29340
7068	-2	4	29344
7069	-2	4	29348
7070	-2	4	29352
7071	-2	4	29356
7072	-4	6	29362
7073	-2	4	29366
7074	-2	4	29370
7075	-2	4	29374
7076	-2	4	29378
7077	-2	4	29382
7078	-2	4	29386
7079	-2	4	29390
7080	-2	4	29394
7081	-2	4	29398
7082	-4	6	29404
7083	-2	4	29408
7084	-2	4	29412
7085	-4	6	29418
7086	-2	4	29422
7087	-2	4	29426
7088	-2	4	29430
7089	-2	4	29434
7090	-2	4	29438
7091	-2	4	29442
7092	-2	4	29446
7093	-2	4	29450
7094	-2	4	29454
7095	-2	4	29458
7096	-2	4	29462
7097	-2	4	29466
7098	-2	4	29470
7099	-2	4	29474
7100	-2	4	29478
7101	-2	4	29482
7102	-2	4	29486
7103	-2	4	29490
7104	-2	4	29494
7105	-2	4	29498
7106	-2	4	29502
7107	-2	4	29506
7108	-2	4	29510
7109	-2	4	29514
7110	-2	4	29518
7111	-2	4	29522
7112	-2	4	29526
7113	-2	4	29530
7114	-2	4	29534
7115	-2	4	29538
7116	-2	4	29542
7117	-4	6	29548
7118	-2	4	29552
7119	-2	4	29556
7120	-2	4	29560
7121	-2	4	29564
7122	-2	4	29568
7123	-2	4	29572
7124	-4	6	29578
7125	-2	4	29582
7126	-4	6	29588
7127	-2	4	29592
7128	-2	4	29596
7129	-2	4	29600
7130	-2	4	29604
7131	-2	4	29608
7132	-2	4	29612
7133	-2	4	29616
7134	-2	4	29620
7135	-2	4	29624
7136	-2	4	29628
7137	-2	4	29632
7138	-2	4	29636
7139	-2	4	29640
7140	-2	4	29644
7141	-2	4	29648
7142	-2	4	29652
7143	-2	4	29656
7144	-4	6	29662
7145	-2	4	29666
7146	-2	4	29670
7147	-2	4	29674
7148	-2	4	29678
7149	-2	4	29682
7150	-2	4	29686
7151	-2	4	29690
7152	-2	4	29694
7153	-2	4	29698
7154	-4	6	29704
7155	-2	4	29708
7156	-2	4	29712
7157	-2	4	29716
7158	-2	4	29720
7159	-2	4	29724
7160	-4	6	29730
7161	-2	4	29734
7162	-2	4	29738
7163	-2	4	29742
7164	-2	4	29746
7165	-2	4	29750
7166	-2	4	29754
7167	-2	4	29758
7168	-2	4	29762
7169	-2	4	29766
7170	-2	4	29770
7171	-2	4	29774
7172	-3	5	29779
7173	-2	4	29783
7174	-2	4	29787
7175	-2	4	29791
7176	-2	4	29795
7177	-2	4	29799
7178	-2	4	29803
7179	-2	4	29807
7180	-2	4	29811
7181	-2	4	29815
7182	-2	4	29819
7183	-2	4	29823
7184	-2	4	29827
7185	-2	4	29831
7186	-2	4	29835
7187	-2	4	29839
7188	-2	4	29843
7189	-4	6	29849
7190	-2	4	29853
7191	-2	4	29857
7192	-2	4	29861
7193	-2	4	29865
7194	-2	4	29869
7195	-2	4	29873
7196	-2	4	29877
7197	-4	6	29883
7198	-2	4	29887
7199	-2	4	29891
7200	-2	4	29895
7201	-2	4	29899
7202	-2	4	29903
7203	-2	4	29907
7204	-2	4	29911
7205	-2	4	29915
7206	-2	4	29919
7207	-2	4	29923
7208	-2	4	29927
7209	-3	5	29932
7210	-2	4	29936
7211	-2	4	29940
7212	-2	4	29944
7213	-2	4	29948
7214	-2	4	29952
7215	-2	4	29956
7216	-2	4	29960
7217	-2	4	29964
7218	-2	4	29968
7219	-2	4	29972
7220	-2	4	29976
7221	-3	5	29981
7222	-2	4	29985
7223	-2	4	29989
7224	-2	4	29993
7225	-2	4	29997
7226	-5	7	30004
7227	-2	4	30008
7228	-2	4	30012
7229	-2	4	30016
7230	-2	4	30020
7231	-2	4	30024
7232	-2	4	30028
7233	-2	4	30032
7234	-2	4	30036
7235	-2	4	30040
7236	-2	4	30044
7237	-2	4	30048
7238	-2	4	30052
7239	-2	4	30056
7240	-2	4	30060
7241	-2	4	30064
7242	-2	4	30068
7243	-4	6	30074
7244	-2	4	30078
7245	-2	4	30082
7246	-2	4	30086
7247	-2	4	30090
7248	-2	4	30094
7249	-2	4	30098
7250	-2	4	30102
7251	-2	4	30106
7252	-2	4	30110
7253	-2	4	30114
7254	-2	4	30118
7255	-2	4	30122
7256	-3	5	30127
7257	-2	4	30131
7258	-2	4	30135
7259	-2	4	30139
7260	-2	4	30143
7261	-2	4	30147
7262	-3	5	30152
7263	-2	4	30156
7264	-4	6	30162
7265	-4	6	30168
7266	-2	4	30172
7267	-2	4	30176
7268	-2	4	30180
7269	-2	4	30184
7270	-2	4	30188
7271	-2	4	30192
7272	-2	4	30196
7273	-4	6	30202
7274	-2	4	30206
7275	-2	4	30210
7276	-2	4	30214
7277	-2	4	30218
7278	-4	6	30224
7279	-2	4	30228
7280	-2	4	30232
7281	-2	4	30236
7282	-2	4	30240
7283	-2	4	30244
7284	-2	4	30248
7285	-2	4	30252
7286	-2	4	30256
7287	-2	4	30260
7288	-2	4	30264
7289	-2	4	30268
7290	-2	4	30272
7291	-2	4	30276
7292	-2	4	30280
7293	-2	4	30284
7294	-2	4	30288
7295	-2	4	30292
7296	-2	4	30296
7297	-4	6	30302
7298	-2	4	30306
7299	-2	4	30310
7300	-2	4	30314
7301	-2	4	30318
7302	-2	4	30322
7303	-2	4	30326
7304	-2	4	30330
7305	-2	4	30334
7306	-2	4	30338
7307	-2	4	30342
7308	-2	4	30346
7309	-2	4	30350
7310	-2	4	30354
7311	-2	4	30358
7312	-2	4	30362
7313	-2	4	30366
7314	-2	4	30370
7315	-2	4	30374
7316	-2	4	30378
7317	-2	4	30382
7318	-2	4	30386
7319	-2	4	30390
7320	-4	6	30396
7321	-2	4	30400
7322	-2	4	30404
7323	-2	4	30408
7324	-2	4	30412
7325	-2	4	30416
7326	-2	4	30420
7327	-2	4	30424
7328	-2	4	30428
7329	-2	4	30432
7330	-2	4	30436
7331	-2	4	30440
7332	-2	4	30444
7333	-2	4	30448
7334	-2	4	30452
7335	-2	4	30456
7336	-2	4	30460
7337	-2	4	30464
7338	-3	5	30469
7339	-2	4	30473
7340	-2	4	30477
7341	-4	6	30483
7342	-2	4	30487
7343	-2	4	30491
7344	-2	4	30495
7345	-2	4	30499
7346	-4	6	30505
7347	-2	4	30509
7348	-2	4	30513
7349	-2	4	30517
7350	-2	4	30521
7351	-2	4	30525
7352	-2	4	30529
7353	-2	4	30533
7354	-2	4	30537
7355	-2	4	30541
7356	-2	4	30545
7357	-2	4	30549
7358	-2	4	30553
7359	-2	4	30557
7360	-4	6	30563
7361	-2	4	30567
7362	-2	4	30571
7363	-2	4	30575
7364	-2	4	30579
7365	-2	4	30583
7366	-2	4	30587
7367	-2	4	30591
7368	-2	4	30595
7369	-2	4	30599
7370	-2	4	30603
7371	-2	4	30607
7372	-2	4	30611
7373	-2	4	30615
7374	-2	4	30619
7375	-2	4	30623
7376	-2	4	30627
7377	-2	4	30631
7378	-2	4	30635
7379	-2	4	30639
7380	-2	4	30643
7381	-2	4	30647
7382	-2	4	30651
7383	-2	4	30655
7384	-2	4	30659
7385	-2	4	30663
7386	-2	4	30667
7387	-2	4	30671
7388	-2	4	30675
7389	-2	4	30679
7390	-2	4	30683
7391	-2	4	30687
7392	-2	4	30691
7393	-2	4	30695
7394	-2	4	30699
7395	-2	4	30703
7396	-2	4	30707
7397	-2	4	30711
7398	-4	6	30717
7399	-2	4	30721
7400	-2	4	30725
7401	-2	4	30729
7402	-3	5	30734
7403	-2	4	30738
7404	-2	4	30742
7405	-2	4	30746
7406	-2	4	30750
7407	-2	4	30754
7408	-2	4	30758
7409	-2	4	30762
7410	-2	4	30766
7411	-2	4	30770
7412	-2	4	30774
7413	-2	4	30778
7414	-2	4	30782
7415	-2	4	30786
7416	-2	4	30790
7417	-2	4	30794
7418	-2	4	30798
7419	-2	4	30802
7420	-2	4	30806
7421	-2	4	30810
7422	-2	4	30814
7423	-2	4	30818
7424	-2	4	30822
7425	-2	4	30826
7426	-2	4	30830
7427	-2	4	30834
7428	-2	4	30838
7429	-2	4	30842
7430	-2	4	30846
7431	-2	4	30850
7432	-2	4	30854
7433	-2	4	30858
7434	-2	4	30862
7435	-2	4	30866
7436	-2	4	30870
7437	-2	4	30874
7438	-3	5	30879
7439	-2	4	30883
7440	-2	4	30887
7441	-2	4	30891
7442	-3	5	30896
7443	-2	4	30900
7444	-4	6	30906
7445	-2	4	30910
7446	-2	4	30914
7447	-2	4	30918
7448	-2	4	30922
7449	-2	4	30926
7450	-2	4	30930
7451	-2	4	30934
7452	-2	4	30938
7453	-2	4	30942
7454	-2	4	30946
7455	-2	4	30950
7456	-2	4	30954
7457	-2	4	30958
7458	-2	4	30962
7459	-2	4	30966
7460	-2	4	30970
7461	-2	4	30974
7462	-2	4	30978
7463	-2	4	30982
7464	-2	4	30986
7465	-2	4	30990
7466	-2	4	30994
7467	-2	4	30998
7468	-2	4	31002
7469	-2	4	31006
7470	-2	4	31010
7471	-2	4	31014
7472	-2	4	31018
7473	-2	4	31022
7474	-2	4	31026
7475	-4	6	31032
7476	-2	4	31036
7477	-2	4	31040
7478	-4	6	31046
7479	-2	4	31050
7480	-2	4	31054
7481	-2	4	31058
7482	-2	4	31062
7483	-2	4	31066
7484	-2	4	31070
7485	-2	4	31074
7486	-2	4	31078
7487	-2	4	31082
7488	-2	4	31086
7489	-2	4	31090
7490	-2	4	31094
7491	-2	4	31098
7492	-2	4	31102
7493	-2	4	31106
7494	-2	4	31110
7495	-2	4	31114
7496	-2	4	31118
7497	-2	4	31122
7498	-2	4	31126
7499	-2	4	31130
7500	-2	4	31134
7501	-2	4	31138
7502	-2	4	31142
7503	-2	4	31146
7504	-2	4	31150
7505	-2	4	31154
7506	-2	4	31158
7507	-2	4	31162
7508	-2	4	31166
7509	-2	4	31170
7510	-2	4	31174
7511	-2	4	31178
7512	-2	4	31182
7513	-2	4	31186
7514	-2	4	31190
7515	-2	4	31194
7516	-2	4	31198
7517	-2	4	31202
7518	-2	4	31206
7519	-2	4	31210
7520	-2	4	31214
7521	-2	4	31218
7522	-2	4	31222
7523	-2	4	31226
7524	-2	4	31230
7525	-2	4	31234
7526	-2	4	31238
7527	-2	4	31242
7528	-2	4	31246
7529	-2	4	31250
7530	-2	4	31254
7531	-2	4	31258
7532	-2	4	31262
7533	-2	4	31266
7534	-2	4	31270
7535	-3	5	31275
7536	-2	4	31279
7537	-2	4	31283
7538	-4	6	31289
7539	-2	4	31293
7540	-2	4	31297
7541	-2	4	31301
7542	-2	4	31305
7543	-2	4	31309
7544	-2	4	31313
7545	-3	5	31318
7546	-2	4	31322
7547	-3	5	31327
7548	-2	4	31331
7549	-2	4	31335
7550	-2	4	31339
7551	-2	4	31343
7552	-2	4	31347
7553	-2	4	31351
7554	-2	4	31355
7555	-2	4	31359
7556	-2	4	31363
7557	-2	4	31367
7558	-2	4	31371
7559	-2	4	31375
7560	-2	4	31379
7561	-2	4	31383
7562	-2	4	31387
7563	-2	4	31391
7564	-4	6	31397
7565	-2	4	31401
7566	-4	6	31407
7567	-2	4	31411
7568	-2	4	31415
7569	-2	4	31419
7570	-2	4	31423
7571	-2	4	31427
7572	-2	4	31431
7573	-3	5	31436
7574	-2	4	31440
7575	-2	4	31444
7576	-2	4	31448
7577	-2	4	31452
7578	-2	4	31456
7579	-2	4	31460
7580	-2	4	31464
7581	-2	4	31468
7582	-2	4	31472
7583	-2	4	31476
7584	-2	4	31480
7585	-2	4	31484
7586	-2	4	31488
7587	-3	5	31493
7588	-2	4	31497
7589	-2	4	31501
7590	-2	4	31505
7591	-4	6	31511
7592	-2	4	31515
7593	-2	4	31519
7594	-2	4	31523
7595	-2	4	31527
7596	-2	4	31531
7597	-2	4	31535
7598	-2	4	31539
7599	-3	5	31544
7600	-2	4	31548
7601	-2	4	31552
7602	-2	4	31556
7603	-4	6	31562
7604	-2	4	31566
7605	-2	4	31570
7606	-2	4	31574
7607	-2	4	31578
7608	-2	4	31582
7609	-2	4	31586
7610	-2	4	31590
7611	-2	4	31594
7612	-2	4	31598
7613	-2	4	31602
7614	-2	4	31606
7615	-2	4	31610
7616	-2	4	31614
7617	-2	4	31618
7618	-2	4	31622
7619	-2	4	31626
7620	-2	4	31630
7621	-2	4	31634
7622	-2	4	31638
7623	-2	4	31642
7624	-2	4	31646
7625	-2	4	31650
7626	-2	4	31654
7627	-2	4	31658
7628	-2	4	31662
7629	-2	4	31666
7630	-2	4	31670
7631	-2	4	31674
7632	-2	4	31678
7633	-2	4	31682
7634	-2	4	31686
7635	-2	4	31690
7636	-2	4	31694
7637	-2	4	31698
7638	-2	4	31702
7639	-4	6	31708
7640	-2	4	31712
7641	-2	4	31716
7642	-2	4	31720
7643	-2	4	31724
7644	-2	4	31728
7645	-2	4	31732
7646	-2	4	31736
7647	-2	4	31740
7648	-2	4	31744
7649	-2	4	31748
7650	-2	4	31752
7651	-2	4	31756
7652	-2	4	31760
7653	-2	4	31764
7654	-2	4	31768
7655	-2	4	31772
7656	-3	5	31777
7657	-2	4	31781
7658	-3	5	31786
7659	-2	4	31790
7660	-2	4	31794
7661	-2	4	31798
7662	-2	4	31802
7663	-2	4	31806
7664	-2	4	31810
7665	-2	4	31814
7666	-2	4	31818
7667	-2	4	31822
7668	-2	4	31826
7669	-2	4	31830
7670	-2	4	31834
7671	-2	4	31838
7672	-2	4	31842
7673	-2	4	31846
7674	-2	4	31850
7675	-2	4	31854
7676	-2	4	31858
7677	-3	5	31863
7678	-2	4	31867
7679	-2	4	31871
7680	-2	4	31875
7681	-3	5	31880
7682	-2	4	31884
7683	-3	5	31889
7684	-2	4	31893
7685	-2	4	31897
7686	-2	4	31901
7687	-2	4	31905
7688	-4	6	31911
7689	-2	4	31915
7690	-2	4	31919
7691	-2	4	31923
7692	-2	4	31927
7693	-2	4	31931
7694	-2	4	31935
7695	-2	4	31939
7696	-2	4	31943
7697	-2	4	31947
7698	-2	4	31951
7699	-2	4	31955
7700	-3	5	31960
7701	-2	4	31964
7702	-4	6	31970
7703	-4	6	31976
7704	-2	4	31980
7705	-2	4	31984
7706	-2	4	31988
7707	-4	6	31994
7708	-2	4	31998
7709	-2	4	32002
7710	-2	4	32006
7711	-2	4	32010
7712	-2	4	32014
7713	-2	4	32018
7714	-2	4	32022
7715	-2	4	32026
7716	-2	4	32030
7717	-2	4	32034
7718	-2	4	32038
7719	-2	4	32042
7720	-2	4	32046
7721	-2	4	32050
7722	-2	4	32054
7723	-3	5	32059
7724	-2	4	32063
7725	-2	4	32067
7726	-2	4	32071
7727	-2	4	32075
7728	-2	4	32079
7729	-2	4	32083
7730	-2	4	32087
7731	-2	4	32091
7732	-2	4	32095
7733	-2	4	32099
7734	-2	4	32103
7735	-2	4	32107
7736	-2	4	32111
7737	-2	4	32115
7738	-2	4	32119
7739	-2	4	32123
7740	-2	4	32127
7741	-3	5	32132
7742	-2	4	32136
7743	-2	4	32140
7744	-2	4	32144
7745	-2	4	32148
7746	-4	6	32154
7747	-2	4	32158
7748	-2	4	32162
7749	-2	4	32166
7750	-2	4	32170
7751	-2	4	32174
7752	-4	6	32180
7753	-2	4	32184
7754	-3	5	32189
7755	-2	4	32193
7756	-2	4	32197
7757	-2	4	32201
7758	-2	4	32205
7759	-2	4	32209
7760	-2	4	32213
7761	-2	4	32217
7762	-2	4	32221
7763	-4	6	32227
7764	-2	4	32231
7765	-2	4	32235
7766	-4	6	32241
7767	-2	4	32245
7768	-2	4	32249
7769	-2	4	32253
7770	-2	4	32257
7771	-2	4	32261
7772	-2	4	32265
7773	-2	4	32269
7774	-2	4	32273
7775	-3	5	32278
7776	-2	4	32282
7777	-2	4	32286
7778	-4	6	32292
7779	-2	4	32296
7780	-2	4	32300
7781	-2	4	32304
7782	-2	4	32308
7783	-2	4	32312
7784	-2	4	32316
7785	-2	4	32320
7786	-3	5	32325
7787	-2	4	32329
7788	-2	4	32333
7789	-2	4	32337
7790	-2	4	32341
7791	-2	4	32345
7792	-2	4	32349
7793	-2	4	32353
7794	-2	4	32357
7795	-3	5	32362
7796	-2	4	32366
7797	-2	4	32370
7798	-2	4	32374
7799	-2	4	32378
7800	-2	4	32382
7801	-2	4	32386
7802	-2	4	32390
7803	-2	4	32394
7804	-2	4	32398
7805	-2	4	32402
7806	-2	4	32406
7807	-4	6	32412
7808	-4	6	32418
7809	-2	4	32422
7810	-2	4	32426
7811	-2	4	32430
7812	-2	4	32434
7813	-2	4	32438
7814	-2	4	32442
7815	-2	4	32446
7816	-2	4	32450
7817	-2	4	32454
7818	-2	4	32458
7819	-2	4	32462
7820	-2	4	32466
7821	-2	4	32470
7822	-4	6	32476
7823	-2	4	32480
7824	-3	5	32485
7825	-2	4	32489
7826	-2	4	32493
7827	-2	4	32497
7828	-2	4	32501
7829	-2	4	32505
7830	-2	4	32509
7831	-2	4	32513
7832	-2	4	32517
7833	-4	6	32523
7834	-2	4	32527
7835	-2	4	32531
7836	-2	4	32535
7837	-2	4	32539
7838	-2	4	32543
7839	-2	4	32547
7840	-2	4	32551
7841	-2	4	32555
7842	-4	6	32561
7843	-2	4	32565
7844	-2	4	32569
7845	-2	4	32573
7846	-2	4	32577
7847	-2	4	32581
7848	-2	4	32585
7849	-2	4	32589
7850	-2	4	32593
7851	-2	4	32597
7852	-2	4	32601
7853	-3	5	32606
7854	-2	4	32610
7855	-2	4	32614
7856	-2	4	32618
7857	-2	4	32622
7858	-2	4	32626
7859	-4	6	32632
7860	-2	4	32636
7861	-2	4	32640
7862	-2	4	32644
7863	-2	4	32648
7864	-2	4	32652
7865	-2	4	32656
7866	-2	4	32660
7867	-2	4	32664
7868	-2	4	32668
7869	-2	4	32672
7870	-2	4	32676
7871	-2	4	32680
7872	-2	4	32684
7873	-2	4	32688
7874	-2	4	32692
7875	-2	4	32696
7876	-2	4	32700
7877	-2	4	32704
7878	-2	4	32708
7879	-2	4	32712
7880	-2	4	32716
7881	-2	4	32720
7882	-2	4	32724
7883	-2	4	32728
7884	-2	4	32732
7885	-2	4	32736
7886	-2	4	32740
7887	-2	4	32744
7888	-2	4	32748
7889	-2	4	32752
7890	-2	4	32756
7891	-2	4	32760
7892	-2	4	32764
7893	-2	4	32768
7894	-2	4	32772
7895	-2	4	32776
7896	-2	4	32780
7897	-2	4	32784
7898	-2	4	32788
7899	-2	4	32792
7900	-2	4	32796
7901	-2	4	32800
7902	-2	4	32804
7903	-2	4	32808
7904	-2	4	32812
7905	-2	4	32816
7906	-2	4	32820
7907	-2	4	32824
7908	-2	4	32828
7909	-2	4	32832
7910	-2	4	32836
7911	-2	4	32840
7912	-2	4	32844
7913	-2	4	32848
7914	-2	4	32852
7915	-2	4	32856
7916	-2	4	32860
7917	-2	4	32864
7918	-2	4	32868
7919	-2	4	32872
7920	-2	4	32876
7921	-2	4	32880
7922	-2	4	32884
7923	-2	4	32888
7924	-4	6	32894
7925	-2	4	32898
7926	-2	4	32902
7927	-2	4	32906
7928	-2	4	32910
7929	-4	6	32916
7930	-2	4	32920
7931	-2	4	32924
7932	-2	4	32928
7933	-2	4	32932
7934	-2	4	32936
7935	-2	4	32940
7936	-2	4	32944
7937	-2	4	32948
7938	-2	4	32952
7939	-2	4	32956
7940	-2	4	32960
7941	-2	4	32964
7942	-2	4	32968
7943	-2	4	32972
7944	-2	4	32976
7945	-2	4	32980
7946	-2	4	32984
7947	-2	4	32988
7948	-2	4	32992
7949	-2	4	32996
7950	-2	4	33000
7951	-4	6	33006
7952	-2	4	33010
7953	-2	4	33014
7954	-2	4	33018
7955	-2	4	33022
7956	-2	4	33026
7957	-2	4	33030
7958	-2	4	33034
7959	-3	5	33039
7960	-2	4	33043
7961	-2	4	33047
7962	-2	4	33051
7963	-4	6	33057
7964	-2	4	33061
7965	-2	4	33065
7966	-2	4	33069
7967	-2	4	33073
7968	-3	5	33078
7969	-2	4	33082
7970	-2	4	33086
7971	-2	4	33090
7972	-2	4	33094
7973	-2	4	33098
7974	-2	4	33102
7975	-2	4	33106
7976	-2	4	33110
7977	-2	4	33114
7978	-2	4	33118
7979	-2	4	33122
7980	-2	4	33126
7981	-2	4	33130
7982	-2	4	33134
7983	-2	4	33138
7984	-2	4	33142
7985	-2	4	33146
7986	-2	4	33150
7987	-2	4	33154
7988	-2	4	33158
7989	-2	4	33162
7990	-4	6	33168
7991	-2	4	33172
7992	-2	4	33176
7993	-2	4	33180
7994	-2	4	33184
7995	-2	4	33188
7996	-2	4	33192
7997	-2	4	33196
7998	-2	4	33200
7999	-2	4	33204
8000	-2	4	33208
8001	-2	4	33212
8002	-2	4	33216
8003	-2	4	33220
8004	-2	4	33224
8005	-2	4	33228
8006	-2	4	33232
8007	-2	4	33236
8008	-2	4	33240
8009	-2	4	33244
8010	-2	4	33248
8011	-4	6	33254
8012	-2	4	33258
8013	-2	4	33262
8014	-2	4	33266
8015	-2	4	33270
8016	-3	5	33275
8017	-2	4	33279
8018	-2	4	33283
8019	-2	4	33287
8020	-2	4	33291
8021	-2	4	33295
8022	-2	4	33299
8023	-2	4	33303
8024	-2	4	33307
8025	-2	4	33311
8026	-2	4	33315
8027	-2	4	33319
8028	-2	4	33323
8029	-2	4	33327
8030	-2	4	33331
8031	-2	4	33335
8032	-2	4	33339
8033	-2	4	33343
8034	-2	4	33347
8035	-2	4	33351
8036	-2	4	33355
8037	-2	4	33359
8038	-2	4	33363
8039	-2	4	33367
8040	-2	4	33371
8041	-2	4	33375
8042	-4	6	33381
8043	-2	4	33385
8044	-2	4	33389
8045	-2	4	33393
8046	-2	4	33397
8047	-2	4	33401
8048	-2	4	33405
8049	-2	4	33409
8050	-2	4	33413
8051	-2	4	33417
8052	-2	4	33421
8053	-2	4	33425
8054	-2	4	33429
8055	-2	4	33433
8056	-2	4	33437
8057	-2	4	33441
8058	-2	4	33445
8059	-2	4	33449
8060	-2	4	33453
8061	-2	4	33457
8062	-2	4	33461
8063	-2	4	33465
8064	-2	4	33469
8065	-2	4	33473
8066	-2	4	33477
8067	-2	4	33481
8068	-2	4	33485
8069	-2	4	33489
8070	-2	4	33493
8071	-2	4	33497
8072	-2	4	33501
8073	-2	4	33505
8074	-4	6	33511
8075	-2	4	33515
8076	-2	4	33519
8077	-2	4	33523
8078	-2	4	33527
8079	-2	4	33531
8080	-2	4	33535
8081	-2	4	33539
8082	-2	4	33543
8083	-2	4	33547
8084	-2	4	33551
8085	-2	4	33555
8086	-2	4	33559
8087	-2	4	33563
8088	-2	4	33567
8089	-2	4	33571
8090	-2	4	33575
8091	-2	4	33579
8092	-2	4	33583
8093	-2	4	33587
8094	-2	4	33591
8095	-2	4	33595
8096	-2	4	33599
8097	-2	4	33603
8098	-2	4	33607
8099	-5	7	33614
8100	-2	4	33618
8101	-2	4	33622
8102	-2	4	33626
8103	-2	4	33630
8104	-4	6	33636
8105	-2	4	33640
8106	-2	4	33644
8107	-2	4	33648
8108	-2	4	33652
8109	-2	4	33656
8110	-2	4	33660
8111	-2	4	33664
8112	-2	4	33668
8113	-2	4	33672
8114	-2	4	33676
8115	-2	4	33680
8116	-2	4	33684
8117	-2	4	33688
8118	-2	4	33692
8119	-2	4	33696
8120	-2	4	33700
8121	-2	4	33704
8122	-2	4	33708
8123	-2	4	33712
8124	-2	4	33716
8125	-2	4	33720
8126	-2	4	33724
8127	-2	4	33728
8128	-2	4	33732
8129	-2	4	33736
8130	-2	4	33740
8131	-2	4	33744
8132	-2	4	33748
8133	-2	4	33752
8134	-2	4	33756
8135	-2	4	33760
8136	-2	4	33764
8137	-2	4	33768
8138	-2	4	33772
8139	-2	4	33776
8140	-2	4	33780
8141	-2	4	33784
8142	-2	4	33788
8143	-2	4	33792
8144	-2	4	33796
8145	-2	4	33800
8146	-2	4	33804
8147	-2	4	33808
8148	-2	4	33812
8149	-2	4	33816
8150	-3	5	33821
8151	-2	4	33825
8152	-2	4	33829
8153	-2	4	33833
8154	-2	4	33837
8155	-2	4	33841
8156	-2	4	33845
8157	-2	4	33849
8158	-4	6	33855
8159	-2	4	33859
8160	-2	4	33863
8161	-2	4	33867
8162	-2	4	33871
8163	-2	4	33875
8164	-2	4	33879
8165	-2	4	33883
8166	-2	4	33887
8167	-2	4	33891
8168	-2	4	33895
8169	-2	4	33899
8170	-2	4	33903
8171	-5	7	33910
8172	-2	4	33914
8173	-2	4	33918
8174	-2	4	33922
8175	-2	4	33926
8176	-2	4	33930
8177	-2	4	33934
8178	-2	4	33938
8179	-2	4	33942
8180	-2	4	33946
8181	-2	4	33950
8182	-2	4	33954
8183	-2	4	33958
8184	-2	4	33962
8185	-2	4	33966
8186	-2	4	33970
8187	-2	4	33974
8188	-2	4	33978
8189	-2	4	33982
8190	-2	4	33986
8191	-2	4	33990
8192	-2	4	33994
8193	-2	4	33998
8194	-2	4	34002
8195	-2	4	34006
8196	-4	6	34012
8197	-4	6	34018
8198	-2	4	34022
8199	-2	4	34026
8200	-2	4	34030
8201	-2	4	34034
8202	-2	4	34038
8203	-2	4	34042
8204	-2	4	34046
8205	-2	4	34050
8206	-2	4	34054
8207	-2	4	34058
8208	-2	4	34062
8209	-2	4	34066
8210	-2	4	34070
8211	-2	4	34074
8212	-2	4	34078
8213	-2	4	34082
8214	-2	4	34086
8215	-5	7	34093
8216	-2	4	34097
8217	-2	4	34101
8218	-2	4	34105
8219	-5	7	34112
8220	-2	4	34116
8221	-2	4	34120
8222	-2	4	34124
8223	-2	4	34128
8224	-2	4	34132
8225	-2	4	34136
8226	-2	4	34140
8227	-2	4	34144
8228	-2	4	34148
8229	-2	4	34152
8230	-2	4	34156
8231	-3	5	34161
8232	-2	4	34165
8233	-2	4	34169
8234	-2	4	34173
8235	-2	4	34177
8236	-2	4	34181
8237	-2	4	34185
8238	-2	4	34189
8239	-2	4	34193
8240	-2	4	34197
8241	-2	4	34201
8242	-2	4	34205
8243	-2	4	34209
8244	-2	4	34213
8245	-2	4	34217
8246	-2	4	34221
8247	-2	4	34225
8248	-2	4	34229
8249	-2	4	34233
8250	-2	4	34237
8251	-2	4	34241
8252	-2	4	34245
8253	-2	4	34249
8254	-2	4	34253
8255	-2	4	34257
8256	-2	4	34261
8257	-2	4	34265
8258	-2	4	34269
8259	-2	4	34273
8260	-2	4	34277
8261	-2	4	34281
8262	-2	4	34285
8263	-2	4	34289
8264	-2	4	34293
8265	-2	4	34297
8266	-2	4	34301
8267	-2	4	34305
8268	-2	4	34309
8269	-4	6	34315
8270	-2	4	34319
8271	-2	4	34323
8272	-2	4	34327
8273	-2	4	34331
8274	-2	4	34335
8275	-2	4	34339
8276	-2	4	34343
8277	-2	4	34347
8278	-2	4	34351
8279	-2	4	34355
8280	-2	4	34359
8281	-2	4	34363
8282	-2	4	34367
8283	-2	4	34371
8284	-2	4	34375
8285	-2	4	34379
8286	-2	4	34383
8287	-2	4	34387
8288	-2	4	34391
8289	-2	4	34395
8290	-2	4	34399
8291	-2	4	34403
8292	-2	4	34407
8293	-2	4	34411
8294	-2	4	34415
8295	-2	4	34419
8296	-2	4	34423
8297	-2	4	34427
8298	-2	4	34431
8299	-2	4	34435
8300	-2	4	34439
8301	-2	4	34443
8302	-2	4	34447
8303	-2	4	34451
8304	-2	4	34455
8305	-2	4	34459
8306	-2	4	34463
8307	-2	4	34467
8308	-2	4	34471
8309	-2	4	34475
8310	-2	4	34479
8311	-2	4	34483
8312	-2	4	34487
8313	-2	4	34491
8314	-2	4	34495
8315	-2	4	34499
8316	-2	4	34503
8317	-2	4	34507
8318	-2	4	34511
8319	-2	4	34515
8320	-2	4	34519
8321	-2	4	34523
8322	-2	4	34527
8323	-2	4	34531
8324	-2	4	34535
8325	-2	4	34539
8326	-2	4	34543
8327	-2	4	34547
8328	-2	4	34551
8329	-2	4	34555
8330	-2	4	34559
8331	-4	6	34565
8332	-2	4	34569
8333	-2	4	34573
8334	-2	4	34577
8335	-2	4	34581
8336	-2	4	34585
8337	-2	4	34589
8338	-2	4	34593
8339	-2	4	34597
8340	-2	4	34601
8341	-2	4	34605
8342	-2	4	34609
8343	-2	4	34613
8344	-2	4	34617
8345	-2	4	34621
8346	-2	4	34625
8347	-2	4	34629
8348	-2	4	34633
8349	-2	4	34637
8350	-2	4	34641
8351	-4	6	34647
8352	-2	4	34651
8353	-2	4	34655
8354	-2	4	34659
8355	-2	4	34663
8356	-2	4	34667
8357	-2	4	34671
8358	-2	4	34675
8359	-2	4	34679
8360	-4	6	34685
8361	-2	4	34689
8362	-2	4	34693
8363	-2	4	34697
8364	-2	4	34701
8365	-2	4	34705
8366	-2	4	34709
8367	-2	4	34713
8368	-2	4	34717
8369	-2	4	34721
8370	-2	4	34725
8371	-2	4	34729
8372	-2	4	34733
8373	-2	4	34737
8374	-2	4	34741
8375	-2	4	34745
8376	-2	4	34749
8377	-2	4	34753
8378	-2	4	34757
8379	-2	4	34761
8380	-2	4	34765
8381	-2	4	34769
8382	-2	4	34773
8383	-2	4	34777
8384	-2	4	34781
8385	-2	4	34785
8386	-2	4	34789
8387	-2	4	34793
8388	-2	4	34797
8389	-4	6	34803
8390	-2	4	34807
8391	-2	4	34811
8392	-2	4	34815
8393	-2	4	34819
8394	-4	6	34825
8395	-2	4	34829
8396	-2	4	34833
8397	-2	4	34837
8398	-2	4	34841
8399	-2	4	34845
8400	-5	7	34852
8401	-2	4	34856
8402	-2	4	34860
8403	-2	4	34864
8404	-2	4	34868
8405	-4	6	34874
8406	-2	4	34878
8407	-2	4	34882
8408	-2	4	34886
8409	-2	4	34890
8410	-2	4	34894
8411	-2	4	34898
8412	-2	4	34902
8413	-2	4	34906
8414	-2	4	34910
8415	-2	4	34914
8416	-2	4	34918
8417	-2	4	34922
8418	-2	4	34926
8419	-2	4	34930
8420	-2	4	34934
8421	-2	4	34938
8422	-2	4	34942
8423	-2	4	34946
8424	-2	4	34950
8425	-2	4	34954
8426	-2	4	34958
8427	-2	4	34962
8428	-2	4	34966
8429	-2	4	34970
8430	-2	4	34974
8431	-2	4	34978
8432	-2	4	34982
8433	-2	4	34986
8434	-2	4	34990
8435	-2	4	34994
8436	-2	4	34998
8437	-2	4	35002
8438	-2	4	35006
8439	-2	4	35010
8440	-2	4	35014
8441	-3	5	35019
8442	-2	4	35023
8443	-2	4	35027
8444	-2	4	35031
8445	-2	4	35035
8446	-2	4	35039
8447	-2	4	35043
8448	-2	4	35047
8449	-2	4	35051
8450	-2	4	35055
8451	-2	4	35059
8452	-2	4	35063
8453	-4	6	35069
8454	-2	4	35073
8455	-2	4	35077
8456	-2	4	35081
8457	-2	4	35085
8458	-2	4	35089
8459	-2	4	35093
8460	-2	4	35097
8461	-2	4	35101
8462	-2	4	35105
8463	-2	4	35109
8464	-2	4	35113
8465	-2	4	35117
8466	-2	4	35121
8467	-2	4	35125
8468	-3	5	35130
8469	-2	4	35134
8470	-2	4	35138
8471	-2	4	35142
8472	-2	4	35146
8473	-2	4	35150
8474	-2	4	35154
8475	-2	4	35158
8476	-2	4	35162
8477	-2	4	35166
8478	-2	4	35170
8479	-2	4	35174
8480	-2	4	35178
8481	-4	6	35184
8482	-2	4	35188
8483	-2	4	35192
8484	-2	4	35196
8485	-2	4	35200
8486	-2	4	35204
8487	-2	4	35208
8488	-2	4	35212
8489	-2	4	35216
8490	-2	4	35220
8491	-2	4	35224
8492	-2	4	35228
8493	-2	4	35232
8494	-2	4	35236
8495	-2	4	35240
8496	-2	4	35244
8497	-2	4	35248
8498	-2	4	35252
8499	-2	4	35256
8500	-2	4	35260
8501	-2	4	35264
8502	-2	4	35268
8503	-2	4	35272
8504	-2	4	35276
8505	-2	4	35280
8506	-2	4	35284
8507	-2	4	35288
8508	-2	4	35292
8509	-2	4	35296
8510	-2	4	35300
8511	-2	4	35304
8512	-2	4	35308
8513	-2	4	35312
8514	-2	4	35316
8515	-2	4	35320
8516	-2	4	35324
8517	-2	4	35328
8518	-2	4	35332
8519	-2	4	35336
8520	-3	5	35341
8521	-2	4	35345
8522	-3	5	35350
8523	-2	4	35354
8524	-2	4	35358
8525	-2	4	35362
8526	-2	4	35366
8527	-2	4	35370
8528	-2	4	35374
8529	-2	4	35378
8530	-2	4	35382
8531	-2	4	35386
8532	-2	4	35390
8533	-2	4	35394
8534	-4	6	35400
8535	-2	4	35404
8536	-2	4	35408
8537	-4	6	35414
8538	-2	4	35418
8539	-2	4	35422
8540	-2	4	35426
8541	-2	4	35430
8542	-4	6	35436
8543	-3	5	35441
8544	-2	4	35445
8545	-2	4	35449
8546	-2	4	35453
8547	-2	4	35457
8548	-2	4	35461
8549	-2	4	35465
8550	-2	4	35469
8551	-2	4	35473
8552	-2	4	35477
8553	-2	4	35481
8554	-2	4	35485
8555	-2	4	35489
8556	-2	4	35493
8557	-2	4	35497
8558	-2	4	35501
8559	-2	4	35505
8560	-2	4	35509
8561	-2	4	35513
8562	-2	4	35517
8563	-2	4	35521
8564	-2	4	35525
8565	-2	4	35529
8566	-2	4	35533
8567	-2	4	35537
8568	-2	4	35541
8569	-2	4	35545
8570	-2	4	35549
8571	-2	4	35553
8572	-2	4	35557
8573	-2	4	35561
8574	-2	4	35565
8575	-2	4	35569
8576	-2	4	35573
8577	-2	4	35577
8578	-2	4	35581
8579	-2	4	35585
8580	-2	4	35589
8581	-2	4	35593
8582	-2	4	35597
8583	-2	4	35601
8584	-2	4	35605
8585	-2	4	35609
8586	-2	4	35613
8587	-2	4	35617
8588	-3	5	35622
8589	-4	6	35628
8590	-3	5	35633
8591	-2	4	35637
8592	-2	4	35641
8593	-2	4	35645
8594	-2	4	35649
8595	-2	4	35653
8596	-2	4	35657
8597	-2	4	35661
8598	-2	4	35665
8599	-2	4	35669
8600	-5	7	35676
8601	-2	4	35680
8602	-2	4	35684
8603	-2	4	35688
8604	-2	4	35692
8605	-2	4	35696
8606	-2	4	35700
8607	-2	4	35704
8608	-2	4	35708
8609	-2	4	35712
8610	-2	4	35716
8611	-2	4	35720
8612	-2	4	35724
8613	-2	4	35728
8614	-2	4	35732
8615	-2	4	35736
8616	-2	4	35740
8617	-2	4	35744
8618	-2	4	35748
8619	-4	6	35754
8620	-2	4	35758
8621	-2	4	35762
8622	-2	4	35766
8623	-2	4	35770
8624	-2	4	35774
8625	-2	4	35778
8626	-2	4	35782
8627	-2	4	35786
8628	-2	4	35790
8629	-2	4	35794
8630	-2	4	35798
8631	-2	4	35802
8632	-2	4	35806
8633	-2	4	35810
8634	-2	4	35814
8635	-2	4	35818
8636	-2	4	35822
8637	-2	4	35826
8638	-4	6	35832
8639	-2	4	35836
8640	-2	4	35840
8641	-2	4	35844
8642	-2	4	35848
8643	-2	4	35852
8644	-2	4	35856
8645	-2	4	35860
8646	-2	4	35864
8647	-2	4	35868
8648	-2	4	35872
8649	-2	4	35876
8650	-2	4	35880
8651	-4	6	35886
8652	-2	4	35890
8653	-2	4	35894
8654	-2	4	35898
8655	-2	4	35902
8656	-2	4	35906
8657	-2	4	35910
8658	-2	4	35914
8659	-2	4	35918
8660	-2	4	35922
8661	-2	4	35926
8662	-2	4	35930
8663	-2	4	35934
8664	-2	4	35938
8665	-2	4	35942
8666	-4	6	35948
8667	-2	4	35952
8668	-2	4	35956
8669	-3	5	35961
8670	-2	4	35965
8671	-2	4	35969
8672	-2	4	35973
8673	-2	4	35977
8674	-2	4	35981
8675	-2	4	35985
8676	-2	4	35989
8677	-2	4	35993
8678	-2	4	35997
8679	-2	4	36001
8680	-2	4	36005
8681	-2	4	36009
8682	-2	4	36013
8683	-2	4	36017
8684	-2	4	36021
8685	-2	4	36025
8686	-2	4	36029
8687	-2	4	36033
8688	-2	4	36037
8689	-2	4	36041
8690	-2	4	36045
8691	-2	4	36049
8692	-2	4	36053
8693	-2	4	36057
8694	-2	4	36061
8695	-2	4	36065
8696	-4	6	36071
8697	-2	4	36075
8698	-2	4	36079
8699	-2	4	36083
8700	-2	4	36087
8701	-2	4	36091
8702	-2	4	36095
8703	-2	4	36099
8704	-2	4	36103
8705	-2	4	36107
8706	-2	4	36111
8707	-2	4	36115
8708	-2	4	36119
8709	-2	4	36123
8710	-2	4	36127
8711	-2	4	36131
8712	-2	4	36135
8713	-4	6	36141
8714	-2	4	36145
8715	-2	4	36149
8716	-2	4	36153
8717	-2	4	36157
8718	-4	6	36163
8719	-4	6	36169
8720	-2	4	36173
8721	-2	4	36177
8722	-2	4	36181
8723	-2	4	36185
8724	-2	4	36189
8725	-2	4	36193
8726	-4	6	36199
8727	-2	4	36203
8728	-2	4	36207
8729	-2	4	36211
8730	-2	4	36215
8731	-2	4	36219
8732	-2	4	36223
8733	-2	4	36227
8734	-2	4	36231
8735	-2	4	36235
8736	-2	4	36239
8737	-2	4	36243
8738	-2	4	36247
8739	-2	4	36251
8740	-2	4	36255
8741	-2	4	36259
8742	-2	4	36263
8743	-2	4	36267
8744	-2	4	36271
8745	-5	7	36278
8746	-2	4	36282
8747	-2	4	36286
8748	-2	4	36290
8749	-2	4	36294
8750	-4	6	36300
8751	-2	4	36304
8752	-2	4	36308
8753	-3	5	36313
8754	-2	4	36317
8755	-4	6	36323
8756	-2	4	36327
8757	-2	4	36331
8758	-4	6	36337
8759	-2	4	36341
8760	-2	4	36345
8761	-2	4	36349
8762	-2	4	36353
8763	-2	4	36357
8764	-2	4	36361
8765	-2	4	36365
8766	-2	4	36369
8767	-2	4	36373
8768	-2	4	36377
8769	-2	4	36381
8770	-2	4	36385
8771	-2	4	36389
8772	-2	4	36393
8773	-2	4	36397
8774	-4	6	36403
8775	-2	4	36407
8776	-2	4	36411
8777	-2	4	36415
8778	-2	4	36419
8779	-2	4	36423
8780	-2	4	36427
8781	-2	4	36431
8782	-2	4	36435
8783	-2	4	36439
8784	-2	4	36443
8785	-2	4	36447
8786	-2	4	36451
8787	-2	4	36455
8788	-2	4	36459
8789	-2	4	36463
8790	-2	4	36467
8791	-2	4	36471
8792	-2	4	36475
8793	-2	4	36479
8794	-2	4	36483
8795	-2	4	36487
8796	-2	4	36491
8797	-2	4	36495
8798	-2	4	36499
8799	-2	4	36503
8800	-2	4	36507
8801	-2	4	36511
8802	-2	4	36515
8803	-2	4	36519
8804	-2	4	36523
8805	-2	4	36527
8806	-2	4	36531
8807	-2	4	36535
8808	-2	4	36539
8809	-2	4	36543
8810	-2	4	36547
8811	-2	4	36551
8812	-2	4	36555
8813	-2	4	36559
8814	-2	4	36563
8815	-2	4	36567
8816	-2	4	36571
8817	-2	4	36575
8818	-2	4	36579
8819	-2	4	36583
8820	-2	4	36587
8821	-2	4	36591
8822	-2	4	36595
8823	-2	4	36599
8824	-2	4	36603
8825	-4	6	36609
8826	-3	5	36614
8827	-2	4	36618
8828	-2	4	36622
8829	-2	4	36626
8830	-2	4	36630
8831	-2	4	36634
8832	-2	4	36638
8833	-2	4	36642
8834	-2	4	36646
8835	-2	4	36650
8836	-2	4	36654
8837	-2	4	36658
8838	-2	4	36662
8839	-2	4	36666
8840	-2	4	36670
8841	-2	4	36674
8842	-2	4	36678
8843	-2	4	36682
8844	-2	4	36686
8845	-2	4	36690
8846	-2	4	36694
8847	-2	4	36698
8848	-2	4	36702
8849	-2	4	36706
8850	-2	4	36710
8851	-2	4	36714
8852	-2	4	36718
8853	-2	4	36722
8854	-4	6	36728
8855	-2	4	36732
8856	-2	4	36736
8857	-2	4	36740
8858	-2	4	36744
8859	-2	4	36748
8860	-2	4	36752
8861	-4	6	36758
8862	-2	4	36762
8863	-2	4	36766
8864	-2	4	36770
8865	-2	4	36774
8866	-2	4	36778
8867	-2	4	36782
8868	-2	4	36786
8869	-3	5	36791
8870	-4	6	36797
8871	-4	6	36803
8872	-2	4	36807
8873	-2	4	36811
8874	-3	5	36816
8875	-2	4	36820
8876	-2	4	36824
8877	-3	5	36829
8878	-2	4	36833
8879	-2	4	36837
8880	-2	4	36841
8881	-2	4	36845
8882	-2	4	36849
8883	-2	4	36853
8884	-2	4	36857
8885	-2	4	36861
8886	-2	4	36865
8887	-2	4	36869
8888	-2	4	36873
8889	-2	4	36877
8890	-2	4	36881
8891	-2	4	36885
8892	-2	4	36889
8893	-2	4	36893
8894	-2	4	36897
8895	-4	6	36903
8896	-2	4	36907
8897	-2	4	36911
8898	-2	4	36915
8899	-2	4	36919
8900	-2	4	36923
8901	-2	4	36927
8902	-2	4	36931
8903	-2	4	36935
8904	-3	5	36940
8905	-2	4	36944
8906	-2	4	36948
8907	-2	4	36952
8908	-2	4	36956
8909	-4	6	36962
8910	-2	4	36966
8911	-2	4	36970
8912	-2	4	36974
8913	-2	4	36978
8914	-2	4	36982
8915	-6	8	36990
8916	-2	4	36994
8917	-2	4	36998
8918	-2	4	37002
8919	-2	4	37006
8920	-2	4	37010
8921	-2	4	37014
8922	-2	4	37018
8923	-2	4	37022
8924	-2	4	37026
8925	-2	4	37030
8926	-2	4	37034
8927	-2	4	37038
8928	-2	4	37042
8929	-2	4	37046
8930	-2	4	37050
8931	-2	4	37054
8932	-2	4	37058
8933	-2	4	37062
8934	-2	4	37066
8935	-2	4	37070
8936	-2	4	37074
8937	-2	4	37078
8938	-3	5	37083
8939	-2	4	37087
8940	-2	4	37091
8941	-4	6	37097
8942	-4	6	37103
8943	-2	4	37107
8944	-2	4	37111
8945	-2	4	37115
8946	-2	4	37119
8947	-2	4	37123
8948	-2	4	37127
8949	-2	4	37131
8950	-2	4	37135
8951	-2	4	37139
8952	-2	4	37143
8953	-2	4	37147
8954	-2	4	37151
8955	-2	4	37155
8956	-2	4	37159
8957	-3	5	37164
8958	-2	4	37168
8959	-2	4	37172
8960	-4	6	37178
8961	-2	4	37182
8962	-2	4	37186
8963	-2	4	37190
8964	-4	6	37196
8965	-2	4	37200
8966	-2	4	37204
8967	-2	4	37208
8968	-2	4	37212
8969	-2	4	37216
8970	-2	4	37220
8971	-2	4	37224
8972	-2	4	37228
8973	-2	4	37232
8974	-2	4	37236
8975	-4	6	37242
8976	-2	4	37246
8977	-3	5	37251
8978	-2	4	37255
8979	-2	4	37259
8980	-2	4	37263
8981	-2	4	37267
8982	-2	4	37271
8983	-2	4	37275
8984	-2	4	37279
8985	-2	4	37283
8986	-2	4	37287
8987	-2	4	37291
8988	-2	4	37295
8989	-2	4	37299
8990	-2	4	37303
8991	-2	4	37307
8992	-2	4	37311
8993	-2	4	37315
8994	-2	4	37319
8995	-4	6	37325
8996	-2	4	37329
8997	-2	4	37333
8998	-2	4	37337
8999	-2	4	37341
9000	-4	6	37347
9001	-2	4	37351
9002	-2	4	37355
9003	-4	6	37361
9004	-2	4	37365
9005	-2	4	37369
9006	-2	4	37373
9007	-2	4	37377
9008	-2	4	37381
9009	-2	4	37385
9010	-2	4	37389
9011	-2	4	37393
9012	-2	4	37397
9013	-4	6	37403
9014	-2	4	37407
9015	-2	4	37411
9016	-2	4	37415
9017	-2	4	37419
9018	-2	4	37423
9019	-2	4	37427
9020	-2	4	37431
9021	-2	4	37435
9022	-2	4	37439
9023	-2	4	37443
9024	-2	4	37447
9025	-2	4	37451
9026	-3	5	37456
9027	-2	4	37460
9028	-2	4	37464
9029	-2	4	37468
9030	-2	4	37472
9031	-2	4	37476
9032	-2	4	37480
9033	-2	4	37484
9034	-2	4	37488
9035	-4	6	37494
9036	-2	4	37498
9037	-2	4	37502
9038	-2	4	37506
9039	-2	4	37510
9040	-2	4	37514
9041	-2	4	37518
9042	-2	4	37522
9043	-2	4	37526
9044	-2	4	37530
9045	-2	4	37534
9046	-2	4	37538
9047	-3	5	37543
9048	-2	4	37547
9049	-2	4	37551
9050	-3	5	37556
9051	-2	4	37560
9052	-2	4	37564
9053	-2	4	37568
9054	-2	4	37572
9055	-2	4	37576
9056	-2	4	37580
9057	-2	4	37584
9058	-2	4	37588
9059	-2	4	37592
9060	-4	6	37598
9061	-2	4	37602
9062	-2	4	37606
9063	-2	4	37610
9064	-2	4	37614
9065	-2	4	37618
9066	-2	4	37622
9067	-2	4	37626
9068	-2	4	37630
9069	-2	4	37634
9070	-2	4	37638
9071	-2	4	37642
9072	-4	6	37648
9073	-2	4	37652
9074	-2	4	37656
9075	-2	4	37660
9076	-2	4	37664
9077	-2	4	37668
9078	-2	4	37672
9079	-2	4	37676
9080	-2	4	37680
9081	-2	4	37684
9082	-4	6	37690
9083	-2	4	37694
9084	-2	4	37698
9085	-2	4	37702
9086	-2	4	37706
9087	-2	4	37710
9088	-2	4	37714
9089	-4	6	37720
9090	-2	4	37724
9091	-2	4	37728
9092	-2	4	37732
9093	-2	4	37736
9094	-2	4	37740
9095	-4	6	37746
9096	-3	5	37751
9097	-2	4	37755
9098	-2	4	37759
9099	-2	4	37763
9100	-2	4	37767
9101	-2	4	37771
9102	-2	4	37775
9103	-2	4	37779
9104	-2	4	37783
9105	-2	4	37787
9106	-2	4	37791
9107	-2	4	37795
9108	-2	4	37799
9109	-2	4	37803
9110	-2	4	37807
9111	-2	4	37811
9112	-2	4	37815
9113	-2	4	37819
9114	-3	5	37824
9115	-2	4	37828
9116	-2	4	37832
9117	-2	4	37836
9118	-4	6	37842
9119	-2	4	37846
9120	-2	4	37850
9121	-2	4	37854
9122	-2	4	37858
9123	-2	4	37862
9124	-2	4	37866
9125	-2	4	37870
9126	-2	4	37874
9127	-2	4	37878
9128	-2	4	37882
9129	-2	4	37886
9130	-2	4	37890
9131	-4	6	37896
9132	-2	4	37900
9133	-2	4	37904
9134	-2	4	37908
9135	-4	6	37914
9136	-4	6	37920
9137	-2	4	37924
9138	-2	4	37928
9139	-2	4	37932
9140	-2	4	37936
9141	-2	4	37940
9142	-2	4	37944
9143	-2	4	37948
9144	-2	4	37952
9145	-2	4	37956
9146	-2	4	37960
9147	-2	4	37964
9148	-2	4	37968
9149	-2	4	37972
9150	-2	4	37976
9151	-2	4	37980
9152	-2	4	37984
9153	-2	4	37988
9154	-2	4	37992
9155	-2	4	37996
9156	-2	4	38000
9157	-2	4	38004
9158	-2	4	38008
9159	-2	4	38012
9160	-2	4	38016
9161	-2	4	38020
9162	-2	4	38024
9163	-2	4	38028
9164	-2	4	38032
9165	-2	4	38036
9166	-2	4	38040
9167	-2	4	38044
9168	-2	4	38048
9169	-2	4	38052
9170	-2	4	38056
9171	-2	4	38060
9172	-2	4	38064
9173	-2	4	38068
9174	-4	6	38074
9175	-2	4	38078
9176	-2	4	38082
9177	-4	6	38088
9178	-2	4	38092
9179	-2	4	38096
9180	-2	4	38100
9181	-8	10	38110
9182	-2	4	38114
9183	-2	4	38118
9184	-2	4	38122
9185	-2	4	38126
9186	-2	4	38130
9187	-2	4	38134
9188	-2	4	38138
9189	-2	4	38142
9190	-2	4	38146
9191	-2	4	38150
9192	-2	4	38154
9193	-2	4	38158
9194	-2	4	38162
9195	-2	4	38166
9196	-2	4	38170
9197	-2	4	38174
9198	-2	4	38178
9199	-2	4	38182
9200	-2	4	38186
9201	-2	4	38190
9202	-2	4	38194
9203	-2	4	38198
9204	-2	4	38202
9205	-2	4	38206
9206	-4	6	38212
9207	-2	4	38216
9208	-2	4	38220
9209	-2	4	38224
9210	-2	4	38228
9211	-2	4	38232
9212	-2	4	38236
9213	-2	4	38240
9214	-2	4	38244
9215	-2	4	38248
9216	-4	6	38254
9217	-2	4	38258
9218	-2	4	38262
9219	-2	4	38266
9220	-2	4	38270
9221	-2	4	38274
9222	-4	6	38280
9223	-2	4	38284
9224	-2	4	38288
9225	-2	4	38292
9226	-2	4	38296
9227	-2	4	38300
9228	-2	4	38304
9229	-2	4	38308
9230	-2	4	38312
9231	-2	4	38316
9232	-2	4	38320
9233	-2	4	38324
9234	-2	4	38328
9235	-2	4	38332
9236	-2	4	38336
9237	-2	4	38340
9238	-2	4	38344
9239	-2	4	38348
9240	-2	4	38352
9241	-2	4	38356
9242	-2	4	38360
9243	-2	4	38364
9244	-2	4	38368
9245	-2	4	38372
9246	-2	4	38376
9247	-2	4	38380
9248	-2	4	38384
9249	-2	4	38388
9250	-2	4	38392
9251	-2	4	38396
9252	-2	4	38400
9253	-2	4	38404
9254	-2	4	38408
9255	-2	4	38412
9256	-2	4	38416
9257	-2	4	38420
9258	-2	4	38424
9259	-2	4	38428
9260	-2	4	38432
9261	-2	4	38436
9262	-2	4	38440
9263	-2	4	38444
9264	-2	4	38448
9265	-2	4	38452
9266	-2	4	38456
9267	-2	4	38460
9268	-2	4	38464
9269	-2	4	38468
9270	-2	4	38472
9271	-2	4	38476
9272	-2	4	38480
9273	-2	4	38484
9274	-2	4	38488
9275	-2	4	38492
9276	-2	4	38496
9277	-2	4	38500
9278	-2	4	38504
9279	-2	4	38508
9280	-3	5	38513
9281	-2	4	38517
9282	-2	4	38521
9283	-3	5	38526
9284	-2	4	38530
9285	-2	4	38534
9286	-2	4	38538
9287	-2	4	38542
9288	-2	4	38546
9289	-2	4	38550
9290	-2	4	38554
9291	-2	4	38558
9292	-2	4	38562
9293	-2	4	38566
9294	-2	4	38570
9295	-2	4	38574
9296	-2	4	38578
9297	-2	4	38582
9298	-2	4	38586
9299	-2	4	38590
9300	-4	6	38596
9301	-2	4	38600
9302	-2	4	38604
9303	-2	4	38608
9304	-4	6	38614
9305	-2	4	38618
9306	-2	4	38622
9307	-2	4	38626
9308	-2	4	38630
9309	-2	4	38634
9310	-2	4	38638
9311	-2	4	38642
9312	-2	4	38646
9313	-2	4	38650
9314	-2	4	38654
9315	-2	4	38658
9316	-2	4	38662
9317	-2	4	38666
9318	-2	4	38670
9319	-2	4	38674
9320	-2	4	38678
9321	-2	4	38682
9322	-2	4	38686
9323	-2	4	38690
9324	-2	4	38694
9325	-2	4	38698
9326	-2	4	38702
9327	-2	4	38706
9328	-2	4	38710
9329	-2	4	38714
9330	-2	4	38718
9331	-2	4	38722
9332	-2	4	38726
9333	-2	4	38730
9334	-2	4	38734
9335	-2	4	38738
9336	-2	4	38742
9337	-2	4	38746
9338	-2	4	38750
9339	-2	4	38754
9340	-2	4	38758
9341	-2	4	38762
9342	-2	4	38766
9343	-2	4	38770
9344	-2	4	38774
9345	-2	4	38778
9346	-2	4	38782
9347	-2	4	38786
9348	-2	4	38790
9349	-2	4	38794
9350	-2	4	38798
9351	-2	4	38802
9352	-2	4	38806
9353	-2	4	38810
9354	-2	4	38814
9355	-2	4	38818
9356	-2	4	38822
9357	-2	4	38826
9358	-2	4	38830
9359	-2	4	38834
9360	-2	4	38838
9361	-2	4	38842
9362	-2	4	38846
9363	-2	4	38850
9364	-2	4	38854
9365	-2	4	38858
9366	-2	4	38862
9367	-2	4	38866
9368	-2	4	38870
9369	-2	4	38874
9370	-2	4	38878
9371	-2	4	38882
9372	-2	4	38886
9373	-2	4	38890
9374	-2	4	38894
9375	-2	4	38898
9376	-4	6	38904
9377	-4	6	38910
9378	-3	5	38915
9379	-2	4	38919
9380	-2	4	38923
9381	-2	4	38927
9382	-2	4	38931
9383	-2	4	38935
9384	-2	4	38939
9385	-2	4	38943
9386	-2	4	38947
9387	-2	4	38951
9388	-2	4	38955
9389	-2	4	38959
9390	-2	4	38963
9391	-2	4	38967
9392	-2	4	38971
9393	-2	4	38975
9394	-2	4	38979
9395	-2	4	38983
9396	-4	6	38989
9397	-3	5	38994
9398	-2	4	38998
9399	-2	4	39002
9400	-2	4	39006
9401	-2	4	39010
9402	-2	4	39014
9403	-2	4	39018
9404	-2	4	39022
9405	-2	4	39026
9406	-2	4	39030
9407	-2	4	39034
9408	-2	4	39038
9409	-2	4	39042
9410	-2	4	39046
9411	-2	4	39050
9412	-2	4	39054
9413	-2	4	39058
9414	-2	4	39062
9415	-2	4	39066
9416	-2	4	39070
9417	-2	4	39074
9418	-2	4	39078
9419	-2	4	39082
9420	-2	4	39086
9421	-2	4	39090
9422	-2	4	39094
9423	-2	4	39098
9424	-2	4	39102
9425	-2	4	39106
9426	-2	4	39110
9427	-2	4	39114
9428	-2	4	39118
9429	-2	4	39122
9430	-2	4	39126
9431	-2	4	39130
9432	-2	4	39134
9433	-3	5	39139
9434	-2	4	39143
9435	-4	6	39149
9436	-2	4	39153
9437	-2	4	39157
9438	-2	4	39161
9439	-2	4	39165
9440	-2	4	39169
9441	-2	4	39173
9442	-2	4	39177
9443	-2	4	39181
9444	-2	4	39185
9445	-2	4	39189
9446	-3	5	39194
9447	-2	4	39198
9448	-2	4	39202
9449	-2	4	39206
9450	-2	4	39210
9451	-2	4	39214
9452	-2	4	39218
9453	-2	4	39222
9454	-2	4	39226
9455	-2	4	39230
9456	-2	4	39234
9457	-2	4	39238
9458	-2	4	39242
9459	-2	4	39246
9460	-2	4	39250
9461	-2	4	39254
9462	-2	4	39258
9463	-2	4	39262
9464	-2	4	39266
9465	-2	4	39270
9466	-2	4	39274
9467	-2	4	39278
9468	-2	4	39282
9469	-2	4	39286
9470	-4	6	39292
9471	-2	4	39296
9472	-2	4	39300
9473	-4	6	39306
9474	-2	4	39310
9475	-2	4	39314
9476	-2	4	39318
9477	-2	4	39322
9478	-2	4	39326
9479	-2	4	39330
9480	-2	4	39334
9481	-2	4	39338
9482	-2	4	39342
9483	-3	5	39347
9484	-2	4	39351
9485	-2	4	39355
9486	-2	4	39359
9487	-4	6	39365
9488	-2	4	39369
9489	-2	4	39373
9490	-2	4	39377
9491	-2	4	39381
9492	-2	4	39385
9493	-2	4	39389
9494	-2	4	39393
9495	-2	4	39397
9496	-2	4	39401
9497	-2	4	39405
9498	-5	7	39412
9499	-2	4	39416
9500	-2	4	39420
9501	-2	4	39424
9502	-2	4	39428
9503	-2	4	39432
9504	-2	4	39436
9505	-2	4	39440
9506	-2	4	39444
9507	-2	4	39448
9508	-2	4	39452
9509	-2	4	39456
9510	-2	4	39460
9511	-2	4	39464
9512	-2	4	39468
9513	-2	4	39472
9514	-2	4	39476
9515	-2	4	39480
9516	-2	4	39484
9517	-2	4	39488
9518	-2	4	39492
9519	-2	4	39496
9520	-2	4	39500
9521	-2	4	39504
9522	-2	4	39508
9523	-2	4	39512
9524	-2	4	39516
9525	-2	4	39520
9526	-2	4	39524
9527	-2	4	39528
9528	-2	4	39532
9529	-2	4	39536
9530	-2	4	39540
9531	-2	4	39544
9532	-2	4	39548
9533	-2	4	39552
9534	-2	4	39556
9535	-2	4	39560
9536	-4	6	39566
9537	-2	4	39570
9538	-2	4	39574
9539	-4	6	39580
9540	-2	4	39584
9541	-2	4	39588
9542	-2	4	39592
9543	-2	4	39596
9544	-2	4	39600
9545	-2	4	39604
9546	-2	4	39608
9547	-2	4	39612
9548	-2	4	39616
9549	-2	4	39620
9550	-2	4	39624
9551	-2	4	39628
9552	-2	4	39632
9553	-2	4	39636
9554	-2	4	39640
9555	-2	4	39644
9556	-2	4	39648
9557	-2	4	39652
9558	-2	4	39656
9559	-2	4	39660
9560	-2	4	39664
9561	-2	4	39668
9562	-2	4	39672
9563	-2	4	39676
9564	-2	4	39680
9565	-2	4	39684
9566	-6	8	39692
9567	-2	4	39696
9568	-2	4	39700
9569	-2	4	39704
9570	-2	4	39708
9571	-2	4	39712
9572	-4	6	39718
9573	-2	4	39722
9574	-2	4	39726
9575	-2	4	39730
9576	-2	4	39734
9577	-4	6	39740
9578	-2	4	39744
9579	-2	4	39748
9580	-2	4	39752
9581	-2	4	39756
9582	-2	4	39760
9583	-2	4	39764
9584	-2	4	39768
9585	-2	4	39772
9586	-3	5	39777
9587	-2	4	39781
9588	-2	4	39785
9589	-2	4	39789
9590	-2	4	39793
9591	-2	4	39797
9592	-2	4	39801
9593	-2	4	39805
9594	-2	4	39809
9595	-2	4	39813
9596	-2	4	39817
9597	-2	4	39821
9598	-2	4	39825
9599	-2	4	39829
9600	-2	4	39833
9601	-2	4	39837
9602	-2	4	39841
9603	-2	4	39845
9604	-2	4	39849
9605	-2	4	39853
9606	-2	4	39857
9607	-2	4	39861
9608	-2	4	39865
9609	-2	4	39869
9610	-2	4	39873
9611	-2	4	39877
9612	-2	4	39881
9613	-2	4	39885
9614	-2	4	39889
9615	-2	4	39893
9616	-2	4	39897
9617	-2	4	39901
9618	-2	4	39905
9619	-2	4	39909
9620	-2	4	39913
9621	-2	4	39917
9622	-2	4	39921
9623	-2	4	39925
9624	-2	4	39929
9625	-4	6	39935
9626	-2	4	39939
9627	-2	4	39943
9628	-2	4	39947
9629	-2	4	39951
9630	-2	4	39955
9631	-2	4	39959
9632	-2	4	39963
9633	-4	6	39969
9634	-2	4	39973
9635	-2	4	39977
9636	-4	6	39983
9637	-2	4	39987
9638	-2	4	39991
9639	-2	4	39995
9640	-2	4	39999
9641	-2	4	40003
9642	-2	4	40007
9643	-2	4	40011
9644	-2	4	40015
9645	-2	4	40019
9646	-3	5	40024
9647	-2	4	40028
9648	-2	4	40032
9649	-2	4	40036
9650	-2	4	40040
9651	-2	4	40044
9652	-2	4	40048
9653	-2	4	40052
9654	-2	4	40056
9655	-2	4	40060
9656	-2	4	40064
9657	-2	4	40068
9658	-2	4	40072
9659	-2	4	40076
9660	-2	4	40080
9661	-2	4	40084
9662	-4	6	40090
9663	-2	4	40094
9664	-2	4	40098
9665	-2	4	40102
9666	-2	4	40106
9667	-2	4	40110
9668	-2	4	40114
9669	-2	4	40118
9670	-2	4	40122
9671	-6	8	40130
9672	-2	4	40134
9673	-2	4	40138
9674	-2	4	40142
9675	-2	4	40146
9676	-2	4	40150
9677	-2	4	40154
9678	-2	4	40158
9679	-2	4	40162
9680	-3	5	40167
9681	-2	4	40171
9682	-2	4	40175
9683	-2	4	40179
9684	-2	4	40183
9685	-2	4	40187
9686	-2	4	40191
9687	-2	4	40195
9688	-2	4	40199
9689	-4	6	40205
9690	-2	4	40209
9691	-2	4	40213
9692	-2	4	40217
9693	-2	4	40221
9694	-2	4	40225
9695	-2	4	40229
9696	-2	4	40233
9697	-2	4	40237
9698	-2	4	40241
9699	-2	4	40245
9700	-2	4	40249
9701	-2	4	40253
9702	-2	4	40257
9703	-2	4	40261
9704	-2	4	40265
9705	-2	4	40269
9706	-2	4	40273
9707	-2	4	40277
9708	-2	4	40281
9709	-4	6	40287
9710	-2	4	40291
9711	-2	4	40295
9712	-2	4	40299
9713	-2	4	40303
9714	-2	4	40307
9715	-2	4	40311
9716	-2	4	40315
9717	-2	4	40319
9718	-2	4	40323
9719	-2	4	40327
9720	-2	4	40331
9721	-2	4	40335
9722	-2	4	40339
9723	-2	4	40343
9724	-2	4	40347
9725	-2	4	40351
9726	-2	4	40355
9727	-2	4	40359
9728	-2	4	40363
9729	-2	4	40367
9730	-2	4	40371
9731	-2	4	40375
9732	-2	4	40379
9733	-2	4	40383
9734	-4	6	40389
9735	-2	4	40393
9736	-2	4	40397
9737	-2	4	40401
9738	-2	4	40405
9739	-2	4	40409
9740	-2	4	40413
9741	-2	4	40417
9742	-2	4	40421
9743	-2	4	40425
9744	-2	4	40429
9745	-2	4	40433
9746	-2	4	40437
9747	-2	4	40441
9748	-2	4	40445
9749	-2	4	40449
9750	-2	4	40453
9751	-2	4	40457
9752	-2	4	40461
9753	-3	5	40466
9754	-2	4	40470
9755	-2	4	40474
9756	-2	4	40478
9757	-2	4	40482
9758	-2	4	40486
9759	-2	4	40490
9760	-2	4	40494
9761	-2	4	40498
9762	-2	4	40502
9763	-2	4	40506
9764	-2	4	40510
9765	-2	4	40514
9766	-2	4	40518
9767	-2	4	40522
9768	-2	4	40526
9769	-2	4	40530
9770	-2	4	40534
9771	-2	4	40538
9772	-2	4	40542
9773	-2	4	40546
9774	-2	4	40550
9775	-2	4	40554
9776	-2	4	40558
9777	-2	4	40562
9778	-2	4	40566
9779	-2	4	40570
9780	-2	4	40574
9781	-2	4	40578
9782	-2	4	40582
9783	-2	4	40586
9784	-2	4	40590
9785	-2	4	40594
9786	-4	6	40600
9787	-2	4	40604
9788	-2	4	40608
9789	-4	6	40614
9790	-2	4	40618
9791	-2	4	40622
9792	-2	4	40626
9793	-2	4	40630
9794	-4	6	40636
9795	-2	4	40640
9796	-2	4	40644
9797	-2	4	40648
9798	-2	4	40652
9799	-2	4	40656
9800	-2	4	40660
9801	-2	4	40664
9802	-2	4	40668
9803	-2	4	40672
9804	-2	4	40676
9805	-2	4	40680
9806	-2	4	40684
9807	-2	4	40688
9808	-2	4	40692
9809	-2	4	40696
9810	-2	4	40700
9811	-2	4	40704
9812	-2	4	40708
9813	-2	4	40712
9814	-2	4	40716
9815	-2	4	40720
9816	-2	4	40724
9817	-2	4	40728
9818	-2	4	40732
9819	-2	4	40736
9820	-2	4	40740
9821	-2	4	40744
9822	-2	4	40748
9823	-3	5	40753
9824	-2	4	40757
9825	-2	4	40761
9826	-2	4	40765
9827	-2	4	40769
9828	-2	4	40773
9829	-4	6	40779
9830	-2	4	40783
9831	-2	4	40787
9832	-2	4	40791
9833	-2	4	40795
9834	-2	4	40799
9835	-2	4	40803
9836	-2	4	40807
9837	-2	4	40811
9838	-2	4	40815
9839	-4	6	40821
9840	-2	4	40825
9841	-2	4	40829
9842	-2	4	40833
9843	-2	4	40837
9844	-2	4	40841
9845	-2	4	40845
9846	-2	4	40849
9847	-2	4	40853
9848	-2	4	40857
9849	-2	4	40861
9850	-2	4	40865
9851	-4	6	40871
9852	-4	6	40877
9853	-2	4	40881
9854	-2	4	40885
9855	-2	4	40889
9856	-2	4	40893
9857	-2	4	40897
9858	-2	4	40901
9859	-2	4	40905
9860	-2	4	40909
9861	-2	4	40913
9862	-2	4	40917
9863	-2	4	40921
9864	-2	4	40925
9865	-2	4	40929
9866	-2	4	40933
9867	-2	4	40937
9868	-2	4	40941
9869	-3	5	40946
9870	-2	4	40950
9871	-2	4	40954
9872	-2	4	40958
9873	-3	5	40963
9874	-2	4	40967
9875	-2	4	40971
9876	-2	4	40975
9877	-2	4	40979
9878	-2	4	40983
9879	-2	4	40987
9880	-2	4	40991
9881	-2	4	40995
9882	-2	4	40999
9883	-2	4	41003
9884	-2	4	41007
9885	-2	4	41011
9886	-2	4	41015
9887	-2	4	41019
9888	-2	4	41023
9889	-2	4	41027
9890	-2	4	41031
9891	-2	4	41035
9892	-2	4	41039
9893	-2	4	41043
9894	-2	4	41047
9895	-2	4	41051
9896	-4	6	41057
9897	-2	4	41061
9898	-4	6	41067
9899	-2	4	41071
9900	-2	4	41075
9901	-4	6	41081
9902	-4	6	41087
9903	-2	4	41091
9904	-2	4	41095
9905	-4	6	41101
9906	-2	4	41105
9907	-2	4	41109
9908	-2	4	41113
9909	-2	4	41117
9910	-2	4	41121
9911	-2	4	41125
9912	-2	4	41129
9913	-2	4	41133
9914	-2	4	41137
9915	-2	4	41141
9916	-2	4	41145
9917	-2	4	41149
9918	-2	4	41153
9919	-2	4	41157
9920	-2	4	41161
9921	-2	4	41165
9922	-2	4	41169
9923	-2	4	41173
9924	-2	4	41177
9925	-2	4	41181
9926	-2	4	41185
9927	-2	4	41189
9928	-2	4	41193
9929	-2	4	41197
9930	-2	4	41201
9931	-2	4	41205
9932	-2	4	41209
9933	-2	4	41213
9934	-2	4	41217
9935	-4	6	41223
9936	-2	4	41227
9937	-2	4	41231
9938	-2	4	41235
9939	-2	4	41239
9940	-2	4	41243
9941	-2	4	41247
9942	-2	4	41251
9943	-2	4	41255
9944	-2	4	41259
9945	-2	4	41263
9946	-2	4	41267
9947	-2	4	41271
9948	-2	4	41275
9949	-2	4	41279
9950	-2	4	41283
9951	-2	4	41287
9952	-2	4	41291
9953	-2	4	41295
9954	-2	4	41299
9955	-2	4	41303
9956	-2	4	41307
9957	-2	4	41311
9958	-2	4	41315
9959	-2	4	41319
9960	-2	4	41323
9961	-2	4	41327
9962	-2	4	41331
9963	-2	4	41335
9964	-2	4	41339
9965	-2	4	41343
9966	-2	4	41347
9967	-2	4	41351
9968	-2	4	41355
9969	-4	6	41361
9970	-2	4	41365
9971	-2	4	41369
9972	-2	4	41373
9973	-2	4	41377
9974	-2	4	41381
9975	-2	4	41385
9976	-2	4	41389
9977	-2	4	41393
9978	-2	4	41397
9979	-2	4	41401
9980	-2	4	41405
9981	-2	4	41409
9982	-2	4	41413
9983	-2	4	41417
9984	-2	4	41421
9985	-2	4	41425
9986	-4	6	41431
9987	-2	4	41435
9988	-2	4	41439
9989	-2	4	41443
9990	-2	4	41447
9991	-2	4	41451
9992	-2	4	41455
9993	-2	4	41459
9994	-2	4	41463
9995	-2	4	41467
9996	-2	4	41471
9997	-2	4	41475
9998	-2	4	41479
9999	-2	4	41483
10000	-2	4	41487
10001	-2	4	41491
10002	-2	4	41495
10003	-2	4	41499
10004	-2	4	41503
10005	-2	4	41507
10006	-2	4	41511
10007	-2	4	41515
10008	-2	4	41519
10009	-2	4	41523
10010	-2	4	41527
10011	-2	4	41531
10012	-2	4	41535
10013	-2	4	41539
10014	-2	4	41543
10015	-2	4	41547
10016	-2	4	41551
10017	-2	4	41555
10018	-2	4	41559
10019	-2	4	41563
10020	-2	4	41567
10021	-2	4	41571
10022	-2	4	41575
10023	-2	4	41579
10024	-2	4	41583
10025	-2	4	41587
10026	-2	4	41591
10027	-2	4	41595
10028	-2	4	41599
10029	-2	4	41603
10030	-2	4	41607
10031	-2	4	41611
10032	-2	4	41615
10033	-2	4	41619
10034	-2	4	41623
10035	-2	4	41627
10036	-4	6	41633
10037	-2	4	41637
10038	-2	4	41641
10039	-2	4	41645
10040	-2	4	41649
10041	-2	4	41653
10042	-2	4	41657
10043	-2	4	41661
10044	-4	6	41667
10045	-2	4	41671
10046	-2	4	41675
10047	-2	4	41679
10048	-2	4	41683
10049	-2	4	41687
10050	-2	4	41691
10051	-2	4	41695
10052	-2	4	41699
10053	-2	4	41703
10054	-2	4	41707
10055	-2	4	41711
10056	-2	4	41715
10057	-4	6	41721
10058	-2	4	41725
10059	-2	4	41729
10060	-2	4	41733
10061	-2	4	41737
10062	-2	4	41741
10063	-2	4	41745
10064	-2	4	41749
10065	-2	4	41753
10066	-2	4	41757
10067	-2	4	41761
10068	-2	4	41765
10069	-2	4	41769
10070	-2	4	41773
10071	-2	4	41777
10072	-2	4	41781
10073	-2	4	41785
10074	-2	4	41789
10075	-2	4	41793
10076	-2	4	41797
10077	-2	4	41801
10078	-2	4	41805
10079	-2	4	41809
10080	-2	4	41813
10081	-2	4	41817
10082	-2	4	41821
10083	-2	4	41825
10084	-4	6	41831
10085	-2	4	41835
10086	-2	4	41839
10087	-2	4	41843
10088	-2	4	41847
10089	-2	4	41851
10090	-2	4	41855
10091	-2	4	41859
10092	-2	4	41863
10093	-2	4	41867
10094	-2	4	41871
10095	-2	4	41875
10096	-2	4	41879
10097	-2	4	41883
10098	-2	4	41887
10099	-2	4	41891
10100	-2	4	41895
10101	-2	4	41899
10102	-2	4	41903
10103	-2	4	41907
10104	-2	4	41911
10105	-2	4	41915
10106	-2	4	41919
10107	-2	4	41923
10108	-2	4	41927
10109	-2	4	41931
10110	-2	4	41935
10111	-4	6	41941
10112	-2	4	41945
10113	-2	4	41949
10114	-2	4	41953
10115	-2	4	41957
10116	-2	4	41961
10117	-2	4	41965
10118	-2	4	41969
10119	-2	4	41973
10120	-2	4	41977
10121	-2	4	41981
10122	-2	4	41985
10123	-2	4	41989
10124	-4	6	41995
10125	-2	4	41999
10126	-2	4	42003
10127	-2	4	42007
10128	-2	4	42011
10129	-2	4	42015
10130	-2	4	42019
10131	-2	4	42023
10132	-2	4	42027
10133	-2	4	42031
10134	-2	4	42035
10135	-2	4	42039
10136	-4	6	42045
10137	-2	4	42049
10138	-2	4	42053
10139	-2	4	42057
10140	-2	4	42061
10141	-3	5	42066
10142	-2	4	42070
10143	-2	4	42074
10144	-2	4	42078
10145	-2	4	42082
10146	-2	4	42086
10147	-2	4	42090
10148	-2	4	42094
10149	-2	4	42098
10150	-2	4	42102
10151	-2	4	42106
10152	-4	6	42112
10153	-2	4	42116
10154	-2	4	42120
10155	-2	4	42124
10156	-2	4	42128
10157	-2	4	42132
10158	-2	4	42136
10159	-2	4	42140
10160	-2	4	42144
10161	-2	4	42148
10162	-2	4	42152
10163	-2	4	42156
10164	-4	6	42162
10165	-2	4	42166
10166	-2	4	42170
10167	-2	4	42174
10168	-2	4	42178
10169	-2	4	42182
10170	-2	4	42186
10171	-2	4	42190
10172	-2	4	42194
10173	-2	4	42198
10174	-2	4	42202
10175	-2	4	42206
10176	-2	4	42210
10177	-2	4	42214
10178	-2	4	42218
10179	-2	4	42222
10180	-2	4	42226
10181	-2	4	42230
10182	-2	4	42234
10183	-2	4	42238
10184	-2	4	42242
10185	-2	4	42246
10186	-2	4	42250
10187	-2	4	42254
10188	-2	4	42258
10189	-2	4	42262
10190	-2	4	42266
10191	-2	4	42270
10192	-2	4	42274
10193	-2	4	42278
10194	-2	4	42282
10195	-2	4	42286
10196	-2	4	42290
10197	-2	4	42294
10198	-2	4	42298
10199	-2	4	42302
10200	-2	4	42306
10201	-2	4	42310
10202	-2	4	42314
10203	-2	4	42318
10204	-2	4	42322
10205	-2	4	42326
10206	-2	4	42330
10207	-2	4	42334
10208	-2	4	42338
10209	-2	4	42342
10210	-2	4	42346
10211	-2	4	42350
10212	-2	4	42354
10213	-2	4	42358
10214	-2	4	42362
10215	-2	4	42366
10216	-2	4	42370
10217	-2	4	42374
10218	-4	6	42380
10219	-4	6	42386
10220	-2	4	42390
10221	-2	4	42394
10222	-2	4	42398
10223	-4	6	42404
10224	-2	4	42408
10225	-3	5	42413
10226	-2	4	42417
10227	-2	4	42421
10228	-2	4	42425
10229	-2	4	42429
10230	-2	4	42433
10231	-2	4	42437
10232	-2	4	42441
10233	-2	4	42445
10234	-2	4	42449
10235	-2	4	42453
10236	-4	6	42459
10237	-2	4	42463
10238	-2	4	42467
10239	-2	4	42471
10240	-2	4	42475
10241	-2	4	42479
10242	-2	4	42483
10243	-2	4	42487
10244	-2	4	42491
10245	-2	4	42495
10246	-2	4	42499
10247	-2	4	42503
10248	-2	4	42507
10249	-2	4	42511
10250	-2	4	42515
10251	-3	5	42520
10252	-2	4	42524
10253	-2	4	42528
10254	-2	4	42532
10255	-2	4	42536
10256	-2	4	42540
10257	-2	4	42544
10258	-2	4	42548
10259	-2	4	42552
10260	-2	4	42556
10261	-2	4	42560
10262	-2	4	42564
10263	-2	4	42568
10264	-2	4	42572
10265	-2	4	42576
10266	-2	4	42580
10267	-2	4	42584
10268	-2	4	42588
10269	-2	4	42592
10270	-2	4	42596
10271	-2	4	42600
10272	-2	4	42604
10273	-2	4	42608
10274	-2	4	42612
10275	-2	4	42616
10276	-2	4	42620
10277	-4	6	42626
10278	-2	4	42630
10279	-2	4	42634
10280	-2	4	42638
10281	-2	4	42642
10282	-2	4	42646
10283	-2	4	42650
10284	-2	4	42654
10285	-2	4	42658
10286	-2	4	42662
10287	-2	4	42666
10288	-2	4	42670
10289	-2	4	42674
10290	-2	4	42678
10291	-2	4	42682
10292	-2	4	42686
10293	-2	4	42690
10294	-2	4	42694
10295	-4	6	42700
10296	-2	4	42704
10297	-2	4	42708
10298	-2	4	42712
10299	-2	4	42716
10300	-2	4	42720
10301	-2	4	42724
10302	-2	4	42728
10303	-2	4	42732
10304	-2	4	42736
10305	-2	4	42740
10306	-2	4	42744
10307	-2	4	42748
10308	-2	4	42752
10309	-2	4	42756
10310	-2	4	42760
10311	-2	4	42764
10312	-2	4	42768
10313	-2	4	42772
10314	-2	4	42776
10315	-2	4	42780
10316	-4	6	42786
10317	-2	4	42790
10318	-2	4	42794
10319	-2	4	42798
10320	-3	5	42803
10321	-2	4	42807
10322	-2	4	42811
10323	-2	4	42815
10324	-2	4	42819
10325	-2	4	42823
10326	-2	4	42827
10327	-2	4	42831
10328	-2	4	42835
10329	-2	4	42839
10330	-2	4	42843
10331	-2	4	42847
10332	-2	4	42851
10333	-2	4	42855
10334	-2	4	42859
10335	-2	4	42863
10336	-2	4	42867
10337	-2	4	42871
10338	-2	4	42875
10339	-2	4	42879
10340	-2	4	42883
10341	-2	4	42887
10342	-2	4	42891
10343	-2	4	42895
10344	-2	4	42899
10345	-2	4	42903
10346	-2	4	42907
10347	-2	4	42911
10348	-2	4	42915
10349	-2	4	42919
10350	-2	4	42923
10351	-2	4	42927
10352	-2	4	42931
10353	-2	4	42935
10354	-2	4	42939
10355	-2	4	42943
10356	-2	4	42947
10357	-2	4	42951
10358	-2	4	42955
10359	-2	4	42959
10360	-2	4	42963
10361	-2	4	42967
10362	-2	4	42971
10363	-2	4	42975
10364	-2	4	42979
10365	-2	4	42983
10366	-2	4	42987
10367	-2	4	42991
10368	-2	4	42995
10369	-2	4	42999
10370	-2	4	43003
10371	-3	5	43008
10372	-2	4	43012
10373	-2	4	43016
10374	-2	4	43020
10375	-2	4	43024
10376	-2	4	43028
10377	-2	4	43032
10378	-2	4	43036
10379	-2	4	43040
10380	-2	4	43044
10381	-2	4	43048
10382	-2	4	43052
10383	-2	4	43056
10384	-2	4	43060
10385	-2	4	43064
10386	-2	4	43068
10387	-2	4	43072
10388	-2	4	43076
10389	-2	4	43080
10390	-2	4	43084
10391	-2	4	43088
10392	-2	4	43092
10393	-2	4	43096
10394	-2	4	43100
10395	-2	4	43104
10396	-2	4	43108
10397	-3	5	43113
10398	-2	4	43117
10399	-2	4	43121
10400	-2	4	43125
10401	-2	4	43129
10402	-2	4	43133
10403	-2	4	43137
10404	-2	4	43141
10405	-2	4	43145
10406	-2	4	43149
10407	-2	4	43153
10408	-2	4	43157
10409	-2	4	43161
10410	-2	4	43165
10411	-2	4	43169
10412	-2	4	43173
10413	-2	4	43177
10414	-2	4	43181
10415	-2	4	43185
10416	-2	4	43189
10417	-2	4	43193
10418	-2	4	43197
10419	-2	4	43201
10420	-2	4	43205
10421	-2	4	43209
10422	-2	4	43213
10423	-2	4	43217
10424	-2	4	43221
10425	-2	4	43225
10426	-2	4	43229
10427	-2	4	43233
10428	-2	4	43237
10429	-2	4	43241
10430	-2	4	43245
10431	-2	4	43249
10432	-2	4	43253
10433	-2	4	43257
10434	-2	4	43261
10435	-2	4	43265
10436	-2	4	43269
10437	-3	5	43274
10438	-2	4	43278
10439	-2	4	43282
10440	-2	4	43286
10441	-2	4	43290
10442	-2	4	43294
10443	-2	4	43298
10444	-2	4	43302
10445	-2	4	43306
10446	-2	4	43310
10447	-2	4	43314
10448	-4	6	43320
10449	-2	4	43324
10450	-2	4	43328
10451	-2	4	43332
10452	-2	4	43336
10453	-2	4	43340
10454	-2	4	43344
10455	-2	4	43348
10456	-2	4	43352
10457	-2	4	43356
10458	-2	4	43360
10459	-2	4	43364
10460	-2	4	43368
10461	-2	4	43372
10462	-2	4	43376
10463	-2	4	43380
10464	-2	4	43384
10465	-2	4	43388
10466	-2	4	43392
10467	-2	4	43396
10468	-2	4	43400
10469	-2	4	43404
10470	-2	4	43408
10471	-2	4	43412
10472	-2	4	43416
10473	-2	4	43420
10474	-2	4	43424
10475	-2	4	43428
10476	-2	4	43432
10477	-2	4	43436
10478	-2	4	43440
10479	-2	4	43444
10480	-2	4	43448
10481	-2	4	43452
10482	-2	4	43456
10483	-2	4	43460
10484	-2	4	43464
10485	-2	4	43468
10486	-2	4	43472
10487	-2	4	43476
10488	-5	7	43483
10489	-2	4	43487
10490	-2	4	43491
10491	-2	4	43495
10492	-2	4	43499
10493	-2	4	43503
10494	-2	4	43507
10495	-2	4	43511
10496	-2	4	43515
10497	-2	4	43519
10498	-2	4	43523
10499	-2	4	43527
10500	-2	4	43531
10501	-2	4	43535
10502	-2	4	43539
10503	-4	6	43545
10504	-2	4	43549
10505	-2	4	43553
10506	-2	4	43557
10507	-2	4	43561
10508	-2	4	43565
10509	-2	4	43569
10510	-2	4	43573
10511	-2	4	43577
10512	-2	4	43581
10513	-2	4	43585
10514	-2	4	43589
10515	-2	4	43593
10516	-2	4	43597
10517	-2	4	43601
10518	-2	4	43605
10519	-2	4	43609
10520	-2	4	43613
10521	-2	4	43617
10522	-2	4	43621
10523	-2	4	43625
10524	-2	4	43629
10525	-2	4	43633
10526	-2	4	43637
10527	-2	4	43641
10528	-2	4	43645
10529	-2	4	43649
10530	-2	4	43653
10531	-2	4	43657
10532	-2	4	43661
10533	-2	4	43665
10534	-2	4	43669
10535	-2	4	43673
10536	-2	4	43677
10537	-2	4	43681
10538	-2	4	43685
10539	-2	4	43689
10540	-2	4	43693
10541	-2	4	43697
10542	-2	4	43701
10543	-2	4	43705
10544	-2	4	43709
10545	-2	4	43713
10546	-2	4	43717
10547	-2	4	43721
10548	-2	4	43725
10549	-2	4	43729
10550	-2	4	43733
10551	-2	4	43737
10552	-2	4	43741
10553	-2	4	43745
10554	-2	4	43749
10555	-2	4	43753
10556	-2	4	43757
10557	-2	4	43761
10558	-2	4	43765
10559	-2	4	43769
10560	-2	4	43773
10561	-2	4	43777
10562	-2	4	43781
10563	-2	4	43785
10564	-2	4	43789
10565	-2	4	43793
10566	-2	4	43797
10567	-2	4	43801
10568	-2	4	43805
10569	-2	4	43809
10570	-2	4	43813
10571	-3	5	43818
10572	-2	4	43822
10573	-2	4	43826
10574	-2	4	43830
10575	-3	5	43835
10576	-2	4	43839
10577	-2	4	43843
10578	-2	4	43847
10579	-2	4	43851
10580	-2	4	43855
10581	-2	4	43859
10582	-2	4	43863
10583	-2	4	43867
10584	-2	4	43871
10585	-2	4	43875
10586	-2	4	43879
10587	-2	4	43883
10588	-2	4	43887
10589	-2	4	43891
10590	-2	4	43895
10591	-2	4	43899
10592	-2	4	43903
10593	-2	4	43907
10594	-2	4	43911
10595	-2	4	43915
10596	-2	4	43919
10597	-2	4	43923
10598	-2	4	43927
10599	-2	4	43931
10600	-2	4	43935
10601	-2	4	43939
10602	-2	4	43943
10603	-2	4	43947
10604	-2	4	43951
10605	-2	4	43955
10606	-2	4	43959
10607	-2	4	43963
10608	-2	4	43967
10609	-2	4	43971
10610	-2	4	43975
10611	-2	4	43979
10612	-2	4	43983
10613	-2	4	43987
10614	-2	4	43991
10615	-2	4	43995
10616	-2	4	43999
10617	-2	4	44003
10618	-2	4	44007
10619	-2	4	44011
10620	-2	4	44015
10621	-2	4	44019
10622	-2	4	44023
10623	-2	4	44027
10624	-2	4	44031
10625	-2	4	44035
10626	-2	4	44039
10627	-2	4	44043
10628	-2	4	44047
10629	-2	4	44051
10630	-2	4	44055
10631	-2	4	44059
10632	-2	4	44063
10633	-2	4	44067
10634	-2	4	44071
10635	-2	4	44075
10636	-2	4	44079
10637	-2	4	44083
10638	-2	4	44087
10639	-2	4	44091
10640	-2	4	44095
10641	-2	4	44099
10642	-2	4	44103
10643	-2	4	44107
10644	-2	4	44111
10645	-2	4	44115
10646	-2	4	44119
10647	-2	4	44123
10648	-2	4	44127
10649	-2	4	44131
10650	-2	4	44135
10651	-2	4	44139
10652	-2	4	44143
10653	-2	4	44147
10654	-2	4	44151
10655	-2	4	44155
10656	-2	4	44159
10657	-2	4	44163
10658	-2	4	44167
10659	-2	4	44171
10660	-2	4	44175
10661	-2	4	44179
10662	-2	4	44183
10663	-2	4	44187
10664	-2	4	44191
10665	-2	4	44195
10666	-2	4	44199
10667	-2	4	44203
10668	-2	4	44207
10669	-2	4	44211
10670	-2	4	44215
10671	-2	4	44219
10672	-2	4	44223
10673	-2	4	44227
10674	-2	4	44231
10675	-2	4	44235
10676	-2	4	44239
10677	-2	4	44243
10678	-2	4	44247
10679	-2	4	44251
10680	-2	4	44255
10681	-2	4	44259
10682	-2	4	44263
10683	-2	4	44267
10684	-2	4	44271
10685	-2	4	44275
10686	-2	4	44279
10687	-2	4	44283
10688	-2	4	44287
10689	-2	4	44291
10690	-2	4	44295
10691	-2	4	44299
10692	-2	4	44303
10693	-2	4	44307
10694	-2	4	44311
10695	-2	4	44315
10696	-2	4	44319
10697	-2	4	44323
10698	-2	4	44327
10699	-2	4	44331
10700	-2	4	44335
10701	-4	6	44341
10702	-2	4	44345
10703	-2	4	44349
10704	-4	6	44355
10705	-2	4	44359
10706	-2	4	44363
10707	-2	4	44367
10708	-2	4	44371
10709	-2	4	44375
10710	-2	4	44379
10711	-2	4	44383
10712	-2	4	44387
10713	-2	4	44391
10714	-2	4	44395
10715	-2	4	44399
10716	-2	4	44403
10717	-2	4	44407
10718	-3	5	44412
10719	-2	4	44416
10720	-2	4	44420
10721	-2	4	44424
10722	-2	4	44428
10723	-2	4	44432
10724	-2	4	44436
10725	-2	4	44440
10726	-2	4	44444
10727	-2	4	44448
10728	-2	4	44452
10729	-2	4	44456
10730	-2	4	44460
10731	-2	4	44464
10732	-2	4	44468
10733	-2	4	44472
10734	-3	5	44477
10735	-2	4	44481
10736	-2	4	44485
10737	-2	4	44489
10738	-2	4	44493
10739	-2	4	44497
10740	-4	6	44503
10741	-2	4	44507
10742	-2	4	44511
10743	-2	4	44515
10744	-2	4	44519
10745	-2	4	44523
10746	-2	4	44527
10747	-2	4	44531
10748	-2	4	44535
10749	-2	4	44539
10750	-2	4	44543
10751	-2	4	44547
10752	-2	4	44551
10753	-2	4	44555
10754	-2	4	44559
10755	-2	4	44563
10756	-2	4	44567
10757	-2	4	44571
10758	-2	4	44575
10759	-2	4	44579
10760	-2	4	44583
10761	-2	4	44587
10762	-2	4	44591
10763	-2	4	44595
10764	-4	6	44601
10765	-2	4	44605
10766	-4	6	44611
10767	-2	4	44615
10768	-2	4	44619
10769	-2	4	44623
10770	-2	4	44627
10771	-2	4	44631
10772	-2	4	44635
10773	-2	4	44639
10774	-2	4	44643
10775	-2	4	44647
10776	-2	4	44651
10777	-2	4	44655
10778	-2	4	44659
10779	-2	4	44663
10780	-2	4	44667
10781	-2	4	44671
10782	-2	4	44675
10783	-2	4	44679
10784	-4	6	44685
10785	-2	4	44689
10786	-2	4	44693
10787	-2	4	44697
10788	-4	6	44703
10789	-2	4	44707
10790	-3	5	44712
10791	-4	6	44718
10792	-2	4	44722
10793	-5	7	44729
10794	-2	4	44733
10795	-2	4	44737
10796	-2	4	44741
10797	-2	4	44745
10798	-2	4	44749
10799	-4	6	44755
10800	-2	4	44759
10801	-2	4	44763
10802	-3	5	44768
10803	-2	4	44772
10804	-2	4	44776
10805	-2	4	44780
10806	-2	4	44784
10807	-2	4	44788
10808	-2	4	44792
10809	-2	4	44796
10810	-2	4	44800
10811	-2	4	44804
10812	-2	4	44808
10813	-2	4	44812
10814	-2	4	44816
10815	-2	4	44820
10816	-2	4	44824
10817	-2	4	44828
10818	-2	4	44832
10819	-2	4	44836
10820	-2	4	44840
10821	-2	4	44844
10822	-2	4	44848
10823	-2	4	44852
10824	-2	4	44856
10825	-2	4	44860
10826	-2	4	44864
10827	-2	4	44868
10828	-2	4	44872
10829	-2	4	44876
10830	-2	4	44880
10831	-2	4	44884
10832	-2	4	44888
10833	-2	4	44892
10834	-4	6	44898
10835	-2	4	44902
10836	-2	4	44906
10837	-2	4	44910
10838	-2	4	44914
10839	-2	4	44918
10840	-5	7	44925
10841	-2	4	44929
10842	-2	4	44933
10843	-2	4	44937
10844	-2	4	44941
10845	-3	5	44946
10846	-2	4	44950
10847	-3	5	44955
10848	-2	4	44959
10849	-2	4	44963
10850	-2	4	44967
10851	-2	4	44971
10852	-2	4	44975
10853	-2	4	44979
10854	-2	4	44983
10855	-2	4	44987
10856	-2	4	44991
10857	-2	4	44995
10858	-2	4	44999
10859	-2	4	45003
10860	-2	4	45007
10861	-2	4	45011
10862	-2	4	45015
10863	-4	6	45021
10864	-2	4	45025
10865	-2	4	45029
10866	-2	4	45033
10867	-4	6	45039
10868	-2	4	45043
10869	-2	4	45047
10870	-2	4	45051
10871	-2	4	45055
10872	-2	4	45059
10873	-2	4	45063
10874	-2	4	45067
10875	-2	4	45071
10876	-2	4	45075
10877	-2	4	45079
10878	-2	4	45083
10879	-2	4	45087
10880	-2	4	45091
10881	-2	4	45095
10882	-2	4	45099
10883	-2	4	45103
10884	-2	4	45107
10885	-2	4	45111
10886	-2	4	45115
10887	-2	4	45119
10888	-2	4	45123
10889	-2	4	45127
10890	-2	4	45131
10891	-2	4	45135
10892	-2	4	45139
10893	-2	4	45143
10894	-2	4	45147
10895	-2	4	45151
10896	-4	6	45157
10897	-2	4	45161
10898	-2	4	45165
10899	-2	4	45169
10900	-2	4	45173
10901	-2	4	45177
10902	-2	4	45181
10903	-2	4	45185
10904	-2	4	45189
10905	-2	4	45193
10906	-2	4	45197
10907	-2	4	45201
10908	-2	4	45205
10909	-2	4	45209
10910	-2	4	45213
10911	-2	4	45217
10912	-2	4	45221
10913	-4	6	45227
10914	-2	4	45231
10915	-2	4	45235
10916	-2	4	45239
10917	-2	4	45243
10918	-2	4	45247
10919	-2	4	45251
10920	-2	4	45255
10921	-2	4	45259
10922	-2	4	45263
10923	-2	4	45267
10924	-2	4	45271
10925	-2	4	45275
10926	-2	4	45279
10927	-2	4	45283
10928	-2	4	45287
10929	-2	4	45291
10930	-2	4	45295
10931	-2	4	45299
10932	-2	4	45303
10933	-2	4	45307
10934	-6	8	45315
10935	-2	4	45319
10936	-2	4	45323
10937	-2	4	45327
10938	-2	4	45331
10939	-2	4	45335
10940	-2	4	45339
10941	-2	4	45343
10942	-2	4	45347
10943	-2	4	45351
10944	-2	4	45355
10945	-2	4	45359
10946	-2	4	45363
10947	-2	4	45367
10948	-2	4	45371
10949	-2	4	45375
10950	-2	4	45379
10951	-2	4	45383
10952	-2	4	45387
10953	-2	4	45391
10954	-2	4	45395
10955	-2	4	45399
10956	-2	4	45403
10957	-2	4	45407
10958	-2	4	45411
10959	-2	4	45415
10960	-2	4	45419
10961	-2	4	45423
10962	-2	4	45427
10963	-2	4	45431
10964	-2	4	45435
10965	-2	4	45439
10966	-2	4	45443
10967	-2	4	45447
10968	-2	4	45451
10969	-2	4	45455
10970	-2	4	45459
10971	-2	4	45463
10972	-2	4	45467
10973	-2	4	45471
10974	-2	4	45475
10975	-2	4	45479
10976	-2	4	45483
10977	-2	4	45487
10978	-2	4	45491
10979	-2	4	45495
10980	-2	4	45499
10981	-2	4	45503
10982	-2	4	45507
10983	-2	4	45511
10984	-2	4	45515
10985	-2	4	45519
10986	-2	4	45523
10987	-2	4	45527
10988	-2	4	45531
10989	-2	4	45535
10990	-2	4	45539
10991	-2	4	45543
10992	-2	4	45547
10993	-2	4	45551
10994	-2	4	45555
10995	-2	4	45559
10996	-2	4	45563
10997	-2	4	45567
10998	-2	4	45571
10999	-2	4	45575
11000	-2	4	45579
11001	-2	4	45583
11002	-4	6	45589
11003	-2	4	45593
11004	-2	4	45597
11005	-2	4	45601
11006	-2	4	45605
11007	-4	6	45611
11008	-2	4	45615
11009	-2	4	45619
11010	-2	4	45623
11011	-2	4	45627
11012	-2	4	45631
11013	-2	4	45635
11014	-2	4	45639
11015	-2	4	45643
11016	-3	5	45648
11017	-2	4	45652
11018	-4	6	45658
11019	-2	4	45662
11020	-2	4	45666
11021	-2	4	45670
11022	-4	6	45676
11023	-2	4	45680
11024	-2	4	45684
11025	-2	4	45688
11026	-2	4	45692
11027	-2	4	45696
11028	-2	4	45700
11029	-4	6	45706
11030	-4	6	45712
11031	-2	4	45716
11032	-5	7	45723
11033	-2	4	45727
11034	-4	6	45733
11035	-2	4	45737
11036	-2	4	45741
11037	-2	4	45745
11038	-2	4	45749
11039	-2	4	45753
11040	-2	4	45757
11041	-2	4	45761
11042	-2	4	45765
11043	-2	4	45769
11044	-2	4	45773
11045	-2	4	45777
11046	-2	4	45781
11047	-2	4	45785
11048	-4	6	45791
11049	-2	4	45795
11050	-2	4	45799
11051	-2	4	45803
11052	-2	4	45807
11053	-2	4	45811
11054	-2	4	45815
11055	-2	4	45819
11056	-2	4	45823
11057	-2	4	45827
11058	-2	4	45831
11059	-6	8	45839
11060	-2	4	45843
11061	-2	4	45847
11062	-2	4	45851
11063	-2	4	45855
11064	-2	4	45859
11065	-2	4	45863
11066	-2	4	45867
11067	-2	4	45871
11068	-2	4	45875
11069	-2	4	45879
11070	-2	4	45883
11071	-2	4	45887
11072	-2	4	45891
11073	-2	4	45895
11074	-5	7	45902
11075	-2	4	45906
11076	-2	4	45910
11077	-2	4	45914
11078	-2	4	45918
11079	-2	4	45922
11080	-2	4	45926
11081	-2	4	45930
11082	-2	4	45934
11083	-2	4	45938
11084	-2	4	45942
11085	-2	4	45946
11086	-2	4	45950
11087	-2	4	45954
11088	-2	4	45958
11089	-3	5	45963
11090	-2	4	45967
11091	-2	4	45971
11092	-3	5	45976
11093	-2	4	45980
11094	-2	4	45984
11095	-2	4	45988
11096	-2	4	45992
11097	-2	4	45996
11098	-2	4	46000
11099	-2	4	46004
11100	-2	4	46008
11101	-2	4	46012
11102	-2	4	46016
11103	-4	6	46022
11104	-2	4	46026
11105	-2	4	46030
11106	-2	4	46034
11107	-2	4	46038
11108	-3	5	46043
11109	-2	4	46047
11110	-2	4	46051
11111	-2	4	46055
11112	-2	4	46059
11113	-2	4	46063
11114	-2	4	46067
11115	-2	4	46071
11116	-5	7	46078
11117	-2	4	46082
11118	-2	4	46086
11119	-2	4	46090
11120	-2	4	46094
11121	-2	4	46098
11122	-2	4	46102
11123	-2	4	46106
11124	-2	4	46110
11125	-2	4	46114
11126	-2	4	46118
11127	-2	4	46122
11128	-2	4	46126
11129	-2	4	46130
11130	-2	4	46134
11131	-2	4	46138
11132	-2	4	46142
11133	-2	4	46146
11134	-2	4	46150
11135	-2	4	46154
11136	-2	4	46158
11137	-2	4	46162
11138	-2	4	46166
11139	-4	6	46172
11140	-2	4	46176
11141	-2	4	46180
11142	-2	4	46184
11143	-2	4	46188
11144	-2	4	46192
11145	-2	4	46196
11146	-2	4	46200
11147	-2	4	46204
11148	-2	4	46208
11149	-2	4	46212
11150	-2	4	46216
11151	-2	4	46220
11152	-2	4	46224
11153	-2	4	46228
11154	-2	4	46232
11155	-2	4	46236
11156	-2	4	46240
11157	-6	8	46248
11158	-2	4	46252
11159	-2	4	46256
11160	-2	4	46260
11161	-2	4	46264
11162	-2	4	46268
11163	-2	4	46272
11164	-2	4	46276
11165	-2	4	46280
11166	-3	5	46285
11167	-2	4	46289
11168	-2	4	46293
11169	-2	4	46297
11170	-2	4	46301
11171	-2	4	46305
11172	-2	4	46309
11173	-2	4	46313
11174	-2	4	46317
11175	-2	4	46321
11176	-2	4	46325
11177	-2	4	46329
11178	-2	4	46333
11179	-2	4	46337
11180	-2	4	46341
11181	-2	4	46345
11182	-2	4	46349
11183	-2	4	46353
11184	-2	4	46357
11185	-2	4	46361
11186	-2	4	46365
11187	-2	4	46369
11188	-3	5	46374
11189	-2	4	46378
11190	-2	4	46382
11191	-2	4	46386
11192	-2	4	46390
11193	-2	4	46394
11194	-2	4	46398
11195	-2	4	46402
11196	-2	4	46406
11197	-2	4	46410
11198	-2	4	46414
11199	-2	4	46418
11200	-2	4	46422
11201	-2	4	46426
11202	-2	4	46430
11203	-2	4	46434
11204	-2	4	46438
11205	-2	4	46442
11206	-2	4	46446
11207	-2	4	46450
11208	-2	4	46454
11209	-2	4	46458
11210	-2	4	46462
11211	-2	4	46466
11212	-2	4	46470
11213	-2	4	46474
11214	-3	5	46479
11215	-4	6	46485
11216	-2	4	46489
11217	-2	4	46493
11218	-2	4	46497
11219	-2	4	46501
11220	-2	4	46505
11221	-2	4	46509
11222	-2	4	46513
11223	-2	4	46517
11224	-2	4	46521
11225	-2	4	46525
11226	-2	4	46529
11227	-2	4	46533
11228	-2	4	46537
11229	-2	4	46541
11230	-2	4	46545
11231	-2	4	46549
11232	-2	4	46553
11233	-2	4	46557
11234	-2	4	46561
11235	-2	4	46565
11236	-2	4	46569
11237	-2	4	46573
11238	-2	4	46577
11239	-2	4	46581
11240	-2	4	46585
11241	-2	4	46589
11242	-3	5	46594
11243	-2	4	46598
11244	-2	4	46602
11245	-2	4	46606
11246	-2	4	46610
11247	-2	4	46614
11248	-2	4	46618
11249	-2	4	46622
11250	-2	4	46626
11251	-2	4	46630
11252	-2	4	46634
11253	-2	4	46638
11254	-2	4	46642
11255	-2	4	46646
11256	-2	4	46650
11257	-2	4	46654
11258	-4	6	46660
11259	-4	6	46666
11260	-2	4	46670
11261	-2	4	46674
11262	-2	4	46678
11263	-2	4	46682
11264	-2	4	46686
11265	-2	4	46690
11266	-2	4	46694
11267	-2	4	46698
11268	-2	4	46702
11269	-2	4	46706
11270	-2	4	46710
11271	-2	4	46714
11272	-2	4	46718
11273	-2	4	46722
11274	-2	4	46726
11275	-2	4	46730
11276	-2	4	46734
11277	-2	4	46738
11278	-2	4	46742
11279	-2	4	46746
11280	-2	4	46750
11281	-2	4	46754
11282	-2	4	46758
11283	-2	4	46762
11284	-2	4	46766
11285	-2	4	46770
11286	-2	4	46774
11287	-2	4	46778
11288	-2	4	46782
11289	-2	4	46786
11290	-2	4	46790
11291	-2	4	46794
11292	-2	4	46798
11293	-2	4	46802
11294	-2	4	46806
11295	-2	4	46810
11296	-2	4	46814
11297	-2	4	46818
11298	-2	4	46822
11299	-2	4	46826
11300	-3	5	46831
11301	-2	4	46835
11302	-2	4	46839
11303	-2	4	46843
11304	-2	4	46847
11305	-2	4	46851
11306	-2	4	46855
11307	-2	4	46859
11308	-3	5	46864
11309	-2	4	46868
11310	-2	4	46872
11311	-2	4	46876
11312	-2	4	46880
11313	-2	4	46884
11314	-2	4	46888
11315	-2	4	46892
11316	-2	4	46896
11317	-2	4	46900
11318	-2	4	46904
11319	-2	4	46908
11320	-2	4	46912
11321	-2	4	46916
11322	-2	4	46920
11323	-4	6	46926
11324	-2	4	46930
11325	-2	4	46934
11326	-2	4	46938
11327	-2	4	46942
11328	-2	4	46946
11329	-2	4	46950
11330	-2	4	46954
11331	-2	4	46958
11332	-2	4	46962
11333	-2	4	46966
11334	-2	4	46970
11335	-2	4	46974
11336	-2	4	46978
11337	-2	4	46982
11338	-2	4	46986
11339	-2	4	46990
11340	-2	4	46994
11341	-2	4	46998
11342	-2	4	47002
11343	-2	4	47006
11344	-2	4	47010
11345	-2	4	47014
11346	-2	4	47018
11347	-2	4	47022
11348	-2	4	47026
11349	-2	4	47030
11350	-2	4	47034
11351	-2	4	47038
11352	-2	4	47042
11353	-2	4	47046
11354	-2	4	47050
11355	-2	4	47054
11356	-2	4	47058
11357	-2	4	47062
11358	-2	4	47066
11359	-2	4	47070
11360	-2	4	47074
11361	-2	4	47078
11362	-2	4	47082
11363	-2	4	47086
11364	-2	4	47090
11365	-2	4	47094
11366	-2	4	47098
11367	-2	4	47102
11368	-2	4	47106
11369	-2	4	47110
11370	-2	4	47114
11371	-2	4	47118
11372	-2	4	47122
11373	-2	4	47126
11374	-2	4	47130
11375	-2	4	47134
11376	-2	4	47138
11377	-2	4	47142
11378	-2	4	47146
11379	-2	4	47150
11380	-2	4	47154
11381	-2	4	47158
11382	-2	4	47162
11383	-2	4	47166
11384	-2	4	47170
11385	-2	4	47174
11386	-2	4	47178
11387	-2	4	47182
11388	-2	4	47186
11389	-2	4	47190
11390	-2	4	47194
11391	-2	4	47198
11392	-2	4	47202
11393	-2	4	47206
11394	-2	4	47210
11395	-2	4	47214
11396	-2	4	47218
11397	-2	4	47222
11398	-2	4	47226
11399	-2	4	47230
11400	-2	4	47234
11401	-4	6	47240
11402	-3	5	47245
11403	-2	4	47249
11404	-2	4	47253
11405	-2	4	47257
11406	-2	4	47261
11407	-2	4	47265
11408	-2	4	47269
11409	-2	4	47273
11410	-2	4	47277
11411	-2	4	47281
11412	-2	4	47285
11413	-2	4	47289
11414	-2	4	47293
11415	-2	4	47297
11416	-2	4	47301
11417	-2	4	47305
11418	-2	4	47309
11419	-2	4	47313
11420	-2	4	47317
11421	-2	4	47321
11422	-2	4	47325
11423	-2	4	47329
11424	-2	4	47333
11425	-2	4	47337
11426	-2	4	47341
11427	-2	4	47345
11428	-2	4	47349
11429	-2	4	47353
11430	-2	4	47357
11431	-2	4	47361
11432	-2	4	47365
11433	-2	4	47369
11434	-4	6	47375
11435	-2	4	47379
11436	-2	4	47383
11437	-4	6	47389
11438	-2	4	47393
11439	-2	4	47397
11440	-2	4	47401
11441	-2	4	47405
11442	-2	4	47409
11443	-2	4	47413
11444	-2	4	47417
11445	-2	4	47421
11446	-2	4	47425
11447	-2	4	47429
11448	-2	4	47433
11449	-2	4	47437
11450	-2	4	47441
11451	-2	4	47445
11452	-2	4	47449
11453	-2	4	47453
11454	-2	4	47457
11455	-2	4	47461
11456	-2	4	47465
11457	-2	4	47469
11458	-2	4	47473
11459	-2	4	47477
11460	-4	6	47483
11461	-2	4	47487
11462	-2	4	47491
11463	-2	4	47495
11464	-2	4	47499
11465	-2	4	47503
11466	-2	4	47507
11467	-2	4	47511
11468	-2	4	47515
11469	-2	4	47519
11470	-2	4	47523
11471	-2	4	47527
11472	-2	4	47531
11473	-2	4	47535
11474	-2	4	47539
11475	-2	4	47543
11476	-2	4	47547
11477	-2	4	47551
11478	-2	4	47555
11479	-2	4	47559
11480	-2	4	47563
11481	-2	4	47567
11482	-2	4	47571
11483	-4	6	47577
11484	-2	4	47581
11485	-4	6	47587
11486	-2	4	47591
11487	-2	4	47595
11488	-2	4	47599
11489	-3	5	47604
11490	-2	4	47608
11491	-2	4	47612
11492	-2	4	47616
11493	-2	4	47620
11494	-2	4	47624
11495	-2	4	47628
11496	-2	4	47632
11497	-2	4	47636
11498	-2	4	47640
11499	-2	4	47644
11500	-2	4	47648
11501	-2	4	47652
11502	-2	4	47656
11503	-2	4	47660
11504	-2	4	47664
11505	-2	4	47668
11506	-2	4	47672
11507	-2	4	47676
11508	-2	4	47680
11509	-2	4	47684
11510	-2	4	47688
11511	-2	4	47692
11512	-2	4	47696
11513	-2	4	47700
11514	-2	4	47704
11515	-2	4	47708
11516	-2	4	47712
11517	-2	4	47716
11518	-2	4	47720
11519	-2	4	47724
11520	-2	4	47728
11521	-2	4	47732
11522	-4	6	47738
11523	-2	4	47742
11524	-2	4	47746
11525	-2	4	47750
11526	-2	4	47754
11527	-2	4	47758
11528	-2	4	47762
11529	-2	4	47766
11530	-4	6	47772
11531	-2	4	47776
11532	-2	4	47780
11533	-2	4	47784
11534	-2	4	47788
11535	-2	4	47792
11536	-2	4	47796
11537	-2	4	47800
11538	-4	6	47806
11539	-2	4	47810
11540	-2	4	47814
11541	-2	4	47818
11542	-2	4	47822
11543	-2	4	47826
11544	-2	4	47830
11545	-2	4	47834
11546	-2	4	47838
11547	-2	4	47842
11548	-2	4	47846
11549	-2	4	47850
11550	-2	4	47854
11551	-2	4	47858
11552	-2	4	47862
11553	-2	4	47866
11554	-2	4	47870
11555	-2	4	47874
11556	-4	6	47880
11557	-2	4	47884
11558	-2	4	47888
11559	-2	4	47892
11560	-2	4	47896
11561	-2	4	47900
11562	-2	4	47904
11563	-3	5	47909
11564	-2	4	47913
11565	-2	4	47917
11566	-2	4	47921
11567	-2	4	47925
11568	-2	4	47929
11569	-2	4	47933
11570	-2	4	47937
11571	-2	4	47941
11572	-2	4	47945
11573	-2	4	47949
11574	-2	4	47953
11575	-2	4	47957
11576	-2	4	47961
11577	-2	4	47965
11578	-2	4	47969
11579	-2	4	47973
11580	-2	4	47977
11581	-2	4	47981
11582	-2	4	47985
11583	-2	4	47989
11584	-2	4	47993
11585	-4	6	47999
11586	-2	4	48003
11587	-4	6	48009
11588	-2	4	48013
11589	-2	4	48017
11590	-2	4	48021
11591	-2	4	48025
11592	-2	4	48029
11593	-2	4	48033
11594	-2	4	48037
11595	-2	4	48041
11596	-2	4	48045
11597	-2	4	48049
11598	-2	4	48053
11599	-2	4	48057
11600	-4	6	48063
11601	-2	4	48067
11602	-2	4	48071
11603	-2	4	48075
11604	-2	4	48079
11605	-2	4	48083
11606	-2	4	48087
11607	-2	4	48091
11608	-2	4	48095
11609	-2	4	48099
11610	-2	4	48103
11611	-2	4	48107
11612	-2	4	48111
11613	-2	4	48115
11614	-4	6	48121
11615	-2	4	48125
11616	-2	4	48129
11617	-2	4	48133
11618	-2	4	48137
11619	-2	4	48141
11620	-4	6	48147
11621	-2	4	48151
11622	-2	4	48155
11623	-2	4	48159
11624	-2	4	48163
11625	-2	4	48167
11626	-2	4	48171
11627	-2	4	48175
11628	-2	4	48179
11629	-2	4	48183
11630	-4	6	48189
11631	-2	4	48193
11632	-3	5	48198
11633	-2	4	48202
11634	-2	4	48206
11635	-2	4	48210
11636	-3	5	48215
11637	-2	4	48219
11638	-2	4	48223
11639	-2	4	48227
11640	-2	4	48231
11641	-2	4	48235
11642	-2	4	48239
11643	-3	5	48244
11644	-2	4	48248
11645	-2	4	48252
11646	-2	4	48256
11647	-4	6	48262
11648	-2	4	48266
11649	-2	4	48270
11650	-2	4	48274
11651	-3	5	48279
11652	-2	4	48283
11653	-2	4	48287
11654	-2	4	48291
11655	-5	7	48298
11656	-2	4	48302
11657	-2	4	48306
11658	-2	4	48310
11659	-2	4	48314
11660	-2	4	48318
11661	-2	4	48322
11662	-2	4	48326
11663	-2	4	48330
11664	-2	4	48334
11665	-2	4	48338
11666	-2	4	48342
11667	-2	4	48346
11668	-4	6	48352
11669	-2	4	48356
11670	-2	4	48360
11671	-2	4	48364
11672	-2	4	48368
11673	-2	4	48372
11674	-2	4	48376
11675	-2	4	48380
11676	-2	4	48384
11677	-2	4	48388
11678	-2	4	48392
11679	-2	4	48396
11680	-2	4	48400
11681	-4	6	48406
11682	-2	4	48410
11683	-2	4	48414
11684	-2	4	48418
11685	-2	4	48422
11686	-2	4	48426
11687	-4	6	48432
11688	-2	4	48436
11689	-2	4	48440
11690	-4	6	48446
11691	-2	4	48450
11692	-2	4	48454
11693	-2	4	48458
11694	-2	4	48462
11695	-2	4	48466
11696	-2	4	48470
11697	-2	4	48474
11698	-2	4	48478
11699	-2	4	48482
11700	-2	4	48486
11701	-2	4	48490
11702	-2	4	48494
11703	-2	4	48498
11704	-2	4	48502
11705	-2	4	48506
11706	-2	4	48510
11707	-4	6	48516
11708	-2	4	48520
11709	-2	4	48524
11710	-2	4	48528
11711	-2	4	48532
11712	-2	4	48536
11713	-2	4	48540
11714	-2	4	48544
11715	-2	4	48548
11716	-2	4	48552
11717	-2	4	48556
11718	-2	4	48560
11719	-2	4	48564
11720	-2	4	48568
11721	-2	4	48572
11722	-2	4	48576
11723	-2	4	48580
11724	-2	4	48584
11725	-4	6	48590
11726	-2	4	48594
11727	-2	4	48598
11728	-2	4	48602
11729	-2	4	48606
11730	-2	4	48610
11731	-2	4	48614
11732	-2	4	48618
11733	-2	4	48622
11734	-2	4	48626
11735	-2	4	48630
11736	-2	4	48634
11737	-2	4	48638
11738	-2	4	48642
11739	-2	4	48646
11740	-2	4	48650
11741	-2	4	48654
11742	-2	4	48658
11743	-2	4	48662
11744	-2	4	48666
11745	-2	4	48670
11746	-2	4	48674
11747	-2	4	48678
11748	-4	6	48684
11749	-2	4	48688
11750	-2	4	48692
11751	-2	4	48696
11752	-2	4	48700
11753	-2	4	48704
11754	-4	6	48710
11755	-2	4	48714
11756	-2	4	48718
11757	-2	4	48722
11758	-2	4	48726
11759	-2	4	48730
11760	-3	5	48735
11761	-2	4	48739
11762	-2	4	48743
11763	-2	4	48747
11764	-2	4	48751
11765	-2	4	48755
11766	-2	4	48759
11767	-2	4	48763
11768	-2	4	48767
11769	-2	4	48771
11770	-2	4	48775
11771	-2	4	48779
11772	-2	4	48783
11773	-4	6	48789
11774	-2	4	48793
11775	-2	4	48797
11776	-2	4	48801
11777	-2	4	48805
11778	-2	4	48809
11779	-2	4	48813
11780	-2	4	48817
11781	-2	4	48821
11782	-2	4	48825
11783	-2	4	48829
11784	-2	4	48833
11785	-2	4	48837
11786	-2	4	48841
11787	-2	4	48845
11788	-2	4	48849
11789	-2	4	48853
11790	-2	4	48857
11791	-2	4	48861
11792	-2	4	48865
11793	-2	4	48869
11794	-2	4	48873
11795	-2	4	48877
11796	-2	4	48881
11797	-2	4	48885
11798	-2	4	48889
11799	-2	4	48893
11800	-2	4	48897
11801	-2	4	48901
11802	-2	4	48905
11803	-2	4	48909
11804	-2	4	48913
11805	-2	4	48917
11806	-2	4	48921
11807	-2	4	48925
11808	-2	4	48929
11809	-2	4	48933
11810	-2	4	48937
11811	-2	4	48941
11812	-2	4	48945
11813	-2	4	48949
11814	-2	4	48953
11815	-3	5	48958
11816	-4	6	48964
11817	-2	4	48968
11818	-2	4	48972
11819	-2	4	48976
11820	-2	4	48980
11821	-2	4	48984
11822	-2	4	48988
11823	-2	4	48992
11824	-2	4	48996
11825	-2	4	49000
11826	-2	4	49004
11827	-2	4	49008
11828	-2	4	49012
11829	-2	4	49016
11830	-2	4	49020
11831	-2	4	49024
11832	-2	4	49028
11833	-3	5	49033
11834	-2	4	49037
11835	-2	4	49041
11836	-2	4	49045
11837	-2	4	49049
11838	-3	5	49054
11839	-2	4	49058
11840	-2	4	49062
11841	-2	4	49066
11842	-2	4	49070
11843	-2	4	49074
11844	-2	4	49078
11845	-2	4	49082
11846	-2	4	49086
11847	-2	4	49090
11848	-2	4	49094
11849	-2	4	49098
11850	-2	4	49102
11851	-2	4	49106
11852	-2	4	49110
11853	-2	4	49114
11854	-2	4	49118
11855	-2	4	49122
11856	-2	4	49126
11857	-2	4	49130
11858	-2	4	49134
11859	-2	4	49138
11860	-2	4	49142
11861	-2	4	49146
11862	-2	4	49150
11863	-2	4	49154
11864	-2	4	49158
11865	-2	4	49162
11866	-2	4	49166
11867	-2	4	49170
11868	-2	4	49174
11869	-2	4	49178
11870	-2	4	49182
11871	-2	4	49186
11872	-2	4	49190
11873	-2	4	49194
11874	-2	4	49198
11875	-2	4	49202
11876	-2	4	49206
11877	-2	4	49210
11878	-2	4	49214
11879	-2	4	49218
11880	-4	6	49224
11881	-3	5	49229
11882	-2	4	49233
11883	-2	4	49237
11884	-2	4	49241
11885	-2	4	49245
11886	-2	4	49249
11887	-3	5	49254
11888	-2	4	49258
11889	-2	4	49262
11890	-2	4	49266
11891	-2	4	49270
11892	-2	4	49274
11893	-2	4	49278
11894	-2	4	49282
11895	-2	4	49286
11896	-2	4	49290
11897	-3	5	49295
11898	-2	4	49299
11899	-4	6	49305
11900	-2	4	49309
11901	-2	4	49313
11902	-2	4	49317
11903	-2	4	49321
11904	-2	4	49325
11905	-2	4	49329
11906	-2	4	49333
11907	-2	4	49337
11908	-2	4	49341
11909	-2	4	49345
11910	-2	4	49349
11911	-2	4	49353
11912	-2	4	49357
11913	-2	4	49361
11914	-4	6	49367
11915	-2	4	49371
11916	-2	4	49375
11917	-2	4	49379
11918	-2	4	49383
11919	-2	4	49387
11920	-2	4	49391
11921	-2	4	49395
11922	-2	4	49399
11923	-2	4	49403
11924	-2	4	49407
11925	-2	4	49411
11926	-2	4	49415
11927	-2	4	49419
11928	-2	4	49423
11929	-4	6	49429
11930	-4	6	49435
11931	-2	4	49439
11932	-2	4	49443
11933	-2	4	49447
11934	-2	4	49451
11935	-2	4	49455
11936	-2	4	49459
11937	-2	4	49463
11938	-2	4	49467
11939	-2	4	49471
11940	-2	4	49475
11941	-2	4	49479
11942	-2	4	49483
11943	-2	4	49487
11944	-2	4	49491
11945	-2	4	49495
11946	-2	4	49499
11947	-2	4	49503
11948	-4	6	49509
11949	-2	4	49513
11950	-2	4	49517
11951	-2	4	49521
11952	-2	4	49525
11953	-2	4	49529
11954	-2	4	49533
11955	-2	4	49537
11956	-2	4	49541
11957	-2	4	49545
11958	-2	4	49549
11959	-2	4	49553
11960	-2	4	49557
11961	-2	4	49561
11962	-3	5	49566
11963	-2	4	49570
11964	-2	4	49574
11965	-2	4	49578
11966	-2	4	49582
11967	-2	4	49586
11968	-2	4	49590
11969	-2	4	49594
11970	-2	4	49598
11971	-2	4	49602
11972	-2	4	49606
11973	-2	4	49610
11974	-2	4	49614
11975	-2	4	49618
11976	-2	4	49622
11977	-2	4	49626
11978	-4	6	49632
11979	-2	4	49636
11980	-2	4	49640
11981	-2	4	49644
11982	-2	4	49648
11983	-2	4	49652
11984	-2	4	49656
11985	-2	4	49660
11986	-2	4	49664
11987	-2	4	49668
11988	-2	4	49672
11989	-2	4	49676
11990	-2	4	49680
11991	-2	4	49684
11992	-2	4	49688
11993	-2	4	49692
11994	-2	4	49696
11995	-2	4	49700
11996	-2	4	49704
11997	-2	4	49708
11998	-2	4	49712
11999	-2	4	49716
12000	-2	4	49720
12001	-2	4	49724
12002	-2	4	49728
12003	-2	4	49732
12004	-2	4	49736
12005	-2	4	49740
12006	-4	6	49746
12007	-2	4	49750
12008	-6	8	49758
12009	-2	4	49762
12010	-2	4	49766
12011	-4	6	49772
12012	-2	4	49776
12013	-2	4	49780
12014	-2	4	49784
12015	-2	4	49788
12016	-2	4	49792
12017	-2	4	49796
12018	-2	4	49800
12019	-2	4	49804
12020	-2	4	49808
12021	-2	4	49812
12022	-2	4	49816
12023	-2	4	49820
12024	-2	4	49824
12025	-2	4	49828
12026	-2	4	49832
12027	-2	4	49836
12028	-2	4	49840
12029	-2	4	49844
12030	-2	4	49848
12031	-2	4	49852
12032	-2	4	49856
12033	-2	4	49860
12034	-2	4	49864
12035	-2	4	49868
12036	-3	5	49873
12037	-2	4	49877
12038	-2	4	49881
12039	-2	4	49885
12040	-2	4	49889
12041	-2	4	49893
12042	-2	4	49897
12043	-2	4	49901
12044	-2	4	49905
12045	-2	4	49909
12046	-2	4	49913
12047	-2	4	49917
12048	-2	4	49921
12049	-2	4	49925
12050	-4	6	49931
12051	-2	4	49935
12052	-2	4	49939
12053	-2	4	49943
12054	-2	4	49947
12055	-2	4	49951
12056	-2	4	49955
12057	-2	4	49959
12058	-2	4	49963
12059	-2	4	49967
12060	-2	4	49971
12061	-2	4	49975
12062	-2	4	49979
12063	-2	4	49983
12064	-2	4	49987
12065	-2	4	49991
12066	-2	4	49995
12067	-2	4	49999
12068	-2	4	50003
12069	-2	4	50007
12070	-2	4	50011
12071	-2	4	50015
12072	-2	4	50019
12073	-2	4	50023
12074	-2	4	50027
12075	-2	4	50031
12076	-2	4	50035
12077	-2	4	50039
12078	-2	4	50043
12079	-2	4	50047
12080	-2	4	50051
12081	-2	4	50055
12082	-2	4	50059
12083	-2	4	50063
12084	-2	4	50067
12085	-4	6	50073
12086	-2	4	50077
12087	-2	4	50081
12088	-2	4	50085
12089	-2	4	50089
12090	-3	5	50094
12091	-2	4	50098
12092	-2	4	50102
12093	-2	4	50106
12094	-2	4	50110
12095	-2	4	50114
12096	-2	4	50118
12097	-2	4	50122
12098	-2	4	50126
12099	-2	4	50130
12100	-2	4	50134
12101	-2	4	50138
12102	-2	4	50142
12103	-2	4	50146
12104	-2	4	50150
12105	-2	4	50154
12106	-2	4	50158
12107	-2	4	50162
12108	-2	4	50166
12109	-2	4	50170
12110	-2	4	50174
12111	-2	4	50178
12112	-2	4	50182
12113	-2	4	50186
12114	-2	4	50190
12115	-2	4	50194
12116	-2	4	50198
12117	-2	4	50202
12118	-2	4	50206
12119	-2	4	50210
12120	-2	4	50214
12121	-2	4	50218
12122	-2	4	50222
12123	-2	4	50226
12124	-2	4	50230
12125	-2	4	50234
12126	-2	4	50238
12127	-2	4	50242
12128	-2	4	50246
12129	-2	4	50250
12130	-2	4	50254
12131	-2	4	50258
12132	-2	4	50262
12133	-2	4	50266
12134	-2	4	50270
12135	-2	4	50274
12136	-2	4	50278
12137	-4	6	50284
12138	-2	4	50288
12139	-2	4	50292
12140	-2	4	50296
12141	-2	4	50300
12142	-2	4	50304
12143	-2	4	50308
12144	-2	4	50312
12145	-2	4	50316
12146	-2	4	50320
12147	-2	4	50324
12148	-2	4	50328
12149	-2	4	50332
12150	-2	4	50336
12151	-2	4	50340
12152	-6	8	50348
12153	-2	4	50352
12154	-2	4	50356
12155	-2	4	50360
12156	-4	6	50366
12157	-2	4	50370
12158	-2	4	50374
12159	-2	4	50378
12160	-2	4	50382
12161	-2	4	50386
12162	-2	4	50390
12163	-2	4	50394
12164	-2	4	50398
12165	-2	4	50402
12166	-2	4	50406
12167	-2	4	50410
12168	-2	4	50414
12169	-4	6	50420
12170	-2	4	50424
12171	-2	4	50428
12172	-2	4	50432
12173	-3	5	50437
12174	-2	4	50441
12175	-2	4	50445
12176	-2	4	50449
12177	-2	4	50453
12178	-2	4	50457
12179	-2	4	50461
12180	-2	4	50465
12181	-2	4	50469
12182	-2	4	50473
12183	-2	4	50477
12184	-2	4	50481
12185	-2	4	50485
12186	-2	4	50489
12187	-2	4	50493
12188	-2	4	50497
12189	-2	4	50501
12190	-2	4	50505
12191	-4	6	50511
12192	-2	4	50515
12193	-2	4	50519
12194	-2	4	50523
12195	-2	4	50527
12196	-2	4	50531
12197	-2	4	50535
12198	-2	4	50539
12199	-2	4	50543
12200	-2	4	50547
12201	-2	4	50551
12202	-2	4	50555
12203	-2	4	50559
12204	-2	4	50563
12205	-2	4	50567
12206	-2	4	50571
12207	-2	4	50575
12208	-2	4	50579
12209	-2	4	50583
12210	-2	4	50587
12211	-2	4	50591
12212	-2	4	50595
12213	-2	4	50599
12214	-2	4	50603
12215	-2	4	50607
12216	-2	4	50611
12217	-2	4	50615
12218	-2	4	50619
12219	-2	4	50623
12220	-2	4	50627
12221	-2	4	50631
12222	-2	4	50635
12223	-2	4	50639
12224	-2	4	50643
12225	-2	4	50647
12226	-2	4	50651
12227	-2	4	50655
12228	-2	4	50659
12229	-2	4	50663
12230	-2	4	50667
12231	-2	4	50671
12232	-2	4	50675
12233	-2	4	50679
12234	-2	4	50683
12235	-2	4	50687
12236	-2	4	50691
12237	-2	4	50695
12238	-2	4	50699
12239	-2	4	50703
12240	-2	4	50707
12241	-3	5	50712
12242	-2	4	50716
12243	-2	4	50720
12244	-2	4	50724
12245	-2	4	50728
12246	-2	4	50732
12247	-2	4	50736
12248	-2	4	50740
12249	-2	4	50744
12250	-2	4	50748
12251	-2	4	50752
12252	-2	4	50756
12253	-2	4	50760
12254	-2	4	50764
12255	-2	4	50768
12256	-2	4	50772
12257	-2	4	50776
12258	-2	4	50780
12259	-2	4	50784
12260	-3	5	50789
12261	-4	6	50795
12262	-4	6	50801
12263	-2	4	50805
12264	-2	4	50809
12265	-2	4	50813
12266	-2	4	50817
12267	-2	4	50821
12268	-2	4	50825
12269	-2	4	50829
12270	-2	4	50833
12271	-2	4	50837
12272	-2	4	50841
12273	-3	5	50846
12274	-2	4	50850
12275	-2	4	50854
12276	-2	4	50858
12277	-2	4	50862
12278	-3	5	50867
12279	-3	5	50872
12280	-2	4	50876
12281	-2	4	50880
12282	-2	4	50884
12283	-2	4	50888
12284	-3	5	50893
12285	-2	4	50897
12286	-2	4	50901
12287	-2	4	50905
12288	-2	4	50909
12289	-2	4	50913
12290	-2	4	50917
12291	-2	4	50921
12292	-2	4	50925
12293	-2	4	50929
12294	-2	4	50933
12295	-2	4	50937
12296	-2	4	50941
12297	-2	4	50945
12298	-3	5	50950
12299	-2	4	50954
12300	-2	4	50958
12301	-2	4	50962
12302	-2	4	50966
12303	-2	4	50970
12304	-2	4	50974
12305	-2	4	50978
12306	-2	4	50982
12307	-2	4	50986
12308	-2	4	50990
12309	-2	4	50994
12310	-2	4	50998
12311	-2	4	51002
12312	-2	4	51006
12313	-2	4	51010
12314	-2	4	51014
12315	-2	4	51018
12316	-2	4	51022
12317	-2	4	51026
12318	-2	4	51030
12319	-4	6	51036
12320	-2	4	51040
12321	-4	6	51046
12322	-2	4	51050
12323	-2	4	51054
12324	-2	4	51058
12325	-2	4	51062
12326	-2	4	51066
12327	-4	6	51072
12328	-2	4	51076
12329	-2	4	51080
12330	-2	4	51084
12331	-2	4	51088
12332	-2	4	51092
12333	-2	4	51096
12334	-2	4	51100
12335	-2	4	51104
12336	-2	4	51108
12337	-2	4	51112
12338	-2	4	51116
12339	-2	4	51120
12340	-2	4	51124
12341	-2	4	51128
12342	-4	6	51134
12343	-2	4	51138
12344	-2	4	51142
12345	-2	4	51146
12346	-2	4	51150
12347	-2	4	51154
12348	-2	4	51158
12349	-2	4	51162
12350	-2	4	51166
12351	-2	4	51170
12352	-2	4	51174
12353	-2	4	51178
12354	-2	4	51182
12355	-2	4	51186
12356	-2	4	51190
12357	-2	4	51194
12358	-2	4	51198
12359	-2	4	51202
12360	-3	5	51207
12361	-2	4	51211
12362	-6	8	51219
12363	-2	4	51223
12364	-2	4	51227
12365	-2	4	51231
12366	-2	4	51235
12367	-2	4	51239
12368	-2	4	51243
12369	-2	4	51247
12370	-2	4	51251
12371	-2	4	51255
12372	-2	4	51259
12373	-2	4	51263
12374	-2	4	51267
12375	-4	6	51273
12376	-2	4	51277
12377	-2	4	51281
12378	-2	4	51285
12379	-2	4	51289
12380	-2	4	51293
12381	-2	4	51297
12382	-2	4	51301
12383	-2	4	51305
12384	-2	4	51309
12385	-2	4	51313
12386	-2	4	51317
12387	-2	4	51321
12388	-2	4	51325
12389	-2	4	51329
12390	-2	4	51333
12391	-2	4	51337
12392	-2	4	51341
12393	-2	4	51345
12394	-2	4	51349
12395	-2	4	51353
12396	-2	4	51357
12397	-2	4	51361
12398	-4	6	51367
12399	-2	4	51371
12400	-2	4	51375
12401	-2	4	51379
12402	-2	4	51383
12403	-2	4	51387
12404	-4	6	51393
12405	-2	4	51397
12406	-2	4	51401
12407	-2	4	51405
12408	-2	4	51409
12409	-2	4	51413
12410	-2	4	51417
12411	-2	4	51421
12412	-2	4	51425
12413	-4	6	51431
12414	-2	4	51435
12415	-2	4	51439
12416	-3	5	51444
12417	-2	4	51448
12418	-2	4	51452
12419	-2	4	51456
12420	-2	4	51460
12421	-2	4	51464
12422	-2	4	51468
12423	-2	4	51472
12424	-2	4	51476
12425	-2	4	51480
12426	-2	4	51484
12427	-2	4	51488
12428	-2	4	51492
12429	-2	4	51496
12430	-2	4	51500
12431	-2	4	51504
12432	-2	4	51508
12433	-2	4	51512
12434	-2	4	51516
12435	-2	4	51520
12436	-2	4	51524
12437	-2	4	51528
12438	-2	4	51532
12439	-2	4	51536
12440	-2	4	51540
12441	-2	4	51544
12442	-2	4	51548
12443	-2	4	51552
12444	-2	4	51556
12445	-2	4	51560
12446	-3	5	51565
12447	-2	4	51569
12448	-2	4	51573
12449	-2	4	51577
12450	-2	4	51581
12451	-2	4	51585
12452	-2	4	51589
12453	-2	4	51593
12454	-2	4	51597
12455	-2	4	51601
12456	-2	4	51605
12457	-2	4	51609
12458	-2	4	51613
12459	-2	4	51617
12460	-2	4	51621
12461	-2	4	51625
12462	-2	4	51629
12463	-4	6	51635
12464	-2	4	51639
12465	-2	4	51643
12466	-2	4	51647
12467	-2	4	51651
12468	-2	4	51655
12469	-2	4	51659
12470	-2	4	51663
12471	-2	4	51667
12472	-2	4	51671
12473	-2	4	51675
12474	-2	4	51679
12475	-2	4	51683
12476	-2	4	51687
12477	-2	4	51691
12478	-2	4	51695
12479	-2	4	51699
12480	-2	4	51703
12481	-2	4	51707
12482	-4	6	51713
12483	-2	4	51717
12484	-2	4	51721
12485	-2	4	51725
12486	-2	4	51729
12487	-2	4	51733
12488	-2	4	51737
12489	-2	4	51741
12490	-2	4	51745
12491	-2	4	51749
12492	-2	4	51753
12493	-4	6	51759
12494	-2	4	51763
12495	-2	4	51767
12496	-2	4	51771
12497	-2	4	51775
12498	-2	4	51779
12499	-2	4	51783
12500	-2	4	51787
12501	-2	4	51791
12502	-2	4	51795
12503	-4	6	51801
12504	-2	4	51805
12505	-2	4	51809
12506	-2	4	51813
12507	-2	4	51817
12508	-2	4	51821
12509	-2	4	51825
12510	-2	4	51829
12511	-2	4	51833
12512	-4	6	51839
12513	-2	4	51843
12514	-4	6	51849
12515	-2	4	51853
12516	-2	4	51857
12517	-2	4	51861
12518	-2	4	51865
12519	-2	4	51869
12520	-4	6	51875
12521	-2	4	51879
12522	-2	4	51883
12523	-2	4	51887
12524	-2	4	51891
12525	-2	4	51895
12526	-2	4	51899
12527	-2	4	51903
12528	-2	4	51907
12529	-2	4	51911
12530	-2	4	51915
12531	-2	4	51919
12532	-4	6	51925
12533	-2	4	51929
12534	-4	6	51935
12535	-2	4	51939
12536	-2	4	51943
12537	-2	4	51947
12538	-2	4	51951
12539	-2	4	51955
12540	-2	4	51959
12541	-2	4	51963
12542	-2	4	51967
12543	-2	4	51971
12544	-2	4	51975
12545	-2	4	51979
12546	-2	4	51983
12547	-2	4	51987
12548	-2	4	51991
12549	-2	4	51995
12550	-2	4	51999
12551	-2	4	52003
12552	-4	6	52009
12553	-2	4	52013
12554	-2	4	52017
12555	-2	4	52021
12556	-2	4	52025
12557	-2	4	52029
12558	-2	4	52033
12559	-2	4	52037
12560	-2	4	52041
12561	-2	4	52045
12562	-2	4	52049
12563	-2	4	52053
12564	-2	4	52057
12565	-2	4	52061
12566	-2	4	52065
12567	-2	4	52069
12568	-2	4	52073
12569	-2	4	52077
12570	-2	4	52081
12571	-2	4	52085
12572	-2	4	52089
12573	-2	4	52093
12574	-2	4	52097
12575	-3	5	52102
12576	-2	4	52106
12577	-2	4	52110
12578	-2	4	52114
12579	-2	4	52118
12580	-4	6	52124
12581	-2	4	52128
12582	-2	4	52132
12583	-2	4	52136
12584	-2	4	52140
12585	-2	4	52144
12586	-2	4	52148
12587	-2	4	52152
12588	-2	4	52156
12589	-2	4	52160
12590	-2	4	52164
12591	-2	4	52168
12592	-2	4	52172
12593	-2	4	52176
12594	-2	4	52180
12595	-2	4	52184
12596	-2	4	52188
12597	-2	4	52192
12598	-2	4	52196
12599	-2	4	52200
12600	-2	4	52204
12601	-2	4	52208
12602	-2	4	52212
12603	-2	4	52216
12604	-2	4	52220
12605	-2	4	52224
12606	-2	4	52228
12607	-2	4	52232
12608	-2	4	52236
12609	-2	4	52240
12610	-2	4	52244
12611	-2	4	52248
12612	-2	4	52252
12613	-2	4	52256
12614	-2	4	52260
12615	-2	4	52264
12616	-2	4	52268
12617	-2	4	52272
12618	-2	4	52276
12619	-2	4	52280
12620	-2	4	52284
12621	-2	4	52288
12622	-2	4	52292
12623	-2	4	52296
12624	-2	4	52300
12625	-2	4	52304
12626	-2	4	52308
12627	-2	4	52312
12628	-3	5	52317
12629	-2	4	52321
12630	-2	4	52325
12631	-2	4	52329
12632	-2	4	52333
12633	-2	4	52337
12634	-2	4	52341
12635	-3	5	52346
12636	-2	4	52350
12637	-2	4	52354
12638	-2	4	52358
12639	-2	4	52362
12640	-2	4	52366
12641	-2	4	52370
12642	-2	4	52374
12643	-2	4	52378
12644	-2	4	52382
12645	-2	4	52386
12646	-2	4	52390
12647	-2	4	52394
12648	-2	4	52398
12649	-2	4	52402
12650	-4	6	52408
12651	-4	6	52414
12652	-2	4	52418
12653	-2	4	52422
12654	-2	4	52426
12655	-2	4	52430
12656	-2	4	52434
12657	-2	4	52438
12658	-2	4	52442
12659	-2	4	52446
12660	-2	4	52450
12661	-2	4	52454
12662	-2	4	52458
12663	-2	4	52462
12664	-2	4	52466
12665	-3	5	52471
12666	-2	4	52475
12667	-2	4	52479
12668	-2	4	52483
12669	-2	4	52487
12670	-2	4	52491
12671	-2	4	52495
12672	-2	4	52499
12673	-2	4	52503
12674	-2	4	52507
12675	-2	4	52511
12676	-2	4	52515
12677	-2	4	52519
12678	-2	4	52523
12679	-2	4	52527
12680	-4	6	52533
12681	-2	4	52537
12682	-2	4	52541
12683	-4	6	52547
12684	-2	4	52551
12685	-2	4	52555
12686	-2	4	52559
12687	-2	4	52563
12688	-2	4	52567
12689	-2	4	52571
12690	-2	4	52575
12691	-2	4	52579
12692	-2	4	52583
12693	-2	4	52587
12694	-2	4	52591
12695	-3	5	52596
12696	-2	4	52600
12697	-2	4	52604
12698	-2	4	52608
12699	-2	4	52612
12700	-2	4	52616
12701	-2	4	52620
12702	-2	4	52624
12703	-2	4	52628
12704	-2	4	52632
12705	-2	4	52636
12706	-2	4	52640
12707	-2	4	52644
12708	-2	4	52648
12709	-2	4	52652
12710	-2	4	52656
12711	-2	4	52660
12712	-2	4	52664
12713	-2	4	52668
12714	-2	4	52672
12715	-2	4	52676
12716	-2	4	52680
12717	-3	5	52685
12718	-2	4	52689
12719	-2	4	52693
12720	-2	4	52697
12721	-2	4	52701
12722	-2	4	52705
12723	-2	4	52709
12724	-2	4	52713
12725	-2	4	52717
12726	-2	4	52721
12727	-2	4	52725
12728	-2	4	52729
12729	-2	4	52733
12730	-2	4	52737
12731	-6	8	52745
12732	-2	4	52749
12733	-4	6	52755
12734	-2	4	52759
12735	-2	4	52763
12736	-2	4	52767
12737	-2	4	52771
12738	-2	4	52775
12739	-2	4	52779
12740	-2	4	52783
12741	-2	4	52787
12742	-2	4	52791
12743	-2	4	52795
12744	-2	4	52799
12745	-2	4	52803
12746	-2	4	52807
12747	-2	4	52811
12748	-2	4	52815
12749	-2	4	52819
12750	-4	6	52825
12751	-2	4	52829
12752	-2	4	52833
12753	-2	4	52837
12754	-2	4	52841
12755	-2	4	52845
12756	-2	4	52849
12757	-2	4	52853
12758	-2	4	52857
12759	-2	4	52861
12760	-2	4	52865
12761	-2	4	52869
12762	-2	4	52873
12763	-2	4	52877
12764	-2	4	52881
12765	-2	4	52885
12766	-2	4	52889
12767	-2	4	52893
12768	-6	8	52901
12769	-2	4	52905
12770	-2	4	52909
12771	-2	4	52913
12772	-2	4	52917
12773	-2	4	52921
12774	-2	4	52925
12775	-2	4	52929
12776	-2	4	52933
12777	-2	4	52937
12778	-2	4	52941
12779	-2	4	52945
12780	-2	4	52949
12781	-2	4	52953
12782	-2	4	52957
12783	-3	5	52962
12784	-2	4	52966
12785	-3	5	52971
12786	-2	4	52975
12787	-2	4	52979
12788	-2	4	52983
12789	-2	4	52987
12790	-2	4	52991
12791	-2	4	52995
12792	-2	4	52999
12793	-2	4	53003
12794	-2	4	53007
12795	-2	4	53011
12796	-2	4	53015
12797	-2	4	53019
12798	-2	4	53023
12799	-2	4	53027
12800	-2	4	53031
12801	-2	4	53035
12802	-2	4	53039
12803	-2	4	53043
12804	-2	4	53047
12805	-2	4	53051
12806	-2	4	53055
12807	-2	4	53059
12808	-2	4	53063
12809	-2	4	53067
12810	-2	4	53071
12811	-2	4	53075
12812	-2	4	53079
12813	-2	4	53083
12814	-2	4	53087
12815	-2	4	53091
12816	-4	6	53097
12817	-2	4	53101
12818	-4	6	53107
12819	-2	4	53111
12820	-2	4	53115
12821	-2	4	53119
12822	-2	4	53123
12823	-2	4	53127
12824	-2	4	53131
12825	-2	4	53135
12826	-2	4	53139
12827	-2	4	53143
12828	-2	4	53147
12829	-2	4	53151
12830	-2	4	53155
12831	-2	4	53159
12832	-2	4	53163
12833	-2	4	53167
12834	-2	4	53171
12835	-2	4	53175
12836	-2	4	53179
12837	-2	4	53183
12838	-2	4	53187
12839	-2	4	53191
12840	-2	4	53195
12841	-2	4	53199
12842	-2	4	53203
12843	-2	4	53207
12844	-2	4	53211
12845	-3	5	53216
12846	-2	4	53220
12847	-2	4	53224
12848	-2	4	53228
12849	-2	4	53232
12850	-2	4	53236
12851	-2	4	53240
12852	-2	4	53244
12853	-2	4	53248
12854	-4	6	53254
12855	-2	4	53258
12856	-2	4	53262
12857	-2	4	53266
12858	-4	6	53272
12859	-2	4	53276
12860	-2	4	53280
12861	-2	4	53284
12862	-2	4	53288
12863	-2	4	53292
12864	-4	6	53298
12865	-2	4	53302
12866	-2	4	53306
12867	-2	4	53310
12868	-2	4	53314
12869	-2	4	53318
12870	-2	4	53322
12871	-2	4	53326
12872	-2	4	53330
12873	-2	4	53334
12874	-2	4	53338
12875	-2	4	53342
12876	-2	4	53346
12877	-2	4	53350
12878	-2	4	53354
12879	-2	4	53358
12880	-2	4	53362
12881	-3	5	53367
12882	-2	4	53371
12883	-2	4	53375
12884	-3	5	53380
12885	-2	4	53384
12886	-2	4	53388
12887	-2	4	53392
12888	-2	4	53396
12889	-2	4	53400
12890	-2	4	53404
12891	-2	4	53408
12892	-2	4	53412
12893	-2	4	53416
12894	-4	6	53422
12895	-4	6	53428
12896	-2	4	53432
12897	-2	4	53436
12898	-2	4	53440
12899	-2	4	53444
12900	-3	5	53449
12901	-2	4	53453
12902	-2	4	53457
12903	-2	4	53461
12904	-2	4	53465
12905	-2	4	53469
12906	-2	4	53473
12907	-2	4	53477
12908	-5	7	53484
12909	-2	4	53488
12910	-2	4	53492
12911	-2	4	53496
12912	-2	4	53500
12913	-2	4	53504
12914	-2	4	53508
12915	-2	4	53512
12916	-2	4	53516
12917	-2	4	53520
12918	-2	4	53524
12919	-2	4	53528
12920	-2	4	53532
12921	-2	4	53536
12922	-2	4	53540
12923	-2	4	53544
12924	-2	4	53548
12925	-2	4	53552
12926	-2	4	53556
12927	-2	4	53560
12928	-2	4	53564
12929	-2	4	53568
12930	-2	4	53572
12931	-2	4	53576
12932	-2	4	53580
12933	-2	4	53584
12934	-2	4	53588
12935	-2	4	53592
12936	-2	4	53596
12937	-2	4	53600
12938	-2	4	53604
12939	-2	4	53608
12940	-2	4	53612
12941	-2	4	53616
12942	-2	4	53620
12943	-4	6	53626
12944	-2	4	53630
12945	-2	4	53634
12946	-2	4	53638
12947	-2	4	53642
12948	-2	4	53646
12949	-2	4	53650
12950	-3	5	53655
12951	-3	5	53660
12952	-2	4	53664
12953	-2	4	53668
12954	-2	4	53672
12955	-2	4	53676
12956	-2	4	53680
12957	-2	4	53684
12958	-2	4	53688
12959	-2	4	53692
12960	-2	4	53696
12961	-2	4	53700
12962	-2	4	53704
12963	-2	4	53708
12964	-2	4	53712
12965	-2	4	53716
12966	-2	4	53720
12967	-2	4	53724
12968	-2	4	53728
12969	-2	4	53732
12970	-2	4	53736
12971	-2	4	53740
12972	-5	7	53747
12973	-2	4	53751
12974	-2	4	53755
12975	-2	4	53759
12976	-4	6	53765
12977	-2	4	53769
12978	-2	4	53773
12979	-4	6	53779
12980	-2	4	53783
12981	-2	4	53787
12982	-3	5	53792
12983	-2	4	53796
12984	-2	4	53800
12985	-2	4	53804
12986	-2	4	53808
12987	-2	4	53812
12988	-2	4	53816
12989	-4	6	53822
12990	-2	4	53826
12991	-2	4	53830
12992	-2	4	53834
12993	-3	5	53839
12994	-2	4	53843
12995	-2	4	53847
12996	-2	4	53851
12997	-2	4	53855
12998	-2	4	53859
12999	-3	5	53864
13000	-2	4	53868
13001	-2	4	53872
13002	-2	4	53876
13003	-2	4	53880
13004	-4	6	53886
13005	-2	4	53890
13006	-2	4	53894
13007	-2	4	53898
13008	-2	4	53902
13009	-2	4	53906
13010	-2	4	53910
13011	-3	5	53915
13012	-2	4	53919
13013	-2	4	53923
13014	-2	4	53927
13015	-2	4	53931
13016	-2	4	53935
13017	-2	4	53939
13018	-2	4	53943
13019	-2	4	53947
13020	-2	4	53951
13021	-2	4	53955
13022	-2	4	53959
13023	-2	4	53963
13024	-2	4	53967
13025	-2	4	53971
13026	-5	7	53978
13027	-2	4	53982
13028	-2	4	53986
13029	-2	4	53990
13030	-2	4	53994
13031	-2	4	53998
13032	-2	4	54002
13033	-2	4	54006
13034	-2	4	54010
13035	-2	4	54014
13036	-2	4	54018
13037	-2	4	54022
13038	-2	4	54026
13039	-2	4	54030
13040	-2	4	54034
13041	-2	4	54038
13042	-2	4	54042
13043	-2	4	54046
13044	-2	4	54050
13045	-2	4	54054
13046	-2	4	54058
13047	-2	4	54062
13048	-2	4	54066
13049	-2	4	54070
13050	-2	4	54074
13051	-2	4	54078
13052	-2	4	54082
13053	-2	4	54086
13054	-2	4	54090
13055	-2	4	54094
13056	-2	4	54098
13057	-2	4	54102
13058	-2	4	54106
13059	-2	4	54110
13060	-2	4	54114
13061	-2	4	54118
13062	-2	4	54122
13063	-2	4	54126
13064	-2	4	54130
13065	-2	4	54134
13066	-2	4	54138
13067	-2	4	54142
13068	-2	4	54146
13069	-2	4	54150
13070	-2	4	54154
13071	-2	4	54158
13072	-2	4	54162
13073	-4	6	54168
13074	-2	4	54172
13075	-2	4	54176
13076	-2	4	54180
13077	-2	4	54184
13078	-2	4	54188
13079	-2	4	54192
13080	-2	4	54196
13081	-2	4	54200
13082	-2	4	54204
13083	-2	4	54208
13084	-2	4	54212
13085	-4	6	54218
13086	-2	4	54222
13087	-2	4	54226
13088	-2	4	54230
13089	-2	4	54234
13090	-2	4	54238
13091	-2	4	54242
13092	-2	4	54246
13093	-4	6	54252
13094	-2	4	54256
13095	-2	4	54260
13096	-2	4	54264
13097	-2	4	54268
13098	-2	4	54272
13099	-2	4	54276
13100	-2	4	54280
13101	-2	4	54284
13102	-2	4	54288
13103	-2	4	54292
13104	-2	4	54296
13105	-2	4	54300
13106	-2	4	54304
13107	-2	4	54308
13108	-2	4	54312
13109	-2	4	54316
13110	-2	4	54320
13111	-2	4	54324
13112	-2	4	54328
13113	-2	4	54332
13114	-2	4	54336
13115	-2	4	54340
13116	-2	4	54344
13117	-2	4	54348
13118	-4	6	54354
13119	-2	4	54358
13120	-2	4	54362
13121	-2	4	54366
13122	-2	4	54370
13123	-2	4	54374
13124	-2	4	54378
13125	-2	4	54382
13126	-2	4	54386
13127	-2	4	54390
13128	-2	4	54394
13129	-2	4	54398
13130	-2	4	54402
13131	-4	6	54408
13132	-2	4	54412
13133	-2	4	54416
13134	-2	4	54420
13135	-2	4	54424
13136	-2	4	54428
13137	-2	4	54432
13138	-2	4	54436
13139	-2	4	54440
13140	-2	4	54444
13141	-2	4	54448
13142	-2	4	54452
13143	-2	4	54456
13144	-2	4	54460
13145	-2	4	54464
13146	-2	4	54468
13147	-2	4	54472
13148	-2	4	54476
13149	-2	4	54480
13150	-2	4	54484
13151	-2	4	54488
13152	-2	4	54492
13153	-2	4	54496
13154	-2	4	54500
13155	-2	4	54504
13156	-2	4	54508
13157	-2	4	54512
13158	-2	4	54516
13159	-2	4	54520
13160	-4	6	54526
13161	-2	4	54530
13162	-2	4	54534
13163	-2	4	54538
13164	-3	5	54543
13165	-2	4	54547
13166	-2	4	54551
13167	-2	4	54555
13168	-2	4	54559
13169	-2	4	54563
13170	-2	4	54567
13171	-2	4	54571
13172	-2	4	54575
13173	-2	4	54579
13174	-3	5	54584
13175	-2	4	54588
13176	-2	4	54592
13177	-2	4	54596
13178	-2	4	54600
13179	-2	4	54604
13180	-3	5	54609
13181	-2	4	54613
13182	-2	4	54617
13183	-2	4	54621
13184	-2	4	54625
13185	-2	4	54629
13186	-2	4	54633
13187	-2	4	54637
13188	-3	5	54642
13189	-2	4	54646
13190	-2	4	54650
13191	-2	4	54654
13192	-2	4	54658
13193	-2	4	54662
13194	-2	4	54666
13195	-4	6	54672
13196	-2	4	54676
13197	-2	4	54680
13198	-2	4	54684
13199	-2	4	54688
13200	-2	4	54692
13201	-2	4	54696
13202	-2	4	54700
13203	-3	5	54705
13204	-2	4	54709
13205	-2	4	54713
13206	-2	4	54717
13207	-2	4	54721
13208	-2	4	54725
13209	-2	4	54729
13210	-2	4	54733
13211	-2	4	54737
13212	-2	4	54741
13213	-2	4	54745
13214	-2	4	54749
13215	-2	4	54753
13216	-2	4	54757
13217	-2	4	54761
13218	-2	4	54765
13219	-2	4	54769
13220	-6	8	54777
13221	-2	4	54781
13222	-2	4	54785
13223	-2	4	54789
13224	-2	4	54793
13225	-2	4	54797
13226	-2	4	54801
13227	-2	4	54805
13228	-2	4	54809
13229	-2	4	54813
13230	-2	4	54817
13231	-2	4	54821
13232	-2	4	54825
13233	-4	6	54831
13234	-2	4	54835
13235	-2	4	54839
13236	-2	4	54843
13237	-2	4	54847
13238	-2	4	54851
13239	-2	4	54855
13240	-2	4	54859
13241	-3	5	54864
13242	-2	4	54868
13243	-2	4	54872
13244	-2	4	54876
13245	-2	4	54880
13246	-2	4	54884
13247	-3	5	54889
13248	-3	5	54894
13249	-2	4	54898
13250	-2	4	54902
13251	-2	4	54906
13252	-2	4	54910
13253	-2	4	54914
13254	-2	4	54918
13255	-2	4	54922
13256	-2	4	54926
13257	-2	4	54930
13258	-2	4	54934
13259	-2	4	54938
13260	-2	4	54942
13261	-2	4	54946
13262	-2	4	54950
13263	-2	4	54954
13264	-2	4	54958
13265	-2	4	54962
13266	-2	4	54966
13267	-2	4	54970
13268	-2	4	54974
13269	-2	4	54978
13270	-2	4	54982
13271	-2	4	54986
13272	-2	4	54990
13273	-2	4	54994
13274	-2	4	54998
13275	-2	4	55002
13276	-2	4	55006
13277	-2	4	55010
13278	-2	4	55014
13279	-2	4	55018
13280	-2	4	55022
13281	-2	4	55026
13282	-2	4	55030
13283	-2	4	55034
13284	-2	4	55038
13285	-2	4	55042
13286	-2	4	55046
13287	-2	4	55050
13288	-2	4	55054
13289	-2	4	55058
13290	-2	4	55062
13291	-2	4	55066
13292	-2	4	55070
13293	-2	4	55074
13294	-3	5	55079
13295	-2	4	55083
13296	-2	4	55087
13297	-2	4	55091
13298	-2	4	55095
13299	-2	4	55099
13300	-2	4	55103
13301	-2	4	55107
13302	-2	4	55111
13303	-2	4	55115
13304	-2	4	55119
13305	-2	4	55123
13306	-2	4	55127
13307	-2	4	55131
13308	-2	4	55135
13309	-4	6	55141
13310	-2	4	55145
13311	-2	4	55149
13312	-4	6	55155
13313	-2	4	55159
13314	-2	4	55163
13315	-2	4	55167
13316	-4	6	55173
13317	-2	4	55177
13318	-2	4	55181
13319	-2	4	55185
13320	-2	4	55189
13321	-2	4	55193
13322	-2	4	55197
13323	-2	4	55201
13324	-2	4	55205
13325	-2	4	55209
13326	-2	4	55213
13327	-2	4	55217
13328	-2	4	55221
13329	-2	4	55225
13330	-2	4	55229
13331	-2	4	55233
13332	-2	4	55237
13333	-2	4	55241
13334	-2	4	55245
13335	-2	4	55249
13336	-2	4	55253
13337	-2	4	55257
13338	-2	4	55261
13339	-2	4	55265
13340	-2	4	55269
13341	-2	4	55273
13342	-2	4	55277
13343	-4	6	55283
13344	-2	4	55287
13345	-2	4	55291
13346	-2	4	55295
13347	-2	4	55299
13348	-2	4	55303
13349	-2	4	55307
13350	-2	4	55311
13351	-2	4	55315
13352	-2	4	55319
13353	-2	4	55323
13354	-2	4	55327
13355	-2	4	55331
13356	-2	4	55335
13357	-2	4	55339
13358	-2	4	55343
13359	-2	4	55347
13360	-2	4	55351
13361	-2	4	55355
13362	-2	4	55359
13363	-2	4	55363
13364	-4	6	55369
13365	-2	4	55373
13366	-4	6	55379
13367	-2	4	55383
13368	-2	4	55387
13369	-2	4	55391
13370	-2	4	55395
13371	-2	4	55399
13372	-2	4	55403
13373	-2	4	55407
13374	-2	4	55411
13375	-2	4	55415
13376	-2	4	55419
13377	-2	4	55423
13378	-2	4	55427
13379	-2	4	55431
13380	-2	4	55435
13381	-2	4	55439
13382	-2	4	55443
13383	-2	4	55447
13384	-2	4	55451
13385	-2	4	55455
13386	-2	4	55459
13387	-2	4	55463
13388	-2	4	55467
13389	-2	4	55471
13390	-2	4	55475
13391	-2	4	55479
13392	-2	4	55483
13393	-2	4	55487
13394	-2	4	55491
13395	-2	4	55495
13396	-2	4	55499
13397	-2	4	55503
13398	-2	4	55507
13399	-2	4	55511
13400	-2	4	55515
13401	-2	4	55519
13402	-2	4	55523
13403	-2	4	55527
13404	-2	4	55531
13405	-2	4	55535
13406	-2	4	55539
13407	-2	4	55543
13408	-2	4	55547
13409	-2	4	55551
13410	-2	4	55555
13411	-2	4	55559
13412	-2	4	55563
13413	-2	4	55567
13414	-2	4	55571
13415	-2	4	55575
13416	-2	4	55579
13417	-2	4	55583
13418	-2	4	55587
13419	-2	4	55591
13420	-2	4	55595
13421	-2	4	55599
13422	-2	4	55603
13423	-2	4	55607
13424	-2	4	55611
13425	-2	4	55615
13426	-2	4	55619
13427	-2	4	55623
13428	-2	4	55627
13429	-4	6	55633
13430	-2	4	55637
13431	-2	4	55641
13432	-2	4	55645
13433	-2	4	55649
13434	-2	4	55653
13435	-2	4	55657
13436	-2	4	55661
13437	-2	4	55665
13438	-2	4	55669
13439	-2	4	55673
13440	-2	4	55677
13441	-2	4	55681
13442	-2	4	55685
13443	-2	4	55689
13444	-2	4	55693
13445	-2	4	55697
13446	-2	4	55701
13447	-4	6	55707
13448	-2	4	55711
13449	-2	4	55715
13450	-2	4	55719
13451	-2	4	55723
13452	-2	4	55727
13453	-2	4	55731
13454	-2	4	55735
13455	-4	6	55741
13456	-2	4	55745
13457	-2	4	55749
13458	-2	4	55753
13459	-2	4	55757
13460	-4	6	55763
13461	-2	4	55767
13462	-2	4	55771
13463	-2	4	55775
13464	-2	4	55779
13465	-2	4	55783
13466	-3	5	55788
13467	-2	4	55792
13468	-3	5	55797
13469	-2	4	55801
13470	-2	4	55805
13471	-2	4	55809
13472	-4	6	55815
13473	-4	6	55821
13474	-2	4	55825
13475	-2	4	55829
13476	-2	4	55833
13477	-2	4	55837
13478	-2	4	55841
13479	-2	4	55845
13480	-3	5	55850
13481	-2	4	55854
13482	-2	4	55858
13483	-2	4	55862
13484	-2	4	55866
13485	-2	4	55870
13486	-2	4	55874
13487	-2	4	55878
13488	-2	4	55882
13489	-2	4	55886
13490	-2	4	55890
13491	-2	4	55894
13492	-2	4	55898
13493	-6	8	55906
13494	-2	4	55910
13495	-2	4	55914
13496	-2	4	55918
13497	-3	5	55923
13498	-2	4	55927
13499	-2	4	55931
13500	-2	4	55935
13501	-2	4	55939
13502	-2	4	55943
13503	-4	6	55949
13504	-2	4	55953
13505	-2	4	55957
13506	-2	4	55961
13507	-2	4	55965
13508	-2	4	55969
13509	-2	4	55973
13510	-2	4	55977
13511	-2	4	55981
13512	-4	6	55987
13513	-2	4	55991
13514	-4	6	55997
13515	-2	4	56001
13516	-2	4	56005
13517	-2	4	56009
13518	-2	4	56013
13519	-2	4	56017
13520	-2	4	56021
13521	-2	4	56025
13522	-2	4	56029
13523	-2	4	56033
13524	-2	4	56037
13525	-2	4	56041
13526	-2	4	56045
13527	-2	4	56049
13528	-2	4	56053
13529	-4	6	56059
13530	-2	4	56063
13531	-2	4	56067
13532	-2	4	56071
13533	-2	4	56075
13534	-2	4	56079
13535	-2	4	56083
13536	-2	4	56087
13537	-2	4	56091
13538	-2	4	56095
13539	-2	4	56099
13540	-2	4	56103
13541	-2	4	56107
13542	-2	4	56111
13543	-2	4	56115
13544	-2	4	56119
13545	-2	4	56123
13546	-4	6	56129
13547	-2	4	56133
13548	-2	4	56137
13549	-2	4	56141
13550	-4	6	56147
13551	-2	4	56151
13552	-2	4	56155
13553	-2	4	56159
13554	-2	4	56163
13555	-2	4	56167
13556	-2	4	56171
13557	-2	4	56175
13558	-2	4	56179
13559	-4	6	56185
13560	-2	4	56189
13561	-2	4	56193
13562	-2	4	56197
13563	-2	4	56201
13564	-2	4	56205
13565	-2	4	56209
13566	-2	4	56213
13567	-2	4	56217
13568	-2	4	56221
13569	-2	4	56225
13570	-3	5	56230
13571	-2	4	56234
13572	-2	4	56238
13573	-2	4	56242
13574	-2	4	56246
13575	-2	4	56250
13576	-2	4	56254
13577	-2	4	56258
13578	-6	8	56266
13579	-2	4	56270
13580	-2	4	56274
13581	-2	4	56278
13582	-3	5	56283
13583	-2	4	56287
13584	-6	8	56295
13585	-2	4	56299
13586	-2	4	56303
13587	-2	4	56307
13588	-2	4	56311
13589	-2	4	56315
13590	-2	4	56319
13591	-2	4	56323
13592	-2	4	56327
13593	-2	4	56331
13594	-2	4	56335
13595	-2	4	56339
13596	-2	4	56343
13597	-4	6	56349
13598	-2	4	56353
13599	-2	4	56357
13600	-2	4	56361
13601	-2	4	56365
13602	-2	4	56369
13603	-2	4	56373
13604	-2	4	56377
13605	-2	4	56381
13606	-2	4	56385
13607	-2	4	56389
13608	-2	4	56393
13609	-2	4	56397
13610	-2	4	56401
13611	-2	4	56405
13612	-2	4	56409
13613	-2	4	56413
13614	-2	4	56417
13615	-2	4	56421
13616	-2	4	56425
13617	-3	5	56430
13618	-2	4	56434
13619	-2	4	56438
13620	-2	4	56442
13621	-2	4	56446
13622	-2	4	56450
13623	-2	4	56454
13624	-2	4	56458
13625	-2	4	56462
13626	-2	4	56466
13627	-3	5	56471
13628	-2	4	56475
13629	-2	4	56479
13630	-2	4	56483
13631	-2	4	56487
13632	-2	4	56491
13633	-2	4	56495
13634	-2	4	56499
13635	-2	4	56503
13636	-2	4	56507
13637	-2	4	56511
13638	-2	4	56515
13639	-2	4	56519
13640	-2	4	56523
13641	-2	4	56527
13642	-2	4	56531
13643	-2	4	56535
13644	-4	6	56541
13645	-2	4	56545
13646	-2	4	56549
13647	-2	4	56553
13648	-2	4	56557
13649	-2	4	56561
13650	-7	9	56570
13651	-2	4	56574
13652	-2	4	56578
13653	-2	4	56582
13654	-2	4	56586
13655	-2	4	56590
13656	-2	4	56594
13657	-2	4	56598
13658	-4	6	56604
13659	-2	4	56608
13660	-2	4	56612
13661	-2	4	56616
13662	-2	4	56620
13663	-2	4	56624
13664	-2	4	56628
13665	-2	4	56632
13666	-2	4	56636
13667	-2	4	56640
13668	-2	4	56644
13669	-2	4	56648
13670	-2	4	56652
13671	-2	4	56656
13672	-2	4	56660
13673	-2	4	56664
13674	-2	4	56668
13675	-2	4	56672
13676	-2	4	56676
13677	-2	4	56680
13678	-2	4	56684
13679	-2	4	56688
13680	-4	6	56694
13681	-2	4	56698
13682	-2	4	56702
13683	-2	4	56706
13684	-2	4	56710
13685	-2	4	56714
13686	-2	4	56718
13687	-2	4	56722
13688	-2	4	56726
13689	-2	4	56730
13690	-2	4	56734
13691	-2	4	56738
13692	-2	4	56742
13693	-2	4	56746
13694	-2	4	56750
13695	-2	4	56754
13696	-2	4	56758
13697	-2	4	56762
13698	-2	4	56766
13699	-2	4	56770
13700	-2	4	56774
13701	-2	4	56778
13702	-2	4	56782
13703	-2	4	56786
13704	-2	4	56790
13705	-2	4	56794
13706	-2	4	56798
13707	-2	4	56802
13708	-3	5	56807
13709	-2	4	56811
13710	-4	6	56817
13711	-2	4	56821
13712	-2	4	56825
13713	-2	4	56829
13714	-2	4	56833
13715	-2	4	56837
13716	-2	4	56841
13717	-2	4	56845
13718	-2	4	56849
13719	-2	4	56853
13720	-2	4	56857
13721	-2	4	56861
13722	-2	4	56865
13723	-2	4	56869
13724	-2	4	56873
13725	-2	4	56877
13726	-2	4	56881
13727	-2	4	56885
13728	-2	4	56889
13729	-2	4	56893
13730	-4	6	56899
13731	-2	4	56903
13732	-2	4	56907
13733	-2	4	56911
13734	-2	4	56915
13735	-2	4	56919
13736	-2	4	56923
13737	-2	4	56927
13738	-2	4	56931
13739	-2	4	56935
13740	-2	4	56939
13741	-2	4	56943
13742	-2	4	56947
13743	-2	4	56951
13744	-4	6	56957
13745	-2	4	56961
13746	-2	4	56965
13747	-2	4	56969
13748	-2	4	56973
13749	-2	4	56977
13750	-2	4	56981
13751	-2	4	56985
13752	-2	4	56989
13753	-2	4	56993
13754	-4	6	56999
13755	-7	9	57008
13756	-2	4	57012
13757	-2	4	57016
13758	-2	4	57020
13759	-2	4	57024
13760	-2	4	57028
13761	-2	4	57032
13762	-2	4	57036
13763	-2	4	57040
13764	-2	4	57044
13765	-2	4	57048
13766	-2	4	57052
13767	-2	4	57056
13768	-2	4	57060
13769	-2	4	57064
13770	-2	4	57068
13771	-2	4	57072
13772	-2	4	57076
13773	-2	4	57080
13774	-2	4	57084
13775	-2	4	57088
13776	-2	4	57092
13777	-2	4	57096
13778	-4	6	57102
13779	-2	4	57106
13780	-2	4	57110
13781	-2	4	57114
13782	-2	4	57118
13783	-2	4	57122
13784	-2	4	57126
13785	-2	4	57130
13786	-3	5	57135
13787	-2	4	57139
13788	-2	4	57143
13789	-4	6	57149
13790	-4	6	57155
13791	-2	4	57159
13792	-2	4	57163
13793	-2	4	57167
13794	-2	4	57171
13795	-2	4	57175
13796	-4	6	57181
13797	-2	4	57185
13798	-2	4	57189
13799	-3	5	57194
13800	-2	4	57198
13801	-2	4	57202
13802	-2	4	57206
13803	-2	4	57210
13804	-2	4	57214
13805	-3	5	57219
13806	-2	4	57223
13807	-2	4	57227
13808	-4	6	57233
13809	-2	4	57237
13810	-2	4	57241
13811	-2	4	57245
13812	-2	4	57249
13813	-2	4	57253
13814	-2	4	57257
13815	-2	4	57261
13816	-2	4	57265
13817	-2	4	57269
13818	-4	6	57275
13819	-2	4	57279
13820	-2	4	57283
13821	-3	5	57288
13822	-2	4	57292
13823	-2	4	57296
13824	-2	4	57300
13825	-2	4	57304
13826	-2	4	57308
13827	-2	4	57312
13828	-2	4	57316
13829	-2	4	57320
13830	-2	4	57324
13831	-3	5	57329
13832	-2	4	57333
13833	-2	4	57337
13834	-2	4	57341
13835	-2	4	57345
13836	-2	4	57349
13837	-2	4	57353
13838	-2	4	57357
13839	-2	4	57361
13840	-2	4	57365
13841	-2	4	57369
13842	-2	4	57373
13843	-2	4	57377
13844	-2	4	57381
13845	-2	4	57385
13846	-2	4	57389
13847	-2	4	57393
13848	-2	4	57397
13849	-2	4	57401
13850	-2	4	57405
13851	-2	4	57409
13852	-2	4	57413
13853	-4	6	57419
13854	-2	4	57423
13855	-2	4	57427
13856	-2	4	57431
13857	-2	4	57435
13858	-2	4	57439
13859	-2	4	57443
13860	-2	4	57447
13861	-2	4	57451
13862	-2	4	57455
13863	-2	4	57459
13864	-2	4	57463
13865	-2	4	57467
13866	-2	4	57471
13867	-2	4	57475
13868	-2	4	57479
13869	-2	4	57483
13870	-2	4	57487
13871	-2	4	57491
13872	-2	4	57495
13873	-2	4	57499
13874	-2	4	57503
13875	-2	4	57507
13876	-2	4	57511
13877	-2	4	57515
13878	-2	4	57519
13879	-2	4	57523
13880	-2	4	57527
13881	-2	4	57531
13882	-2	4	57535
13883	-2	4	57539
13884	-2	4	57543
13885	-2	4	57547
13886	-2	4	57551
13887	-2	4	57555
13888	-2	4	57559
13889	-2	4	57563
13890	-2	4	57567
13891	-2	4	57571
13892	-2	4	57575
13893	-2	4	57579
13894	-2	4	57583
13895	-2	4	57587
13896	-2	4	57591
13897	-2	4	57595
13898	-2	4	57599
13899	-2	4	57603
13900	-2	4	57607
13901	-2	4	57611
13902	-2	4	57615
13903	-2	4	57619
13904	-2	4	57623
13905	-2	4	57627
13906	-2	4	57631
13907	-2	4	57635
13908	-2	4	57639
13909	-2	4	57643
13910	-2	4	57647
13911	-2	4	57651
13912	-2	4	57655
13913	-2	4	57659
13914	-2	4	57663
13915	-2	4	57667
13916	-2	4	57671
13917	-2	4	57675
13918	-2	4	57679
13919	-2	4	57683
13920	-2	4	57687
13921	-2	4	57691
13922	-3	5	57696
13923	-2	4	57700
13924	-2	4	57704
13925	-2	4	57708
13926	-2	4	57712
13927	-2	4	57716
13928	-4	6	57722
13929	-2	4	57726
13930	-2	4	57730
13931	-2	4	57734
13932	-2	4	57738
13933	-4	6	57744
13934	-2	4	57748
13935	-2	4	57752
13936	-2	4	57756
13937	-2	4	57760
13938	-2	4	57764
13939	-2	4	57768
13940	-6	8	57776
13941	-2	4	57780
13942	-2	4	57784
13943	-2	4	57788
13944	-2	4	57792
13945	-2	4	57796
13946	-2	4	57800
13947	-2	4	57804
13948	-4	6	57810
13949	-2	4	57814
13950	-2	4	57818
13951	-2	4	57822
13952	-3	5	57827
13953	-2	4	57831
13954	-2	4	57835
13955	-2	4	57839
13956	-2	4	57843
13957	-2	4	57847
13958	-2	4	57851
13959	-2	4	57855
13960	-4	6	57861
13961	-2	4	57865
13962	-2	4	57869
13963	-2	4	57873
13964	-2	4	57877
13965	-2	4	57881
13966	-2	4	57885
13967	-2	4	57889
13968	-2	4	57893
13969	-2	4	57897
13970	-2	4	57901
13971	-2	4	57905
13972	-2	4	57909
13973	-2	4	57913
13974	-2	4	57917
13975	-2	4	57921
13976	-2	4	57925
13977	-3	5	57930
13978	-2	4	57934
13979	-2	4	57938
13980	-2	4	57942
13981	-2	4	57946
13982	-2	4	57950
13983	-2	4	57954
13984	-2	4	57958
13985	-4	6	57964
13986	-4	6	57970
13987	-2	4	57974
13988	-2	4	57978
13989	-2	4	57982
13990	-2	4	57986
13991	-2	4	57990
13992	-3	5	57995
13993	-2	4	57999
13994	-2	4	58003
13995	-2	4	58007
13996	-2	4	58011
13997	-2	4	58015
13998	-2	4	58019
13999	-2	4	58023
14000	-2	4	58027
14001	-4	6	58033
14002	-2	4	58037
14003	-2	4	58041
14004	-2	4	58045
14005	-2	4	58049
14006	-2	4	58053
14007	-2	4	58057
14008	-3	5	58062
14009	-2	4	58066
14010	-2	4	58070
14011	-2	4	58074
14012	-2	4	58078
14013	-2	4	58082
14014	-2	4	58086
14015	-2	4	58090
14016	-2	4	58094
14017	-2	4	58098
14018	-2	4	58102
14019	-2	4	58106
14020	-2	4	58110
14021	-2	4	58114
14022	-2	4	58118
14023	-3	5	58123
14024	-2	4	58127
14025	-2	4	58131
14026	-2	4	58135
14027	-2	4	58139
14028	-2	4	58143
14029	-2	4	58147
14030	-2	4	58151
14031	-2	4	58155
14032	-2	4	58159
14033	-2	4	58163
14034	-2	4	58167
14035	-2	4	58171
14036	-4	6	58177
14037	-2	4	58181
14038	-2	4	58185
14039	-2	4	58189
14040	-2	4	58193
14041	-2	4	58197
14042	-2	4	58201
14043	-2	4	58205
14044	-2	4	58209
14045	-2	4	58213
14046	-2	4	58217
14047	-2	4	58221
14048	-2	4	58225
14049	-2	4	58229
14050	-2	4	58233
14051	-2	4	58237
14052	-2	4	58241
14053	-2	4	58245
14054	-2	4	58249
14055	-2	4	58253
14056	-2	4	58257
14057	-2	4	58261
14058	-2	4	58265
14059	-2	4	58269
14060	-2	4	58273
14061	-2	4	58277
14062	-2	4	58281
14063	-2	4	58285
14064	-2	4	58289
14065	-2	4	58293
14066	-2	4	58297
14067	-2	4	58301
14068	-2	4	58305
14069	-2	4	58309
14070	-2	4	58313
14071	-2	4	58317
14072	-2	4	58321
14073	-4	6	58327
14074	-2	4	58331
14075	-2	4	58335
14076	-3	5	58340
14077	-2	4	58344
14078	-2	4	58348
14079	-2	4	58352
14080	-2	4	58356
14081	-2	4	58360
14082	-2	4	58364
14083	-2	4	58368
14084	-2	4	58372
14085	-2	4	58376
14086	-2	4	58380
14087	-2	4	58384
14088	-2	4	58388
14089	-4	6	58394
14090	-2	4	58398
14091	-2	4	58402
14092	-2	4	58406
14093	-2	4	58410
14094	-2	4	58414
14095	-2	4	58418
14096	-2	4	58422
14097	-2	4	58426
14098	-2	4	58430
14099	-2	4	58434
14100	-2	4	58438
14101	-2	4	58442
14102	-2	4	58446
14103	-2	4	58450
14104	-2	4	58454
14105	-2	4	58458
14106	-2	4	58462
14107	-4	6	58468
14108	-2	4	58472
14109	-2	4	58476
14110	-2	4	58480
14111	-2	4	58484
14112	-2	4	58488
14113	-2	4	58492
14114	-2	4	58496
14115	-2	4	58500
14116	-2	4	58504
14117	-2	4	58508
14118	-2	4	58512
14119	-2	4	58516
14120	-2	4	58520
14121	-2	4	58524
14122	-2	4	58528
14123	-2	4	58532
14124	-2	4	58536
14125	-2	4	58540
14126	-2	4	58544
14127	-2	4	58548
14128	-2	4	58552
14129	-2	4	58556
14130	-2	4	58560
14131	-2	4	58564
14132	-2	4	58568
14133	-2	4	58572
14134	-2	4	58576
14135	-2	4	58580
14136	-2	4	58584
14137	-2	4	58588
14138	-4	6	58594
14139	-2	4	58598
14140	-2	4	58602
14141	-2	4	58606
14142	-2	4	58610
14143	-2	4	58614
14144	-2	4	58618
14145	-2	4	58622
14146	-2	4	58626
14147	-2	4	58630
14148	-2	4	58634
14149	-2	4	58638
14150	-2	4	58642
14151	-2	4	58646
14152	-2	4	58650
14153	-2	4	58654
14154	-2	4	58658
14155	-2	4	58662
14156	-2	4	58666
14157	-2	4	58670
14158	-2	4	58674
14159	-2	4	58678
14160	-2	4	58682
14161	-4	6	58688
14162	-2	4	58692
14163	-2	4	58696
14164	-2	4	58700
14165	-2	4	58704
14166	-2	4	58708
14167	-2	4	58712
14168	-2	4	58716
14169	-2	4	58720
14170	-2	4	58724
14171	-2	4	58728
14172	-2	4	58732
14173	-2	4	58736
14174	-3	5	58741
14175	-4	6	58747
14176	-2	4	58751
14177	-2	4	58755
14178	-2	4	58759
14179	-2	4	58763
14180	-2	4	58767
14181	-2	4	58771
14182	-2	4	58775
14183	-2	4	58779
14184	-2	4	58783
14185	-2	4	58787
14186	-2	4	58791
14187	-2	4	58795
14188	-2	4	58799
14189	-2	4	58803
14190	-2	4	58807
14191	-2	4	58811
14192	-2	4	58815
14193	-2	4	58819
14194	-2	4	58823
14195	-2	4	58827
14196	-2	4	58831
14197	-2	4	58835
14198	-2	4	58839
14199	-2	4	58843
14200	-2	4	58847
14201	-2	4	58851
14202	-4	6	58857
14203	-2	4	58861
14204	-2	4	58865
14205	-2	4	58869
14206	-2	4	58873
14207	-2	4	58877
14208	-2	4	58881
14209	-2	4	58885
14210	-2	4	58889
14211	-2	4	58893
14212	-2	4	58897
14213	-2	4	58901
14214	-2	4	58905
14215	-2	4	58909
14216	-2	4	58913
14217	-2	4	58917
14218	-4	6	58923
14219	-4	6	58929
14220	-2	4	58933
14221	-2	4	58937
14222	-2	4	58941
14223	-2	4	58945
14224	-2	4	58949
14225	-2	4	58953
14226	-2	4	58957
14227	-2	4	58961
14228	-2	4	58965
14229	-2	4	58969
14230	-2	4	58973
14231	-2	4	58977
14232	-2	4	58981
14233	-2	4	58985
14234	-2	4	58989
14235	-2	4	58993
14236	-2	4	58997
14237	-2	4	59001
14238	-2	4	59005
14239	-2	4	59009
14240	-2	4	59013
14241	-2	4	59017
14242	-6	8	59025
14243	-2	4	59029
14244	-2	4	59033
14245	-2	4	59037
14246	-2	4	59041
14247	-2	4	59045
14248	-2	4	59049
14249	-2	4	59053
14250	-2	4	59057
14251	-2	4	59061
14252	-2	4	59065
14253	-2	4	59069
14254	-2	4	59073
14255	-2	4	59077
14256	-2	4	59081
14257	-2	4	59085
14258	-2	4	59089
14259	-2	4	59093
14260	-2	4	59097
14261	-2	4	59101
14262	-2	4	59105
14263	-2	4	59109
14264	-2	4	59113
14265	-2	4	59117
14266	-2	4	59121
14267	-2	4	59125
14268	-3	5	59130
14269	-2	4	59134
14270	-4	6	59140
14271	-2	4	59144
14272	-2	4	59148
14273	-2	4	59152
14274	-2	4	59156
14275	-2	4	59160
14276	-2	4	59164
14277	-2	4	59168
14278	-2	4	59172
14279	-2	4	59176
14280	-2	4	59180
14281	-2	4	59184
14282	-2	4	59188
14283	-2	4	59192
14284	-2	4	59196
14285	-2	4	59200
14286	-2	4	59204
14287	-2	4	59208
14288	-2	4	59212
14289	-2	4	59216
14290	-3	5	59221
14291	-2	4	59225
14292	-2	4	59229
14293	-2	4	59233
14294	-2	4	59237
14295	-2	4	59241
14296	-2	4	59245
14297	-3	5	59250
14298	-2	4	59254
14299	-2	4	59258
14300	-2	4	59262
14301	-2	4	59266
14302	-2	4	59270
14303	-2	4	59274
14304	-2	4	59278
14305	-6	8	59286
14306	-2	4	59290
14307	-3	5	59295
14308	-2	4	59299
14309	-2	4	59303
14310	-2	4	59307
14311	-2	4	59311
14312	-2	4	59315
14313	-2	4	59319
14314	-2	4	59323
14315	-2	4	59327
14316	-2	4	59331
14317	-2	4	59335
14318	-2	4	59339
14319	-2	4	59343
14320	-2	4	59347
14321	-2	4	59351
14322	-2	4	59355
14323	-2	4	59359
14324	-2	4	59363
14325	-2	4	59367
14326	-2	4	59371
14327	-2	4	59375
14328	-4	6	59381
14329	-2	4	59385
14330	-2	4	59389
14331	-2	4	59393
14332	-2	4	59397
14333	-2	4	59401
14334	-2	4	59405
14335	-2	4	59409
14336	-2	4	59413
14337	-2	4	59417
14338	-2	4	59421
14339	-2	4	59425
14340	-2	4	59429
14341	-2	4	59433
14342	-2	4	59437
14343	-2	4	59441
14344	-2	4	59445
14345	-2	4	59449
14346	-2	4	59453
14347	-2	4	59457
14348	-2	4	59461
14349	-2	4	59465
14350	-2	4	59469
14351	-2	4	59473
14352	-2	4	59477
14353	-2	4	59481
14354	-2	4	59485
14355	-2	4	59489
14356	-2	4	59493
14357	-2	4	59497
14358	-2	4	59501
14359	-2	4	59505
14360	-2	4	59509
14361	-2	4	59513
14362	-2	4	59517
14363	-2	4	59521
14364	-2	4	59525
14365	-2	4	59529
14366	-2	4	59533
14367	-2	4	59537
14368	-2	4	59541
14369	-2	4	59545
14370	-2	4	59549
14371	-2	4	59553
14372	-2	4	59557
14373	-2	4	59561
14374	-2	4	59565
14375	-2	4	59569
14376	-2	4	59573
14377	-2	4	59577
14378	-2	4	59581
14379	-2	4	59585
14380	-2	4	59589
14381	-2	4	59593
14382	-2	4	59597
14383	-2	4	59601
14384	-4	6	59607
14385	-2	4	59611
14386	-2	4	59615
14387	-2	4	59619
14388	-2	4	59623
14389	-2	4	59627
14390	-2	4	59631
14391	-2	4	59635
14392	-2	4	59639
14393	-2	4	59643
14394	-2	4	59647
14395	-2	4	59651
14396	-2	4	59655
14397	-2	4	59659
14398	-2	4	59663
14399	-2	4	59667
14400	-2	4	59671
14401	-2	4	59675
14402	-2	4	59679
14403	-2	4	59683
14404	-2	4	59687
14405	-2	4	59691
14406	-2	4	59695
14407	-2	4	59699
14408	-2	4	59703
14409	-2	4	59707
14410	-2	4	59711
14411	-2	4	59715
14412	-2	4	59719
14413	-2	4	59723
14414	-2	4	59727
14415	-2	4	59731
14416	-2	4	59735
14417	-2	4	59739
14418	-2	4	59743
14419	-2	4	59747
14420	-2	4	59751
14421	-2	4	59755
14422	-2	4	59759
14423	-2	4	59763
14424	-2	4	59767
14425	-2	4	59771
14426	-2	4	59775
14427	-2	4	59779
14428	-2	4	59783
14429	-2	4	59787
14430	-2	4	59791
14431	-2	4	59795
14432	-2	4	59799
14433	-3	5	59804
14434	-2	4	59808
14435	-2	4	59812
14436	-2	4	59816
14437	-4	6	59822
14438	-4	6	59828
14439	-2	4	59832
14440	-4	6	59838
14441	-2	4	59842
14442	-2	4	59846
14443	-2	4	59850
14444	-3	5	59855
14445	-4	6	59861
14446	-2	4	59865
14447	-2	4	59869
14448	-2	4	59873
14449	-2	4	59877
14450	-2	4	59881
14451	-2	4	59885
14452	-2	4	59889
14453	-2	4	59893
14454	-2	4	59897
14455	-2	4	59901
14456	-2	4	59905
14457	-2	4	59909
14458	-2	4	59913
14459	-2	4	59917
14460	-2	4	59921
14461	-2	4	59925
14462	-4	6	59931
14463	-2	4	59935
14464	-2	4	59939
14465	-2	4	59943
14466	-2	4	59947
14467	-2	4	59951
14468	-2	4	59955
14469	-2	4	59959
14470	-2	4	59963
14471	-2	4	59967
14472	-4	6	59973
14473	-2	4	59977
14474	-2	4	59981
14475	-2	4	59985
14476	-3	5	59990
14477	-2	4	59994
14478	-2	4	59998
14479	-2	4	60002
14480	-2	4	60006
14481	-2	4	60010
14482	-4	6	60016
14483	-2	4	60020
14484	-2	4	60024
14485	-3	5	60029
14486	-2	4	60033
14487	-2	4	60037
14488	-2	4	60041
14489	-2	4	60045
14490	-2	4	60049
14491	-2	4	60053
14492	-2	4	60057
14493	-2	4	60061
14494	-2	4	60065
14495	-2	4	60069
14496	-2	4	60073
14497	-2	4	60077
14498	-2	4	60081
14499	-2	4	60085
14500	-2	4	60089
14501	-2	4	60093
14502	-4	6	60099
14503	-2	4	60103
14504	-2	4	60107
14505	-4	6	60113
14506	-2	4	60117
14507	-2	4	60121
14508	-2	4	60125
14509	-2	4	60129
14510	-2	4	60133
14511	-2	4	60137
14512	-4	6	60143
14513	-2	4	60147
14514	-4	6	60153
14515	-2	4	60157
14516	-2	4	60161
14517	-4	6	60167
14518	-2	4	60171
14519	-2	4	60175
14520	-2	4	60179
14521	-2	4	60183
14522	-2	4	60187
14523	-2	4	60191
14524	-2	4	60195
14525	-2	4	60199
14526	-2	4	60203
14527	-2	4	60207
14528	-2	4	60211
14529	-2	4	60215
14530	-2	4	60219
14531	-2	4	60223
14532	-2	4	60227
14533	-2	4	60231
14534	-2	4	60235
14535	-2	4	60239
14536	-2	4	60243
14537	-2	4	60247
14538	-2	4	60251
14539	-2	4	60255
14540	-2	4	60259
14541	-2	4	60263
14542	-2	4	60267
14543	-2	4	60271
14544	-2	4	60275
14545	-2	4	60279
14546	-2	4	60283
14547	-2	4	60287
14548	-2	4	60291
14549	-2	4	60295
14550	-2	4	60299
14551	-3	5	60304
14552	-2	4	60308
14553	-2	4	60312
14554	-2	4	60316
14555	-2	4	60320
14556	-2	4	60324
14557	-2	4	60328
14558	-2	4	60332
14559	-2	4	60336
14560	-2	4	60340
14561	-2	4	60344
14562	-2	4	60348
14563	-2	4	60352
14564	-2	4	60356
14565	-2	4	60360
14566	-2	4	60364
14567	-2	4	60368
14568	-2	4	60372
14569	-2	4	60376
14570	-2	4	60380
14571	-2	4	60384
14572	-2	4	60388
14573	-2	4	60392
14574	-2	4	60396
14575	-2	4	60400
14576	-4	6	60406
14577	-2	4	60410
14578	-2	4	60414
14579	-6	8	60422
14580	-2	4	60426
14581	-2	4	60430
14582	-2	4	60434
14583	-2	4	60438
14584	-2	4	60442
14585	-4	6	60448
14586	-2	4	60452
14587	-2	4	60456
14588	-2	4	60460
14589	-2	4	60464
14590	-3	5	60469
14591	-2	4	60473
14592	-2	4	60477
14593	-2	4	60481
14594	-4	6	60487
14595	-2	4	60491
14596	-2	4	60495
14597	-2	4	60499
14598	-2	4	60503
14599	-2	4	60507
14600	-2	4	60511
14601	-2	4	60515
14602	-2	4	60519
14603	-2	4	60523
14604	-2	4	60527
14605	-2	4	60531
14606	-2	4	60535
14607	-2	4	60539
14608	-2	4	60543
14609	-2	4	60547
14610	-2	4	60551
14611	-2	4	60555
14612	-2	4	60559
14613	-2	4	60563
14614	-2	4	60567
14615	-2	4	60571
14616	-2	4	60575
14617	-2	4	60579
14618	-2	4	60583
14619	-2	4	60587
14620	-2	4	60591
14621	-3	5	60596
14622	-3	5	60601
14623	-2	4	60605
14624	-2	4	60609
14625	-2	4	60613
14626	-2	4	60617
14627	-2	4	60621
14628	-3	5	60626
14629	-2	4	60630
14630	-2	4	60634
14631	-2	4	60638
14632	-2	4	60642
14633	-2	4	60646
14634	-2	4	60650
14635	-2	4	60654
14636	-2	4	60658
14637	-2	4	60662
14638	-2	4	60666
14639	-2	4	60670
14640	-4	6	60676
14641	-2	4	60680
14642	-2	4	60684
14643	-2	4	60688
14644	-2	4	60692
14645	-2	4	60696
14646	-2	4	60700
14647	-3	5	60705
14648	-2	4	60709
14649	-2	4	60713
14650	-2	4	60717
14651	-4	6	60723
14652	-2	4	60727
14653	-2	4	60731
14654	-2	4	60735
14655	-2	4	60739
14656	-2	4	60743
14657	-2	4	60747
14658	-3	5	60752
14659	-2	4	60756
14660	-2	4	60760
14661	-2	4	60764
14662	-2	4	60768
14663	-2	4	60772
14664	-2	4	60776
14665	-2	4	60780
14666	-2	4	60784
14667	-2	4	60788
14668	-2	4	60792
14669	-2	4	60796
14670	-2	4	60800
14671	-2	4	60804
14672	-2	4	60808
14673	-2	4	60812
14674	-2	4	60816
14675	-2	4	60820
14676	-2	4	60824
14677	-2	4	60828
14678	-2	4	60832
14679	-2	4	60836
14680	-3	5	60841
14681	-2	4	60845
14682	-2	4	60849
14683	-2	4	60853
14684	-2	4	60857
14685	-2	4	60861
14686	-2	4	60865
14687	-2	4	60869
14688	-2	4	60873
14689	-2	4	60877
14690	-2	4	60881
14691	-2	4	60885
14692	-2	4	60889
14693	-2	4	60893
14694	-4	6	60899
14695	-2	4	60903
14696	-2	4	60907
14697	-2	4	60911
14698	-2	4	60915
14699	-2	4	60919
14700	-3	5	60924
14701	-2	4	60928
14702	-4	6	60934
14703	-2	4	60938
14704	-2	4	60942
14705	-2	4	60946
14706	-2	4	60950
14707	-2	4	60954
14708	-2	4	60958
14709	-2	4	60962
14710	-2	4	60966
14711	-2	4	60970
14712	-2	4	60974
14713	-2	4	60978
14714	-2	4	60982
14715	-2	4	60986
14716	-2	4	60990
14717	-2	4	60994
14718	-2	4	60998
14719	-2	4	61002
14720	-2	4	61006
14721	-2	4	61010
14722	-2	4	61014
14723	-2	4	61018
14724	-2	4	61022
14725	-2	4	61026
14726	-2	4	61030
14727	-2	4	61034
14728	-2	4	61038
14729	-2	4	61042
14730	-2	4	61046
14731	-2	4	61050
14732	-2	4	61054
14733	-2	4	61058
14734	-2	4	61062
14735	-2	4	61066
14736	-2	4	61070
14737	-2	4	61074
14738	-2	4	61078
14739	-2	4	61082
14740	-2	4	61086
14741	-2	4	61090
14742	-2	4	61094
14743	-2	4	61098
14744	-2	4	61102
14745	-2	4	61106
14746	-2	4	61110
14747	-2	4	61114
14748	-2	4	61118
14749	-2	4	61122
14750	-2	4	61126
14751	-4	6	61132
14752	-2	4	61136
14753	-2	4	61140
14754	-2	4	61144
14755	-2	4	61148
14756	-2	4	61152
14757	-2	4	61156
14758	-2	4	61160
14759	-2	4	61164
14760	-2	4	61168
14761	-2	4	61172
14762	-2	4	61176
14763	-2	4	61180
14764	-2	4	61184
14765	-2	4	61188
14766	-2	4	61192
14767	-3	5	61197
14768	-2	4	61201
14769	-2	4	61205
14770	-2	4	61209
14771	-2	4	61213
14772	-2	4	61217
14773	-2	4	61221
14774	-2	4	61225
14775	-2	4	61229
14776	-2	4	61233
14777	-2	4	61237
14778	-4	6	61243
14779	-2	4	61247
14780	-2	4	61251
14781	-3	5	61256
14782	-2	4	61260
14783	-2	4	61264
14784	-2	4	61268
14785	-2	4	61272
14786	-2	4	61276
14787	-2	4	61280
14788	-2	4	61284
14789	-2	4	61288
14790	-2	4	61292
14791	-2	4	61296
14792	-2	4	61300
14793	-2	4	61304
14794	-4	6	61310
14795	-2	4	61314
14796	-2	4	61318
14797	-4	6	61324
14798	-2	4	61328
14799	-2	4	61332
14800	-2	4	61336
14801	-2	4	61340
14802	-2	4	61344
14803	-2	4	61348
14804	-2	4	61352
14805	-2	4	61356
14806	-2	4	61360
14807	-6	8	61368
14808	-2	4	61372
14809	-2	4	61376
14810	-2	4	61380
14811	-2	4	61384
14812	-2	4	61388
14813	-2	4	61392
14814	-2	4	61396
14815	-2	4	61400
14816	-2	4	61404
14817	-2	4	61408
14818	-3	5	61413
14819	-2	4	61417
14820	-2	4	61421
14821	-2	4	61425
14822	-2	4	61429
14823	-2	4	61433
14824	-2	4	61437
14825	-2	4	61441
14826	-2	4	61445
14827	-2	4	61449
14828	-2	4	61453
14829	-2	4	61457
14830	-2	4	61461
14831	-4	6	61467
14832	-2	4	61471
14833	-2	4	61475
14834	-2	4	61479
14835	-2	4	61483
14836	-2	4	61487
14837	-2	4	61491
14838	-2	4	61495
14839	-2	4	61499
14840	-2	4	61503
14841	-2	4	61507
14842	-2	4	61511
14843	-2	4	61515
14844	-2	4	61519
14845	-4	6	61525
14846	-2	4	61529
14847	-2	4	61533
14848	-2	4	61537
14849	-2	4	61541
14850	-2	4	61545
14851	-2	4	61549
14852	-2	4	61553
14853	-2	4	61557
14854	-4	6	61563
14855	-2	4	61567
14856	-2	4	61571
14857	-2	4	61575
14858	-2	4	61579
14859	-2	4	61583
14860	-3	5	61588
14861	-2	4	61592
14862	-2	4	61596
14863	-2	4	61600
14864	-2	4	61604
14865	-2	4	61608
14866	-2	4	61612
14867	-2	4	61616
14868	-2	4	61620
14869	-2	4	61624
14870	-2	4	61628
14871	-2	4	61632
14872	-2	4	61636
14873	-2	4	61640
14874	-2	4	61644
14875	-2	4	61648
14876	-2	4	61652
14877	-2	4	61656
14878	-2	4	61660
14879	-2	4	61664
14880	-2	4	61668
14881	-2	4	61672
14882	-2	4	61676
14883	-2	4	61680
14884	-2	4	61684
14885	-2	4	61688
14886	-2	4	61692
14887	-2	4	61696
14888	-2	4	61700
14889	-2	4	61704
14890	-2	4	61708
14891	-2	4	61712
14892	-2	4	61716
14893	-2	4	61720
14894	-2	4	61724
14895	-2	4	61728
14896	-2	4	61732
14897	-2	4	61736
14898	-2	4	61740
14899	-2	4	61744
14900	-2	4	61748
14901	-2	4	61752
14902	-2	4	61756
14903	-2	4	61760
14904	-2	4	61764
14905	-2	4	61768
14906	-2	4	61772
14907	-2	4	61776
14908	-2	4	61780
14909	-2	4	61784
14910	-2	4	61788
14911	-2	4	61792
14912	-2	4	61796
14913	-2	4	61800
14914	-2	4	61804
14915	-2	4	61808
14916	-2	4	61812
14917	-2	4	61816
14918	-2	4	61820
14919	-2	4	61824
14920	-2	4	61828
14921	-2	4	61832
14922	-2	4	61836
14923	-2	4	61840
14924	-2	4	61844
14925	-2	4	61848
14926	-4	6	61854
14927	-2	4	61858
14928	-2	4	61862
14929	-2	4	61866
14930	-2	4	61870
14931	-2	4	61874
14932	-2	4	61878
14933	-2	4	61882
14934	-2	4	61886
14935	-2	4	61890
14936	-2	4	61894
14937	-2	4	61898
14938	-2	4	61902
14939	-2	4	61906
14940	-2	4	61910
14941	-2	4	61914
14942	-2	4	61918
14943	-2	4	61922
14944	-2	4	61926
14945	-2	4	61930
14946	-2	4	61934
14947	-2	4	61938
14948	-2	4	61942
14949	-2	4	61946
14950	-2	4	61950
14951	-2	4	61954
14952	-2	4	61958
14953	-2	4	61962
14954	-2	4	61966
14955	-2	4	61970
14956	-2	4	61974
14957	-2	4	61978
14958	-2	4	61982
14959	-2	4	61986
14960	-2	4	61990
14961	-2	4	61994
14962	-2	4	61998
14963	-2	4	62002
14964	-2	4	62006
14965	-2	4	62010
14966	-2	4	62014
14967	-2	4	62018
14968	-2	4	62022
14969	-2	4	62026
14970	-2	4	62030
14971	-2	4	62034
14972	-2	4	62038
14973	-2	4	62042
14974	-2	4	62046
14975	-2	4	62050
14976	-2	4	62054
14977	-2	4	62058
14978	-4	6	62064
14979	-2	4	62068
14980	-2	4	62072
14981	-2	4	62076
14982	-2	4	62080
14983	-2	4	62084
14984	-2	4	62088
14985	-2	4	62092
14986	-6	8	62100
14987	-2	4	62104
14988	-2	4	62108
14989	-2	4	62112
14990	-2	4	62116
14991	-2	4	62120
14992	-2	4	62124
14993	-4	6	62130
14994	-2	4	62134
14995	-2	4	62138
14996	-2	4	62142
14997	-4	6	62148
14998	-2	4	62152
14999	-2	4	62156
15000	-2	4	62160
15001	-2	4	62164
15002	-3	5	62169
15003	-2	4	62173
15004	-2	4	62177
15005	-2	4	62181
15006	-2	4	62185
15007	-2	4	62189
15008	-2	4	62193
15009	-2	4	62197
15010	-2	4	62201
15011	-2	4	62205
15012	-2	4	62209
15013	-2	4	62213
15014	-2	4	62217
15015	-2	4	62221
15016	-2	4	62225
15017	-2	4	62229
15018	-2	4	62233
15019	-2	4	62237
15020	-2	4	62241
15021	-2	4	62245
15022	-2	4	62249
15023	-2	4	62253
15024	-2	4	62257
15025	-2	4	62261
15026	-2	4	62265
15027	-2	4	62269
15028	-2	4	62273
15029	-2	4	62277
15030	-2	4	62281
15031	-2	4	62285
15032	-2	4	62289
15033	-3	5	62294
15034	-2	4	62298
15035	-2	4	62302
15036	-2	4	62306
15037	-2	4	62310
15038	-2	4	62314
15039	-2	4	62318
15040	-2	4	62322
15041	-2	4	62326
15042	-2	4	62330
15043	-4	6	62336
15044	-2	4	62340
15045	-2	4	62344
15046	-2	4	62348
15047	-2	4	62352
15048	-2	4	62356
15049	-2	4	62360
15050	-2	4	62364
15051	-4	6	62370
15052	-2	4	62374
15053	-2	4	62378
15054	-2	4	62382
15055	-2	4	62386
15056	-2	4	62390
15057	-2	4	62394
15058	-2	4	62398
15059	-2	4	62402
15060	-2	4	62406
15061	-2	4	62410
15062	-2	4	62414
15063	-2	4	62418
15064	-2	4	62422
15065	-2	4	62426
15066	-2	4	62430
15067	-2	4	62434
15068	-2	4	62438
15069	-2	4	62442
15070	-2	4	62446
15071	-2	4	62450
15072	-2	4	62454
15073	-2	4	62458
15074	-2	4	62462
15075	-2	4	62466
15076	-2	4	62470
15077	-2	4	62474
15078	-2	4	62478
15079	-2	4	62482
15080	-2	4	62486
15081	-2	4	62490
15082	-2	4	62494
15083	-4	6	62500
15084	-2	4	62504
15085	-2	4	62508
15086	-2	4	62512
15087	-2	4	62516
15088	-2	4	62520
15089	-2	4	62524
15090	-2	4	62528
15091	-2	4	62532
15092	-2	4	62536
15093	-2	4	62540
15094	-2	4	62544
15095	-2	4	62548
15096	-2	4	62552
15097	-2	4	62556
15098	-2	4	62560
15099	-2	4	62564
15100	-2	4	62568
15101	-2	4	62572
15102	-2	4	62576
15103	-2	4	62580
15104	-2	4	62584
15105	-2	4	62588
15106	-2	4	62592
15107	-2	4	62596
15108	-2	4	62600
15109	-2	4	62604
15110	-2	4	62608
15111	-2	4	62612
15112	-3	5	62617
15113	-2	4	62621
15114	-4	6	62627
15115	-2	4	62631
15116	-2	4	62635
15117	-2	4	62639
15118	-2	4	62643
15119	-2	4	62647
15120	-2	4	62651
15121	-2	4	62655
15122	-2	4	62659
15123	-2	4	62663
15124	-2	4	62667
15125	-2	4	62671
15126	-2	4	62675
15127	-2	4	62679
15128	-2	4	62683
15129	-2	4	62687
15130	-2	4	62691
15131	-2	4	62695
15132	-2	4	62699
15133	-2	4	62703
15134	-4	6	62709
15135	-2	4	62713
15136	-2	4	62717
15137	-2	4	62721
15138	-2	4	62725
15139	-2	4	62729
15140	-2	4	62733
15141	-2	4	62737
15142	-2	4	62741
15143	-2	4	62745
15144	-2	4	62749
15145	-2	4	62753
15146	-2	4	62757
15147	-2	4	62761
15148	-2	4	62765
15149	-4	6	62771
15150	-2	4	62775
15151	-2	4	62779
15152	-2	4	62783
15153	-2	4	62787
15154	-2	4	62791
15155	-2	4	62795
15156	-2	4	62799
15157	-2	4	62803
15158	-2	4	62807
15159	-2	4	62811
15160	-2	4	62815
15161	-2	4	62819
15162	-4	6	62825
15163	-2	4	62829
15164	-2	4	62833
15165	-2	4	62837
15166	-2	4	62841
15167	-2	4	62845
15168	-4	6	62851
15169	-2	4	62855
15170	-2	4	62859
15171	-2	4	62863
15172	-2	4	62867
15173	-2	4	62871
15174	-2	4	62875
15175	-2	4	62879
15176	-2	4	62883
15177	-2	4	62887
15178	-2	4	62891
15179	-2	4	62895
15180	-2	4	62899
15181	-2	4	62903
15182	-2	4	62907
15183	-2	4	62911
15184	-2	4	62915
15185	-2	4	62919
15186	-2	4	62923
15187	-2	4	62927
15188	-2	4	62931
15189	-2	4	62935
15190	-2	4	62939
15191	-2	4	62943
15192	-2	4	62947
15193	-2	4	62951
15194	-2	4	62955
15195	-2	4	62959
15196	-2	4	62963
15197	-2	4	62967
15198	-4	6	62973
15199	-2	4	62977
15200	-2	4	62981
15201	-2	4	62985
15202	-2	4	62989
15203	-2	4	62993
15204	-2	4	62997
15205	-4	6	63003
15206	-2	4	63007
15207	-2	4	63011
15208	-2	4	63015
15209	-2	4	63019
15210	-2	4	63023
15211	-2	4	63027
15212	-2	4	63031
15213	-2	4	63035
15214	-2	4	63039
15215	-2	4	63043
15216	-2	4	63047
15217	-2	4	63051
15218	-4	6	63057
15219	-2	4	63061
15220	-2	4	63065
15221	-2	4	63069
15222	-2	4	63073
15223	-2	4	63077
15224	-2	4	63081
15225	-2	4	63085
15226	-2	4	63089
15227	-2	4	63093
15228	-2	4	63097
15229	-2	4	63101
15230	-3	5	63106
15231	-2	4	63110
15232	-2	4	63114
15233	-2	4	63118
15234	-2	4	63122
15235	-2	4	63126
15236	-2	4	63130
15237	-2	4	63134
15238	-2	4	63138
15239	-2	4	63142
15240	-2	4	63146
15241	-2	4	63150
15242	-4	6	63156
15243	-2	4	63160
15244	-2	4	63164
15245	-2	4	63168
15246	-2	4	63172
15247	-2	4	63176
15248	-2	4	63180
15249	-2	4	63184
15250	-2	4	63188
15251	-2	4	63192
15252	-2	4	63196
15253	-2	4	63200
15254	-2	4	63204
15255	-2	4	63208
15256	-2	4	63212
15257	-2	4	63216
15258	-2	4	63220
15259	-2	4	63224
15260	-2	4	63228
15261	-2	4	63232
15262	-2	4	63236
15263	-2	4	63240
15264	-2	4	63244
15265	-2	4	63248
15266	-2	4	63252
15267	-2	4	63256
15268	-2	4	63260
15269	-2	4	63264
15270	-2	4	63268
15271	-2	4	63272
15272	-2	4	63276
15273	-2	4	63280
15274	-2	4	63284
15275	-2	4	63288
15276	-2	4	63292
15277	-2	4	63296
15278	-2	4	63300
15279	-2	4	63304
15280	-4	6	63310
15281	-2	4	63314
15282	-2	4	63318
15283	-2	4	63322
15284	-2	4	63326
15285	-2	4	63330
15286	-2	4	63334
15287	-2	4	63338
15288	-2	4	63342
15289	-2	4	63346
15290	-4	6	63352
15291	-2	4	63356
15292	-2	4	63360
15293	-2	4	63364
15294	-2	4	63368
15295	-2	4	63372
15296	-4	6	63378
15297	-2	4	63382
15298	-2	4	63386
15299	-2	4	63390
15300	-2	4	63394
15301	-2	4	63398
15302	-2	4	63402
15303	-2	4	63406
15304	-2	4	63410
15305	-2	4	63414
15306	-2	4	63418
15307	-2	4	63422
15308	-2	4	63426
15309	-2	4	63430
15310	-2	4	63434
15311	-2	4	63438
15312	-2	4	63442
15313	-2	4	63446
15314	-2	4	63450
15315	-2	4	63454
15316	-2	4	63458
15317	-2	4	63462
15318	-2	4	63466
15319	-3	5	63471
15320	-2	4	63475
15321	-4	6	63481
15322	-2	4	63485
15323	-2	4	63489
15324	-2	4	63493
15325	-2	4	63497
15326	-2	4	63501
15327	-2	4	63505
15328	-2	4	63509
15329	-2	4	63513
15330	-2	4	63517
15331	-2	4	63521
15332	-2	4	63525
15333	-2	4	63529
15334	-2	4	63533
15335	-2	4	63537
15336	-2	4	63541
15337	-2	4	63545
15338	-2	4	63549
15339	-2	4	63553
15340	-2	4	63557
15341	-2	4	63561
15342	-2	4	63565
15343	-2	4	63569
15344	-2	4	63573
15345	-2	4	63577
15346	-3	5	63582
15347	-2	4	63586
15348	-2	4	63590
15349	-2	4	63594
15350	-2	4	63598
15351	-2	4	63602
15352	-2	4	63606
15353	-2	4	63610
15354	-4	6	63616
15355	-2	4	63620
15356	-2	4	63624
15357	-2	4	63628
15358	-2	4	63632
15359	-2	4	63636
15360	-2	4	63640
15361	-2	4	63644
15362	-2	4	63648
15363	-2	4	63652
15364	-2	4	63656
15365	-2	4	63660
15366	-2	4	63664
15367	-2	4	63668
15368	-2	4	63672
15369	-2	4	63676
15370	-2	4	63680
15371	-2	4	63684
15372	-2	4	63688
15373	-3	5	63693
15374	-4	6	63699
15375	-2	4	63703
15376	-2	4	63707
15377	-2	4	63711
15378	-2	4	63715
15379	-2	4	63719
15380	-2	4	63723
15381	-2	4	63727
15382	-2	4	63731
15383	-2	4	63735
15384	-2	4	63739
15385	-2	4	63743
15386	-2	4	63747
15387	-2	4	63751
15388	-3	5	63756
15389	-2	4	63760
15390	-2	4	63764
15391	-2	4	63768
15392	-2	4	63772
15393	-4	6	63778
15394	-2	4	63782
15395	-2	4	63786
15396	-2	4	63790
15397	-2	4	63794
15398	-2	4	63798
15399	-2	4	63802
15400	-2	4	63806
15401	-2	4	63810
15402	-2	4	63814
15403	-2	4	63818
15404	-2	4	63822
15405	-2	4	63826
15406	-2	4	63830
15407	-2	4	63834
15408	-2	4	63838
15409	-2	4	63842
15410	-2	4	63846
15411	-2	4	63850
15412	-2	4	63854
15413	-2	4	63858
15414	-2	4	63862
15415	-2	4	63866
15416	-2	4	63870
15417	-2	4	63874
15418	-2	4	63878
15419	-2	4	63882
15420	-2	4	63886
15421	-2	4	63890
15422	-2	4	63894
15423	-2	4	63898
15424	-2	4	63902
15425	-2	4	63906
15426	-2	4	63910
15427	-2	4	63914
15428	-2	4	63918
15429	-2	4	63922
15430	-2	4	63926
15431	-2	4	63930
15432	-2	4	63934
15433	-2	4	63938
15434	-2	4	63942
15435	-2	4	63946
15436	-2	4	63950
15437	-2	4	63954
15438	-3	5	63959
15439	-2	4	63963
15440	-2	4	63967
15441	-2	4	63971
15442	-2	4	63975
15443	-2	4	63979
15444	-2	4	63983
15445	-2	4	63987
15446	-2	4	63991
15447	-2	4	63995
15448	-2	4	63999
15449	-2	4	64003
15450	-2	4	64007
15451	-2	4	64011
15452	-2	4	64015
15453	-2	4	64019
15454	-2	4	64023
15455	-2	4	64027
15456	-2	4	64031
15457	-2	4	64035
15458	-2	4	64039
15459	-2	4	64043
15460	-2	4	64047
15461	-2	4	64051
15462	-3	5	64056
15463	-2	4	64060
15464	-2	4	64064
15465	-2	4	64068
15466	-2	4	64072
15467	-2	4	64076
15468	-2	4	64080
15469	-2	4	64084
15470	-2	4	64088
15471	-2	4	64092
15472	-2	4	64096
15473	-2	4	64100
15474	-2	4	64104
15475	-2	4	64108
15476	-2	4	64112
15477	-2	4	64116
15478	-2	4	64120
15479	-2	4	64124
15480	-2	4	64128
15481	-2	4	64132
15482	-2	4	64136
15483	-2	4	64140
15484	-2	4	64144
15485	-2	4	64148
15486	-2	4	64152
15487	-3	5	64157
15488	-2	4	64161
15489	-2	4	64165
15490	-2	4	64169
15491	-2	4	64173
15492	-2	4	64177
15493	-2	4	64181
15494	-2	4	64185
15495	-2	4	64189
15496	-2	4	64193
15497	-2	4	64197
15498	-2	4	64201
15499	-2	4	64205
15500	-2	4	64209
15501	-2	4	64213
15502	-2	4	64217
15503	-2	4	64221
15504	-2	4	64225
15505	-2	4	64229
15506	-2	4	64233
15507	-2	4	64237
15508	-2	4	64241
15509	-2	4	64245
15510	-2	4	64249
15511	-2	4	64253
15512	-2	4	64257
15513	-2	4	64261
15514	-2	4	64265
15515	-2	4	64269
15516	-2	4	64273
15517	-2	4	64277
15518	-2	4	64281
15519	-2	4	64285
15520	-2	4	64289
15521	-2	4	64293
15522	-2	4	64297
15523	-2	4	64301
15524	-2	4	64305
15525	-2	4	64309
15526	-2	4	64313
15527	-2	4	64317
15528	-2	4	64321
15529	-2	4	64325
15530	-2	4	64329
15531	-2	4	64333
15532	-2	4	64337
15533	-2	4	64341
15534	-2	4	64345
15535	-2	4	64349
15536	-2	4	64353
15537	-2	4	64357
15538	-2	4	64361
15539	-2	4	64365
15540	-2	4	64369
15541	-2	4	64373
15542	-4	6	64379
15543	-2	4	64383
15544	-2	4	64387
15545	-4	6	64393
15546	-2	4	64397
15547	-2	4	64401
15548	-2	4	64405
15549	-2	4	64409
15550	-4	6	64415
15551	-2	4	64419
15552	-2	4	64423
15553	-2	4	64427
15554	-2	4	64431
15555	-2	4	64435
15556	-2	4	64439
15557	-2	4	64443
15558	-2	4	64447
15559	-2	4	64451
15560	-2	4	64455
15561	-2	4	64459
15562	-2	4	64463
15563	-2	4	64467
15564	-2	4	64471
15565	-2	4	64475
15566	-2	4	64479
15567	-2	4	64483
15568	-2	4	64487
15569	-2	4	64491
15570	-2	4	64495
15571	-2	4	64499
15572	-2	4	64503
15573	-2	4	64507
15574	-2	4	64511
15575	-2	4	64515
15576	-2	4	64519
15577	-2	4	64523
15578	-2	4	64527
15579	-2	4	64531
15580	-2	4	64535
15581	-2	4	64539
15582	-2	4	64543
15583	-2	4	64547
15584	-2	4	64551
15585	-2	4	64555
15586	-2	4	64559
15587	-2	4	64563
15588	-2	4	64567
15589	-2	4	64571
15590	-4	6	64577
15591	-2	4	64581
15592	-2	4	64585
15593	-2	4	64589
15594	-4	6	64595
15595	-2	4	64599
15596	-2	4	64603
15597	-4	6	64609
15598	-2	4	64613
15599	-2	4	64617
15600	-2	4	64621
15601	-2	4	64625
15602	-2	4	64629
15603	-2	4	64633
15604	-2	4	64637
15605	-2	4	64641
15606	-2	4	64645
15607	-2	4	64649
15608	-2	4	64653
15609	-2	4	64657
15610	-2	4	64661
15611	-2	4	64665
15612	-2	4	64669
15613	-2	4	64673
15614	-2	4	64677
15615	-2	4	64681
15616	-2	4	64685
15617	-2	4	64689
15618	-2	4	64693
15619	-2	4	64697
15620	-2	4	64701
15621	-2	4	64705
15622	-4	6	64711
15623	-2	4	64715
15624	-2	4	64719
15625	-2	4	64723
15626	-2	4	64727
15627	-2	4	64731
15628	-2	4	64735
15629	-2	4	64739
15630	-2	4	64743
15631	-2	4	64747
15632	-2	4	64751
15633	-2	4	64755
15634	-2	4	64759
15635	-2	4	64763
15636	-2	4	64767
15637	-2	4	64771
15638	-2	4	64775
15639	-2	4	64779
15640	-2	4	64783
15641	-2	4	64787
15642	-2	4	64791
15643	-2	4	64795
15644	-2	4	64799
15645	-2	4	64803
15646	-2	4	64807
15647	-2	4	64811
15648	-2	4	64815
15649	-2	4	64819
15650	-2	4	64823
15651	-2	4	64827
15652	-2	4	64831
15653	-2	4	64835
15654	-2	4	64839
15655	-2	4	64843
15656	-2	4	64847
15657	-2	4	64851
15658	-2	4	64855
15659	-2	4	64859
15660	-2	4	64863
15661	-2	4	64867
15662	-2	4	64871
15663	-2	4	64875
15664	-2	4	64879
15665	-2	4	64883
15666	-2	4	64887
15667	-2	4	64891
15668	-2	4	64895
15669	-2	4	64899
15670	-2	4	64903
15671	-2	4	64907
15672	-2	4	64911
15673	-2	4	64915
15674	-2	4	64919
15675	-2	4	64923
15676	-4	6	64929
15677	-2	4	64933
15678	-2	4	64937
15679	-4	6	64943
15680	-2	4	64947
15681	-2	4	64951
15682	-2	4	64955
15683	-2	4	64959
15684	-2	4	64963
15685	-2	4	64967
15686	-2	4	64971
15687	-2	4	64975
15688	-2	4	64979
15689	-2	4	64983
15690	-2	4	64987
15691	-2	4	64991
15692	-2	4	64995
15693	-2	4	64999
15694	-2	4	65003
15695	-2	4	65007
15696	-2	4	65011
15697	-2	4	65015
15698	-2	4	65019
15699	-4	6	65025
15700	-2	4	65029
15701	-2	4	65033
15702	-2	4	65037
15703	-2	4	65041
15704	-2	4	65045
15705	-2	4	65049
15706	-2	4	65053
15707	-2	4	65057
15708	-2	4	65061
15709	-2	4	65065
15710	-2	4	65069
15711	-2	4	65073
15712	-2	4	65077
15713	-2	4	65081
15714	-2	4	65085
15715	-2	4	65089
15716	-2	4	65093
15717	-4	6	65099
15718	-2	4	65103
15719	-4	6	65109
15720	-2	4	65113
15721	-2	4	65117
15722	-2	4	65121
15723	-2	4	65125
15724	-2	4	65129
15725	-2	4	65133
15726	-2	4	65137
15727	-2	4	65141
15728	-2	4	65145
15729	-2	4	65149
15730	-2	4	65153
15731	-2	4	65157
15732	-2	4	65161
15733	-2	4	65165
15734	-2	4	65169
15735	-2	4	65173
15736	-2	4	65177
15737	-2	4	65181
15738	-2	4	65185
15739	-2	4	65189
15740	-2	4	65193
15741	-2	4	65197
15742	-2	4	65201
15743	-2	4	65205
15744	-2	4	65209
15745	-2	4	65213
15746	-2	4	65217
15747	-2	4	65221
15748	-2	4	65225
15749	-3	5	65230
15750	-2	4	65234
15751	-2	4	65238
15752	-4	6	65244
15753	-2	4	65248
15754	-2	4	65252
15755	-2	4	65256
15756	-2	4	65260
15757	-2	4	65264
15758	-2	4	65268
15759	-2	4	65272
15760	-2	4	65276
15761	-2	4	65280
15762	-2	4	65284
15763	-2	4	65288
15764	-2	4	65292
15765	-2	4	65296
15766	-2	4	65300
15767	-2	4	65304
15768	-2	4	65308
15769	-2	4	65312
15770	-2	4	65316
15771	-2	4	65320
15772	-2	4	65324
15773	-2	4	65328
15774	-2	4	65332
15775	-2	4	65336
15776	-4	6	65342
15777	-2	4	65346
15778	-2	4	65350
15779	-2	4	65354
15780	-2	4	65358
15781	-2	4	65362
15782	-2	4	65366
15783	-2	4	65370
15784	-2	4	65374
15785	-2	4	65378
15786	-2	4	65382
15787	-2	4	65386
15788	-2	4	65390
15789	-2	4	65394
15790	-4	6	65400
15791	-2	4	65404
15792	-2	4	65408
15793	-2	4	65412
15794	-2	4	65416
15795	-2	4	65420
15796	-2	4	65424
15797	-2	4	65428
15798	-2	4	65432
15799	-2	4	65436
15800	-2	4	65440
15801	-2	4	65444
15802	-2	4	65448
15803	-2	4	65452
15804	-2	4	65456
15805	-2	4	65460
15806	-2	4	65464
15807	-2	4	65468
15808	-2	4	65472
15809	-2	4	65476
15810	-2	4	65480
15811	-2	4	65484
15812	-2	4	65488
15813	-2	4	65492
15814	-2	4	65496
15815	-2	4	65500
15816	-2	4	65504
15817	-2	4	65508
15818	-2	4	65512
15819	-2	4	65516
15820	-2	4	65520
15821	-2	4	65524
15822	-2	4	65528
15823	-2	4	65532
15824	-2	4	65536
15825	-2	4	65540
15826	-2	4	65544
15827	-2	4	65548
15828	-2	4	65552
15829	-4	6	65558
15830	-2	4	65562
15831	-2	4	65566
15832	-4	6	65572
15833	-2	4	65576
15834	-2	4	65580
15835	-2	4	65584
15836	-2	4	65588
15837	-2	4	65592
15838	-2	4	65596
15839	-2	4	65600
15840	-2	4	65604
15841	-2	4	65608
15842	-2	4	65612
15843	-2	4	65616
15844	-2	4	65620
15845	-2	4	65624
15846	-2	4	65628
15847	-2	4	65632
15848	-2	4	65636
15849	-2	4	65640
15850	-2	4	65644
15851	-2	4	65648
15852	-2	4	65652
15853	-2	4	65656
15854	-2	4	65660
15855	-2	4	65664
15856	-2	4	65668
15857	-2	4	65672
15858	-2	4	65676
15859	-2	4	65680
15860	-2	4	65684
15861	-2	4	65688
15862	-2	4	65692
15863	-2	4	65696
15864	-2	4	65700
15865	-2	4	65704
15866	-2	4	65708
15867	-2	4	65712
15868	-2	4	65716
15869	-2	4	65720
15870	-2	4	65724
15871	-2	4	65728
15872	-2	4	65732
15873	-2	4	65736
15874	-2	4	65740
15875	-2	4	65744
15876	-2	4	65748
15877	-2	4	65752
15878	-2	4	65756
15879	-2	4	65760
15880	-2	4	65764
15881	-2	4	65768
15882	-2	4	65772
15883	-4	6	65778
15884	-2	4	65782
15885	-2	4	65786
15886	-2	4	65790
15887	-2	4	65794
15888	-2	4	65798
15889	-2	4	65802
15890	-2	4	65806
15891	-2	4	65810
15892	-2	4	65814
15893	-2	4	65818
15894	-2	4	65822
15895	-2	4	65826
15896	-2	4	65830
15897	-2	4	65834
15898	-2	4	65838
15899	-2	4	65842
15900	-2	4	65846
15901	-2	4	65850
15902	-2	4	65854
15903	-2	4	65858
15904	-2	4	65862
15905	-2	4	65866
15906	-2	4	65870
15907	-2	4	65874
15908	-2	4	65878
15909	-2	4	65882
15910	-2	4	65886
15911	-2	4	65890
15912	-4	6	65896
15913	-2	4	65900
15914	-2	4	65904
15915	-2	4	65908
15916	-2	4	65912
15917	-2	4	65916
15918	-2	4	65920
15919	-2	4	65924
15920	-2	4	65928
15921	-2	4	65932
15922	-2	4	65936
15923	-2	4	65940
15924	-2	4	65944
15925	-2	4	65948
15926	-3	5	65953
15927	-2	4	65957
15928	-2	4	65961
15929	-2	4	65965
15930	-2	4	65969
15931	-2	4	65973
15932	-2	4	65977
15933	-2	4	65981
15934	-2	4	65985
15935	-2	4	65989
15936	-2	4	65993
15937	-2	4	65997
15938	-2	4	66001
15939	-2	4	66005
15940	-2	4	66009
15941	-2	4	66013
15942	-2	4	66017
15943	-2	4	66021
15944	-3	5	66026
15945	-2	4	66030
15946	-2	4	66034
15947	-2	4	66038
15948	-2	4	66042
15949	-2	4	66046
15950	-2	4	66050
15951	-2	4	66054
15952	-2	4	66058
15953	-4	6	66064
15954	-2	4	66068
15955	-2	4	66072
15956	-2	4	66076
15957	-2	4	66080
15958	-2	4	66084
15959	-4	6	66090
15960	-2	4	66094
15961	-2	4	66098
15962	-2	4	66102
15963	-2	4	66106
15964	-2	4	66110
15965	-2	4	66114
15966	-2	4	66118
15967	-2	4	66122
15968	-2	4	66126
15969	-2	4	66130
15970	-2	4	66134
15971	-2	4	66138
15972	-2	4	66142
15973	-2	4	66146
15974	-2	4	66150
15975	-2	4	66154
15976	-2	4	66158
15977	-2	4	66162
15978	-2	4	66166
15979	-2	4	66170
15980	-2	4	66174
15981	-2	4	66178
15982	-2	4	66182
15983	-2	4	66186
15984	-2	4	66190
15985	-2	4	66194
15986	-2	4	66198
15987	-2	4	66202
15988	-2	4	66206
15989	-2	4	66210
15990	-4	6	66216
15991	-2	4	66220
15992	-2	4	66224
15993	-2	4	66228
15994	-2	4	66232
15995	-2	4	66236
15996	-2	4	66240
15997	-2	4	66244
15998	-2	4	66248
15999	-2	4	66252
16000	-2	4	66256
16001	-6	8	66264
16002	-2	4	66268
16003	-2	4	66272
16004	-2	4	66276
16005	-2	4	66280
16006	-2	4	66284
16007	-2	4	66288
16008	-2	4	66292
16009	-2	4	66296
16010	-2	4	66300
16011	-2	4	66304
16012	-2	4	66308
16013	-2	4	66312
16014	-2	4	66316
16015	-2	4	66320
16016	-2	4	66324
16017	-2	4	66328
16018	-2	4	66332
16019	-2	4	66336
16020	-2	4	66340
16021	-2	4	66344
16022	-2	4	66348
16023	-2	4	66352
16024	-2	4	66356
16025	-2	4	66360
16026	-2	4	66364
16027	-2	4	66368
16028	-2	4	66372
16029	-2	4	66376
16030	-2	4	66380
16031	-2	4	66384
16032	-2	4	66388
16033	-2	4	66392
16034	-2	4	66396
16035	-2	4	66400
16036	-2	4	66404
16037	-2	4	66408
16038	-2	4	66412
16039	-2	4	66416
16040	-2	4	66420
16041	-2	4	66424
16042	-2	4	66428
16043	-2	4	66432
16044	-2	4	66436
16045	-2	4	66440
16046	-2	4	66444
16047	-2	4	66448
16048	-2	4	66452
16049	-2	4	66456
16050	-2	4	66460
16051	-2	4	66464
16052	-2	4	66468
16053	-2	4	66472
16054	-2	4	66476
16055	-2	4	66480
16056	-2	4	66484
16057	-2	4	66488
16058	-2	4	66492
16059	-2	4	66496
16060	-2	4	66500
16061	-2	4	66504
16062	-4	6	66510
16063	-4	6	66516
16064	-2	4	66520
16065	-2	4	66524
16066	-2	4	66528
16067	-2	4	66532
16068	-2	4	66536
16069	-2	4	66540
16070	-2	4	66544
16071	-2	4	66548
16072	-2	4	66552
16073	-2	4	66556
16074	-2	4	66560
16075	-2	4	66564
16076	-2	4	66568
16077	-2	4	66572
16078	-2	4	66576
16079	-2	4	66580
16080	-2	4	66584
16081	-2	4	66588
16082	-2	4	66592
16083	-2	4	66596
16084	-2	4	66600
16085	-2	4	66604
16086	-2	4	66608
16087	-2	4	66612
16088	-2	4	66616
16089	-2	4	66620
16090	-2	4	66624
16091	-2	4	66628
16092	-2	4	66632
16093	-2	4	66636
16094	-2	4	66640
16095	-2	4	66644
16096	-2	4	66648
16097	-2	4	66652
16098	-2	4	66656
16099	-2	4	66660
16100	-2	4	66664
16101	-4	6	66670
16102	-2	4	66674
16103	-2	4	66678
16104	-2	4	66682
16105	-2	4	66686
16106	-2	4	66690
16107	-2	4	66694
16108	-2	4	66698
16109	-2	4	66702
16110	-2	4	66706
16111	-2	4	66710
16112	-2	4	66714
16113	-2	4	66718
16114	-2	4	66722
16115	-2	4	66726
16116	-2	4	66730
16117	-2	4	66734
16118	-2	4	66738
16119	-4	6	66744
16120	-2	4	66748
16121	-2	4	66752
16122	-2	4	66756
16123	-2	4	66760
16124	-2	4	66764
16125	-2	4	66768
16126	-2	4	66772
16127	-2	4	66776
16128	-4	6	66782
16129	-2	4	66786
16130	-2	4	66790
16131	-2	4	66794
16132	-2	4	66798
16133	-2	4	66802
16134	-2	4	66806
16135	-2	4	66810
16136	-2	4	66814
16137	-2	4	66818
16138	-2	4	66822
16139	-2	4	66826
16140	-2	4	66830
16141	-2	4	66834
16142	-2	4	66838
16143	-4	6	66844
16144	-2	4	66848
16145	-2	4	66852
16146	-2	4	66856
16147	-2	4	66860
16148	-2	4	66864
16149	-2	4	66868
16150	-4	6	66874
16151	-2	4	66878
16152	-2	4	66882
16153	-2	4	66886
16154	-2	4	66890
16155	-2	4	66894
16156	-2	4	66898
16157	-2	4	66902
16158	-2	4	66906
16159	-2	4	66910
16160	-2	4	66914
16161	-2	4	66918
16162	-2	4	66922
16163	-2	4	66926
16164	-2	4	66930
16165	-2	4	66934
16166	-2	4	66938
16167	-2	4	66942
16168	-2	4	66946
16169	-2	4	66950
16170	-2	4	66954
16171	-2	4	66958
16172	-2	4	66962
16173	-2	4	66966
16174	-2	4	66970
16175	-2	4	66974
16176	-2	4	66978
16177	-2	4	66982
16178	-2	4	66986
16179	-2	4	66990
16180	-2	4	66994
16181	-2	4	66998
16182	-2	4	67002
16183	-2	4	67006
16184	-2	4	67010
16185	-2	4	67014
16186	-2	4	67018
16187	-2	4	67022
16188	-2	4	67026
16189	-4	6	67032
16190	-2	4	67036
16191	-2	4	67040
16192	-2	4	67044
16193	-2	4	67048
16194	-2	4	67052
16195	-2	4	67056
16196	-2	4	67060
16197	-2	4	67064
16198	-2	4	67068
16199	-2	4	67072
16200	-2	4	67076
16201	-2	4	67080
16202	-2	4	67084
16203	-2	4	67088
16204	-2	4	67092
16205	-2	4	67096
16206	-2	4	67100
16207	-2	4	67104
16208	-2	4	67108
16209	-2	4	67112
16210	-2	4	67116
16211	-2	4	67120
16212	-2	4	67124
16213	-2	4	67128
16214	-2	4	67132
16215	-2	4	67136
16216	-2	4	67140
16217	-2	4	67144
16218	-2	4	67148
16219	-2	4	67152
16220	-2	4	67156
16221	-2	4	67160
16222	-2	4	67164
16223	-2	4	67168
16224	-2	4	67172
16225	-2	4	67176
16226	-2	4	67180
16227	-2	4	67184
16228	-3	5	67189
16229	-2	4	67193
16230	-2	4	67197
16231	-4	6	67203
16232	-2	4	67207
16233	-2	4	67211
16234	-2	4	67215
16235	-2	4	67219
16236	-2	4	67223
16237	-2	4	67227
16238	-2	4	67231
16239	-2	4	67235
16240	-2	4	67239
16241	-2	4	67243
16242	-2	4	67247
16243	-2	4	67251
16244	-4	6	67257
16245	-2	4	67261
16246	-2	4	67265
16247	-2	4	67269
16248	-2	4	67273
16249	-2	4	67277
16250	-2	4	67281
16251	-2	4	67285
16252	-2	4	67289
16253	-2	4	67293
16254	-2	4	67297
16255	-2	4	67301
16256	-4	6	67307
16257	-2	4	67311
16258	-2	4	67315
16259	-2	4	67319
16260	-2	4	67323
16261	-2	4	67327
16262	-2	4	67331
16263	-2	4	67335
16264	-2	4	67339
16265	-2	4	67343
16266	-2	4	67347
16267	-2	4	67351
16268	-2	4	67355
16269	-2	4	67359
16270	-2	4	67363
16271	-2	4	67367
16272	-2	4	67371
16273	-2	4	67375
16274	-2	4	67379
16275	-2	4	67383
16276	-2	4	67387
16277	-2	4	67391
16278	-2	4	67395
16279	-2	4	67399
16280	-2	4	67403
16281	-2	4	67407
16282	-4	6	67413
16283	-2	4	67417
16284	-2	4	67421
16285	-2	4	67425
16286	-2	4	67429
16287	-2	4	67433
16288	-2	4	67437
16289	-2	4	67441
16290	-2	4	67445
16291	-2	4	67449
16292	-2	4	67453
16293	-2	4	67457
16294	-2	4	67461
16295	-2	4	67465
16296	-2	4	67469
16297	-2	4	67473
16298	-2	4	67477
16299	-2	4	67481
16300	-2	4	67485
16301	-2	4	67489
16302	-2	4	67493
16303	-2	4	67497
16304	-2	4	67501
16305	-2	4	67505
16306	-2	4	67509
16307	-2	4	67513
16308	-2	4	67517
16309	-2	4	67521
16310	-2	4	67525
16311	-2	4	67529
16312	-2	4	67533
16313	-2	4	67537
16314	-2	4	67541
16315	-2	4	67545
16316	-2	4	67549
16317	-2	4	67553
16318	-2	4	67557
16319	-2	4	67561
16320	-2	4	67565
16321	-5	7	67572
16322	-2	4	67576
16323	-2	4	67580
16324	-2	4	67584
16325	-2	4	67588
16326	-2	4	67592
16327	-2	4	67596
16328	-2	4	67600
16329	-2	4	67604
16330	-2	4	67608
16331	-2	4	67612
16332	-2	4	67616
16333	-2	4	67620
16334	-2	4	67624
16335	-2	4	67628
16336	-2	4	67632
16337	-2	4	67636
16338	-2	4	67640
16339	-4	6	67646
16340	-2	4	67650
16341	-2	4	67654
16342	-2	4	67658
16343	-2	4	67662
16344	-2	4	67666
16345	-2	4	67670
16346	-2	4	67674
16347	-5	7	67681
16348	-4	6	67687
16349	-2	4	67691
16350	-2	4	67695
16351	-2	4	67699
16352	-2	4	67703
16353	-2	4	67707
16354	-2	4	67711
16355	-2	4	67715
16356	-2	4	67719
16357	-2	4	67723
16358	-2	4	67727
16359	-2	4	67731
16360	-2	4	67735
16361	-2	4	67739
16362	-2	4	67743
16363	-2	4	67747
16364	-2	4	67751
16365	-2	4	67755
16366	-2	4	67759
16367	-2	4	67763
16368	-2	4	67767
16369	-2	4	67771
16370	-2	4	67775
16371	-2	4	67779
16372	-2	4	67783
16373	-2	4	67787
16374	-2	4	67791
16375	-2	4	67795
16376	-2	4	67799
16377	-4	6	67805
16378	-2	4	67809
16379	-4	6	67815
16380	-2	4	67819
16381	-2	4	67823
16382	-2	4	67827
16383	-3	5	67832
16384	-2	4	67836
16385	-2	4	67840
16386	-2	4	67844
16387	-2	4	67848
16388	-2	4	67852
16389	-2	4	67856
16390	-2	4	67860
16391	-2	4	67864
16392	-4	6	67870
16393	-2	4	67874
16394	-2	4	67878
16395	-2	4	67882
16396	-2	4	67886
16397	-2	4	67890
16398	-2	4	67894
16399	-2	4	67898
16400	-2	4	67902
16401	-2	4	67906
16402	-2	4	67910
16403	-2	4	67914
16404	-2	4	67918
16405	-2	4	67922
16406	-2	4	67926
16407	-2	4	67930
16408	-2	4	67934
16409	-2	4	67938
16410	-2	4	67942
16411	-2	4	67946
16412	-2	4	67950
16413	-2	4	67954
16414	-2	4	67958
16415	-2	4	67962
16416	-2	4	67966
16417	-2	4	67970
16418	-2	4	67974
16419	-2	4	67978
16420	-2	4	67982
16421	-2	4	67986
16422	-2	4	67990
16423	-2	4	67994
16424	-2	4	67998
16425	-2	4	68002
16426	-2	4	68006
16427	-4	6	68012
16428	-2	4	68016
16429	-2	4	68020
16430	-2	4	68024
16431	-2	4	68028
16432	-2	4	68032
16433	-2	4	68036
16434	-2	4	68040
16435	-2	4	68044
16436	-2	4	68048
16437	-2	4	68052
16438	-2	4	68056
16439	-2	4	68060
16440	-2	4	68064
16441	-2	4	68068
16442	-2	4	68072
16443	-2	4	68076
16444	-2	4	68080
16445	-2	4	68084
16446	-2	4	68088
16447	-2	4	68092
16448	-2	4	68096
16449	-2	4	68100
16450	-2	4	68104
16451	-2	4	68108
16452	-2	4	68112
16453	-2	4	68116
16454	-2	4	68120
16455	-2	4	68124
16456	-2	4	68128
16457	-2	4	68132
16458	-2	4	68136
16459	-2	4	68140
16460	-2	4	68144
16461	-2	4	68148
16462	-2	4	68152
16463	-2	4	68156
16464	-2	4	68160
16465	-2	4	68164
16466	-2	4	68168
16467	-2	4	68172
16468	-2	4	68176
16469	-2	4	68180
16470	-3	5	68185
16471	-4	6	68191
16472	-2	4	68195
16473	-2	4	68199
16474	-2	4	68203
16475	-2	4	68207
16476	-2	4	68211
16477	-2	4	68215
16478	-2	4	68219
16479	-2	4	68223
16480	-2	4	68227
16481	-2	4	68231
16482	-2	4	68235
16483	-2	4	68239
16484	-2	4	68243
16485	-2	4	68247
16486	-2	4	68251
16487	-2	4	68255
16488	-5	7	68262
16489	-2	4	68266
16490	-2	4	68270
16491	-2	4	68274
16492	-2	4	68278
16493	-2	4	68282
16494	-2	4	68286
16495	-2	4	68290
16496	-4	6	68296
16497	-2	4	68300
16498	-2	4	68304
16499	-2	4	68308
16500	-2	4	68312
16501	-2	4	68316
16502	-2	4	68320
16503	-2	4	68324
16504	-2	4	68328
16505	-2	4	68332
16506	-2	4	68336
16507	-2	4	68340
16508	-2	4	68344
16509	-2	4	68348
16510	-2	4	68352
16511	-2	4	68356
16512	-2	4	68360
16513	-4	6	68366
16514	-2	4	68370
16515	-2	4	68374
16516	-2	4	68378
16517	-2	4	68382
16518	-2	4	68386
16519	-2	4	68390
16520	-2	4	68394
16521	-2	4	68398
16522	-2	4	68402
16523	-2	4	68406
16524	-2	4	68410
16525	-2	4	68414
16526	-2	4	68418
16527	-2	4	68422
16528	-2	4	68426
16529	-2	4	68430
16530	-2	4	68434
16531	-2	4	68438
16532	-2	4	68442
16533	-2	4	68446
16534	-2	4	68450
16535	-2	4	68454
16536	-2	4	68458
16537	-2	4	68462
16538	-2	4	68466
16539	-2	4	68470
16540	-2	4	68474
16541	-2	4	68478
16542	-2	4	68482
16543	-2	4	68486
16544	-2	4	68490
16545	-2	4	68494
16546	-2	4	68498
16547	-2	4	68502
16548	-2	4	68506
16549	-4	6	68512
16550	-2	4	68516
16551	-2	4	68520
16552	-2	4	68524
16553	-4	6	68530
16554	-2	4	68534
16555	-4	6	68540
16556	-2	4	68544
16557	-2	4	68548
16558	-4	6	68554
16559	-2	4	68558
16560	-2	4	68562
16561	-2	4	68566
16562	-2	4	68570
16563	-2	4	68574
16564	-2	4	68578
16565	-2	4	68582
16566	-2	4	68586
16567	-2	4	68590
16568	-2	4	68594
16569	-2	4	68598
16570	-2	4	68602
16571	-2	4	68606
16572	-2	4	68610
16573	-2	4	68614
16574	-2	4	68618
16575	-2	4	68622
16576	-2	4	68626
16577	-2	4	68630
16578	-2	4	68634
16579	-2	4	68638
16580	-2	4	68642
16581	-2	4	68646
16582	-2	4	68650
16583	-2	4	68654
16584	-2	4	68658
16585	-2	4	68662
16586	-2	4	68666
16587	-2	4	68670
16588	-2	4	68674
16589	-2	4	68678
16590	-2	4	68682
16591	-2	4	68686
16592	-2	4	68690
16593	-2	4	68694
16594	-2	4	68698
16595	-2	4	68702
16596	-2	4	68706
16597	-2	4	68710
16598	-2	4	68714
16599	-2	4	68718
16600	-2	4	68722
16601	-2	4	68726
16602	-2	4	68730
16603	-2	4	68734
16604	-2	4	68738
16605	-2	4	68742
16606	-2	4	68746
16607	-2	4	68750
16608	-4	6	68756
16609	-2	4	68760
16610	-2	4	68764
16611	-2	4	68768
16612	-2	4	68772
16613	-2	4	68776
16614	-2	4	68780
16615	-2	4	68784
16616	-2	4	68788
16617	-2	4	68792
16618	-2	4	68796
16619	-2	4	68800
16620	-4	6	68806
16621	-2	4	68810
16622	-2	4	68814
16623	-2	4	68818
16624	-2	4	68822
16625	-2	4	68826
16626	-2	4	68830
16627	-2	4	68834
16628	-2	4	68838
16629	-2	4	68842
16630	-2	4	68846
16631	-2	4	68850
16632	-2	4	68854
16633	-2	4	68858
16634	-2	4	68862
16635	-2	4	68866
16636	-2	4	68870
16637	-2	4	68874
16638	-2	4	68878
16639	-2	4	68882
16640	-2	4	68886
16641	-4	6	68892
16642	-2	4	68896
16643	-2	4	68900
16644	-2	4	68904
16645	-2	4	68908
16646	-2	4	68912
16647	-2	4	68916
16648	-2	4	68920
16649	-2	4	68924
16650	-2	4	68928
16651	-2	4	68932
16652	-2	4	68936
16653	-2	4	68940
16654	-2	4	68944
16655	-2	4	68948
16656	-2	4	68952
16657	-2	4	68956
16658	-2	4	68960
16659	-2	4	68964
16660	-2	4	68968
16661	-2	4	68972
16662	-2	4	68976
16663	-2	4	68980
16664	-2	4	68984
16665	-2	4	68988
16666	-2	4	68992
16667	-2	4	68996
16668	-2	4	69000
16669	-2	4	69004
16670	-2	4	69008
16671	-2	4	69012
16672	-2	4	69016
16673	-2	4	69020
16674	-2	4	69024
16675	-2	4	69028
16676	-2	4	69032
16677	-2	4	69036
16678	-2	4	69040
16679	-2	4	69044
16680	-2	4	69048
16681	-2	4	69052
16682	-2	4	69056
16683	-2	4	69060
16684	-5	7	69067
16685	-2	4	69071
16686	-2	4	69075
16687	-3	5	69080
16688	-2	4	69084
16689	-2	4	69088
16690	-2	4	69092
16691	-2	4	69096
16692	-2	4	69100
16693	-2	4	69104
16694	-2	4	69108
16695	-2	4	69112
16696	-2	4	69116
16697	-2	4	69120
16698	-2	4	69124
16699	-2	4	69128
16700	-2	4	69132
16701	-2	4	69136
16702	-2	4	69140
16703	-2	4	69144
16704	-2	4	69148
16705	-2	4	69152
16706	-2	4	69156
16707	-2	4	69160
16708	-2	4	69164
16709	-3	5	69169
16710	-2	4	69173
16711	-2	4	69177
16712	-2	4	69181
16713	-2	4	69185
16714	-2	4	69189
16715	-2	4	69193
16716	-2	4	69197
16717	-2	4	69201
16718	-2	4	69205
16719	-2	4	69209
16720	-2	4	69213
16721	-2	4	69217
16722	-2	4	69221
16723	-2	4	69225
16724	-2	4	69229
16725	-2	4	69233
16726	-2	4	69237
16727	-2	4	69241
16728	-2	4	69245
16729	-2	4	69249
16730	-2	4	69253
16731	-2	4	69257
16732	-2	4	69261
16733	-2	4	69265
16734	-2	4	69269
16735	-2	4	69273
16736	-2	4	69277
16737	-2	4	69281
16738	-2	4	69285
16739	-2	4	69289
16740	-2	4	69293
16741	-4	6	69299
16742	-2	4	69303
16743	-2	4	69307
16744	-2	4	69311
16745	-2	4	69315
16746	-4	6	69321
16747	-2	4	69325
16748	-2	4	69329
16749	-2	4	69333
16750	-2	4	69337
16751	-2	4	69341
16752	-2	4	69345
16753	-2	4	69349
16754	-2	4	69353
16755	-2	4	69357
16756	-2	4	69361
16757	-2	4	69365
16758	-2	4	69369
16759	-2	4	69373
16760	-2	4	69377
16761	-2	4	69381
16762	-2	4	69385
16763	-2	4	69389
16764	-2	4	69393
16765	-2	4	69397
16766	-2	4	69401
16767	-2	4	69405
16768	-2	4	69409
16769	-2	4	69413
16770	-2	4	69417
16771	-2	4	69421
16772	-2	4	69425
16773	-2	4	69429
16774	-2	4	69433
16775	-2	4	69437
16776	-4	6	69443
16777	-2	4	69447
16778	-2	4	69451
16779	-2	4	69455
16780	-2	4	69459
16781	-4	6	69465
16782	-2	4	69469
16783	-2	4	69473
16784	-2	4	69477
16785	-2	4	69481
16786	-2	4	69485
16787	-2	4	69489
16788	-2	4	69493
16789	-2	4	69497
16790	-2	4	69501
16791	-2	4	69505
16792	-2	4	69509
16793	-2	4	69513
16794	-2	4	69517
16795	-2	4	69521
16796	-2	4	69525
16797	-2	4	69529
16798	-2	4	69533
16799	-2	4	69537
16800	-2	4	69541
16801	-2	4	69545
16802	-2	4	69549
16803	-2	4	69553
16804	-2	4	69557
16805	-2	4	69561
16806	-2	4	69565
16807	-2	4	69569
16808	-2	4	69573
16809	-2	4	69577
16810	-2	4	69581
16811	-2	4	69585
16812	-2	4	69589
16813	-2	4	69593
16814	-2	4	69597
16815	-2	4	69601
16816	-2	4	69605
16817	-2	4	69609
16818	-2	4	69613
16819	-2	4	69617
16820	-2	4	69621
16821	-2	4	69625
16822	-2	4	69629
16823	-2	4	69633
16824	-2	4	69637
16825	-2	4	69641
16826	-2	4	69645
16827	-2	4	69649
16828	-2	4	69653
16829	-2	4	69657
16830	-2	4	69661
16831	-2	4	69665
16832	-2	4	69669
16833	-2	4	69673
16834	-2	4	69677
16835	-2	4	69681
16836	-2	4	69685
16837	-2	4	69689
16838	-2	4	69693
16839	-2	4	69697
16840	-2	4	69701
16841	-2	4	69705
16842	-2	4	69709
16843	-2	4	69713
16844	-2	4	69717
16845	-2	4	69721
16846	-2	4	69725
16847	-4	6	69731
16848	-2	4	69735
16849	-2	4	69739
16850	-2	4	69743
16851	-2	4	69747
16852	-2	4	69751
16853	-3	5	69756
16854	-2	4	69760
16855	-2	4	69764
16856	-2	4	69768
16857	-2	4	69772
16858	-2	4	69776
16859	-2	4	69780
16860	-2	4	69784
16861	-2	4	69788
16862	-2	4	69792
16863	-2	4	69796
16864	-2	4	69800
16865	-2	4	69804
16866	-2	4	69808
16867	-4	6	69814
16868	-2	4	69818
16869	-2	4	69822
16870	-2	4	69826
16871	-2	4	69830
16872	-2	4	69834
16873	-2	4	69838
16874	-2	4	69842
16875	-2	4	69846
16876	-2	4	69850
16877	-2	4	69854
16878	-2	4	69858
16879	-2	4	69862
16880	-2	4	69866
16881	-2	4	69870
16882	-2	4	69874
16883	-2	4	69878
16884	-2	4	69882
16885	-2	4	69886
16886	-2	4	69890
16887	-2	4	69894
16888	-2	4	69898
16889	-2	4	69902
16890	-2	4	69906
16891	-2	4	69910
16892	-2	4	69914
16893	-2	4	69918
16894	-2	4	69922
16895	-2	4	69926
16896	-2	4	69930
16897	-2	4	69934
16898	-2	4	69938
16899	-2	4	69942
16900	-2	4	69946
16901	-2	4	69950
16902	-2	4	69954
16903	-2	4	69958
16904	-2	4	69962
16905	-2	4	69966
16906	-2	4	69970
16907	-2	4	69974
16908	-2	4	69978
16909	-2	4	69982
16910	-2	4	69986
16911	-2	4	69990
16912	-2	4	69994
16913	-2	4	69998
16914	-2	4	70002
16915	-2	4	70006
16916	-2	4	70010
16917	-2	4	70014
16918	-2	4	70018
16919	-2	4	70022
16920	-2	4	70026
16921	-2	4	70030
16922	-2	4	70034
16923	-2	4	70038
16924	-2	4	70042
16925	-2	4	70046
16926	-2	4	70050
16927	-2	4	70054
16928	-2	4	70058
16929	-2	4	70062
16930	-2	4	70066
16931	-2	4	70070
16932	-2	4	70074
16933	-2	4	70078
16934	-2	4	70082
16935	-2	4	70086
16936	-2	4	70090
16937	-2	4	70094
16938	-2	4	70098
16939	-2	4	70102
16940	-2	4	70106
16941	-2	4	70110
16942	-2	4	70114
16943	-4	6	70120
16944	-2	4	70124
16945	-2	4	70128
16946	-2	4	70132
16947	-2	4	70136
16948	-2	4	70140
16949	-2	4	70144
16950	-2	4	70148
16951	-2	4	70152
16952	-2	4	70156
16953	-2	4	70160
16954	-2	4	70164
16955	-2	4	70168
16956	-2	4	70172
16957	-2	4	70176
16958	-2	4	70180
16959	-2	4	70184
16960	-2	4	70188
16961	-2	4	70192
16962	-2	4	70196
16963	-2	4	70200
16964	-2	4	70204
16965	-2	4	70208
16966	-2	4	70212
16967	-2	4	70216
16968	-2	4	70220
16969	-2	4	70224
16970	-2	4	70228
16971	-2	4	70232
16972	-4	6	70238
16973	-2	4	70242
16974	-2	4	70246
16975	-2	4	70250
16976	-2	4	70254
16977	-3	5	70259
16978	-2	4	70263
16979	-2	4	70267
16980	-2	4	70271
16981	-2	4	70275
16982	-2	4	70279
16983	-2	4	70283
16984	-2	4	70287
16985	-2	4	70291
16986	-2	4	70295
16987	-2	4	70299
16988	-2	4	70303
16989	-2	4	70307
16990	-2	4	70311
16991	-2	4	70315
16992	-2	4	70319
16993	-2	4	70323
16994	-2	4	70327
16995	-2	4	70331
16996	-2	4	70335
16997	-2	4	70339
16998	-2	4	70343
16999	-2	4	70347
17000	-2	4	70351
17001	-2	4	70355
17002	-2	4	70359
17003	-2	4	70363
17004	-2	4	70367
17005	-2	4	70371
17006	-2	4	70375
17007	-2	4	70379
17008	-2	4	70383
17009	-2	4	70387
17010	-2	4	70391
17011	-2	4	70395
17012	-2	4	70399
17013	-2	4	70403
17014	-2	4	70407
17015	-2	4	70411
17016	-2	4	70415
17017	-3	5	70420
17018	-2	4	70424
17019	-2	4	70428
17020	-2	4	70432
17021	-2	4	70436
17022	-2	4	70440
17023	-2	4	70444
17024	-2	4	70448
17025	-2	4	70452
17026	-2	4	70456
17027	-2	4	70460
17028	-2	4	70464
17029	-2	4	70468
17030	-2	4	70472
17031	-2	4	70476
17032	-5	7	70483
17033	-2	4	70487
17034	-2	4	70491
17035	-2	4	70495
17036	-2	4	70499
17037	-2	4	70503
17038	-2	4	70507
17039	-2	4	70511
17040	-4	6	70517
17041	-2	4	70521
17042	-2	4	70525
17043	-2	4	70529
17044	-2	4	70533
17045	-4	6	70539
17046	-2	4	70543
17047	-2	4	70547
17048	-6	8	70555
17049	-2	4	70559
17050	-2	4	70563
17051	-2	4	70567
17052	-2	4	70571
17053	-2	4	70575
17054	-2	4	70579
17055	-2	4	70583
17056	-2	4	70587
17057	-2	4	70591
17058	-2	4	70595
17059	-2	4	70599
17060	-2	4	70603
17061	-2	4	70607
17062	-2	4	70611
17063	-2	4	70615
17064	-2	4	70619
17065	-2	4	70623
17066	-2	4	70627
17067	-2	4	70631
17068	-2	4	70635
17069	-2	4	70639
17070	-2	4	70643
17071	-2	4	70647
17072	-2	4	70651
17073	-2	4	70655
17074	-4	6	70661
17075	-2	4	70665
17076	-2	4	70669
17077	-2	4	70673
17078	-2	4	70677
17079	-2	4	70681
17080	-2	4	70685
17081	-2	4	70689
17082	-2	4	70693
17083	-2	4	70697
17084	-2	4	70701
17085	-2	4	70705
17086	-2	4	70709
17087	-2	4	70713
17088	-2	4	70717
17089	-2	4	70721
17090	-2	4	70725
17091	-2	4	70729
17092	-2	4	70733
17093	-2	4	70737
17094	-2	4	70741
17095	-4	6	70747
17096	-2	4	70751
17097	-2	4	70755
17098	-2	4	70759
17099	-2	4	70763
17100	-2	4	70767
17101	-2	4	70771
17102	-2	4	70775
17103	-2	4	70779
17104	-4	6	70785
17105	-2	4	70789
17106	-2	4	70793
17107	-2	4	70797
17108	-2	4	70801
17109	-2	4	70805
17110	-2	4	70809
17111	-2	4	70813
17112	-2	4	70817
17113	-4	6	70823
17114	-2	4	70827
17115	-2	4	70831
17116	-2	4	70835
17117	-2	4	70839
17118	-6	8	70847
17119	-2	4	70851
17120	-2	4	70855
17121	-2	4	70859
17122	-2	4	70863
17123	-2	4	70867
17124	-2	4	70871
17125	-2	4	70875
17126	-2	4	70879
17127	-2	4	70883
17128	-2	4	70887
17129	-2	4	70891
17130	-2	4	70895
17131	-2	4	70899
17132	-2	4	70903
17133	-2	4	70907
17134	-2	4	70911
17135	-2	4	70915
17136	-2	4	70919
17137	-2	4	70923
17138	-2	4	70927
17139	-2	4	70931
17140	-2	4	70935
17141	-2	4	70939
17142	-2	4	70943
17143	-2	4	70947
17144	-2	4	70951
17145	-2	4	70955
17146	-2	4	70959
17147	-2	4	70963
17148	-2	4	70967
17149	-2	4	70971
17150	-2	4	70975
17151	-2	4	70979
17152	-2	4	70983
17153	-2	4	70987
17154	-2	4	70991
17155	-2	4	70995
17156	-2	4	70999
17157	-2	4	71003
17158	-2	4	71007
17159	-2	4	71011
17160	-2	4	71015
17161	-2	4	71019
17162	-2	4	71023
17163	-2	4	71027
17164	-2	4	71031
17165	-2	4	71035
17166	-2	4	71039
17167	-2	4	71043
17168	-2	4	71047
17169	-2	4	71051
17170	-2	4	71055
17171	-2	4	71059
17172	-2	4	71063
17173	-2	4	71067
17174	-2	4	71071
17175	-2	4	71075
17176	-2	4	71079
17177	-2	4	71083
17178	-2	4	71087
17179	-2	4	71091
17180	-2	4	71095
17181	-2	4	71099
17182	-2	4	71103
17183	-2	4	71107
17184	-2	4	71111
17185	-2	4	71115
17186	-2	4	71119
17187	-2	4	71123
17188	-2	4	71127
17189	-2	4	71131
17190	-2	4	71135
17191	-2	4	71139
17192	-2	4	71143
17193	-2	4	71147
17194	-2	4	71151
17195	-2	4	71155
17196	-2	4	71159
17197	-2	4	71163
17198	-4	6	71169
17199	-2	4	71173
17200	-2	4	71177
17201	-2	4	71181
17202	-2	4	71185
17203	-2	4	71189
17204	-2	4	71193
17205	-2	4	71197
17206	-2	4	71201
17207	-2	4	71205
17208	-2	4	71209
17209	-2	4	71213
17210	-2	4	71217
17211	-2	4	71221
17212	-2	4	71225
17213	-2	4	71229
17214	-2	4	71233
17215	-2	4	71237
17216	-2	4	71241
17217	-2	4	71245
17218	-2	4	71249
17219	-2	4	71253
17220	-2	4	71257
17221	-2	4	71261
17222	-2	4	71265
17223	-2	4	71269
17224	-2	4	71273
17225	-2	4	71277
17226	-2	4	71281
17227	-2	4	71285
17228	-2	4	71289
17229	-2	4	71293
17230	-2	4	71297
17231	-2	4	71301
17232	-2	4	71305
17233	-2	4	71309
17234	-2	4	71313
17235	-4	6	71319
17236	-2	4	71323
17237	-2	4	71327
17238	-2	4	71331
17239	-2	4	71335
17240	-4	6	71341
17241	-2	4	71345
17242	-2	4	71349
17243	-2	4	71353
17244	-2	4	71357
17245	-2	4	71361
17246	-2	4	71365
17247	-2	4	71369
17248	-2	4	71373
17249	-2	4	71377
17250	-2	4	71381
17251	-2	4	71385
17252	-2	4	71389
17253	-2	4	71393
17254	-2	4	71397
17255	-2	4	71401
17256	-2	4	71405
17257	-2	4	71409
17258	-2	4	71413
17259	-2	4	71417
17260	-2	4	71421
17261	-2	4	71425
17262	-2	4	71429
17263	-2	4	71433
17264	-2	4	71437
17265	-2	4	71441
17266	-2	4	71445
17267	-2	4	71449
17268	-2	4	71453
17269	-2	4	71457
17270	-2	4	71461
17271	-2	4	71465
17272	-2	4	71469
17273	-2	4	71473
17274	-2	4	71477
17275	-2	4	71481
17276	-2	4	71485
17277	-4	6	71491
17278	-2	4	71495
17279	-2	4	71499
17280	-2	4	71503
17281	-2	4	71507
17282	-2	4	71511
17283	-2	4	71515
17284	-2	4	71519
17285	-2	4	71523
17286	-2	4	71527
17287	-2	4	71531
17288	-2	4	71535
17289	-2	4	71539
17290	-2	4	71543
17291	-2	4	71547
17292	-2	4	71551
17293	-2	4	71555
17294	-4	6	71561
17295	-2	4	71565
17296	-2	4	71569
17297	-3	5	71574
17298	-2	4	71578
17299	-2	4	71582
17300	-2	4	71586
17301	-2	4	71590
17302	-2	4	71594
17303	-2	4	71598
17304	-2	4	71602
17305	-2	4	71606
17306	-2	4	71610
17307	-2	4	71614
17308	-2	4	71618
17309	-2	4	71622
17310	-2	4	71626
17311	-2	4	71630
17312	-2	4	71634
17313	-2	4	71638
17314	-2	4	71642
17315	-2	4	71646
17316	-2	4	71650
17317	-2	4	71654
17318	-2	4	71658
17319	-4	6	71664
17320	-2	4	71668
17321	-2	4	71672
17322	-2	4	71676
17323	-2	4	71680
17324	-2	4	71684
17325	-2	4	71688
17326	-2	4	71692
17327	-2	4	71696
17328	-2	4	71700
17329	-2	4	71704
17330	-2	4	71708
17331	-2	4	71712
17332	-2	4	71716
17333	-2	4	71720
17334	-2	4	71724
17335	-2	4	71728
17336	-2	4	71732
17337	-2	4	71736
17338	-2	4	71740
17339	-2	4	71744
17340	-2	4	71748
17341	-2	4	71752
17342	-2	4	71756
17343	-2	4	71760
17344	-2	4	71764
17345	-6	8	71772
17346	-2	4	71776
17347	-2	4	71780
17348	-2	4	71784
17349	-5	7	71791
17350	-2	4	71795
17351	-2	4	71799
17352	-2	4	71803
17353	-2	4	71807
17354	-2	4	71811
17355	-3	5	71816
17356	-2	4	71820
17357	-2	4	71824
17358	-2	4	71828
17359	-2	4	71832
17360	-2	4	71836
17361	-2	4	71840
17362	-2	4	71844
17363	-2	4	71848
17364	-2	4	71852
17365	-4	6	71858
17366	-2	4	71862
17367	-4	6	71868
17368	-2	4	71872
17369	-2	4	71876
17370	-2	4	71880
17371	-2	4	71884
17372	-2	4	71888
17373	-2	4	71892
17374	-2	4	71896
17375	-2	4	71900
17376	-2	4	71904
17377	-2	4	71908
17378	-2	4	71912
17379	-2	4	71916
17380	-2	4	71920
17381	-2	4	71924
17382	-2	4	71928
17383	-2	4	71932
17384	-2	4	71936
17385	-2	4	71940
17386	-2	4	71944
17387	-2	4	71948
17388	-2	4	71952
17389	-2	4	71956
17390	-2	4	71960
17391	-3	5	71965
17392	-2	4	71969
17393	-2	4	71973
17394	-2	4	71977
17395	-2	4	71981
17396	-2	4	71985
17397	-2	4	71989
17398	-2	4	71993
17399	-3	5	71998
17400	-2	4	72002
17401	-2	4	72006
17402	-2	4	72010
17403	-2	4	72014
17404	-2	4	72018
17405	-2	4	72022
17406	-2	4	72026
17407	-2	4	72030
17408	-2	4	72034
17409	-2	4	72038
17410	-2	4	72042
17411	-2	4	72046
17412	-2	4	72050
17413	-2	4	72054
17414	-2	4	72058
17415	-2	4	72062
17416	-2	4	72066
17417	-2	4	72070
17418	-2	4	72074
17419	-2	4	72078
17420	-2	4	72082
17421	-2	4	72086
17422	-2	4	72090
17423	-2	4	72094
17424	-2	4	72098
17425	-2	4	72102
17426	-2	4	72106
17427	-2	4	72110
17428	-2	4	72114
17429	-2	4	72118
17430	-2	4	72122
17431	-2	4	72126
17432	-2	4	72130
17433	-2	4	72134
17434	-2	4	72138
17435	-2	4	72142
17436	-2	4	72146
17437	-2	4	72150
17438	-2	4	72154
17439	-2	4	72158
17440	-2	4	72162
17441	-2	4	72166
17442	-2	4	72170
17443	-2	4	72174
17444	-2	4	72178
17445	-2	4	72182
17446	-2	4	72186
17447	-2	4	72190
17448	-2	4	72194
17449	-2	4	72198
17450	-2	4	72202
17451	-2	4	72206
17452	-2	4	72210
17453	-2	4	72214
17454	-2	4	72218
17455	-6	8	72226
17456	-2	4	72230
17457	-2	4	72234
17458	-2	4	72238
17459	-2	4	72242
17460	-2	4	72246
17461	-2	4	72250
17462	-2	4	72254
17463	-2	4	72258
17464	-2	4	72262
17465	-2	4	72266
17466	-2	4	72270
17467	-2	4	72274
17468	-2	4	72278
17469	-2	4	72282
17470	-2	4	72286
17471	-2	4	72290
17472	-2	4	72294
17473	-4	6	72300
17474	-2	4	72304
17475	-2	4	72308
17476	-2	4	72312
17477	-2	4	72316
17478	-2	4	72320
17479	-4	6	72326
17480	-2	4	72330
17481	-2	4	72334
17482	-2	4	72338
17483	-2	4	72342
17484	-2	4	72346
17485	-2	4	72350
17486	-2	4	72354
17487	-2	4	72358
17488	-2	4	72362
17489	-2	4	72366
17490	-2	4	72370
17491	-2	4	72374
17492	-2	4	72378
17493	-2	4	72382
17494	-2	4	72386
17495	-2	4	72390
17496	-4	6	72396
17497	-2	4	72400
17498	-2	4	72404
17499	-2	4	72408
17500	-2	4	72412
17501	-2	4	72416
17502	-2	4	72420
17503	-2	4	72424
17504	-2	4	72428
17505	-2	4	72432
17506	-2	4	72436
17507	-2	4	72440
17508	-2	4	72444
17509	-2	4	72448
17510	-2	4	72452
17511	-2	4	72456
17512	-2	4	72460
17513	-2	4	72464
17514	-2	4	72468
17515	-4	6	72474
17516	-2	4	72478
17517	-2	4	72482
17518	-2	4	72486
17519	-2	4	72490
17520	-2	4	72494
17521	-2	4	72498
17522	-2	4	72502
17523	-2	4	72506
17524	-2	4	72510
17525	-2	4	72514
17526	-2	4	72518
17527	-2	4	72522
17528	-2	4	72526
17529	-2	4	72530
17530	-2	4	72534
17531	-2	4	72538
17532	-2	4	72542
17533	-2	4	72546
17534	-2	4	72550
17535	-2	4	72554
17536	-2	4	72558
17537	-2	4	72562
17538	-2	4	72566
17539	-2	4	72570
17540	-2	4	72574
17541	-2	4	72578
17542	-2	4	72582
17543	-2	4	72586
17544	-2	4	72590
17545	-2	4	72594
17546	-2	4	72598
17547	-2	4	72602
17548	-2	4	72606
17549	-2	4	72610
17550	-2	4	72614
17551	-2	4	72618
17552	-2	4	72622
17553	-2	4	72626
17554	-2	4	72630
17555	-2	4	72634
17556	-2	4	72638
17557	-2	4	72642
17558	-2	4	72646
17559	-2	4	72650
17560	-2	4	72654
17561	-2	4	72658
17562	-4	6	72664
17563	-2	4	72668
17564	-2	4	72672
17565	-2	4	72676
17566	-2	4	72680
17567	-2	4	72684
17568	-2	4	72688
17569	-2	4	72692
17570	-2	4	72696
17571	-2	4	72700
17572	-2	4	72704
17573	-2	4	72708
17574	-2	4	72712
17575	-2	4	72716
17576	-2	4	72720
17577	-2	4	72724
17578	-2	4	72728
17579	-2	4	72732
17580	-2	4	72736
17581	-2	4	72740
17582	-2	4	72744
17583	-2	4	72748
17584	-2	4	72752
17585	-2	4	72756
17586	-2	4	72760
17587	-2	4	72764
17588	-2	4	72768
17589	-2	4	72772
17590	-2	4	72776
17591	-2	4	72780
17592	-2	4	72784
17593	-2	4	72788
17594	-2	4	72792
17595	-2	4	72796
17596	-2	4	72800
17597	-2	4	72804
17598	-2	4	72808
17599	-2	4	72812
17600	-2	4	72816
17601	-2	4	72820
17602	-2	4	72824
17603	-2	4	72828
17604	-2	4	72832
17605	-2	4	72836
17606	-2	4	72840
17607	-2	4	72844
17608	-4	6	72850
17609	-2	4	72854
17610	-2	4	72858
17611	-2	4	72862
17612	-2	4	72866
17613	-2	4	72870
17614	-2	4	72874
17615	-2	4	72878
17616	-2	4	72882
17617	-2	4	72886
17618	-2	4	72890
17619	-2	4	72894
17620	-2	4	72898
17621	-2	4	72902
17622	-2	4	72906
17623	-2	4	72910
17624	-2	4	72914
17625	-4	6	72920
17626	-2	4	72924
17627	-2	4	72928
17628	-2	4	72932
17629	-2	4	72936
17630	-2	4	72940
17631	-2	4	72944
17632	-2	4	72948
17633	-2	4	72952
17634	-2	4	72956
17635	-2	4	72960
17636	-2	4	72964
17637	-2	4	72968
17638	-2	4	72972
17639	-2	4	72976
17640	-2	4	72980
17641	-2	4	72984
17642	-2	4	72988
17643	-2	4	72992
17644	-2	4	72996
17645	-2	4	73000
17646	-2	4	73004
17647	-2	4	73008
17648	-2	4	73012
17649	-2	4	73016
17650	-2	4	73020
17651	-2	4	73024
17652	-2	4	73028
17653	-2	4	73032
17654	-2	4	73036
17655	-2	4	73040
17656	-4	6	73046
17657	-2	4	73050
17658	-2	4	73054
17659	-3	5	73059
17660	-2	4	73063
17661	-2	4	73067
17662	-2	4	73071
17663	-2	4	73075
17664	-2	4	73079
17665	-2	4	73083
17666	-2	4	73087
17667	-2	4	73091
17668	-4	6	73097
17669	-2	4	73101
17670	-2	4	73105
17671	-3	5	73110
17672	-2	4	73114
17673	-2	4	73118
17674	-2	4	73122
17675	-2	4	73126
17676	-2	4	73130
17677	-2	4	73134
17678	-2	4	73138
17679	-2	4	73142
17680	-2	4	73146
17681	-2	4	73150
17682	-2	4	73154
17683	-2	4	73158
17684	-2	4	73162
17685	-2	4	73166
17686	-2	4	73170
17687	-2	4	73174
17688	-2	4	73178
17689	-2	4	73182
17690	-2	4	73186
17691	-2	4	73190
17692	-2	4	73194
17693	-2	4	73198
17694	-2	4	73202
17695	-2	4	73206
17696	-2	4	73210
17697	-2	4	73214
17698	-4	6	73220
17699	-2	4	73224
17700	-2	4	73228
17701	-2	4	73232
17702	-2	4	73236
17703	-4	6	73242
17704	-2	4	73246
17705	-2	4	73250
17706	-2	4	73254
17707	-2	4	73258
17708	-7	9	73267
17709	-2	4	73271
17710	-2	4	73275
17711	-2	4	73279
17712	-2	4	73283
17713	-2	4	73287
17714	-2	4	73291
17715	-2	4	73295
17716	-2	4	73299
17717	-2	4	73303
17718	-2	4	73307
17719	-2	4	73311
17720	-2	4	73315
17721	-2	4	73319
17722	-2	4	73323
17723	-2	4	73327
17724	-2	4	73331
17725	-2	4	73335
17726	-2	4	73339
17727	-2	4	73343
17728	-2	4	73347
17729	-2	4	73351
17730	-2	4	73355
17731	-2	4	73359
17732	-2	4	73363
17733	-2	4	73367
17734	-2	4	73371
17735	-2	4	73375
17736	-2	4	73379
17737	-2	4	73383
17738	-4	6	73389
17739	-2	4	73393
17740	-2	4	73397
17741	-2	4	73401
17742	-2	4	73405
17743	-2	4	73409
17744	-2	4	73413
17745	-2	4	73417
17746	-2	4	73421
17747	-2	4	73425
17748	-2	4	73429
17749	-2	4	73433
17750	-2	4	73437
17751	-2	4	73441
17752	-2	4	73445
17753	-2	4	73449
17754	-2	4	73453
17755	-2	4	73457
17756	-2	4	73461
17757	-2	4	73465
17758	-2	4	73469
17759	-2	4	73473
17760	-2	4	73477
17761	-2	4	73481
17762	-2	4	73485
17763	-2	4	73489
17764	-2	4	73493
17765	-4	6	73499
17766	-2	4	73503
17767	-2	4	73507
17768	-2	4	73511
17769	-2	4	73515
17770	-2	4	73519
17771	-2	4	73523
17772	-2	4	73527
17773	-2	4	73531
17774	-2	4	73535
17775	-2	4	73539
17776	-2	4	73543
17777	-2	4	73547
17778	-2	4	73551
17779	-2	4	73555
17780	-2	4	73559
17781	-2	4	73563
17782	-2	4	73567
17783	-2	4	73571
17784	-2	4	73575
17785	-2	4	73579
17786	-2	4	73583
17787	-2	4	73587
17788	-2	4	73591
17789	-2	4	73595
17790	-2	4	73599
17791	-2	4	73603
17792	-2	4	73607
17793	-2	4	73611
17794	-2	4	73615
17795	-2	4	73619
17796	-2	4	73623
17797	-2	4	73627
17798	-2	4	73631
17799	-2	4	73635
17800	-4	6	73641
17801	-2	4	73645
17802	-2	4	73649
17803	-2	4	73653
17804	-2	4	73657
17805	-2	4	73661
17806	-2	4	73665
17807	-2	4	73669
17808	-2	4	73673
17809	-2	4	73677
17810	-2	4	73681
17811	-2	4	73685
17812	-2	4	73689
17813	-2	4	73693
17814	-2	4	73697
17815	-2	4	73701
17816	-2	4	73705
17817	-2	4	73709
17818	-2	4	73713
17819	-2	4	73717
17820	-2	4	73721
17821	-3	5	73726
17822	-2	4	73730
17823	-2	4	73734
17824	-2	4	73738
17825	-2	4	73742
17826	-2	4	73746
17827	-2	4	73750
17828	-2	4	73754
17829	-2	4	73758
17830	-2	4	73762
17831	-2	4	73766
17832	-2	4	73770
17833	-2	4	73774
17834	-2	4	73778
17835	-2	4	73782
17836	-2	4	73786
17837	-2	4	73790
17838	-2	4	73794
17839	-2	4	73798
17840	-2	4	73802
17841	-2	4	73806
17842	-2	4	73810
17843	-2	4	73814
17844	-4	6	73820
17845	-2	4	73824
17846	-2	4	73828
17847	-2	4	73832
17848	-2	4	73836
17849	-2	4	73840
17850	-2	4	73844
17851	-2	4	73848
17852	-2	4	73852
17853	-2	4	73856
17854	-4	6	73862
17855	-2	4	73866
17856	-2	4	73870
17857	-2	4	73874
17858	-2	4	73878
17859	-2	4	73882
17860	-2	4	73886
17861	-2	4	73890
17862	-3	5	73895
17863	-2	4	73899
17864	-2	4	73903
17865	-2	4	73907
17866	-2	4	73911
17867	-4	6	73917
17868	-2	4	73921
17869	-2	4	73925
17870	-2	4	73929
17871	-2	4	73933
17872	-2	4	73937
17873	-2	4	73941
17874	-2	4	73945
17875	-5	7	73952
17876	-2	4	73956
17877	-2	4	73960
17878	-2	4	73964
17879	-2	4	73968
17880	-2	4	73972
17881	-2	4	73976
17882	-2	4	73980
17883	-2	4	73984
17884	-2	4	73988
17885	-2	4	73992
17886	-2	4	73996
17887	-2	4	74000
17888	-2	4	74004
17889	-2	4	74008
17890	-2	4	74012
17891	-2	4	74016
17892	-4	6	74022
17893	-2	4	74026
17894	-2	4	74030
17895	-4	6	74036
17896	-2	4	74040
17897	-2	4	74044
17898	-2	4	74048
17899	-2	4	74052
17900	-2	4	74056
17901	-2	4	74060
17902	-2	4	74064
17903	-2	4	74068
17904	-2	4	74072
17905	-2	4	74076
17906	-2	4	74080
17907	-2	4	74084
17908	-2	4	74088
17909	-2	4	74092
17910	-2	4	74096
17911	-2	4	74100
17912	-2	4	74104
17913	-2	4	74108
17914	-2	4	74112
17915	-2	4	74116
17916	-2	4	74120
17917	-2	4	74124
17918	-2	4	74128
17919	-2	4	74132
17920	-2	4	74136
17921	-2	4	74140
17922	-2	4	74144
17923	-2	4	74148
17924	-4	6	74154
17925	-2	4	74158
17926	-2	4	74162
17927	-2	4	74166
17928	-2	4	74170
17929	-2	4	74174
17930	-2	4	74178
17931	-2	4	74182
17932	-2	4	74186
17933	-2	4	74190
17934	-2	4	74194
17935	-2	4	74198
17936	-2	4	74202
17937	-2	4	74206
17938	-2	4	74210
17939	-2	4	74214
17940	-2	4	74218
17941	-2	4	74222
17942	-2	4	74226
17943	-2	4	74230
17944	-2	4	74234
17945	-2	4	74238
17946	-2	4	74242
17947	-2	4	74246
17948	-2	4	74250
17949	-2	4	74254
17950	-2	4	74258
17951	-2	4	74262
17952	-2	4	74266
17953	-4	6	74272
17954	-2	4	74276
17955	-2	4	74280
17956	-2	4	74284
17957	-2	4	74288
17958	-2	4	74292
17959	-2	4	74296
17960	-2	4	74300
17961	-2	4	74304
17962	-2	4	74308
17963	-2	4	74312
17964	-2	4	74316
17965	-2	4	74320
17966	-2	4	74324
17967	-2	4	74328
17968	-2	4	74332
17969	-2	4	74336
17970	-2	4	74340
17971	-2	4	74344
17972	-2	4	74348
17973	-2	4	74352
17974	-2	4	74356
17975	-2	4	74360
17976	-2	4	74364
17977	-6	8	74372
17978	-2	4	74376
17979	-2	4	74380
17980	-2	4	74384
17981	-2	4	74388
17982	-2	4	74392
17983	-2	4	74396
17984	-2	4	74400
17985	-2	4	74404
17986	-2	4	74408
17987	-2	4	74412
17988	-2	4	74416
17989	-2	4	74420
17990	-2	4	74424
17991	-2	4	74428
17992	-2	4	74432
17993	-2	4	74436
17994	-2	4	74440
17995	-2	4	74444
17996	-2	4	74448
17997	-2	4	74452
17998	-4	6	74458
17999	-2	4	74462
18000	-2	4	74466
18001	-2	4	74470
18002	-2	4	74474
18003	-2	4	74478
18004	-2	4	74482
18005	-2	4	74486
18006	-2	4	74490
18007	-2	4	74494
18008	-2	4	74498
18009	-2	4	74502
18010	-2	4	74506
18011	-2	4	74510
18012	-2	4	74514
18013	-2	4	74518
18014	-2	4	74522
18015	-2	4	74526
18016	-2	4	74530
18017	-2	4	74534
18018	-2	4	74538
18019	-5	7	74545
18020	-4	6	74551
18021	-2	4	74555
18022	-2	4	74559
18023	-2	4	74563
18024	-2	4	74567
18025	-2	4	74571
18026	-2	4	74575
18027	-2	4	74579
18028	-2	4	74583
18029	-2	4	74587
18030	-2	4	74591
18031	-2	4	74595
18032	-2	4	74599
18033	-2	4	74603
18034	-4	6	74609
18035	-2	4	74613
18036	-2	4	74617
18037	-2	4	74621
18038	-2	4	74625
18039	-2	4	74629
18040	-2	4	74633
18041	-2	4	74637
18042	-2	4	74641
18043	-2	4	74645
18044	-2	4	74649
18045	-2	4	74653
18046	-2	4	74657
18047	-2	4	74661
18048	-2	4	74665
18049	-2	4	74669
18050	-2	4	74673
18051	-2	4	74677
18052	-2	4	74681
18053	-2	4	74685
18054	-2	4	74689
18055	-2	4	74693
18056	-2	4	74697
18057	-4	6	74703
18058	-2	4	74707
18059	-2	4	74711
18060	-2	4	74715
18061	-2	4	74719
18062	-2	4	74723
18063	-2	4	74727
18064	-2	4	74731
18065	-2	4	74735
18066	-2	4	74739
18067	-2	4	74743
18068	-2	4	74747
18069	-2	4	74751
18070	-2	4	74755
18071	-2	4	74759
18072	-2	4	74763
18073	-2	4	74767
18074	-2	4	74771
18075	-2	4	74775
18076	-2	4	74779
18077	-2	4	74783
18078	-2	4	74787
18079	-2	4	74791
18080	-2	4	74795
18081	-2	4	74799
18082	-2	4	74803
18083	-2	4	74807
18084	-2	4	74811
18085	-2	4	74815
18086	-3	5	74820
18087	-2	4	74824
18088	-2	4	74828
18089	-2	4	74832
18090	-2	4	74836
18091	-2	4	74840
18092	-2	4	74844
18093	-2	4	74848
18094	-2	4	74852
18095	-2	4	74856
18096	-2	4	74860
18097	-2	4	74864
18098	-2	4	74868
18099	-2	4	74872
18100	-2	4	74876
18101	-2	4	74880
18102	-2	4	74884
18103	-4	6	74890
18104	-2	4	74894
18105	-2	4	74898
18106	-2	4	74902
18107	-2	4	74906
18108	-2	4	74910
18109	-2	4	74914
18110	-2	4	74918
18111	-2	4	74922
18112	-2	4	74926
18113	-3	5	74931
18114	-2	4	74935
18115	-2	4	74939
18116	-2	4	74943
18117	-2	4	74947
18118	-2	4	74951
18119	-2	4	74955
18120	-2	4	74959
18121	-2	4	74963
18122	-2	4	74967
18123	-2	4	74971
18124	-2	4	74975
18125	-2	4	74979
18126	-2	4	74983
18127	-2	4	74987
18128	-2	4	74991
18129	-2	4	74995
18130	-2	4	74999
18131	-2	4	75003
18132	-2	4	75007
18133	-2	4	75011
18134	-2	4	75015
18135	-4	6	75021
18136	-2	4	75025
18137	-2	4	75029
18138	-4	6	75035
18139	-2	4	75039
18140	-4	6	75045
18141	-2	4	75049
18142	-2	4	75053
18143	-2	4	75057
18144	-2	4	75061
18145	-2	4	75065
18146	-2	4	75069
18147	-2	4	75073
18148	-2	4	75077
18149	-2	4	75081
18150	-2	4	75085
18151	-2	4	75089
18152	-2	4	75093
18153	-2	4	75097
18154	-2	4	75101
18155	-2	4	75105
18156	-2	4	75109
18157	-2	4	75113
18158	-2	4	75117
18159	-2	4	75121
18160	-2	4	75125
18161	-2	4	75129
18162	-2	4	75133
18163	-2	4	75137
18164	-2	4	75141
18165	-2	4	75145
18166	-2	4	75149
18167	-2	4	75153
18168	-2	4	75157
18169	-2	4	75161
18170	-2	4	75165
18171	-4	6	75171
18172	-2	4	75175
18173	-2	4	75179
18174	-2	4	75183
18175	-4	6	75189
18176	-2	4	75193
18177	-2	4	75197
18178	-2	4	75201
18179	-2	4	75205
18180	-2	4	75209
18181	-2	4	75213
18182	-2	4	75217
18183	-2	4	75221
18184	-2	4	75225
18185	-2	4	75229
18186	-2	4	75233
18187	-2	4	75237
18188	-2	4	75241
18189	-2	4	75245
18190	-2	4	75249
18191	-2	4	75253
18192	-2	4	75257
18193	-4	6	75263
18194	-2	4	75267
18195	-2	4	75271
18196	-2	4	75275
18197	-2	4	75279
18198	-2	4	75283
18199	-2	4	75287
18200	-2	4	75291
18201	-2	4	75295
18202	-2	4	75299
18203	-2	4	75303
18204	-2	4	75307
18205	-2	4	75311
18206	-4	6	75317
18207	-2	4	75321
18208	-2	4	75325
18209	-2	4	75329
18210	-2	4	75333
18211	-2	4	75337
18212	-4	6	75343
18213	-2	4	75347
18214	-2	4	75351
18215	-2	4	75355
18216	-2	4	75359
18217	-2	4	75363
18218	-2	4	75367
18219	-2	4	75371
18220	-2	4	75375
18221	-2	4	75379
18222	-2	4	75383
18223	-2	4	75387
18224	-2	4	75391
18225	-2	4	75395
18226	-2	4	75399
18227	-2	4	75403
18228	-2	4	75407
18229	-2	4	75411
18230	-2	4	75415
18231	-2	4	75419
18232	-2	4	75423
18233	-2	4	75427
18234	-2	4	75431
18235	-2	4	75435
18236	-2	4	75439
18237	-2	4	75443
18238	-2	4	75447
18239	-2	4	75451
18240	-2	4	75455
18241	-2	4	75459
18242	-2	4	75463
18243	-2	4	75467
18244	-2	4	75471
18245	-2	4	75475
18246	-2	4	75479
18247	-2	4	75483
18248	-2	4	75487
18249	-2	4	75491
18250	-2	4	75495
18251	-2	4	75499
18252	-2	4	75503
18253	-4	6	75509
18254	-2	4	75513
18255	-2	4	75517
18256	-2	4	75521
18257	-2	4	75525
18258	-2	4	75529
18259	-2	4	75533
18260	-2	4	75537
18261	-2	4	75541
18262	-4	6	75547
18263	-2	4	75551
18264	-2	4	75555
18265	-2	4	75559
18266	-2	4	75563
18267	-4	6	75569
18268	-2	4	75573
18269	-2	4	75577
18270	-2	4	75581
18271	-2	4	75585
18272	-2	4	75589
18273	-2	4	75593
18274	-4	6	75599
18275	-4	6	75605
18276	-2	4	75609
18277	-2	4	75613
18278	-2	4	75617
18279	-2	4	75621
18280	-2	4	75625
18281	-2	4	75629
18282	-2	4	75633
18283	-2	4	75637
18284	-2	4	75641
18285	-4	6	75647
18286	-2	4	75651
18287	-2	4	75655
18288	-2	4	75659
18289	-2	4	75663
18290	-2	4	75667
18291	-2	4	75671
18292	-2	4	75675
18293	-2	4	75679
18294	-2	4	75683
18295	-4	6	75689
18296	-2	4	75693
18297	-2	4	75697
18298	-2	4	75701
18299	-2	4	75705
18300	-2	4	75709
18301	-2	4	75713
18302	-2	4	75717
18303	-2	4	75721
18304	-2	4	75725
18305	-2	4	75729
18306	-2	4	75733
18307	-2	4	75737
18308	-2	4	75741
18309	-2	4	75745
18310	-2	4	75749
18311	-2	4	75753
18312	-2	4	75757
18313	-4	6	75763
18314	-2	4	75767
18315	-2	4	75771
18316	-2	4	75775
18317	-2	4	75779
18318	-2	4	75783
18319	-2	4	75787
18320	-2	4	75791
18321	-2	4	75795
18322	-2	4	75799
18323	-2	4	75803
18324	-2	4	75807
18325	-2	4	75811
18326	-3	5	75816
18327	-2	4	75820
18328	-2	4	75824
18329	-2	4	75828
18330	-2	4	75832
18331	-2	4	75836
18332	-2	4	75840
18333	-2	4	75844
18334	-2	4	75848
18335	-2	4	75852
18336	-2	4	75856
18337	-2	4	75860
18338	-2	4	75864
18339	-2	4	75868
18340	-4	6	75874
18341	-2	4	75878
18342	-4	6	75884
18343	-2	4	75888
18344	-2	4	75892
18345	-2	4	75896
18346	-2	4	75900
18347	-2	4	75904
18348	-2	4	75908
18349	-2	4	75912
18350	-2	4	75916
18351	-2	4	75920
18352	-2	4	75924
18353	-2	4	75928
18354	-2	4	75932
18355	-2	4	75936
18356	-2	4	75940
18357	-2	4	75944
18358	-2	4	75948
18359	-2	4	75952
18360	-2	4	75956
18361	-2	4	75960
18362	-2	4	75964
18363	-2	4	75968
18364	-2	4	75972
18365	-2	4	75976
18366	-2	4	75980
18367	-2	4	75984
18368	-2	4	75988
18369	-2	4	75992
18370	-2	4	75996
18371	-2	4	76000
18372	-2	4	76004
18373	-2	4	76008
18374	-2	4	76012
18375	-2	4	76016
18376	-2	4	76020
18377	-2	4	76024
18378	-2	4	76028
18379	-2	4	76032
18380	-2	4	76036
18381	-2	4	76040
18382	-2	4	76044
18383	-4	6	76050
18384	-2	4	76054
18385	-2	4	76058
18386	-2	4	76062
18387	-2	4	76066
18388	-2	4	76070
18389	-2	4	76074
18390	-2	4	76078
18391	-2	4	76082
18392	-2	4	76086
18393	-2	4	76090
18394	-2	4	76094
18395	-2	4	76098
18396	-2	4	76102
18397	-2	4	76106
18398	-2	4	76110
18399	-4	6	76116
18400	-2	4	76120
18401	-2	4	76124
18402	-2	4	76128
18403	-2	4	76132
18404	-4	6	76138
18405	-2	4	76142
18406	-2	4	76146
18407	-2	4	76150
18408	-2	4	76154
18409	-2	4	76158
18410	-2	4	76162
18411	-2	4	76166
18412	-2	4	76170
18413	-4	6	76176
18414	-2	4	76180
18415	-2	4	76184
18416	-2	4	76188
18417	-2	4	76192
18418	-2	4	76196
18419	-2	4	76200
18420	-2	4	76204
18421	-2	4	76208
18422	-2	4	76212
18423	-2	4	76216
18424	-2	4	76220
18425	-4	6	76226
18426	-2	4	76230
18427	-2	4	76234
18428	-2	4	76238
18429	-2	4	76242
18430	-2	4	76246
18431	-2	4	76250
18432	-2	4	76254
18433	-2	4	76258
18434	-2	4	76262
18435	-2	4	76266
18436	-2	4	76270
18437	-2	4	76274
18438	-2	4	76278
18439	-2	4	76282
18440	-2	4	76286
18441	-2	4	76290
18442	-2	4	76294
18443	-2	4	76298
18444	-2	4	76302
18445	-2	4	76306
18446	-2	4	76310
18447	-2	4	76314
18448	-2	4	76318
18449	-2	4	76322
18450	-2	4	76326
18451	-2	4	76330
18452	-2	4	76334
18453	-2	4	76338
18454	-2	4	76342
18455	-2	4	76346
18456	-2	4	76350
18457	-2	4	76354
18458	-2	4	76358
18459	-2	4	76362
18460	-2	4	76366
18461	-2	4	76370
18462	-2	4	76374
18463	-2	4	76378
18464	-2	4	76382
18465	-2	4	76386
18466	-2	4	76390
18467	-4	6	76396
18468	-2	4	76400
18469	-2	4	76404
18470	-2	4	76408
18471	-2	4	76412
18472	-2	4	76416
18473	-2	4	76420
18474	-2	4	76424
18475	-2	4	76428
18476	-2	4	76432
18477	-2	4	76436
18478	-2	4	76440
18479	-2	4	76444
18480	-2	4	76448
18481	-2	4	76452
18482	-2	4	76456
18483	-2	4	76460
18484	-2	4	76464
18485	-2	4	76468
18486	-2	4	76472
18487	-2	4	76476
18488	-2	4	76480
18489	-2	4	76484
18490	-2	4	76488
18491	-2	4	76492
18492	-2	4	76496
18493	-2	4	76500
18494	-2	4	76504
18495	-2	4	76508
18496	-2	4	76512
18497	-2	4	76516
18498	-2	4	76520
18499	-2	4	76524
18500	-2	4	76528
18501	-2	4	76532
18502	-2	4	76536
18503	-2	4	76540
18504	-2	4	76544
18505	-2	4	76548
18506	-2	4	76552
18507	-2	4	76556
18508	-2	4	76560
18509	-4	6	76566
18510	-2	4	76570
18511	-2	4	76574
18512	-2	4	76578
18513	-2	4	76582
18514	-2	4	76586
18515	-2	4	76590
18516	-2	4	76594
18517	-2	4	76598
18518	-2	4	76602
18519	-2	4	76606
18520	-2	4	76610
18521	-2	4	76614
18522	-2	4	76618
18523	-2	4	76622
18524	-2	4	76626
18525	-2	4	76630
18526	-4	6	76636
18527	-2	4	76640
18528	-2	4	76644
18529	-2	4	76648
18530	-2	4	76652
18531	-2	4	76656
18532	-4	6	76662
18533	-2	4	76666
18534	-2	4	76670
18535	-2	4	76674
18536	-2	4	76678
18537	-2	4	76682
18538	-2	4	76686
18539	-2	4	76690
18540	-2	4	76694
18541	-2	4	76698
18542	-2	4	76702
18543	-2	4	76706
18544	-2	4	76710
18545	-2	4	76714
18546	-2	4	76718
18547	-2	4	76722
18548	-2	4	76726
18549	-2	4	76730
18550	-2	4	76734
18551	-2	4	76738
18552	-2	4	76742
18553	-2	4	76746
18554	-2	4	76750
18555	-2	4	76754
18556	-2	4	76758
18557	-2	4	76762
18558	-2	4	76766
18559	-2	4	76770
18560	-2	4	76774
18561	-2	4	76778
18562	-2	4	76782
18563	-2	4	76786
18564	-2	4	76790
18565	-2	4	76794
18566	-2	4	76798
18567	-2	4	76802
18568	-2	4	76806
18569	-2	4	76810
18570	-2	4	76814
18571	-2	4	76818
18572	-2	4	76822
18573	-4	6	76828
18574	-4	6	76834
18575	-2	4	76838
18576	-2	4	76842
18577	-2	4	76846
18578	-2	4	76850
18579	-2	4	76854
18580	-2	4	76858
18581	-2	4	76862
18582	-2	4	76866
18583	-2	4	76870
18584	-2	4	76874
18585	-2	4	76878
18586	-2	4	76882
18587	-2	4	76886
18588	-2	4	76890
18589	-2	4	76894
18590	-2	4	76898
18591	-4	6	76904
18592	-4	6	76910
18593	-2	4	76914
18594	-2	4	76918
18595	-2	4	76922
18596	-2	4	76926
18597	-2	4	76930
18598	-2	4	76934
18599	-2	4	76938
18600	-2	4	76942
18601	-2	4	76946
18602	-4	6	76952
18603	-2	4	76956
18604	-2	4	76960
18605	-2	4	76964
18606	-2	4	76968
18607	-2	4	76972
18608	-2	4	76976
18609	-2	4	76980
18610	-2	4	76984
18611	-2	4	76988
18612	-2	4	76992
18613	-2	4	76996
18614	-2	4	77000
18615	-2	4	77004
18616	-2	4	77008
18617	-2	4	77012
18618	-2	4	77016
18619	-2	4	77020
18620	-2	4	77024
18621	-2	4	77028
18622	-2	4	77032
18623	-2	4	77036
18624	-2	4	77040
18625	-2	4	77044
18626	-2	4	77048
18627	-2	4	77052
18628	-2	4	77056
18629	-2	4	77060
18630	-2	4	77064
18631	-2	4	77068
18632	-2	4	77072
18633	-2	4	77076
18634	-2	4	77080
18635	-2	4	77084
18636	-2	4	77088
18637	-2	4	77092
18638	-2	4	77096
18639	-2	4	77100
18640	-2	4	77104
18641	-2	4	77108
18642	-2	4	77112
18643	-3	5	77117
18644	-2	4	77121
18645	-2	4	77125
18646	-2	4	77129
18647	-2	4	77133
18648	-2	4	77137
18649	-2	4	77141
18650	-2	4	77145
18651	-2	4	77149
18652	-2	4	77153
18653	-2	4	77157
18654	-2	4	77161
18655	-2	4	77165
18656	-4	6	77171
18657	-2	4	77175
18658	-2	4	77179
18659	-2	4	77183
18660	-2	4	77187
18661	-2	4	77191
18662	-2	4	77195
18663	-2	4	77199
18664	-2	4	77203
18665	-2	4	77207
18666	-2	4	77211
18667	-2	4	77215
18668	-2	4	77219
18669	-2	4	77223
18670	-2	4	77227
18671	-2	4	77231
18672	-2	4	77235
18673	-2	4	77239
18674	-2	4	77243
18675	-4	6	77249
18676	-2	4	77253
18677	-4	6	77259
18678	-2	4	77263
18679	-4	6	77269
18680	-4	6	77275
18681	-4	6	77281
18682	-2	4	77285
18683	-2	4	77289
18684	-2	4	77293
18685	-2	4	77297
18686	-2	4	77301
18687	-2	4	77305
18688	-2	4	77309
18689	-2	4	77313
18690	-2	4	77317
18691	-2	4	77321
18692	-2	4	77325
18693	-2	4	77329
18694	-2	4	77333
18695	-2	4	77337
18696	-2	4	77341
18697	-2	4	77345
18698	-2	4	77349
18699	-2	4	77353
18700	-2	4	77357
18701	-4	6	77363
18702	-2	4	77367
18703	-2	4	77371
18704	-2	4	77375
18705	-2	4	77379
18706	-2	4	77383
18707	-2	4	77387
18708	-2	4	77391
18709	-2	4	77395
18710	-2	4	77399
18711	-2	4	77403
18712	-4	6	77409
18713	-2	4	77413
18714	-2	4	77417
18715	-4	6	77423
18716	-2	4	77427
18717	-2	4	77431
18718	-2	4	77435
18719	-2	4	77439
18720	-2	4	77443
18721	-2	4	77447
18722	-2	4	77451
18723	-2	4	77455
18724	-2	4	77459
18725	-2	4	77463
18726	-2	4	77467
18727	-2	4	77471
18728	-2	4	77475
18729	-2	4	77479
18730	-2	4	77483
18731	-2	4	77487
18732	-2	4	77491
18733	-2	4	77495
18734	-3	5	77500
18735	-2	4	77504
18736	-2	4	77508
18737	-2	4	77512
18738	-2	4	77516
18739	-2	4	77520
18740	-2	4	77524
18741	-2	4	77528
18742	-2	4	77532
18743	-2	4	77536
18744	-2	4	77540
18745	-2	4	77544
18746	-2	4	77548
18747	-2	4	77552
18748	-2	4	77556
18749	-4	6	77562
18750	-2	4	77566
18751	-4	6	77572
18752	-2	4	77576
18753	-2	4	77580
18754	-2	4	77584
18755	-4	6	77590
18756	-2	4	77594
18757	-2	4	77598
18758	-2	4	77602
18759	-2	4	77606
18760	-2	4	77610
18761	-2	4	77614
18762	-2	4	77618
18763	-2	4	77622
18764	-2	4	77626
18765	-2	4	77630
18766	-4	6	77636
18767	-2	4	77640
18768	-2	4	77644
18769	-2	4	77648
18770	-2	4	77652
18771	-2	4	77656
18772	-2	4	77660
18773	-2	4	77664
18774	-2	4	77668
18775	-2	4	77672
18776	-2	4	77676
18777	-2	4	77680
18778	-2	4	77684
18779	-2	4	77688
18780	-2	4	77692
18781	-2	4	77696
18782	-2	4	77700
18783	-2	4	77704
18784	-2	4	77708
18785	-2	4	77712
18786	-2	4	77716
18787	-3	5	77721
18788	-2	4	77725
18789	-2	4	77729
18790	-2	4	77733
18791	-2	4	77737
18792	-2	4	77741
18793	-2	4	77745
18794	-2	4	77749
18795	-2	4	77753
18796	-2	4	77757
18797	-2	4	77761
18798	-4	6	77767
18799	-2	4	77771
18800	-2	4	77775
18801	-2	4	77779
18802	-2	4	77783
18803	-2	4	77787
18804	-2	4	77791
18805	-2	4	77795
18806	-4	6	77801
18807	-2	4	77805
18808	-2	4	77809
18809	-2	4	77813
18810	-2	4	77817
18811	-2	4	77821
18812	-2	4	77825
18813	-2	4	77829
18814	-2	4	77833
18815	-2	4	77837
18816	-2	4	77841
18817	-2	4	77845
18818	-2	4	77849
18819	-2	4	77853
18820	-2	4	77857
18821	-2	4	77861
18822	-2	4	77865
18823	-2	4	77869
18824	-2	4	77873
18825	-2	4	77877
18826	-2	4	77881
18827	-2	4	77885
18828	-2	4	77889
18829	-2	4	77893
18830	-2	4	77897
18831	-2	4	77901
18832	-2	4	77905
18833	-2	4	77909
18834	-2	4	77913
18835	-2	4	77917
18836	-2	4	77921
18837	-2	4	77925
18838	-2	4	77929
18839	-2	4	77933
18840	-2	4	77937
18841	-2	4	77941
18842	-2	4	77945
18843	-2	4	77949
18844	-2	4	77953
18845	-2	4	77957
18846	-2	4	77961
18847	-2	4	77965
18848	-2	4	77969
18849	-2	4	77973
18850	-2	4	77977
18851	-2	4	77981
18852	-2	4	77985
18853	-2	4	77989
18854	-2	4	77993
18855	-2	4	77997
18856	-2	4	78001
18857	-2	4	78005
18858	-2	4	78009
18859	-2	4	78013
18860	-2	4	78017
18861	-2	4	78021
18862	-2	4	78025
18863	-2	4	78029
18864	-2	4	78033
18865	-2	4	78037
18866	-2	4	78041
18867	-2	4	78045
18868	-2	4	78049
18869	-2	4	78053
18870	-2	4	78057
18871	-2	4	78061
18872	-2	4	78065
18873	-2	4	78069
18874	-2	4	78073
18875	-2	4	78077
18876	-2	4	78081
18877	-2	4	78085
18878	-2	4	78089
18879	-2	4	78093
18880	-2	4	78097
18881	-2	4	78101
18882	-2	4	78105
18883	-2	4	78109
18884	-2	4	78113
18885	-2	4	78117
18886	-4	6	78123
18887	-2	4	78127
18888	-2	4	78131
18889	-6	8	78139
18890	-2	4	78143
18891	-2	4	78147
18892	-2	4	78151
18893	-2	4	78155
18894	-2	4	78159
18895	-2	4	78163
18896	-2	4	78167
18897	-2	4	78171
18898	-2	4	78175
18899	-2	4	78179
18900	-4	6	78185
18901	-2	4	78189
18902	-4	6	78195
18903	-2	4	78199
18904	-2	4	78203
18905	-2	4	78207
18906	-4	6	78213
18907	-2	4	78217
18908	-2	4	78221
18909	-2	4	78225
18910	-2	4	78229
18911	-2	4	78233
18912	-2	4	78237
18913	-2	4	78241
18914	-2	4	78245
18915	-2	4	78249
18916	-2	4	78253
18917	-2	4	78257
18918	-3	5	78262
18919	-2	4	78266
18920	-2	4	78270
18921	-2	4	78274
18922	-2	4	78278
18923	-2	4	78282
18924	-2	4	78286
18925	-2	4	78290
18926	-2	4	78294
18927	-2	4	78298
18928	-2	4	78302
18929	-2	4	78306
18930	-2	4	78310
18931	-2	4	78314
18932	-2	4	78318
18933	-2	4	78322
18934	-2	4	78326
18935	-2	4	78330
18936	-2	4	78334
18937	-4	6	78340
18938	-2	4	78344
18939	-2	4	78348
18940	-2	4	78352
18941	-2	4	78356
18942	-2	4	78360
18943	-2	4	78364
18944	-2	4	78368
18945	-2	4	78372
18946	-3	5	78377
18947	-2	4	78381
18948	-2	4	78385
18949	-2	4	78389
18950	-2	4	78393
18951	-4	6	78399
18952	-2	4	78403
18953	-2	4	78407
18954	-2	4	78411
18955	-2	4	78415
18956	-2	4	78419
18957	-2	4	78423
18958	-2	4	78427
18959	-2	4	78431
18960	-4	6	78437
18961	-2	4	78441
18962	-2	4	78445
18963	-2	4	78449
18964	-2	4	78453
18965	-2	4	78457
18966	-2	4	78461
18967	-2	4	78465
18968	-2	4	78469
18969	-2	4	78473
18970	-2	4	78477
18971	-2	4	78481
18972	-2	4	78485
18973	-2	4	78489
18974	-2	4	78493
18975	-2	4	78497
18976	-4	6	78503
18977	-4	6	78509
18978	-4	6	78515
18979	-2	4	78519
18980	-2	4	78523
18981	-2	4	78527
18982	-2	4	78531
18983	-2	4	78535
18984	-2	4	78539
18985	-2	4	78543
18986	-2	4	78547
18987	-2	4	78551
18988	-2	4	78555
18989	-2	4	78559
18990	-4	6	78565
18991	-2	4	78569
18992	-2	4	78573
18993	-2	4	78577
18994	-2	4	78581
18995	-2	4	78585
18996	-2	4	78589
18997	-2	4	78593
18998	-2	4	78597
18999	-2	4	78601
19000	-2	4	78605
19001	-2	4	78609
19002	-2	4	78613
19003	-2	4	78617
19004	-2	4	78621
19005	-2	4	78625
19006	-2	4	78629
19007	-2	4	78633
19008	-2	4	78637
19009	-2	4	78641
19010	-2	4	78645
19011	-2	4	78649
19012	-2	4	78653
19013	-2	4	78657
19014	-2	4	78661
19015	-2	4	78665
19016	-2	4	78669
19017	-2	4	78673
19018	-2	4	78677
19019	-2	4	78681
19020	-2	4	78685
19021	-2	4	78689
19022	-2	4	78693
19023	-2	4	78697
19024	-2	4	78701
19025	-2	4	78705
19026	-2	4	78709
19027	-2	4	78713
19028	-2	4	78717
19029	-2	4	78721
19030	-2	4	78725
19031	-2	4	78729
19032	-2	4	78733
19033	-2	4	78737
19034	-2	4	78741
19035	-2	4	78745
19036	-3	5	78750
19037	-2	4	78754
19038	-2	4	78758
19039	-3	5	78763
19040	-2	4	78767
19041	-4	6	78773
19042	-2	4	78777
19043	-2	4	78781
19044	-2	4	78785
19045	-2	4	78789
19046	-3	5	78794
19047	-2	4	78798
19048	-2	4	78802
19049	-2	4	78806
19050	-2	4	78810
19051	-2	4	78814
19052	-2	4	78818
19053	-2	4	78822
19054	-2	4	78826
19055	-2	4	78830
19056	-2	4	78834
19057	-2	4	78838
19058	-2	4	78842
19059	-2	4	78846
19060	-2	4	78850
19061	-2	4	78854
19062	-2	4	78858
19063	-2	4	78862
19064	-2	4	78866
19065	-3	5	78871
19066	-2	4	78875
19067	-2	4	78879
19068	-2	4	78883
19069	-2	4	78887
19070	-2	4	78891
19071	-2	4	78895
19072	-2	4	78899
19073	-2	4	78903
19074	-2	4	78907
19075	-2	4	78911
19076	-2	4	78915
19077	-2	4	78919
19078	-2	4	78923
19079	-2	4	78927
19080	-2	4	78931
19081	-2	4	78935
19082	-2	4	78939
19083	-2	4	78943
19084	-2	4	78947
19085	-2	4	78951
19086	-2	4	78955
19087	-2	4	78959
19088	-2	4	78963
19089	-2	4	78967
19090	-2	4	78971
19091	-2	4	78975
19092	-2	4	78979
19093	-2	4	78983
19094	-2	4	78987
19095	-2	4	78991
19096	-2	4	78995
19097	-2	4	78999
19098	-2	4	79003
19099	-2	4	79007
19100	-2	4	79011
19101	-2	4	79015
19102	-2	4	79019
19103	-2	4	79023
19104	-2	4	79027
19105	-2	4	79031
19106	-2	4	79035
19107	-2	4	79039
19108	-2	4	79043
19109	-2	4	79047
19110	-2	4	79051
19111	-2	4	79055
19112	-2	4	79059
19113	-2	4	79063
19114	-4	6	79069
19115	-2	4	79073
19116	-2	4	79077
19117	-2	4	79081
19118	-2	4	79085
19119	-2	4	79089
19120	-2	4	79093
19121	-2	4	79097
19122	-2	4	79101
19123	-2	4	79105
19124	-2	4	79109
19125	-2	4	79113
19126	-2	4	79117
19127	-2	4	79121
19128	-2	4	79125
19129	-2	4	79129
19130	-2	4	79133
19131	-2	4	79137
19132	-2	4	79141
19133	-4	6	79147
19134	-2	4	79151
19135	-2	4	79155
19136	-2	4	79159
19137	-2	4	79163
19138	-4	6	79169
19139	-2	4	79173
19140	-2	4	79177
19141	-2	4	79181
19142	-2	4	79185
19143	-2	4	79189
19144	-2	4	79193
19145	-2	4	79197
19146	-2	4	79201
19147	-2	4	79205
19148	-4	6	79211
19149	-2	4	79215
19150	-2	4	79219
19151	-2	4	79223
19152	-2	4	79227
19153	-2	4	79231
19154	-2	4	79235
19155	-2	4	79239
19156	-2	4	79243
19157	-2	4	79247
19158	-2	4	79251
19159	-2	4	79255
19160	-2	4	79259
19161	-2	4	79263
19162	-2	4	79267
19163	-2	4	79271
19164	-2	4	79275
19165	-2	4	79279
19166	-2	4	79283
19167	-2	4	79287
19168	-2	4	79291
19169	-2	4	79295
19170	-2	4	79299
19171	-2	4	79303
19172	-2	4	79307
19173	-2	4	79311
19174	-2	4	79315
19175	-2	4	79319
19176	-2	4	79323
19177	-2	4	79327
19178	-2	4	79331
19179	-2	4	79335
19180	-2	4	79339
19181	-4	6	79345
19182	-2	4	79349
19183	-2	4	79353
19184	-2	4	79357
19185	-2	4	79361
19186	-2	4	79365
19187	-2	4	79369
19188	-2	4	79373
19189	-2	4	79377
19190	-2	4	79381
19191	-2	4	79385
19192	-2	4	79389
19193	-2	4	79393
19194	-2	4	79397
19195	-2	4	79401
19196	-2	4	79405
19197	-2	4	79409
19198	-2	4	79413
19199	-2	4	79417
19200	-2	4	79421
19201	-2	4	79425
19202	-2	4	79429
19203	-2	4	79433
19204	-2	4	79437
19205	-2	4	79441
19206	-2	4	79445
19207	-4	6	79451
19208	-2	4	79455
19209	-2	4	79459
19210	-2	4	79463
19211	-2	4	79467
19212	-2	4	79471
19213	-2	4	79475
19214	-2	4	79479
19215	-2	4	79483
19216	-2	4	79487
19217	-2	4	79491
19218	-4	6	79497
19219	-2	4	79501
19220	-2	4	79505
19221	-2	4	79509
19222	-2	4	79513
19223	-2	4	79517
19224	-4	6	79523
19225	-2	4	79527
19226	-2	4	79531
19227	-2	4	79535
19228	-2	4	79539
19229	-2	4	79543
19230	-2	4	79547
19231	-2	4	79551
19232	-2	4	79555
19233	-2	4	79559
19234	-2	4	79563
19235	-4	6	79569
19236	-2	4	79573
19237	-2	4	79577
19238	-2	4	79581
19239	-2	4	79585
19240	-2	4	79589
19241	-2	4	79593
19242	-2	4	79597
19243	-2	4	79601
19244	-2	4	79605
19245	-2	4	79609
19246	-2	4	79613
19247	-2	4	79617
19248	-2	4	79621
19249	-2	4	79625
19250	-2	4	79629
19251	-2	4	79633
19252	-2	4	79637
19253	-2	4	79641
19254	-2	4	79645
19255	-2	4	79649
19256	-2	4	79653
19257	-2	4	79657
19258	-2	4	79661
19259	-2	4	79665
19260	-2	4	79669
19261	-2	4	79673
19262	-2	4	79677
19263	-2	4	79681
19264	-2	4	79685
19265	-2	4	79689
19266	-2	4	79693
19267	-2	4	79697
19268	-2	4	79701
19269	-2	4	79705
19270	-2	4	79709
19271	-2	4	79713
19272	-2	4	79717
19273	-2	4	79721
19274	-2	4	79725
19275	-2	4	79729
19276	-2	4	79733
19277	-2	4	79737
19278	-2	4	79741
19279	-2	4	79745
19280	-4	6	79751
19281	-2	4	79755
19282	-2	4	79759
19283	-2	4	79763
19284	-2	4	79767
19285	-2	4	79771
19286	-2	4	79775
19287	-2	4	79779
19288	-2	4	79783
19289	-2	4	79787
19290	-2	4	79791
19291	-2	4	79795
19292	-2	4	79799
19293	-2	4	79803
19294	-2	4	79807
19295	-2	4	79811
19296	-4	6	79817
19297	-2	4	79821
19298	-2	4	79825
19299	-2	4	79829
19300	-2	4	79833
19301	-2	4	79837
19302	-2	4	79841
19303	-2	4	79845
19304	-2	4	79849
19305	-2	4	79853
19306	-2	4	79857
19307	-2	4	79861
19308	-2	4	79865
19309	-4	6	79871
19310	-2	4	79875
19311	-2	4	79879
19312	-2	4	79883
19313	-2	4	79887
19314	-2	4	79891
19315	-2	4	79895
19316	-2	4	79899
19317	-2	4	79903
19318	-2	4	79907
19319	-2	4	79911
19320	-2	4	79915
19321	-2	4	79919
19322	-2	4	79923
19323	-2	4	79927
19324	-2	4	79931
19325	-2	4	79935
19326	-2	4	79939
19327	-2	4	79943
19328	-3	5	79948
19329	-2	4	79952
19330	-2	4	79956
19331	-2	4	79960
19332	-2	4	79964
19333	-2	4	79968
19334	-2	4	79972
19335	-2	4	79976
19336	-2	4	79980
19337	-2	4	79984
19338	-2	4	79988
19339	-2	4	79992
19340	-2	4	79996
19341	-2	4	80000
19342	-2	4	80004
19343	-2	4	80008
19344	-2	4	80012
19345	-2	4	80016
19346	-2	4	80020
19347	-2	4	80024
19348	-2	4	80028
19349	-2	4	80032
19350	-2	4	80036
19351	-2	4	80040
19352	-2	4	80044
19353	-2	4	80048
19354	-2	4	80052
19355	-2	4	80056
19356	-2	4	80060
19357	-2	4	80064
19358	-2	4	80068
19359	-2	4	80072
19360	-2	4	80076
19361	-2	4	80080
19362	-2	4	80084
19363	-2	4	80088
19364	-2	4	80092
19365	-4	6	80098
19366	-2	4	80102
19367	-2	4	80106
19368	-2	4	80110
19369	-4	6	80116
19370	-2	4	80120
19371	-2	4	80124
19372	-2	4	80128
19373	-2	4	80132
19374	-2	4	80136
19375	-2	4	80140
19376	-2	4	80144
19377	-2	4	80148
19378	-2	4	80152
19379	-2	4	80156
19380	-2	4	80160
19381	-2	4	80164
19382	-2	4	80168
19383	-2	4	80172
19384	-4	6	80178
19385	-2	4	80182
19386	-2	4	80186
19387	-2	4	80190
19388	-2	4	80194
19389	-2	4	80198
19390	-2	4	80202
19391	-2	4	80206
19392	-2	4	80210
19393	-2	4	80214
19394	-2	4	80218
19395	-2	4	80222
19396	-2	4	80226
19397	-2	4	80230
19398	-2	4	80234
19399	-2	4	80238
19400	-2	4	80242
19401	-2	4	80246
19402	-2	4	80250
19403	-2	4	80254
19404	-2	4	80258
19405	-2	4	80262
19406	-2	4	80266
19407	-2	4	80270
19408	-2	4	80274
19409	-2	4	80278
19410	-2	4	80282
19411	-2	4	80286
19412	-2	4	80290
19413	-2	4	80294
19414	-2	4	80298
19415	-2	4	80302
19416	-2	4	80306
19417	-4	6	80312
19418	-2	4	80316
19419	-2	4	80320
19420	-2	4	80324
19421	-2	4	80328
19422	-2	4	80332
19423	-2	4	80336
19424	-2	4	80340
19425	-2	4	80344
19426	-2	4	80348
19427	-2	4	80352
19428	-2	4	80356
19429	-2	4	80360
19430	-2	4	80364
19431	-2	4	80368
19432	-2	4	80372
19433	-2	4	80376
19434	-2	4	80380
19435	-2	4	80384
19436	-2	4	80388
19437	-2	4	80392
19438	-2	4	80396
19439	-2	4	80400
19440	-2	4	80404
19441	-2	4	80408
19442	-2	4	80412
19443	-2	4	80416
19444	-2	4	80420
19445	-2	4	80424
19446	-2	4	80428
19447	-2	4	80432
19448	-2	4	80436
19449	-2	4	80440
19450	-2	4	80444
19451	-2	4	80448
19452	-2	4	80452
19453	-2	4	80456
19454	-2	4	80460
19455	-2	4	80464
19456	-2	4	80468
19457	-4	6	80474
19458	-2	4	80478
19459	-2	4	80482
19460	-2	4	80486
19461	-2	4	80490
19462	-2	4	80494
19463	-2	4	80498
19464	-2	4	80502
19465	-2	4	80506
19466	-2	4	80510
19467	-3	5	80515
19468	-2	4	80519
19469	-2	4	80523
19470	-2	4	80527
19471	-2	4	80531
19472	-2	4	80535
19473	-2	4	80539
19474	-2	4	80543
19475	-2	4	80547
19476	-2	4	80551
19477	-2	4	80555
19478	-2	4	80559
19479	-2	4	80563
19480	-2	4	80567
19481	-2	4	80571
19482	-2	4	80575
19483	-2	4	80579
19484	-2	4	80583
19485	-2	4	80587
19486	-2	4	80591
19487	-2	4	80595
19488	-2	4	80599
19489	-2	4	80603
19490	-2	4	80607
19491	-2	4	80611
19492	-2	4	80615
19493	-2	4	80619
19494	-2	4	80623
19495	-2	4	80627
19496	-3	5	80632
19497	-2	4	80636
19498	-2	4	80640
19499	-2	4	80644
19500	-2	4	80648
19501	-2	4	80652
19502	-2	4	80656
19503	-2	4	80660
19504	-2	4	80664
19505	-2	4	80668
19506	-2	4	80672
19507	-2	4	80676
19508	-2	4	80680
19509	-2	4	80684
19510	-2	4	80688
19511	-2	4	80692
19512	-2	4	80696
19513	-2	4	80700
19514	-2	4	80704
19515	-2	4	80708
19516	-2	4	80712
19517	-2	4	80716
19518	-2	4	80720
19519	-2	4	80724
19520	-2	4	80728
19521	-2	4	80732
19522	-2	4	80736
19523	-2	4	80740
19524	-2	4	80744
19525	-2	4	80748
19526	-2	4	80752
19527	-2	4	80756
19528	-2	4	80760
19529	-2	4	80764
19530	-2	4	80768
19531	-2	4	80772
19532	-2	4	80776
19533	-2	4	80780
19534	-2	4	80784
19535	-2	4	80788
19536	-2	4	80792
19537	-2	4	80796
19538	-2	4	80800
19539	-2	4	80804
19540	-2	4	80808
19541	-2	4	80812
19542	-2	4	80816
19543	-2	4	80820
19544	-2	4	80824
19545	-2	4	80828
19546	-2	4	80832
19547	-2	4	80836
19548	-2	4	80840
19549	-2	4	80844
19550	-2	4	80848
19551	-2	4	80852
19552	-2	4	80856
19553	-2	4	80860
19554	-2	4	80864
19555	-4	6	80870
19556	-2	4	80874
19557	-2	4	80878
19558	-2	4	80882
19559	-2	4	80886
19560	-2	4	80890
19561	-2	4	80894
19562	-2	4	80898
19563	-2	4	80902
19564	-2	4	80906
19565	-2	4	80910
19566	-2	4	80914
19567	-2	4	80918
19568	-2	4	80922
19569	-2	4	80926
19570	-2	4	80930
19571	-2	4	80934
19572	-2	4	80938
19573	-2	4	80942
19574	-2	4	80946
19575	-2	4	80950
19576	-2	4	80954
19577	-2	4	80958
19578	-2	4	80962
19579	-2	4	80966
19580	-2	4	80970
19581	-3	5	80975
19582	-2	4	80979
19583	-2	4	80983
19584	-2	4	80987
19585	-2	4	80991
19586	-2	4	80995
19587	-2	4	80999
19588	-2	4	81003
19589	-2	4	81007
19590	-2	4	81011
19591	-2	4	81015
19592	-2	4	81019
19593	-2	4	81023
19594	-2	4	81027
19595	-2	4	81031
19596	-2	4	81035
19597	-2	4	81039
19598	-4	6	81045
19599	-2	4	81049
19600	-2	4	81053
19601	-2	4	81057
19602	-2	4	81061
19603	-3	5	81066
19604	-2	4	81070
19605	-2	4	81074
19606	-2	4	81078
19607	-2	4	81082
19608	-2	4	81086
19609	-2	4	81090
19610	-2	4	81094
19611	-2	4	81098
19612	-2	4	81102
19613	-2	4	81106
19614	-2	4	81110
19615	-2	4	81114
19616	-2	4	81118
19617	-2	4	81122
19618	-2	4	81126
19619	-2	4	81130
19620	-2	4	81134
19621	-2	4	81138
19622	-2	4	81142
19623	-2	4	81146
19624	-2	4	81150
19625	-2	4	81154
19626	-2	4	81158
19627	-2	4	81162
19628	-2	4	81166
19629	-2	4	81170
19630	-2	4	81174
19631	-2	4	81178
19632	-2	4	81182
19633	-2	4	81186
19634	-2	4	81190
19635	-2	4	81194
19636	-2	4	81198
19637	-2	4	81202
19638	-4	6	81208
19639	-2	4	81212
19640	-2	4	81216
19641	-2	4	81220
19642	-2	4	81224
19643	-2	4	81228
19644	-4	6	81234
19645	-2	4	81238
19646	-2	4	81242
19647	-2	4	81246
19648	-4	6	81252
19649	-4	6	81258
19650	-2	4	81262
19651	-2	4	81266
19652	-2	4	81270
19653	-3	5	81275
19654	-2	4	81279
19655	-2	4	81283
19656	-2	4	81287
19657	-2	4	81291
19658	-3	5	81296
19659	-2	4	81300
19660	-2	4	81304
19661	-2	4	81308
19662	-2	4	81312
19663	-2	4	81316
19664	-2	4	81320
19665	-2	4	81324
19666	-4	6	81330
19667	-2	4	81334
19668	-2	4	81338
19669	-2	4	81342
19670	-3	5	81347
19671	-2	4	81351
19672	-2	4	81355
19673	-2	4	81359
19674	-2	4	81363
19675	-4	6	81369
19676	-2	4	81373
19677	-2	4	81377
19678	-2	4	81381
19679	-2	4	81385
19680	-2	4	81389
19681	-2	4	81393
19682	-2	4	81397
19683	-2	4	81401
19684	-2	4	81405
19685	-2	4	81409
19686	-2	4	81413
19687	-2	4	81417
19688	-2	4	81421
19689	-2	4	81425
19690	-2	4	81429
19691	-2	4	81433
19692	-2	4	81437
19693	-2	4	81441
19694	-2	4	81445
19695	-2	4	81449
19696	-2	4	81453
19697	-2	4	81457
19698	-2	4	81461
19699	-2	4	81465
19700	-2	4	81469
19701	-2	4	81473
19702	-2	4	81477
19703	-2	4	81481
19704	-2	4	81485
19705	-2	4	81489
19706	-2	4	81493
19707	-2	4	81497
19708	-2	4	81501
19709	-2	4	81505
19710	-2	4	81509
19711	-2	4	81513
19712	-2	4	81517
19713	-2	4	81521
19714	-2	4	81525
19715	-2	4	81529
19716	-2	4	81533
19717	-2	4	81537
19718	-2	4	81541
19719	-2	4	81545
19720	-2	4	81549
19721	-2	4	81553
19722	-2	4	81557
19723	-2	4	81561
19724	-2	4	81565
19725	-2	4	81569
19726	-2	4	81573
19727	-2	4	81577
19728	-2	4	81581
19729	-2	4	81585
19730	-2	4	81589
19731	-2	4	81593
19732	-2	4	81597
19733	-2	4	81601
19734	-2	4	81605
19735	-2	4	81609
19736	-2	4	81613
19737	-2	4	81617
19738	-2	4	81621
19739	-2	4	81625
19740	-2	4	81629
19741	-2	4	81633
19742	-2	4	81637
19743	-3	5	81642
19744	-2	4	81646
19745	-4	6	81652
19746	-2	4	81656
19747	-2	4	81660
19748	-2	4	81664
19749	-2	4	81668
19750	-2	4	81672
19751	-2	4	81676
19752	-2	4	81680
19753	-3	5	81685
19754	-2	4	81689
19755	-2	4	81693
19756	-2	4	81697
19757	-2	4	81701
19758	-2	4	81705
19759	-2	4	81709
19760	-2	4	81713
19761	-2	4	81717
19762	-2	4	81721
19763	-2	4	81725
19764	-2	4	81729
19765	-2	4	81733
19766	-2	4	81737
19767	-2	4	81741
19768	-2	4	81745
19769	-2	4	81749
19770	-2	4	81753
19771	-2	4	81757
19772	-2	4	81761
19773	-2	4	81765
19774	-2	4	81769
19775	-2	4	81773
19776	-2	4	81777
19777	-2	4	81781
19778	-2	4	81785
19779	-2	4	81789
19780	-2	4	81793
19781	-2	4	81797
19782	-2	4	81801
19783	-2	4	81805
19784	-2	4	81809
19785	-2	4	81813
19786	-2	4	81817
19787	-2	4	81821
19788	-2	4	81825
19789	-2	4	81829
19790	-2	4	81833
19791	-2	4	81837
19792	-4	6	81843
19793	-2	4	81847
19794	-2	4	81851
19795	-2	4	81855
19796	-2	4	81859
19797	-2	4	81863
19798	-2	4	81867
19799	-2	4	81871
19800	-2	4	81875
19801	-2	4	81879
19802	-2	4	81883
19803	-2	4	81887
19804	-2	4	81891
19805	-2	4	81895
19806	-2	4	81899
19807	-2	4	81903
19808	-2	4	81907
19809	-2	4	81911
19810	-2	4	81915
19811	-2	4	81919
19812	-2	4	81923
19813	-2	4	81927
19814	-2	4	81931
19815	-2	4	81935
19816	-2	4	81939
19817	-2	4	81943
19818	-2	4	81947
19819	-2	4	81951
19820	-2	4	81955
19821	-2	4	81959
19822	-2	4	81963
19823	-2	4	81967
19824	-2	4	81971
19825	-2	4	81975
19826	-4	6	81981
19827	-2	4	81985
19828	-2	4	81989
19829	-2	4	81993
19830	-2	4	81997
19831	-2	4	82001
19832	-2	4	82005
19833	-2	4	82009
19834	-2	4	82013
19835	-2	4	82017
19836	-2	4	82021
19837	-2	4	82025
19838	-2	4	82029
19839	-2	4	82033
19840	-2	4	82037
19841	-2	4	82041
19842	-2	4	82045
19843	-2	4	82049
19844	-2	4	82053
19845	-2	4	82057
19846	-2	4	82061
19847	-2	4	82065
19848	-2	4	82069
19849	-2	4	82073
19850	-4	6	82079
19851	-2	4	82083
19852	-2	4	82087
19853	-2	4	82091
19854	-2	4	82095
19855	-2	4	82099
19856	-2	4	82103
19857	-2	4	82107
19858	-2	4	82111
19859	-3	5	82116
19860	-2	4	82120
19861	-2	4	82124
19862	-4	6	82130
19863	-2	4	82134
19864	-2	4	82138
19865	-2	4	82142
19866	-2	4	82146
19867	-2	4	82150
19868	-2	4	82154
19869	-2	4	82158
19870	-2	4	82162
19871	-2	4	82166
19872	-3	5	82171
19873	-2	4	82175
19874	-2	4	82179
19875	-2	4	82183
19876	-2	4	82187
19877	-2	4	82191
19878	-2	4	82195
19879	-2	4	82199
19880	-2	4	82203
19881	-2	4	82207
19882	-2	4	82211
19883	-2	4	82215
19884	-2	4	82219
19885	-2	4	82223
19886	-4	6	82229
19887	-2	4	82233
19888	-4	6	82239
19889	-2	4	82243
19890	-2	4	82247
19891	-2	4	82251
19892	-2	4	82255
19893	-2	4	82259
19894	-2	4	82263
19895	-2	4	82267
19896	-2	4	82271
19897	-2	4	82275
19898	-2	4	82279
19899	-2	4	82283
19900	-2	4	82287
19901	-2	4	82291
19902	-2	4	82295
19903	-2	4	82299
19904	-2	4	82303
19905	-2	4	82307
19906	-2	4	82311
19907	-2	4	82315
19908	-2	4	82319
19909	-2	4	82323
19910	-2	4	82327
19911	-2	4	82331
19912	-2	4	82335
19913	-2	4	82339
19914	-4	6	82345
19915	-2	4	82349
19916	-2	4	82353
19917	-2	4	82357
19918	-2	4	82361
19919	-2	4	82365
19920	-2	4	82369
19921	-2	4	82373
19922	-2	4	82377
19923	-2	4	82381
19924	-2	4	82385
19925	-2	4	82389
19926	-2	4	82393
19927	-2	4	82397
19928	-2	4	82401
19929	-2	4	82405
19930	-2	4	82409
19931	-2	4	82413
19932	-2	4	82417
19933	-2	4	82421
19934	-2	4	82425
19935	-4	6	82431
19936	-2	4	82435
19937	-2	4	82439
19938	-2	4	82443
19939	-2	4	82447
19940	-2	4	82451
19941	-2	4	82455
19942	-2	4	82459
19943	-2	4	82463
19944	-4	6	82469
19945	-2	4	82473
19946	-4	6	82479
19947	-2	4	82483
19948	-2	4	82487
19949	-2	4	82491
19950	-2	4	82495
19951	-2	4	82499
19952	-2	4	82503
19953	-2	4	82507
19954	-2	4	82511
19955	-2	4	82515
19956	-2	4	82519
19957	-2	4	82523
19958	-2	4	82527
19959	-2	4	82531
19960	-2	4	82535
19961	-2	4	82539
19962	-2	4	82543
19963	-2	4	82547
19964	-2	4	82551
19965	-2	4	82555
19966	-2	4	82559
19967	-2	4	82563
19968	-2	4	82567
19969	-2	4	82571
19970	-2	4	82575
19971	-2	4	82579
19972	-2	4	82583
19973	-2	4	82587
19974	-2	4	82591
19975	-2	4	82595
19976	-2	4	82599
19977	-2	4	82603
19978	-3	5	82608
19979	-2	4	82612
19980	-2	4	82616
19981	-2	4	82620
19982	-2	4	82624
19983	-2	4	82628
19984	-2	4	82632
19985	-2	4	82636
19986	-2	4	82640
19987	-2	4	82644
19988	-2	4	82648
19989	-2	4	82652
19990	-2	4	82656
19991	-2	4	82660
19992	-2	4	82664
19993	-2	4	82668
19994	-2	4	82672
19995	-2	4	82676
19996	-2	4	82680
19997	-2	4	82684
19998	-2	4	82688
19999	-2	4	82692
