Episode	Accumulated Reward	Length	Steps
0	-30	32	32
1	-44	46	78
2	-4	6	84
3	-7	9	93
4	-2	4	97
5	-84	86	183
6	-2	4	187
7	-2	4	191
8	-2	4	195
9	-2	4	199
10	-2	4	203
11	-2	4	207
12	-2	4	211
13	-2	4	215
14	-2	4	219
15	-2	4	223
16	-2	4	227
17	-2	4	231
18	-2	4	235
19	-4	6	241
20	-2	4	245
21	-2	4	249
22	-4	6	255
23	-4	6	261
24	-4	6	267
25	-2	4	271
26	-2	4	275
27	-2	4	279
28	-2	4	283
29	-2	4	287
30	-2	4	291
31	-2	4	295
32	-2	4	299
33	-2	4	303
34	-2	4	307
35	-2	4	311
36	-2	4	315
37	-2	4	319
38	-2	4	323
39	-2	4	327
40	-2	4	331
41	-35	37	368
42	-2	4	372
43	-4	6	378
44	-2	4	382
45	-2	4	386
46	-2	4	390
47	-2	4	394
48	-2	4	398
49	-2	4	402
50	-2	4	406
51	-2	4	410
52	-2	4	414
53	-4	6	420
54	-2	4	424
55	-2	4	428
56	-2	4	432
57	-2	4	436
58	-2	4	440
59	-2	4	444
60	-2	4	448
61	-2	4	452
62	-2	4	456
63	-2	4	460
64	-2	4	464
65	-2	4	468
66	-2	4	472
67	-2	4	476
68	-2	4	480
69	-2	4	484
70	-2	4	488
71	-4	6	494
72	-2	4	498
73	-2	4	502
74	-2	4	506
75	-2	4	510
76	-2	4	514
77	-2	4	518
78	-2	4	522
79	-2	4	526
80	-2	4	530
81	-2	4	534
82	-2	4	538
83	-2	4	542
84	-2	4	546
85	-2	4	550
86	-2	4	554
87	-2	4	558
88	-2	4	562
89	-4	6	568
90	-2	4	572
91	-2	4	576
92	-2	4	580
93	-2	4	584
94	-2	4	588
95	-2	4	592
96	-2	4	596
97	-2	4	600
98	-2	4	604
99	-2	4	608
100	-2	4	612
101	-2	4	616
102	-2	4	620
103	-2	4	624
104	-2	4	628
105	-2	4	632
106	-2	4	636
107	-2	4	640
108	-2	4	644
109	-2	4	648
110	-2	4	652
111	-4	6	658
112	-2	4	662
113	-92	94	756
114	-2	4	760
115	-2	4	764
116	-4	6	770
117	-8	10	780
118	-2	4	784
119	-4	6	790
120	-2	4	794
121	-2	4	798
122	-2	4	802
123	-2	4	806
124	-3	5	811
125	-2	4	815
126	-2	4	819
127	-2	4	823
128	-4	6	829
129	-2	4	833
130	-2	4	837
131	-2	4	841
132	-2	4	845
133	-2	4	849
134	-2	4	853
135	-2	4	857
136	-2	4	861
137	-2	4	865
138	-2	4	869
139	-2	4	873
140	-2	4	877
141	-2	4	881
142	-2	4	885
143	-3	5	890
144	-2	4	894
145	-2	4	898
146	-2	4	902
147	-2	4	906
148	-2	4	910
149	-2	4	914
150	-2	4	918
151	-2	4	922
152	-2	4	926
153	-2	4	930
154	-2	4	934
155	-2	4	938
156	-2	4	942
157	-2	4	946
158	-2	4	950
159	-2	4	954
160	-2	4	958
161	-7	9	967
162	-2	4	971
163	-2	4	975
164	-2	4	979
165	-2	4	983
166	-2	4	987
167	-2	4	991
168	-2	4	995
169	-2	4	999
170	-2	4	1003
171	-2	4	1007
172	-2	4	1011
173	-5	7	1018
174	-2	4	1022
175	-3	5	1027
176	-2	4	1031
177	-2	4	1035
178	-2	4	1039
179	-2	4	1043
180	-2	4	1047
181	-2	4	1051
182	-2	4	1055
183	-2	4	1059
184	-2	4	1063
185	-2	4	1067
186	-2	4	1071
187	-2	4	1075
188	-22	24	1099
189	-2	4	1103
190	-2	4	1107
191	-2	4	1111
192	-2	4	1115
193	-2	4	1119
194	-2	4	1123
195	-2	4	1127
196	-4	6	1133
197	-2	4	1137
198	-4	6	1143
199	-2	4	1147
200	-2	4	1151
201	-2	4	1155
202	-2	4	1159
203	-2	4	1163
204	-2	4	1167
205	-2	4	1171
206	-2	4	1175
207	-4	6	1181
208	-2	4	1185
209	-2	4	1189
210	-2	4	1193
211	-2	4	1197
212	-2	4	1201
213	-2	4	1205
214	-2	4	1209
215	-2	4	1213
216	-2	4	1217
217	-2	4	1221
218	-2	4	1225
219	-2	4	1229
220	-2	4	1233
221	-2	4	1237
222	-2	4	1241
223	-2	4	1245
224	-3	5	1250
225	-2	4	1254
226	-2	4	1258
227	-2	4	1262
228	-2	4	1266
229	-4	6	1272
230	-2	4	1276
231	-2	4	1280
232	-2	4	1284
233	-2	4	1288
234	-2	4	1292
235	-2	4	1296
236	-2	4	1300
237	-2	4	1304
238	-2	4	1308
239	-2	4	1312
240	-2	4	1316
241	-2	4	1320
242	-2	4	1324
243	-2	4	1328
244	-2	4	1332
245	-2	4	1336
246	-2	4	1340
247	-2	4	1344
248	-2	4	1348
249	-2	4	1352
250	-2	4	1356
251	-2	4	1360
252	-2	4	1364
253	-2	4	1368
254	-2	4	1372
255	-2	4	1376
256	-2	4	1380
257	-2	4	1384
258	-2	4	1388
259	-2	4	1392
260	-2	4	1396
261	-2	4	1400
262	-6	8	1408
263	-2	4	1412
264	-2	4	1416
265	-4	6	1422
266	-2	4	1426
267	-2	4	1430
268	-2	4	1434
269	-3	5	1439
270	-2	4	1443
271	-2	4	1447
272	-2	4	1451
273	-2	4	1455
274	-2	4	1459
275	-2	4	1463
276	-2	4	1467
277	-2	4	1471
278	-2	4	1475
279	-2	4	1479
280	-2	4	1483
281	-2	4	1487
282	-2	4	1491
283	-2	4	1495
284	-2	4	1499
285	-2	4	1503
286	-2	4	1507
287	-2	4	1511
288	-2	4	1515
289	-2	4	1519
290	-2	4	1523
291	-2	4	1527
292	-2	4	1531
293	-6	8	1539
294	-2	4	1543
295	-2	4	1547
296	-2	4	1551
297	-2	4	1555
298	-2	4	1559
299	-2	4	1563
300	-2	4	1567
301	-2	4	1571
302	-2	4	1575
303	-2	4	1579
304	-2	4	1583
305	-2	4	1587
306	-2	4	1591
307	-2	4	1595
308	-2	4	1599
309	-2	4	1603
310	-2	4	1607
311	-2	4	1611
312	-2	4	1615
313	-2	4	1619
314	-2	4	1623
315	-2	4	1627
316	-2	4	1631
317	-2	4	1635
318	-2	4	1639
319	-2	4	1643
320	-2	4	1647
321	-2	4	1651
322	-2	4	1655
323	-2	4	1659
324	-2	4	1663
325	-2	4	1667
326	-2	4	1671
327	-2	4	1675
328	-2	4	1679
329	-2	4	1683
330	-2	4	1687
331	-2	4	1691
332	-2	4	1695
333	-2	4	1699
334	-2	4	1703
335	-2	4	1707
336	-2	4	1711
337	-2	4	1715
338	-2	4	1719
339	-4	6	1725
340	-2	4	1729
341	-2	4	1733
342	-2	4	1737
343	-2	4	1741
344	-2	4	1745
345	-2	4	1749
346	-2	4	1753
347	-2	4	1757
348	-2	4	1761
349	-3	5	1766
350	-4	6	1772
351	-2	4	1776
352	-2	4	1780
353	-2	4	1784
354	-2	4	1788
355	-2	4	1792
356	-2	4	1796
357	-2	4	1800
358	-2	4	1804
359	-2	4	1808
360	-2	4	1812
361	-2	4	1816
362	-2	4	1820
363	-2	4	1824
364	-2	4	1828
365	-6	8	1836
366	-2	4	1840
367	-4	6	1846
368	-2	4	1850
369	-2	4	1854
370	-2	4	1858
371	-2	4	1862
372	-2	4	1866
373	-2	4	1870
374	-3	5	1875
375	-2	4	1879
376	-2	4	1883
377	-2	4	1887
378	-2	4	1891
379	-2	4	1895
380	-2	4	1899
381	-2	4	1903
382	-2	4	1907
383	-2	4	1911
384	-2	4	1915
385	-2	4	1919
386	-2	4	1923
387	-2	4	1927
388	-2	4	1931
389	-2	4	1935
390	-2	4	1939
391	-2	4	1943
392	-2	4	1947
393	-2	4	1951
394	-2	4	1955
395	-2	4	1959
396	-2	4	1963
397	-2	4	1967
398	-2	4	1971
399	-2	4	1975
400	-2	4	1979
401	-2	4	1983
402	-2	4	1987
403	-2	4	1991
404	-2	4	1995
405	-2	4	1999
406	-2	4	2003
407	-2	4	2007
408	-2	4	2011
409	-4	6	2017
410	-2	4	2021
411	-2	4	2025
412	-2	4	2029
413	-2	4	2033
414	-2	4	2037
415	-2	4	2041
416	-2	4	2045
417	-2	4	2049
418	-2	4	2053
419	-2	4	2057
420	-2	4	2061
421	-2	4	2065
422	-2	4	2069
423	-2	4	2073
424	-2	4	2077
425	-2	4	2081
426	-2	4	2085
427	-2	4	2089
428	-2	4	2093
429	-2	4	2097
430	-6	8	2105
431	-2	4	2109
432	-2	4	2113
433	-2	4	2117
434	-2	4	2121
435	-2	4	2125
436	-2	4	2129
437	-2	4	2133
438	-2	4	2137
439	-2	4	2141
440	-2	4	2145
441	-2	4	2149
442	-2	4	2153
443	-2	4	2157
444	-2	4	2161
445	-2	4	2165
446	-4	6	2171
447	-2	4	2175
448	-2	4	2179
449	-2	4	2183
450	-2	4	2187
451	-2	4	2191
452	-2	4	2195
453	-2	4	2199
454	-2	4	2203
455	-2	4	2207
456	-2	4	2211
457	-2	4	2215
458	-2	4	2219
459	-2	4	2223
460	-2	4	2227
461	-2	4	2231
462	-2	4	2235
463	-2	4	2239
464	-2	4	2243
465	-2	4	2247
466	-2	4	2251
467	-2	4	2255
468	-2	4	2259
469	-2	4	2263
470	-2	4	2267
471	-2	4	2271
472	-2	4	2275
473	-2	4	2279
474	-2	4	2283
475	-2	4	2287
476	-2	4	2291
477	-2	4	2295
478	-2	4	2299
479	-2	4	2303
480	-2	4	2307
481	-2	4	2311
482	-2	4	2315
483	-2	4	2319
484	-2	4	2323
485	-2	4	2327
486	-6	8	2335
487	-2	4	2339
488	-2	4	2343
489	-4	6	2349
490	-2	4	2353
491	-2	4	2357
492	-8	10	2367
493	-2	4	2371
494	-2	4	2375
495	-2	4	2379
496	-2	4	2383
497	-2	4	2387
498	-2	4	2391
499	-2	4	2395
500	-4	6	2401
501	-2	4	2405
502	-2	4	2409
503	-2	4	2413
504	-2	4	2417
505	-2	4	2421
506	-2	4	2425
507	-2	4	2429
508	-2	4	2433
509	-4	6	2439
510	-2	4	2443
511	-2	4	2447
512	-2	4	2451
513	-4	6	2457
514	-2	4	2461
515	-2	4	2465
516	-2	4	2469
517	-2	4	2473
518	-2	4	2477
519	-4	6	2483
520	-2	4	2487
521	-2	4	2491
522	-2	4	2495
523	-2	4	2499
524	-2	4	2503
525	-2	4	2507
526	-2	4	2511
527	-4	6	2517
528	-2	4	2521
529	-2	4	2525
530	-2	4	2529
531	-2	4	2533
532	-2	4	2537
533	-2	4	2541
534	-2	4	2545
535	-2	4	2549
536	-2	4	2553
537	-2	4	2557
538	-2	4	2561
539	-2	4	2565
540	-2	4	2569
541	-2	4	2573
542	-4	6	2579
543	-2	4	2583
544	-2	4	2587
545	-2	4	2591
546	-4	6	2597
547	-2	4	2601
548	-2	4	2605
549	-2	4	2609
550	-2	4	2613
551	-2	4	2617
552	-2	4	2621
553	-2	4	2625
554	-2	4	2629
555	-2	4	2633
556	-4	6	2639
557	-2	4	2643
558	-2	4	2647
559	-2	4	2651
560	-2	4	2655
561	-2	4	2659
562	-2	4	2663
563	-2	4	2667
564	-2	4	2671
565	-2	4	2675
566	-2	4	2679
567	-2	4	2683
568	-2	4	2687
569	-2	4	2691
570	-2	4	2695
571	-2	4	2699
572	-2	4	2703
573	-2	4	2707
574	-2	4	2711
575	-2	4	2715
576	-2	4	2719
577	-2	4	2723
578	-2	4	2727
579	-2	4	2731
580	-2	4	2735
581	-2	4	2739
582	-2	4	2743
583	-2	4	2747
584	-2	4	2751
585	-2	4	2755
586	-2	4	2759
587	-2	4	2763
588	-2	4	2767
589	-2	4	2771
590	-2	4	2775
591	-6	8	2783
592	-2	4	2787
593	-2	4	2791
594	-2	4	2795
595	-2	4	2799
596	-2	4	2803
597	-2	4	2807
598	-2	4	2811
599	-2	4	2815
600	-2	4	2819
601	-2	4	2823
602	-2	4	2827
603	-3	5	2832
604	-2	4	2836
605	-2	4	2840
606	-2	4	2844
607	-2	4	2848
608	-2	4	2852
609	-2	4	2856
610	-2	4	2860
611	-2	4	2864
612	-2	4	2868
613	-2	4	2872
614	-2	4	2876
615	-2	4	2880
616	-2	4	2884
617	-2	4	2888
618	-2	4	2892
619	-2	4	2896
620	-2	4	2900
621	-4	6	2906
622	-2	4	2910
623	-2	4	2914
624	-2	4	2918
625	-2	4	2922
626	-2	4	2926
627	-2	4	2930
628	-2	4	2934
629	-2	4	2938
630	-2	4	2942
631	-2	4	2946
632	-2	4	2950
633	-2	4	2954
634	-2	4	2958
635	-2	4	2962
636	-2	4	2966
637	-2	4	2970
638	-2	4	2974
639	-2	4	2978
640	-2	4	2982
641	-2	4	2986
642	-2	4	2990
643	-2	4	2994
644	-2	4	2998
645	-2	4	3002
646	-2	4	3006
647	-2	4	3010
648	-2	4	3014
649	-2	4	3018
650	-2	4	3022
651	-2	4	3026
652	-2	4	3030
653	-2	4	3034
654	-2	4	3038
655	-2	4	3042
656	-2	4	3046
657	-2	4	3050
658	-2	4	3054
659	-2	4	3058
660	-2	4	3062
661	-2	4	3066
662	-2	4	3070
663	-2	4	3074
664	-2	4	3078
665	-2	4	3082
666	-2	4	3086
667	-2	4	3090
668	-2	4	3094
669	-2	4	3098
670	-2	4	3102
671	-2	4	3106
672	-4	6	3112
673	-8	10	3122
674	-2	4	3126
675	-2	4	3130
676	-2	4	3134
677	-2	4	3138
678	-2	4	3142
679	-4	6	3148
680	-2	4	3152
681	-2	4	3156
682	-4	6	3162
683	-2	4	3166
684	-2	4	3170
685	-2	4	3174
686	-2	4	3178
687	-2	4	3182
688	-2	4	3186
689	-2	4	3190
690	-2	4	3194
691	-4	6	3200
692	-2	4	3204
693	-2	4	3208
694	-2	4	3212
695	-2	4	3216
696	-2	4	3220
697	-2	4	3224
698	-2	4	3228
699	-2	4	3232
700	-2	4	3236
701	-2	4	3240
702	-2	4	3244
703	-2	4	3248
704	-4	6	3254
705	-2	4	3258
706	-2	4	3262
707	-2	4	3266
708	-2	4	3270
709	-2	4	3274
710	-2	4	3278
711	-2	4	3282
712	-2	4	3286
713	-2	4	3290
714	-2	4	3294
715	-2	4	3298
716	-2	4	3302
717	-2	4	3306
718	-2	4	3310
719	-2	4	3314
720	-2	4	3318
721	-2	4	3322
722	-2	4	3326
723	-2	4	3330
724	-2	4	3334
725	-2	4	3338
726	-2	4	3342
727	-2	4	3346
728	-2	4	3350
729	-2	4	3354
730	-2	4	3358
731	-2	4	3362
732	-2	4	3366
733	-2	4	3370
734	-2	4	3374
735	-2	4	3378
736	-2	4	3382
737	-2	4	3386
738	-2	4	3390
739	-2	4	3394
740	-2	4	3398
741	-2	4	3402
742	-2	4	3406
743	-2	4	3410
744	-2	4	3414
745	-2	4	3418
746	-6	8	3426
747	-6	8	3434
748	-2	4	3438
749	-2	4	3442
750	-2	4	3446
751	-2	4	3450
752	-2	4	3454
753	-2	4	3458
754	-2	4	3462
755	-2	4	3466
756	-2	4	3470
757	-2	4	3474
758	-2	4	3478
759	-2	4	3482
760	-2	4	3486
761	-2	4	3490
762	-2	4	3494
763	-4	6	3500
764	-2	4	3504
765	-2	4	3508
766	-2	4	3512
767	-2	4	3516
768	-2	4	3520
769	-2	4	3524
770	-2	4	3528
771	-2	4	3532
772	-2	4	3536
773	-2	4	3540
774	-2	4	3544
775	-2	4	3548
776	-2	4	3552
777	-2	4	3556
778	-2	4	3560
779	-2	4	3564
780	-2	4	3568
781	-2	4	3572
782	-2	4	3576
783	-4	6	3582
784	-2	4	3586
785	-4	6	3592
786	-2	4	3596
787	-2	4	3600
788	-2	4	3604
789	-2	4	3608
790	-2	4	3612
791	-2	4	3616
792	-2	4	3620
793	-2	4	3624
794	-4	6	3630
795	-2	4	3634
796	-4	6	3640
797	-2	4	3644
798	-2	4	3648
799	-2	4	3652
800	-2	4	3656
801	-2	4	3660
802	-2	4	3664
803	-2	4	3668
804	-2	4	3672
805	-2	4	3676
806	-2	4	3680
807	-2	4	3684
808	-2	4	3688
809	-2	4	3692
810	-2	4	3696
811	-2	4	3700
812	-2	4	3704
813	-2	4	3708
814	-4	6	3714
815	-2	4	3718
816	-2	4	3722
817	-2	4	3726
818	-2	4	3730
819	-2	4	3734
820	-4	6	3740
821	-4	6	3746
822	-2	4	3750
823	-2	4	3754
824	-2	4	3758
825	-6	8	3766
826	-2	4	3770
827	-2	4	3774
828	-2	4	3778
829	-2	4	3782
830	-2	4	3786
831	-2	4	3790
832	-2	4	3794
833	-3	5	3799
834	-2	4	3803
835	-2	4	3807
836	-2	4	3811
837	-2	4	3815
838	-2	4	3819
839	-2	4	3823
840	-2	4	3827
841	-2	4	3831
842	-2	4	3835
843	-2	4	3839
844	-2	4	3843
845	-2	4	3847
846	-2	4	3851
847	-2	4	3855
848	-2	4	3859
849	-2	4	3863
850	-2	4	3867
851	-2	4	3871
852	-2	4	3875
853	-2	4	3879
854	-2	4	3883
855	-4	6	3889
856	-2	4	3893
857	-2	4	3897
858	-2	4	3901
859	-2	4	3905
860	-2	4	3909
861	-3	5	3914
862	-2	4	3918
863	-2	4	3922
864	-2	4	3926
865	-2	4	3930
866	-2	4	3934
867	-2	4	3938
868	-2	4	3942
869	-2	4	3946
870	-2	4	3950
871	-2	4	3954
872	-2	4	3958
873	-2	4	3962
874	-2	4	3966
875	-2	4	3970
876	-2	4	3974
877	-2	4	3978
878	-2	4	3982
879	-2	4	3986
880	-4	6	3992
881	-2	4	3996
882	-2	4	4000
883	-2	4	4004
884	-2	4	4008
885	-2	4	4012
886	-2	4	4016
887	-2	4	4020
888	-2	4	4024
889	-2	4	4028
890	-4	6	4034
891	-2	4	4038
892	-2	4	4042
893	-2	4	4046
894	-2	4	4050
895	-2	4	4054
896	-2	4	4058
897	-2	4	4062
898	-2	4	4066
899	-2	4	4070
900	-2	4	4074
901	-2	4	4078
902	-2	4	4082
903	-2	4	4086
904	-2	4	4090
905	-2	4	4094
906	-2	4	4098
907	-2	4	4102
908	-2	4	4106
909	-2	4	4110
910	-2	4	4114
911	-2	4	4118
912	-2	4	4122
913	-2	4	4126
914	-2	4	4130
915	-4	6	4136
916	-2	4	4140
917	-2	4	4144
918	-2	4	4148
919	-2	4	4152
920	-2	4	4156
921	-2	4	4160
922	-2	4	4164
923	-2	4	4168
924	-2	4	4172
925	-3	5	4177
926	-2	4	4181
927	-2	4	4185
928	-2	4	4189
929	-2	4	4193
930	-2	4	4197
931	-2	4	4201
932	-2	4	4205
933	-2	4	4209
934	-2	4	4213
935	-2	4	4217
936	-2	4	4221
937	-2	4	4225
938	-2	4	4229
939	-2	4	4233
940	-2	4	4237
941	-2	4	4241
942	-2	4	4245
943	-2	4	4249
944	-2	4	4253
945	-2	4	4257
946	-2	4	4261
947	-2	4	4265
948	-2	4	4269
949	-2	4	4273
950	-4	6	4279
951	-2	4	4283
952	-2	4	4287
953	-2	4	4291
954	-2	4	4295
955	-2	4	4299
956	-2	4	4303
957	-2	4	4307
958	-2	4	4311
959	-2	4	4315
960	-2	4	4319
961	-2	4	4323
962	-2	4	4327
963	-2	4	4331
964	-2	4	4335
965	-2	4	4339
966	-2	4	4343
967	-2	4	4347
968	-2	4	4351
969	-2	4	4355
970	-2	4	4359
971	-2	4	4363
972	-2	4	4367
973	-2	4	4371
974	-2	4	4375
975	-2	4	4379
976	-2	4	4383
977	-2	4	4387
978	-2	4	4391
979	-2	4	4395
980	-2	4	4399
981	-2	4	4403
982	-2	4	4407
983	-2	4	4411
984	-2	4	4415
985	-2	4	4419
986	-2	4	4423
987	-2	4	4427
988	-2	4	4431
989	-2	4	4435
990	-2	4	4439
991	-2	4	4443
992	-2	4	4447
993	-2	4	4451
994	-2	4	4455
995	-2	4	4459
996	-2	4	4463
997	-2	4	4467
998	-2	4	4471
999	-2	4	4475
1000	-2	4	4479
1001	-4	6	4485
1002	-2	4	4489
1003	-2	4	4493
1004	-2	4	4497
1005	-4	6	4503
1006	-2	4	4507
1007	-2	4	4511
1008	-2	4	4515
1009	-2	4	4519
1010	-2	4	4523
1011	-2	4	4527
1012	-2	4	4531
1013	-4	6	4537
1014	-2	4	4541
1015	-2	4	4545
1016	-2	4	4549
1017	-2	4	4553
1018	-2	4	4557
1019	-2	4	4561
1020	-2	4	4565
1021	-2	4	4569
1022	-2	4	4573
1023	-2	4	4577
1024	-2	4	4581
1025	-2	4	4585
1026	-2	4	4589
1027	-2	4	4593
1028	-2	4	4597
1029	-3	5	4602
1030	-2	4	4606
1031	-2	4	4610
1032	-2	4	4614
1033	-2	4	4618
1034	-2	4	4622
1035	-2	4	4626
1036	-2	4	4630
1037	-2	4	4634
1038	-2	4	4638
1039	-2	4	4642
1040	-2	4	4646
1041	-2	4	4650
1042	-2	4	4654
1043	-2	4	4658
1044	-2	4	4662
1045	-4	6	4668
1046	-2	4	4672
1047	-2	4	4676
1048	-2	4	4680
1049	-2	4	4684
1050	-2	4	4688
1051	-4	6	4694
1052	-3	5	4699
1053	-2	4	4703
1054	-2	4	4707
1055	-2	4	4711
1056	-2	4	4715
1057	-2	4	4719
1058	-2	4	4723
1059	-2	4	4727
1060	-2	4	4731
1061	-2	4	4735
1062	-2	4	4739
1063	-2	4	4743
1064	-2	4	4747
1065	-2	4	4751
1066	-2	4	4755
1067	-2	4	4759
1068	-2	4	4763
1069	-2	4	4767
1070	-2	4	4771
1071	-2	4	4775
1072	-2	4	4779
1073	-6	8	4787
1074	-2	4	4791
1075	-2	4	4795
1076	-2	4	4799
1077	-2	4	4803
1078	-2	4	4807
1079	-2	4	4811
1080	-2	4	4815
1081	-2	4	4819
1082	-4	6	4825
1083	-2	4	4829
1084	-2	4	4833
1085	-2	4	4837
1086	-2	4	4841
1087	-2	4	4845
1088	-2	4	4849
1089	-2	4	4853
1090	-2	4	4857
1091	-2	4	4861
1092	-2	4	4865
1093	-2	4	4869
1094	-2	4	4873
1095	-2	4	4877
1096	-2	4	4881
1097	-2	4	4885
1098	-2	4	4889
1099	-2	4	4893
1100	-2	4	4897
1101	-2	4	4901
1102	-2	4	4905
1103	-2	4	4909
1104	-2	4	4913
1105	-2	4	4917
1106	-2	4	4921
1107	-2	4	4925
1108	-2	4	4929
1109	-2	4	4933
1110	-2	4	4937
1111	-2	4	4941
1112	-2	4	4945
1113	-2	4	4949
1114	-2	4	4953
1115	-2	4	4957
1116	-2	4	4961
1117	-2	4	4965
1118	-2	4	4969
1119	-2	4	4973
1120	-2	4	4977
1121	-2	4	4981
1122	-2	4	4985
1123	-2	4	4989
1124	-2	4	4993
1125	-2	4	4997
1126	-2	4	5001
1127	-4	6	5007
1128	-2	4	5011
1129	-2	4	5015
1130	-2	4	5019
1131	-2	4	5023
1132	-2	4	5027
1133	-2	4	5031
1134	-2	4	5035
1135	-2	4	5039
1136	-2	4	5043
1137	-2	4	5047
1138	-4	6	5053
1139	-2	4	5057
1140	-2	4	5061
1141	-2	4	5065
1142	-2	4	5069
1143	-2	4	5073
1144	-2	4	5077
1145	-2	4	5081
1146	-2	4	5085
1147	-2	4	5089
1148	-2	4	5093
1149	-2	4	5097
1150	-4	6	5103
1151	-2	4	5107
1152	-2	4	5111
1153	-2	4	5115
1154	-2	4	5119
1155	-2	4	5123
1156	-2	4	5127
1157	-2	4	5131
1158	-2	4	5135
1159	-2	4	5139
1160	-2	4	5143
1161	-2	4	5147
1162	-2	4	5151
1163	-2	4	5155
1164	-2	4	5159
1165	-2	4	5163
1166	-2	4	5167
1167	-2	4	5171
1168	-2	4	5175
1169	-2	4	5179
1170	-2	4	5183
1171	-2	4	5187
1172	-2	4	5191
1173	-2	4	5195
1174	-2	4	5199
1175	-2	4	5203
1176	-2	4	5207
1177	-2	4	5211
1178	-2	4	5215
1179	-2	4	5219
1180	-2	4	5223
1181	-4	6	5229
1182	-4	6	5235
1183	-2	4	5239
1184	-2	4	5243
1185	-2	4	5247
1186	-2	4	5251
1187	-2	4	5255
1188	-2	4	5259
1189	-2	4	5263
1190	-2	4	5267
1191	-2	4	5271
1192	-2	4	5275
1193	-4	6	5281
1194	-2	4	5285
1195	-2	4	5289
1196	-2	4	5293
1197	-2	4	5297
1198	-2	4	5301
1199	-4	6	5307
1200	-4	6	5313
1201	-2	4	5317
1202	-2	4	5321
1203	-2	4	5325
1204	-4	6	5331
1205	-2	4	5335
1206	-2	4	5339
1207	-2	4	5343
1208	-2	4	5347
1209	-2	4	5351
1210	-2	4	5355
1211	-2	4	5359
1212	-2	4	5363
1213	-2	4	5367
1214	-2	4	5371
1215	-2	4	5375
1216	-2	4	5379
1217	-2	4	5383
1218	-2	4	5387
1219	-2	4	5391
1220	-2	4	5395
1221	-4	6	5401
1222	-2	4	5405
1223	-2	4	5409
1224	-2	4	5413
1225	-2	4	5417
1226	-2	4	5421
1227	-2	4	5425
1228	-2	4	5429
1229	-2	4	5433
1230	-2	4	5437
1231	-2	4	5441
1232	-2	4	5445
1233	-2	4	5449
1234	-2	4	5453
1235	-2	4	5457
1236	-2	4	5461
1237	-2	4	5465
1238	-2	4	5469
1239	-2	4	5473
1240	-2	4	5477
1241	-4	6	5483
1242	-2	4	5487
1243	-2	4	5491
1244	-2	4	5495
1245	-2	4	5499
1246	-2	4	5503
1247	-2	4	5507
1248	-3	5	5512
1249	-2	4	5516
1250	-2	4	5520
1251	-2	4	5524
1252	-2	4	5528
1253	-2	4	5532
1254	-2	4	5536
1255	-2	4	5540
1256	-2	4	5544
1257	-2	4	5548
1258	-2	4	5552
1259	-2	4	5556
1260	-6	8	5564
1261	-2	4	5568
1262	-2	4	5572
1263	-2	4	5576
1264	-2	4	5580
1265	-2	4	5584
1266	-2	4	5588
1267	-2	4	5592
1268	-2	4	5596
1269	-4	6	5602
1270	-2	4	5606
1271	-2	4	5610
1272	-2	4	5614
1273	-2	4	5618
1274	-2	4	5622
1275	-2	4	5626
1276	-2	4	5630
1277	-2	4	5634
1278	-2	4	5638
1279	-2	4	5642
1280	-2	4	5646
1281	-2	4	5650
1282	-2	4	5654
1283	-2	4	5658
1284	-2	4	5662
1285	-2	4	5666
1286	-2	4	5670
1287	-2	4	5674
1288	-4	6	5680
1289	-2	4	5684
1290	-2	4	5688
1291	-2	4	5692
1292	-2	4	5696
1293	-2	4	5700
1294	-2	4	5704
1295	-2	4	5708
1296	-2	4	5712
1297	-2	4	5716
1298	-2	4	5720
1299	-2	4	5724
1300	-2	4	5728
1301	-4	6	5734
1302	-2	4	5738
1303	-2	4	5742
1304	-2	4	5746
1305	-2	4	5750
1306	-2	4	5754
1307	-2	4	5758
1308	-2	4	5762
1309	-2	4	5766
1310	-2	4	5770
1311	-2	4	5774
1312	-2	4	5778
1313	-2	4	5782
1314	-2	4	5786
1315	-2	4	5790
1316	-2	4	5794
1317	-2	4	5798
1318	-2	4	5802
1319	-2	4	5806
1320	-2	4	5810
1321	-2	4	5814
1322	-2	4	5818
1323	-6	8	5826
1324	-4	6	5832
1325	-2	4	5836
1326	-2	4	5840
1327	-2	4	5844
1328	-4	6	5850
1329	-3	5	5855
1330	-2	4	5859
1331	-2	4	5863
1332	-2	4	5867
1333	-2	4	5871
1334	-2	4	5875
1335	-2	4	5879
1336	-2	4	5883
1337	-2	4	5887
1338	-2	4	5891
1339	-2	4	5895
1340	-2	4	5899
1341	-2	4	5903
1342	-2	4	5907
1343	-2	4	5911
1344	-2	4	5915
1345	-2	4	5919
1346	-2	4	5923
1347	-2	4	5927
1348	-2	4	5931
1349	-4	6	5937
1350	-2	4	5941
1351	-2	4	5945
1352	-2	4	5949
1353	-2	4	5953
1354	-2	4	5957
1355	-2	4	5961
1356	-2	4	5965
1357	-2	4	5969
1358	-2	4	5973
1359	-2	4	5977
1360	-2	4	5981
1361	-2	4	5985
1362	-2	4	5989
1363	-2	4	5993
1364	-2	4	5997
1365	-2	4	6001
1366	-2	4	6005
1367	-4	6	6011
1368	-4	6	6017
1369	-2	4	6021
1370	-2	4	6025
1371	-2	4	6029
1372	-2	4	6033
1373	-2	4	6037
1374	-2	4	6041
1375	-6	8	6049
1376	-2	4	6053
1377	-4	6	6059
1378	-2	4	6063
1379	-2	4	6067
1380	-2	4	6071
1381	-2	4	6075
1382	-2	4	6079
1383	-4	6	6085
1384	-2	4	6089
1385	-2	4	6093
1386	-2	4	6097
1387	-2	4	6101
1388	-2	4	6105
1389	-2	4	6109
1390	-2	4	6113
1391	-2	4	6117
1392	-2	4	6121
1393	-2	4	6125
1394	-2	4	6129
1395	-2	4	6133
1396	-2	4	6137
1397	-2	4	6141
1398	-2	4	6145
1399	-2	4	6149
1400	-2	4	6153
1401	-2	4	6157
1402	-2	4	6161
1403	-2	4	6165
1404	-2	4	6169
1405	-2	4	6173
1406	-2	4	6177
1407	-2	4	6181
1408	-2	4	6185
1409	-2	4	6189
1410	-2	4	6193
1411	-2	4	6197
1412	-2	4	6201
1413	-4	6	6207
1414	-2	4	6211
1415	-2	4	6215
1416	-2	4	6219
1417	-2	4	6223
1418	-2	4	6227
1419	-2	4	6231
1420	-2	4	6235
1421	-2	4	6239
1422	-2	4	6243
1423	-2	4	6247
1424	-2	4	6251
1425	-2	4	6255
1426	-2	4	6259
1427	-2	4	6263
1428	-2	4	6267
1429	-2	4	6271
1430	-2	4	6275
1431	-2	4	6279
1432	-2	4	6283
1433	-2	4	6287
1434	-2	4	6291
1435	-2	4	6295
1436	-2	4	6299
1437	-2	4	6303
1438	-2	4	6307
1439	-2	4	6311
1440	-2	4	6315
1441	-4	6	6321
1442	-2	4	6325
1443	-2	4	6329
1444	-2	4	6333
1445	-2	4	6337
1446	-2	4	6341
1447	-2	4	6345
1448	-2	4	6349
1449	-2	4	6353
1450	-2	4	6357
1451	-2	4	6361
1452	-2	4	6365
1453	-2	4	6369
1454	-2	4	6373
1455	-2	4	6377
1456	-2	4	6381
1457	-2	4	6385
1458	-2	4	6389
1459	-2	4	6393
1460	-2	4	6397
1461	-2	4	6401
1462	-2	4	6405
1463	-2	4	6409
1464	-2	4	6413
1465	-2	4	6417
1466	-2	4	6421
1467	-2	4	6425
1468	-2	4	6429
1469	-4	6	6435
1470	-2	4	6439
1471	-2	4	6443
1472	-2	4	6447
1473	-6	8	6455
1474	-2	4	6459
1475	-2	4	6463
1476	-2	4	6467
1477	-2	4	6471
1478	-2	4	6475
1479	-6	8	6483
1480	-2	4	6487
1481	-2	4	6491
1482	-2	4	6495
1483	-2	4	6499
1484	-2	4	6503
1485	-2	4	6507
1486	-2	4	6511
1487	-2	4	6515
1488	-2	4	6519
1489	-2	4	6523
1490	-2	4	6527
1491	-2	4	6531
1492	-2	4	6535
1493	-2	4	6539
1494	-2	4	6543
1495	-2	4	6547
1496	-2	4	6551
1497	-2	4	6555
1498	-2	4	6559
1499	-2	4	6563
1500	-2	4	6567
1501	-2	4	6571
1502	-2	4	6575
1503	-2	4	6579
1504	-2	4	6583
1505	-2	4	6587
1506	-2	4	6591
1507	-2	4	6595
1508	-2	4	6599
1509	-2	4	6603
1510	-6	8	6611
1511	-2	4	6615
1512	-2	4	6619
1513	-2	4	6623
1514	-2	4	6627
1515	-2	4	6631
1516	-2	4	6635
1517	-2	4	6639
1518	-2	4	6643
1519	-2	4	6647
1520	-2	4	6651
1521	-2	4	6655
1522	-2	4	6659
1523	-2	4	6663
1524	-2	4	6667
1525	-2	4	6671
1526	-2	4	6675
1527	-4	6	6681
1528	-2	4	6685
1529	-2	4	6689
1530	-2	4	6693
1531	-2	4	6697
1532	-2	4	6701
1533	-2	4	6705
1534	-2	4	6709
1535	-2	4	6713
1536	-2	4	6717
1537	-2	4	6721
1538	-2	4	6725
1539	-2	4	6729
1540	-2	4	6733
1541	-2	4	6737
1542	-2	4	6741
1543	-2	4	6745
1544	-2	4	6749
1545	-2	4	6753
1546	-2	4	6757
1547	-2	4	6761
1548	-2	4	6765
1549	-2	4	6769
1550	-2	4	6773
1551	-2	4	6777
1552	-4	6	6783
1553	-2	4	6787
1554	-2	4	6791
1555	-2	4	6795
1556	-2	4	6799
1557	-2	4	6803
1558	-2	4	6807
1559	-2	4	6811
1560	-2	4	6815
1561	-2	4	6819
1562	-2	4	6823
1563	-2	4	6827
1564	-2	4	6831
1565	-2	4	6835
1566	-4	6	6841
1567	-2	4	6845
1568	-2	4	6849
1569	-2	4	6853
1570	-2	4	6857
1571	-2	4	6861
1572	-2	4	6865
1573	-2	4	6869
1574	-2	4	6873
1575	-2	4	6877
1576	-2	4	6881
1577	-2	4	6885
1578	-2	4	6889
1579	-2	4	6893
1580	-2	4	6897
1581	-2	4	6901
1582	-2	4	6905
1583	-2	4	6909
1584	-2	4	6913
1585	-2	4	6917
1586	-2	4	6921
1587	-2	4	6925
1588	-2	4	6929
1589	-2	4	6933
1590	-6	8	6941
1591	-2	4	6945
1592	-2	4	6949
1593	-2	4	6953
1594	-4	6	6959
1595	-2	4	6963
1596	-2	4	6967
1597	-2	4	6971
1598	-2	4	6975
1599	-2	4	6979
1600	-2	4	6983
1601	-2	4	6987
1602	-2	4	6991
1603	-2	4	6995
1604	-2	4	6999
1605	-2	4	7003
1606	-2	4	7007
1607	-2	4	7011
1608	-2	4	7015
1609	-2	4	7019
1610	-2	4	7023
1611	-2	4	7027
1612	-2	4	7031
1613	-2	4	7035
1614	-2	4	7039
1615	-2	4	7043
1616	-2	4	7047
1617	-2	4	7051
1618	-2	4	7055
1619	-2	4	7059
1620	-2	4	7063
1621	-2	4	7067
1622	-2	4	7071
1623	-2	4	7075
1624	-2	4	7079
1625	-2	4	7083
1626	-2	4	7087
1627	-2	4	7091
1628	-2	4	7095
1629	-2	4	7099
1630	-2	4	7103
1631	-2	4	7107
1632	-2	4	7111
1633	-4	6	7117
1634	-3	5	7122
1635	-2	4	7126
1636	-2	4	7130
1637	-2	4	7134
1638	-2	4	7138
1639	-2	4	7142
1640	-2	4	7146
1641	-2	4	7150
1642	-2	4	7154
1643	-2	4	7158
1644	-2	4	7162
1645	-2	4	7166
1646	-2	4	7170
1647	-2	4	7174
1648	-4	6	7180
1649	-2	4	7184
1650	-2	4	7188
1651	-2	4	7192
1652	-2	4	7196
1653	-4	6	7202
1654	-4	6	7208
1655	-2	4	7212
1656	-2	4	7216
1657	-2	4	7220
1658	-2	4	7224
1659	-2	4	7228
1660	-2	4	7232
1661	-2	4	7236
1662	-2	4	7240
1663	-2	4	7244
1664	-2	4	7248
1665	-2	4	7252
1666	-2	4	7256
1667	-2	4	7260
1668	-2	4	7264
1669	-6	8	7272
1670	-2	4	7276
1671	-2	4	7280
1672	-2	4	7284
1673	-2	4	7288
1674	-2	4	7292
1675	-2	4	7296
1676	-2	4	7300
1677	-2	4	7304
1678	-2	4	7308
1679	-2	4	7312
1680	-2	4	7316
1681	-2	4	7320
1682	-2	4	7324
1683	-2	4	7328
1684	-2	4	7332
1685	-2	4	7336
1686	-2	4	7340
1687	-2	4	7344
1688	-2	4	7348
1689	-2	4	7352
1690	-2	4	7356
1691	-2	4	7360
1692	-3	5	7365
1693	-2	4	7369
1694	-2	4	7373
1695	-2	4	7377
1696	-2	4	7381
1697	-2	4	7385
1698	-2	4	7389
1699	-2	4	7393
1700	-2	4	7397
1701	-2	4	7401
1702	-2	4	7405
1703	-3	5	7410
1704	-2	4	7414
1705	-2	4	7418
1706	-2	4	7422
1707	-2	4	7426
1708	-2	4	7430
1709	-2	4	7434
1710	-2	4	7438
1711	-2	4	7442
1712	-2	4	7446
1713	-2	4	7450
1714	-2	4	7454
1715	-2	4	7458
1716	-2	4	7462
1717	-2	4	7466
1718	-2	4	7470
1719	-5	7	7477
1720	-4	6	7483
1721	-2	4	7487
1722	-2	4	7491
1723	-2	4	7495
1724	-2	4	7499
1725	-2	4	7503
1726	-2	4	7507
1727	-2	4	7511
1728	-2	4	7515
1729	-2	4	7519
1730	-4	6	7525
1731	-2	4	7529
1732	-2	4	7533
1733	-2	4	7537
1734	-2	4	7541
1735	-2	4	7545
1736	-2	4	7549
1737	-2	4	7553
1738	-2	4	7557
1739	-4	6	7563
1740	-2	4	7567
1741	-2	4	7571
1742	-2	4	7575
1743	-2	4	7579
1744	-3	5	7584
1745	-2	4	7588
1746	-2	4	7592
1747	-2	4	7596
1748	-2	4	7600
1749	-2	4	7604
1750	-2	4	7608
1751	-2	4	7612
1752	-2	4	7616
1753	-4	6	7622
1754	-2	4	7626
1755	-2	4	7630
1756	-4	6	7636
1757	-2	4	7640
1758	-2	4	7644
1759	-4	6	7650
1760	-2	4	7654
1761	-2	4	7658
1762	-2	4	7662
1763	-2	4	7666
1764	-2	4	7670
1765	-2	4	7674
1766	-2	4	7678
1767	-2	4	7682
1768	-2	4	7686
1769	-2	4	7690
1770	-2	4	7694
1771	-2	4	7698
1772	-4	6	7704
1773	-2	4	7708
1774	-4	6	7714
1775	-2	4	7718
1776	-4	6	7724
1777	-2	4	7728
1778	-2	4	7732
1779	-2	4	7736
1780	-2	4	7740
1781	-2	4	7744
1782	-2	4	7748
1783	-2	4	7752
1784	-2	4	7756
1785	-2	4	7760
1786	-2	4	7764
1787	-2	4	7768
1788	-2	4	7772
1789	-4	6	7778
1790	-2	4	7782
1791	-2	4	7786
1792	-4	6	7792
1793	-2	4	7796
1794	-2	4	7800
1795	-2	4	7804
1796	-2	4	7808
1797	-2	4	7812
1798	-2	4	7816
1799	-2	4	7820
1800	-2	4	7824
1801	-2	4	7828
1802	-2	4	7832
1803	-2	4	7836
1804	-2	4	7840
1805	-2	4	7844
1806	-2	4	7848
1807	-2	4	7852
1808	-2	4	7856
1809	-2	4	7860
1810	-2	4	7864
1811	-2	4	7868
1812	-2	4	7872
1813	-2	4	7876
1814	-2	4	7880
1815	-2	4	7884
1816	-2	4	7888
1817	-2	4	7892
1818	-2	4	7896
1819	-2	4	7900
1820	-2	4	7904
1821	-2	4	7908
1822	-2	4	7912
1823	-2	4	7916
1824	-4	6	7922
1825	-2	4	7926
1826	-2	4	7930
1827	-2	4	7934
1828	-2	4	7938
1829	-2	4	7942
1830	-2	4	7946
1831	-2	4	7950
1832	-2	4	7954
1833	-2	4	7958
1834	-2	4	7962
1835	-2	4	7966
1836	-2	4	7970
1837	-2	4	7974
1838	-2	4	7978
1839	-2	4	7982
1840	-2	4	7986
1841	-2	4	7990
1842	-2	4	7994
1843	-2	4	7998
1844	-2	4	8002
1845	-2	4	8006
1846	-2	4	8010
1847	-2	4	8014
1848	-2	4	8018
1849	-2	4	8022
1850	-2	4	8026
1851	-2	4	8030
1852	-6	8	8038
1853	-2	4	8042
1854	-2	4	8046
1855	-2	4	8050
1856	-6	8	8058
1857	-2	4	8062
1858	-4	6	8068
1859	-6	8	8076
1860	-2	4	8080
1861	-2	4	8084
1862	-2	4	8088
1863	-2	4	8092
1864	-2	4	8096
1865	-2	4	8100
1866	-4	6	8106
1867	-2	4	8110
1868	-2	4	8114
1869	-2	4	8118
1870	-2	4	8122
1871	-2	4	8126
1872	-2	4	8130
1873	-2	4	8134
1874	-4	6	8140
1875	-2	4	8144
1876	-2	4	8148
1877	-2	4	8152
1878	-2	4	8156
1879	-2	4	8160
1880	-2	4	8164
1881	-2	4	8168
1882	-2	4	8172
1883	-2	4	8176
1884	-4	6	8182
1885	-2	4	8186
1886	-2	4	8190
1887	-3	5	8195
1888	-2	4	8199
1889	-2	4	8203
1890	-2	4	8207
1891	-2	4	8211
1892	-2	4	8215
1893	-2	4	8219
1894	-2	4	8223
1895	-2	4	8227
1896	-2	4	8231
1897	-2	4	8235
1898	-2	4	8239
1899	-2	4	8243
1900	-2	4	8247
1901	-6	8	8255
1902	-2	4	8259
1903	-2	4	8263
1904	-2	4	8267
1905	-2	4	8271
1906	-2	4	8275
1907	-2	4	8279
1908	-2	4	8283
1909	-4	6	8289
1910	-2	4	8293
1911	-2	4	8297
1912	-2	4	8301
1913	-2	4	8305
1914	-2	4	8309
1915	-2	4	8313
1916	-2	4	8317
1917	-2	4	8321
1918	-2	4	8325
1919	-4	6	8331
1920	-2	4	8335
1921	-2	4	8339
1922	-2	4	8343
1923	-2	4	8347
1924	-2	4	8351
1925	-2	4	8355
1926	-2	4	8359
1927	-2	4	8363
1928	-2	4	8367
1929	-2	4	8371
1930	-2	4	8375
1931	-2	4	8379
1932	-2	4	8383
1933	-2	4	8387
1934	-2	4	8391
1935	-2	4	8395
1936	-2	4	8399
1937	-2	4	8403
1938	-2	4	8407
1939	-2	4	8411
1940	-2	4	8415
1941	-2	4	8419
1942	-2	4	8423
1943	-2	4	8427
1944	-2	4	8431
1945	-2	4	8435
1946	-2	4	8439
1947	-2	4	8443
1948	-2	4	8447
1949	-2	4	8451
1950	-2	4	8455
1951	-2	4	8459
1952	-2	4	8463
1953	-2	4	8467
1954	-2	4	8471
1955	-2	4	8475
1956	-2	4	8479
1957	-2	4	8483
1958	-2	4	8487
1959	-2	4	8491
1960	-2	4	8495
1961	-2	4	8499
1962	-2	4	8503
1963	-2	4	8507
1964	-2	4	8511
1965	-6	8	8519
1966	-2	4	8523
1967	-2	4	8527
1968	-2	4	8531
1969	-2	4	8535
1970	-2	4	8539
1971	-2	4	8543
1972	-2	4	8547
1973	-2	4	8551
1974	-2	4	8555
1975	-2	4	8559
1976	-2	4	8563
1977	-2	4	8567
1978	-2	4	8571
1979	-2	4	8575
1980	-2	4	8579
1981	-2	4	8583
1982	-2	4	8587
1983	-2	4	8591
1984	-2	4	8595
1985	-2	4	8599
1986	-2	4	8603
1987	-2	4	8607
1988	-2	4	8611
1989	-2	4	8615
1990	-2	4	8619
1991	-2	4	8623
1992	-4	6	8629
1993	-2	4	8633
1994	-2	4	8637
1995	-2	4	8641
1996	-2	4	8645
1997	-2	4	8649
1998	-2	4	8653
1999	-2	4	8657
2000	-2	4	8661
2001	-2	4	8665
2002	-2	4	8669
2003	-2	4	8673
2004	-2	4	8677
2005	-2	4	8681
2006	-2	4	8685
2007	-2	4	8689
2008	-2	4	8693
2009	-2	4	8697
2010	-2	4	8701
2011	-2	4	8705
2012	-2	4	8709
2013	-2	4	8713
2014	-2	4	8717
2015	-4	6	8723
2016	-4	6	8729
2017	-6	8	8737
2018	-2	4	8741
2019	-2	4	8745
2020	-2	4	8749
2021	-2	4	8753
2022	-2	4	8757
2023	-2	4	8761
2024	-2	4	8765
2025	-2	4	8769
2026	-2	4	8773
2027	-2	4	8777
2028	-2	4	8781
2029	-2	4	8785
2030	-2	4	8789
2031	-4	6	8795
2032	-2	4	8799
2033	-2	4	8803
2034	-2	4	8807
2035	-2	4	8811
2036	-2	4	8815
2037	-4	6	8821
2038	-2	4	8825
2039	-2	4	8829
2040	-2	4	8833
2041	-4	6	8839
2042	-2	4	8843
2043	-2	4	8847
2044	-2	4	8851
2045	-2	4	8855
2046	-2	4	8859
2047	-2	4	8863
2048	-2	4	8867
2049	-2	4	8871
2050	-2	4	8875
2051	-2	4	8879
2052	-2	4	8883
2053	-2	4	8887
2054	-2	4	8891
2055	-2	4	8895
2056	-2	4	8899
2057	-4	6	8905
2058	-2	4	8909
2059	-2	4	8913
2060	-2	4	8917
2061	-2	4	8921
2062	-2	4	8925
2063	-2	4	8929
2064	-2	4	8933
2065	-2	4	8937
2066	-4	6	8943
2067	-2	4	8947
2068	-2	4	8951
2069	-2	4	8955
2070	-2	4	8959
2071	-2	4	8963
2072	-2	4	8967
2073	-2	4	8971
2074	-2	4	8975
2075	-2	4	8979
2076	-2	4	8983
2077	-2	4	8987
2078	-2	4	8991
2079	-2	4	8995
2080	-2	4	8999
2081	-2	4	9003
2082	-2	4	9007
2083	-2	4	9011
2084	-2	4	9015
2085	-4	6	9021
2086	-2	4	9025
2087	-2	4	9029
2088	-2	4	9033
2089	-2	4	9037
2090	-2	4	9041
2091	-2	4	9045
2092	-2	4	9049
2093	-2	4	9053
2094	-2	4	9057
2095	-2	4	9061
2096	-4	6	9067
2097	-2	4	9071
2098	-2	4	9075
2099	-2	4	9079
2100	-2	4	9083
2101	-2	4	9087
2102	-2	4	9091
2103	-2	4	9095
2104	-2	4	9099
2105	-2	4	9103
2106	-2	4	9107
2107	-11	13	9120
2108	-2	4	9124
2109	-2	4	9128
2110	-2	4	9132
2111	-2	4	9136
2112	-2	4	9140
2113	-2	4	9144
2114	-2	4	9148
2115	-4	6	9154
2116	-4	6	9160
2117	-3	5	9165
2118	-2	4	9169
2119	-3	5	9174
2120	-2	4	9178
2121	-2	4	9182
2122	-2	4	9186
2123	-2	4	9190
2124	-2	4	9194
2125	-2	4	9198
2126	-2	4	9202
2127	-2	4	9206
2128	-2	4	9210
2129	-2	4	9214
2130	-2	4	9218
2131	-2	4	9222
2132	-2	4	9226
2133	-2	4	9230
2134	-2	4	9234
2135	-2	4	9238
2136	-2	4	9242
2137	-2	4	9246
2138	-2	4	9250
2139	-2	4	9254
2140	-2	4	9258
2141	-2	4	9262
2142	-2	4	9266
2143	-2	4	9270
2144	-2	4	9274
2145	-2	4	9278
2146	-2	4	9282
2147	-2	4	9286
2148	-2	4	9290
2149	-2	4	9294
2150	-2	4	9298
2151	-2	4	9302
2152	-2	4	9306
2153	-2	4	9310
2154	-2	4	9314
2155	-2	4	9318
2156	-2	4	9322
2157	-2	4	9326
2158	-5	7	9333
2159	-2	4	9337
2160	-2	4	9341
2161	-6	8	9349
2162	-2	4	9353
2163	-2	4	9357
2164	-2	4	9361
2165	-2	4	9365
2166	-2	4	9369
2167	-2	4	9373
2168	-2	4	9377
2169	-2	4	9381
2170	-2	4	9385
2171	-2	4	9389
2172	-2	4	9393
2173	-2	4	9397
2174	-2	4	9401
2175	-2	4	9405
2176	-2	4	9409
2177	-2	4	9413
2178	-2	4	9417
2179	-2	4	9421
2180	-2	4	9425
2181	-2	4	9429
2182	-2	4	9433
2183	-2	4	9437
2184	-2	4	9441
2185	-2	4	9445
2186	-2	4	9449
2187	-2	4	9453
2188	-2	4	9457
2189	-2	4	9461
2190	-2	4	9465
2191	-2	4	9469
2192	-2	4	9473
2193	-2	4	9477
2194	-2	4	9481
2195	-2	4	9485
2196	-2	4	9489
2197	-2	4	9493
2198	-2	4	9497
2199	-2	4	9501
2200	-2	4	9505
2201	-3	5	9510
2202	-2	4	9514
2203	-3	5	9519
2204	-2	4	9523
2205	-2	4	9527
2206	-2	4	9531
2207	-2	4	9535
2208	-2	4	9539
2209	-2	4	9543
2210	-2	4	9547
2211	-2	4	9551
2212	-2	4	9555
2213	-2	4	9559
2214	-2	4	9563
2215	-2	4	9567
2216	-2	4	9571
2217	-2	4	9575
2218	-2	4	9579
2219	-2	4	9583
2220	-2	4	9587
2221	-2	4	9591
2222	-2	4	9595
2223	-2	4	9599
2224	-2	4	9603
2225	-2	4	9607
2226	-2	4	9611
2227	-2	4	9615
2228	-2	4	9619
2229	-2	4	9623
2230	-2	4	9627
2231	-2	4	9631
2232	-2	4	9635
2233	-2	4	9639
2234	-2	4	9643
2235	-2	4	9647
2236	-4	6	9653
2237	-2	4	9657
2238	-2	4	9661
2239	-2	4	9665
2240	-2	4	9669
2241	-2	4	9673
2242	-2	4	9677
2243	-2	4	9681
2244	-4	6	9687
2245	-4	6	9693
2246	-2	4	9697
2247	-2	4	9701
2248	-2	4	9705
2249	-2	4	9709
2250	-2	4	9713
2251	-2	4	9717
2252	-2	4	9721
2253	-2	4	9725
2254	-2	4	9729
2255	-2	4	9733
2256	-2	4	9737
2257	-2	4	9741
2258	-2	4	9745
2259	-2	4	9749
2260	-2	4	9753
2261	-2	4	9757
2262	-2	4	9761
2263	-2	4	9765
2264	-4	6	9771
2265	-2	4	9775
2266	-2	4	9779
2267	-2	4	9783
2268	-2	4	9787
2269	-2	4	9791
2270	-2	4	9795
2271	-2	4	9799
2272	-2	4	9803
2273	-2	4	9807
2274	-2	4	9811
2275	-2	4	9815
2276	-2	4	9819
2277	-2	4	9823
2278	-2	4	9827
2279	-2	4	9831
2280	-2	4	9835
2281	-2	4	9839
2282	-2	4	9843
2283	-2	4	9847
2284	-2	4	9851
2285	-2	4	9855
2286	-2	4	9859
2287	-2	4	9863
2288	-2	4	9867
2289	-2	4	9871
2290	-2	4	9875
2291	-2	4	9879
2292	-2	4	9883
2293	-2	4	9887
2294	-2	4	9891
2295	-2	4	9895
2296	-2	4	9899
2297	-2	4	9903
2298	-2	4	9907
2299	-2	4	9911
2300	-2	4	9915
2301	-2	4	9919
2302	-2	4	9923
2303	-2	4	9927
2304	-2	4	9931
2305	-2	4	9935
2306	-2	4	9939
2307	-2	4	9943
2308	-2	4	9947
2309	-2	4	9951
2310	-2	4	9955
2311	-2	4	9959
2312	-2	4	9963
2313	-2	4	9967
2314	-2	4	9971
2315	-4	6	9977
2316	-2	4	9981
2317	-2	4	9985
2318	-2	4	9989
2319	-2	4	9993
2320	-2	4	9997
2321	-4	6	10003
2322	-2	4	10007
2323	-2	4	10011
2324	-2	4	10015
2325	-2	4	10019
2326	-2	4	10023
2327	-2	4	10027
2328	-2	4	10031
2329	-2	4	10035
2330	-2	4	10039
2331	-2	4	10043
2332	-2	4	10047
2333	-2	4	10051
2334	-2	4	10055
2335	-2	4	10059
2336	-2	4	10063
2337	-2	4	10067
2338	-2	4	10071
2339	-2	4	10075
2340	-2	4	10079
2341	-2	4	10083
2342	-2	4	10087
2343	-2	4	10091
2344	-2	4	10095
2345	-4	6	10101
2346	-2	4	10105
2347	-2	4	10109
2348	-2	4	10113
2349	-4	6	10119
2350	-2	4	10123
2351	-2	4	10127
2352	-2	4	10131
2353	-2	4	10135
2354	-2	4	10139
2355	-2	4	10143
2356	-4	6	10149
2357	-2	4	10153
2358	-2	4	10157
2359	-2	4	10161
2360	-2	4	10165
2361	-2	4	10169
2362	-2	4	10173
2363	-2	4	10177
2364	-2	4	10181
2365	-2	4	10185
2366	-2	4	10189
2367	-2	4	10193
2368	-2	4	10197
2369	-2	4	10201
2370	-2	4	10205
2371	-2	4	10209
2372	-2	4	10213
2373	-2	4	10217
2374	-2	4	10221
2375	-2	4	10225
2376	-2	4	10229
2377	-2	4	10233
2378	-2	4	10237
2379	-2	4	10241
2380	-2	4	10245
2381	-2	4	10249
2382	-2	4	10253
2383	-2	4	10257
2384	-2	4	10261
2385	-2	4	10265
2386	-2	4	10269
2387	-2	4	10273
2388	-2	4	10277
2389	-2	4	10281
2390	-2	4	10285
2391	-2	4	10289
2392	-2	4	10293
2393	-2	4	10297
2394	-2	4	10301
2395	-2	4	10305
2396	-2	4	10309
2397	-2	4	10313
2398	-2	4	10317
2399	-2	4	10321
2400	-2	4	10325
2401	-2	4	10329
2402	-2	4	10333
2403	-2	4	10337
2404	-2	4	10341
2405	-2	4	10345
2406	-2	4	10349
2407	-2	4	10353
2408	-2	4	10357
2409	-2	4	10361
2410	-2	4	10365
2411	-2	4	10369
2412	-2	4	10373
2413	-4	6	10379
2414	-2	4	10383
2415	-2	4	10387
2416	-2	4	10391
2417	-2	4	10395
2418	-2	4	10399
2419	-2	4	10403
2420	-2	4	10407
2421	-2	4	10411
2422	-2	4	10415
2423	-2	4	10419
2424	-2	4	10423
2425	-2	4	10427
2426	-2	4	10431
2427	-2	4	10435
2428	-2	4	10439
2429	-2	4	10443
2430	-2	4	10447
2431	-2	4	10451
2432	-2	4	10455
2433	-2	4	10459
2434	-2	4	10463
2435	-2	4	10467
2436	-4	6	10473
2437	-2	4	10477
2438	-2	4	10481
2439	-2	4	10485
2440	-2	4	10489
2441	-2	4	10493
2442	-2	4	10497
2443	-2	4	10501
2444	-2	4	10505
2445	-2	4	10509
2446	-2	4	10513
2447	-2	4	10517
2448	-2	4	10521
2449	-2	4	10525
2450	-2	4	10529
2451	-2	4	10533
2452	-2	4	10537
2453	-2	4	10541
2454	-2	4	10545
2455	-2	4	10549
2456	-2	4	10553
2457	-2	4	10557
2458	-2	4	10561
2459	-2	4	10565
2460	-2	4	10569
2461	-2	4	10573
2462	-2	4	10577
2463	-2	4	10581
2464	-2	4	10585
2465	-2	4	10589
2466	-2	4	10593
2467	-2	4	10597
2468	-2	4	10601
2469	-2	4	10605
2470	-2	4	10609
2471	-2	4	10613
2472	-2	4	10617
2473	-2	4	10621
2474	-2	4	10625
2475	-2	4	10629
2476	-2	4	10633
2477	-2	4	10637
2478	-2	4	10641
2479	-2	4	10645
2480	-2	4	10649
2481	-2	4	10653
2482	-2	4	10657
2483	-2	4	10661
2484	-2	4	10665
2485	-2	4	10669
2486	-2	4	10673
2487	-2	4	10677
2488	-2	4	10681
2489	-4	6	10687
2490	-2	4	10691
2491	-2	4	10695
2492	-2	4	10699
2493	-2	4	10703
2494	-2	4	10707
2495	-2	4	10711
2496	-2	4	10715
2497	-2	4	10719
2498	-2	4	10723
2499	-2	4	10727
2500	-2	4	10731
2501	-2	4	10735
2502	-2	4	10739
2503	-2	4	10743
2504	-2	4	10747
2505	-2	4	10751
2506	-2	4	10755
2507	-2	4	10759
2508	-2	4	10763
2509	-2	4	10767
2510	-2	4	10771
2511	-2	4	10775
2512	-2	4	10779
2513	-2	4	10783
2514	-2	4	10787
2515	-2	4	10791
2516	-2	4	10795
2517	-2	4	10799
2518	-2	4	10803
2519	-4	6	10809
2520	-4	6	10815
2521	-2	4	10819
2522	-2	4	10823
2523	-2	4	10827
2524	-2	4	10831
2525	-2	4	10835
2526	-2	4	10839
2527	-2	4	10843
2528	-2	4	10847
2529	-2	4	10851
2530	-4	6	10857
2531	-4	6	10863
2532	-2	4	10867
2533	-2	4	10871
2534	-2	4	10875
2535	-2	4	10879
2536	-2	4	10883
2537	-2	4	10887
2538	-2	4	10891
2539	-2	4	10895
2540	-2	4	10899
2541	-2	4	10903
2542	-2	4	10907
2543	-4	6	10913
2544	-4	6	10919
2545	-2	4	10923
2546	-2	4	10927
2547	-2	4	10931
2548	-2	4	10935
2549	-2	4	10939
2550	-2	4	10943
2551	-2	4	10947
2552	-2	4	10951
2553	-2	4	10955
2554	-2	4	10959
2555	-2	4	10963
2556	-2	4	10967
2557	-2	4	10971
2558	-2	4	10975
2559	-4	6	10981
2560	-2	4	10985
2561	-2	4	10989
2562	-2	4	10993
2563	-4	6	10999
2564	-2	4	11003
2565	-2	4	11007
2566	-2	4	11011
2567	-2	4	11015
2568	-2	4	11019
2569	-2	4	11023
2570	-2	4	11027
2571	-2	4	11031
2572	-2	4	11035
2573	-2	4	11039
2574	-2	4	11043
2575	-2	4	11047
2576	-2	4	11051
2577	-2	4	11055
2578	-2	4	11059
2579	-2	4	11063
2580	-2	4	11067
2581	-6	8	11075
2582	-2	4	11079
2583	-4	6	11085
2584	-2	4	11089
2585	-2	4	11093
2586	-2	4	11097
2587	-2	4	11101
2588	-2	4	11105
2589	-2	4	11109
2590	-2	4	11113
2591	-2	4	11117
2592	-2	4	11121
2593	-2	4	11125
2594	-6	8	11133
2595	-2	4	11137
2596	-2	4	11141
2597	-2	4	11145
2598	-2	4	11149
2599	-4	6	11155
2600	-2	4	11159
2601	-2	4	11163
2602	-2	4	11167
2603	-2	4	11171
2604	-2	4	11175
2605	-2	4	11179
2606	-2	4	11183
2607	-2	4	11187
2608	-2	4	11191
2609	-2	4	11195
2610	-2	4	11199
2611	-2	4	11203
2612	-2	4	11207
2613	-2	4	11211
2614	-2	4	11215
2615	-2	4	11219
2616	-2	4	11223
2617	-2	4	11227
2618	-2	4	11231
2619	-2	4	11235
2620	-4	6	11241
2621	-2	4	11245
2622	-2	4	11249
2623	-2	4	11253
2624	-2	4	11257
2625	-2	4	11261
2626	-4	6	11267
2627	-2	4	11271
2628	-2	4	11275
2629	-2	4	11279
2630	-3	5	11284
2631	-6	8	11292
2632	-2	4	11296
2633	-2	4	11300
2634	-2	4	11304
2635	-2	4	11308
2636	-2	4	11312
2637	-2	4	11316
2638	-2	4	11320
2639	-2	4	11324
2640	-2	4	11328
2641	-2	4	11332
2642	-2	4	11336
2643	-2	4	11340
2644	-2	4	11344
2645	-4	6	11350
2646	-2	4	11354
2647	-2	4	11358
2648	-2	4	11362
2649	-2	4	11366
2650	-2	4	11370
2651	-2	4	11374
2652	-2	4	11378
2653	-2	4	11382
2654	-2	4	11386
2655	-2	4	11390
2656	-2	4	11394
2657	-3	5	11399
2658	-2	4	11403
2659	-2	4	11407
2660	-2	4	11411
2661	-2	4	11415
2662	-4	6	11421
2663	-2	4	11425
2664	-2	4	11429
2665	-2	4	11433
2666	-2	4	11437
2667	-2	4	11441
2668	-2	4	11445
2669	-2	4	11449
2670	-2	4	11453
2671	-2	4	11457
2672	-2	4	11461
2673	-2	4	11465
2674	-2	4	11469
2675	-3	5	11474
2676	-2	4	11478
2677	-2	4	11482
2678	-2	4	11486
2679	-2	4	11490
2680	-2	4	11494
2681	-2	4	11498
2682	-2	4	11502
2683	-2	4	11506
2684	-2	4	11510
2685	-2	4	11514
2686	-2	4	11518
2687	-2	4	11522
2688	-2	4	11526
2689	-4	6	11532
2690	-4	6	11538
2691	-2	4	11542
2692	-2	4	11546
2693	-2	4	11550
2694	-2	4	11554
2695	-2	4	11558
2696	-2	4	11562
2697	-2	4	11566
2698	-2	4	11570
2699	-2	4	11574
2700	-2	4	11578
2701	-2	4	11582
2702	-2	4	11586
2703	-2	4	11590
2704	-2	4	11594
2705	-2	4	11598
2706	-2	4	11602
2707	-2	4	11606
2708	-2	4	11610
2709	-2	4	11614
2710	-3	5	11619
2711	-2	4	11623
2712	-2	4	11627
2713	-2	4	11631
2714	-2	4	11635
2715	-2	4	11639
2716	-2	4	11643
2717	-2	4	11647
2718	-2	4	11651
2719	-2	4	11655
2720	-2	4	11659
2721	-2	4	11663
2722	-2	4	11667
2723	-2	4	11671
2724	-2	4	11675
2725	-2	4	11679
2726	-2	4	11683
2727	-2	4	11687
2728	-2	4	11691
2729	-2	4	11695
2730	-2	4	11699
2731	-2	4	11703
2732	-2	4	11707
2733	-2	4	11711
2734	-2	4	11715
2735	-2	4	11719
2736	-2	4	11723
2737	-2	4	11727
2738	-2	4	11731
2739	-2	4	11735
2740	-2	4	11739
2741	-2	4	11743
2742	-2	4	11747
2743	-2	4	11751
2744	-2	4	11755
2745	-2	4	11759
2746	-2	4	11763
2747	-2	4	11767
2748	-4	6	11773
2749	-2	4	11777
2750	-2	4	11781
2751	-2	4	11785
2752	-2	4	11789
2753	-2	4	11793
2754	-2	4	11797
2755	-2	4	11801
2756	-2	4	11805
2757	-2	4	11809
2758	-4	6	11815
2759	-6	8	11823
2760	-2	4	11827
2761	-2	4	11831
2762	-2	4	11835
2763	-2	4	11839
2764	-2	4	11843
2765	-2	4	11847
2766	-2	4	11851
2767	-2	4	11855
2768	-2	4	11859
2769	-4	6	11865
2770	-2	4	11869
2771	-4	6	11875
2772	-2	4	11879
2773	-2	4	11883
2774	-2	4	11887
2775	-2	4	11891
2776	-2	4	11895
2777	-39	41	11936
2778	-2	4	11940
2779	-2	4	11944
2780	-2	4	11948
2781	-2	4	11952
2782	-2	4	11956
2783	-2	4	11960
2784	-2	4	11964
2785	-2	4	11968
2786	-2	4	11972
2787	-2	4	11976
2788	-2	4	11980
2789	-2	4	11984
2790	-4	6	11990
2791	-2	4	11994
2792	-2	4	11998
2793	-2	4	12002
2794	-2	4	12006
2795	-2	4	12010
2796	-2	4	12014
2797	-2	4	12018
2798	-2	4	12022
2799	-2	4	12026
2800	-2	4	12030
2801	-2	4	12034
2802	-2	4	12038
2803	-2	4	12042
2804	-2	4	12046
2805	-2	4	12050
2806	-2	4	12054
2807	-2	4	12058
2808	-2	4	12062
2809	-2	4	12066
2810	-4	6	12072
2811	-2	4	12076
2812	-2	4	12080
2813	-2	4	12084
2814	-2	4	12088
2815	-2	4	12092
2816	-2	4	12096
2817	-2	4	12100
2818	-4	6	12106
2819	-2	4	12110
2820	-2	4	12114
2821	-2	4	12118
2822	-2	4	12122
2823	-4	6	12128
2824	-2	4	12132
2825	-2	4	12136
2826	-2	4	12140
2827	-2	4	12144
2828	-2	4	12148
2829	-2	4	12152
2830	-2	4	12156
2831	-2	4	12160
2832	-2	4	12164
2833	-2	4	12168
2834	-2	4	12172
2835	-2	4	12176
2836	-4	6	12182
2837	-2	4	12186
2838	-2	4	12190
2839	-2	4	12194
2840	-2	4	12198
2841	-2	4	12202
2842	-2	4	12206
2843	-2	4	12210
2844	-2	4	12214
2845	-2	4	12218
2846	-4	6	12224
2847	-2	4	12228
2848	-2	4	12232
2849	-2	4	12236
2850	-2	4	12240
2851	-2	4	12244
2852	-4	6	12250
2853	-2	4	12254
2854	-2	4	12258
2855	-2	4	12262
2856	-2	4	12266
2857	-2	4	12270
2858	-2	4	12274
2859	-2	4	12278
2860	-2	4	12282
2861	-2	4	12286
2862	-2	4	12290
2863	-2	4	12294
2864	-2	4	12298
2865	-2	4	12302
2866	-2	4	12306
2867	-2	4	12310
2868	-2	4	12314
2869	-2	4	12318
2870	-2	4	12322
2871	-2	4	12326
2872	-2	4	12330
2873	-4	6	12336
2874	-2	4	12340
2875	-2	4	12344
2876	-2	4	12348
2877	-2	4	12352
2878	-2	4	12356
2879	-2	4	12360
2880	-6	8	12368
2881	-2	4	12372
2882	-2	4	12376
2883	-2	4	12380
2884	-2	4	12384
2885	-2	4	12388
2886	-3	5	12393
2887	-2	4	12397
2888	-4	6	12403
2889	-2	4	12407
2890	-2	4	12411
2891	-2	4	12415
2892	-2	4	12419
2893	-2	4	12423
2894	-2	4	12427
2895	-2	4	12431
2896	-2	4	12435
2897	-2	4	12439
2898	-2	4	12443
2899	-2	4	12447
2900	-2	4	12451
2901	-2	4	12455
2902	-2	4	12459
2903	-2	4	12463
2904	-2	4	12467
2905	-2	4	12471
2906	-2	4	12475
2907	-2	4	12479
2908	-2	4	12483
2909	-2	4	12487
2910	-2	4	12491
2911	-2	4	12495
2912	-2	4	12499
2913	-2	4	12503
2914	-2	4	12507
2915	-6	8	12515
2916	-4	6	12521
2917	-2	4	12525
2918	-2	4	12529
2919	-6	8	12537
2920	-2	4	12541
2921	-2	4	12545
2922	-2	4	12549
2923	-2	4	12553
2924	-2	4	12557
2925	-2	4	12561
2926	-2	4	12565
2927	-2	4	12569
2928	-2	4	12573
2929	-2	4	12577
2930	-2	4	12581
2931	-2	4	12585
2932	-2	4	12589
2933	-2	4	12593
2934	-2	4	12597
2935	-2	4	12601
2936	-2	4	12605
2937	-2	4	12609
2938	-2	4	12613
2939	-2	4	12617
2940	-2	4	12621
2941	-2	4	12625
2942	-2	4	12629
2943	-2	4	12633
2944	-2	4	12637
2945	-2	4	12641
2946	-2	4	12645
2947	-4	6	12651
2948	-2	4	12655
2949	-2	4	12659
2950	-2	4	12663
2951	-2	4	12667
2952	-2	4	12671
2953	-2	4	12675
2954	-2	4	12679
2955	-2	4	12683
2956	-2	4	12687
2957	-2	4	12691
2958	-2	4	12695
2959	-2	4	12699
2960	-2	4	12703
2961	-2	4	12707
2962	-2	4	12711
2963	-2	4	12715
2964	-2	4	12719
2965	-2	4	12723
2966	-2	4	12727
2967	-2	4	12731
2968	-2	4	12735
2969	-2	4	12739
2970	-2	4	12743
2971	-2	4	12747
2972	-2	4	12751
2973	-2	4	12755
2974	-2	4	12759
2975	-2	4	12763
2976	-2	4	12767
2977	-2	4	12771
2978	-2	4	12775
2979	-2	4	12779
2980	-2	4	12783
2981	-2	4	12787
2982	-2	4	12791
2983	-4	6	12797
2984	-2	4	12801
2985	-2	4	12805
2986	-2	4	12809
2987	-2	4	12813
2988	-2	4	12817
2989	-2	4	12821
2990	-2	4	12825
2991	-2	4	12829
2992	-2	4	12833
2993	-2	4	12837
2994	-2	4	12841
2995	-2	4	12845
2996	-2	4	12849
2997	-2	4	12853
2998	-2	4	12857
2999	-2	4	12861
3000	-2	4	12865
3001	-2	4	12869
3002	-2	4	12873
3003	-2	4	12877
3004	-2	4	12881
3005	-2	4	12885
3006	-2	4	12889
3007	-2	4	12893
3008	-2	4	12897
3009	-2	4	12901
3010	-6	8	12909
3011	-2	4	12913
3012	-2	4	12917
3013	-2	4	12921
3014	-2	4	12925
3015	-2	4	12929
3016	-2	4	12933
3017	-2	4	12937
3018	-2	4	12941
3019	-2	4	12945
3020	-2	4	12949
3021	-2	4	12953
3022	-2	4	12957
3023	-2	4	12961
3024	-4	6	12967
3025	-2	4	12971
3026	-2	4	12975
3027	-2	4	12979
3028	-4	6	12985
3029	-2	4	12989
3030	-2	4	12993
3031	-2	4	12997
3032	-2	4	13001
3033	-2	4	13005
3034	-2	4	13009
3035	-2	4	13013
3036	-2	4	13017
3037	-2	4	13021
3038	-2	4	13025
3039	-2	4	13029
3040	-2	4	13033
3041	-2	4	13037
3042	-2	4	13041
3043	-2	4	13045
3044	-2	4	13049
3045	-2	4	13053
3046	-2	4	13057
3047	-2	4	13061
3048	-4	6	13067
3049	-3	5	13072
3050	-2	4	13076
3051	-2	4	13080
3052	-2	4	13084
3053	-2	4	13088
3054	-2	4	13092
3055	-2	4	13096
3056	-2	4	13100
3057	-2	4	13104
3058	-2	4	13108
3059	-2	4	13112
3060	-2	4	13116
3061	-2	4	13120
3062	-4	6	13126
3063	-2	4	13130
3064	-2	4	13134
3065	-2	4	13138
3066	-2	4	13142
3067	-2	4	13146
3068	-2	4	13150
3069	-2	4	13154
3070	-2	4	13158
3071	-6	8	13166
3072	-2	4	13170
3073	-2	4	13174
3074	-2	4	13178
3075	-2	4	13182
3076	-4	6	13188
3077	-2	4	13192
3078	-2	4	13196
3079	-2	4	13200
3080	-2	4	13204
3081	-2	4	13208
3082	-2	4	13212
3083	-2	4	13216
3084	-4	6	13222
3085	-4	6	13228
3086	-2	4	13232
3087	-2	4	13236
3088	-2	4	13240
3089	-2	4	13244
3090	-2	4	13248
3091	-2	4	13252
3092	-2	4	13256
3093	-4	6	13262
3094	-2	4	13266
3095	-2	4	13270
3096	-2	4	13274
3097	-2	4	13278
3098	-2	4	13282
3099	-2	4	13286
3100	-2	4	13290
3101	-2	4	13294
3102	-2	4	13298
3103	-2	4	13302
3104	-2	4	13306
3105	-2	4	13310
3106	-2	4	13314
3107	-2	4	13318
3108	-2	4	13322
3109	-2	4	13326
3110	-2	4	13330
3111	-2	4	13334
3112	-2	4	13338
3113	-2	4	13342
3114	-2	4	13346
3115	-2	4	13350
3116	-2	4	13354
3117	-2	4	13358
3118	-2	4	13362
3119	-2	4	13366
3120	-2	4	13370
3121	-2	4	13374
3122	-2	4	13378
3123	-2	4	13382
3124	-2	4	13386
3125	-2	4	13390
3126	-2	4	13394
3127	-2	4	13398
3128	-4	6	13404
3129	-2	4	13408
3130	-2	4	13412
3131	-4	6	13418
3132	-2	4	13422
3133	-2	4	13426
3134	-3	5	13431
3135	-2	4	13435
3136	-2	4	13439
3137	-2	4	13443
3138	-2	4	13447
3139	-2	4	13451
3140	-2	4	13455
3141	-2	4	13459
3142	-2	4	13463
3143	-2	4	13467
3144	-2	4	13471
3145	-3	5	13476
3146	-2	4	13480
3147	-2	4	13484
3148	-2	4	13488
3149	-2	4	13492
3150	-2	4	13496
3151	-2	4	13500
3152	-2	4	13504
3153	-2	4	13508
3154	-2	4	13512
3155	-2	4	13516
3156	-2	4	13520
3157	-2	4	13524
3158	-4	6	13530
3159	-2	4	13534
3160	-2	4	13538
3161	-2	4	13542
3162	-2	4	13546
3163	-3	5	13551
3164	-2	4	13555
3165	-2	4	13559
3166	-2	4	13563
3167	-2	4	13567
3168	-2	4	13571
3169	-2	4	13575
3170	-2	4	13579
3171	-2	4	13583
3172	-2	4	13587
3173	-4	6	13593
3174	-2	4	13597
3175	-2	4	13601
3176	-2	4	13605
3177	-2	4	13609
3178	-4	6	13615
3179	-2	4	13619
3180	-2	4	13623
3181	-2	4	13627
3182	-2	4	13631
3183	-2	4	13635
3184	-2	4	13639
3185	-2	4	13643
3186	-2	4	13647
3187	-2	4	13651
3188	-2	4	13655
3189	-2	4	13659
3190	-2	4	13663
3191	-2	4	13667
3192	-2	4	13671
3193	-2	4	13675
3194	-2	4	13679
3195	-2	4	13683
3196	-2	4	13687
3197	-4	6	13693
3198	-2	4	13697
3199	-2	4	13701
3200	-2	4	13705
3201	-2	4	13709
3202	-2	4	13713
3203	-2	4	13717
3204	-2	4	13721
3205	-2	4	13725
3206	-2	4	13729
3207	-2	4	13733
3208	-2	4	13737
3209	-2	4	13741
3210	-2	4	13745
3211	-2	4	13749
3212	-2	4	13753
3213	-2	4	13757
3214	-2	4	13761
3215	-2	4	13765
3216	-2	4	13769
3217	-2	4	13773
3218	-2	4	13777
3219	-2	4	13781
3220	-2	4	13785
3221	-2	4	13789
3222	-2	4	13793
3223	-2	4	13797
3224	-2	4	13801
3225	-2	4	13805
3226	-2	4	13809
3227	-2	4	13813
3228	-2	4	13817
3229	-2	4	13821
3230	-2	4	13825
3231	-2	4	13829
3232	-2	4	13833
3233	-2	4	13837
3234	-2	4	13841
3235	-2	4	13845
3236	-2	4	13849
3237	-2	4	13853
3238	-2	4	13857
3239	-2	4	13861
3240	-2	4	13865
3241	-2	4	13869
3242	-2	4	13873
3243	-2	4	13877
3244	-2	4	13881
3245	-2	4	13885
3246	-2	4	13889
3247	-6	8	13897
3248	-2	4	13901
3249	-2	4	13905
3250	-2	4	13909
3251	-2	4	13913
3252	-2	4	13917
3253	-2	4	13921
3254	-2	4	13925
3255	-2	4	13929
3256	-2	4	13933
3257	-2	4	13937
3258	-2	4	13941
3259	-2	4	13945
3260	-2	4	13949
3261	-2	4	13953
3262	-2	4	13957
3263	-2	4	13961
3264	-4	6	13967
3265	-2	4	13971
3266	-2	4	13975
3267	-2	4	13979
3268	-6	8	13987
3269	-2	4	13991
3270	-2	4	13995
3271	-2	4	13999
3272	-2	4	14003
3273	-2	4	14007
3274	-2	4	14011
3275	-2	4	14015
3276	-2	4	14019
3277	-2	4	14023
3278	-2	4	14027
3279	-2	4	14031
3280	-2	4	14035
3281	-4	6	14041
3282	-2	4	14045
3283	-4	6	14051
3284	-2	4	14055
3285	-2	4	14059
3286	-2	4	14063
3287	-2	4	14067
3288	-2	4	14071
3289	-2	4	14075
3290	-2	4	14079
3291	-2	4	14083
3292	-2	4	14087
3293	-2	4	14091
3294	-2	4	14095
3295	-2	4	14099
3296	-2	4	14103
3297	-2	4	14107
3298	-2	4	14111
3299	-2	4	14115
3300	-2	4	14119
3301	-4	6	14125
3302	-2	4	14129
3303	-2	4	14133
3304	-2	4	14137
3305	-2	4	14141
3306	-2	4	14145
3307	-2	4	14149
3308	-4	6	14155
3309	-2	4	14159
3310	-3	5	14164
3311	-6	8	14172
3312	-2	4	14176
3313	-2	4	14180
3314	-2	4	14184
3315	-2	4	14188
3316	-2	4	14192
3317	-2	4	14196
3318	-2	4	14200
3319	-2	4	14204
3320	-2	4	14208
3321	-2	4	14212
3322	-2	4	14216
3323	-2	4	14220
3324	-2	4	14224
3325	-2	4	14228
3326	-2	4	14232
3327	-2	4	14236
3328	-2	4	14240
3329	-2	4	14244
3330	-2	4	14248
3331	-2	4	14252
3332	-2	4	14256
3333	-2	4	14260
3334	-2	4	14264
3335	-2	4	14268
3336	-2	4	14272
3337	-2	4	14276
3338	-2	4	14280
3339	-2	4	14284
3340	-2	4	14288
3341	-2	4	14292
3342	-2	4	14296
3343	-6	8	14304
3344	-2	4	14308
3345	-2	4	14312
3346	-2	4	14316
3347	-2	4	14320
3348	-2	4	14324
3349	-2	4	14328
3350	-2	4	14332
3351	-2	4	14336
3352	-2	4	14340
3353	-2	4	14344
3354	-2	4	14348
3355	-2	4	14352
3356	-2	4	14356
3357	-2	4	14360
3358	-2	4	14364
3359	-2	4	14368
3360	-2	4	14372
3361	-3	5	14377
3362	-2	4	14381
3363	-2	4	14385
3364	-2	4	14389
3365	-2	4	14393
3366	-2	4	14397
3367	-2	4	14401
3368	-2	4	14405
3369	-2	4	14409
3370	-6	8	14417
3371	-2	4	14421
3372	-2	4	14425
3373	-2	4	14429
3374	-2	4	14433
3375	-2	4	14437
3376	-2	4	14441
3377	-2	4	14445
3378	-2	4	14449
3379	-2	4	14453
3380	-2	4	14457
3381	-2	4	14461
3382	-2	4	14465
3383	-2	4	14469
3384	-2	4	14473
3385	-2	4	14477
3386	-2	4	14481
3387	-2	4	14485
3388	-2	4	14489
3389	-2	4	14493
3390	-2	4	14497
3391	-6	8	14505
3392	-2	4	14509
3393	-3	5	14514
3394	-2	4	14518
3395	-2	4	14522
3396	-2	4	14526
3397	-2	4	14530
3398	-2	4	14534
3399	-2	4	14538
3400	-2	4	14542
3401	-2	4	14546
3402	-2	4	14550
3403	-2	4	14554
3404	-2	4	14558
3405	-2	4	14562
3406	-2	4	14566
3407	-2	4	14570
3408	-2	4	14574
3409	-2	4	14578
3410	-2	4	14582
3411	-2	4	14586
3412	-2	4	14590
3413	-2	4	14594
3414	-2	4	14598
3415	-2	4	14602
3416	-2	4	14606
3417	-2	4	14610
3418	-2	4	14614
3419	-2	4	14618
3420	-2	4	14622
3421	-2	4	14626
3422	-2	4	14630
3423	-2	4	14634
3424	-2	4	14638
3425	-2	4	14642
3426	-2	4	14646
3427	-2	4	14650
3428	-2	4	14654
3429	-2	4	14658
3430	-2	4	14662
3431	-2	4	14666
3432	-2	4	14670
3433	-2	4	14674
3434	-2	4	14678
3435	-2	4	14682
3436	-2	4	14686
3437	-2	4	14690
3438	-2	4	14694
3439	-2	4	14698
3440	-2	4	14702
3441	-2	4	14706
3442	-2	4	14710
3443	-2	4	14714
3444	-4	6	14720
3445	-2	4	14724
3446	-2	4	14728
3447	-2	4	14732
3448	-2	4	14736
3449	-2	4	14740
3450	-4	6	14746
3451	-2	4	14750
3452	-2	4	14754
3453	-2	4	14758
3454	-2	4	14762
3455	-4	6	14768
3456	-2	4	14772
3457	-4	6	14778
3458	-2	4	14782
3459	-2	4	14786
3460	-2	4	14790
3461	-2	4	14794
3462	-2	4	14798
3463	-6	8	14806
3464	-2	4	14810
3465	-2	4	14814
3466	-2	4	14818
3467	-2	4	14822
3468	-2	4	14826
3469	-2	4	14830
3470	-2	4	14834
3471	-2	4	14838
3472	-4	6	14844
3473	-2	4	14848
3474	-2	4	14852
3475	-2	4	14856
3476	-2	4	14860
3477	-2	4	14864
3478	-2	4	14868
3479	-2	4	14872
3480	-2	4	14876
3481	-2	4	14880
3482	-2	4	14884
3483	-2	4	14888
3484	-2	4	14892
3485	-2	4	14896
3486	-2	4	14900
3487	-2	4	14904
3488	-2	4	14908
3489	-2	4	14912
3490	-2	4	14916
3491	-2	4	14920
3492	-2	4	14924
3493	-4	6	14930
3494	-4	6	14936
3495	-2	4	14940
3496	-2	4	14944
3497	-2	4	14948
3498	-2	4	14952
3499	-2	4	14956
3500	-2	4	14960
3501	-2	4	14964
3502	-2	4	14968
3503	-2	4	14972
3504	-2	4	14976
3505	-2	4	14980
3506	-2	4	14984
3507	-2	4	14988
3508	-2	4	14992
3509	-2	4	14996
3510	-2	4	15000
3511	-2	4	15004
3512	-2	4	15008
3513	-2	4	15012
3514	-4	6	15018
3515	-2	4	15022
3516	-2	4	15026
3517	-2	4	15030
3518	-4	6	15036
3519	-2	4	15040
3520	-2	4	15044
3521	-2	4	15048
3522	-4	6	15054
3523	-2	4	15058
3524	-2	4	15062
3525	-2	4	15066
3526	-2	4	15070
3527	-2	4	15074
3528	-6	8	15082
3529	-2	4	15086
3530	-2	4	15090
3531	-2	4	15094
3532	-2	4	15098
3533	-2	4	15102
3534	-2	4	15106
3535	-2	4	15110
3536	-4	6	15116
3537	-2	4	15120
3538	-2	4	15124
3539	-2	4	15128
3540	-2	4	15132
3541	-2	4	15136
3542	-2	4	15140
3543	-2	4	15144
3544	-2	4	15148
3545	-2	4	15152
3546	-2	4	15156
3547	-2	4	15160
3548	-2	4	15164
3549	-2	4	15168
3550	-2	4	15172
3551	-2	4	15176
3552	-2	4	15180
3553	-2	4	15184
3554	-2	4	15188
3555	-2	4	15192
3556	-2	4	15196
3557	-2	4	15200
3558	-4	6	15206
3559	-2	4	15210
3560	-2	4	15214
3561	-2	4	15218
3562	-2	4	15222
3563	-2	4	15226
3564	-2	4	15230
3565	-2	4	15234
3566	-2	4	15238
3567	-2	4	15242
3568	-2	4	15246
3569	-3	5	15251
3570	-2	4	15255
3571	-2	4	15259
3572	-2	4	15263
3573	-2	4	15267
3574	-2	4	15271
3575	-2	4	15275
3576	-2	4	15279
3577	-3	5	15284
3578	-2	4	15288
3579	-2	4	15292
3580	-2	4	15296
3581	-2	4	15300
3582	-2	4	15304
3583	-2	4	15308
3584	-2	4	15312
3585	-2	4	15316
3586	-2	4	15320
3587	-2	4	15324
3588	-6	8	15332
3589	-2	4	15336
3590	-2	4	15340
3591	-6	8	15348
3592	-2	4	15352
3593	-2	4	15356
3594	-2	4	15360
3595	-2	4	15364
3596	-2	4	15368
3597	-2	4	15372
3598	-2	4	15376
3599	-2	4	15380
3600	-2	4	15384
3601	-2	4	15388
3602	-2	4	15392
3603	-2	4	15396
3604	-4	6	15402
3605	-2	4	15406
3606	-2	4	15410
3607	-6	8	15418
3608	-2	4	15422
3609	-2	4	15426
3610	-2	4	15430
3611	-2	4	15434
3612	-4	6	15440
3613	-2	4	15444
3614	-2	4	15448
3615	-2	4	15452
3616	-2	4	15456
3617	-2	4	15460
3618	-2	4	15464
3619	-2	4	15468
3620	-2	4	15472
3621	-2	4	15476
3622	-2	4	15480
3623	-6	8	15488
3624	-2	4	15492
3625	-2	4	15496
3626	-2	4	15500
3627	-2	4	15504
3628	-2	4	15508
3629	-2	4	15512
3630	-2	4	15516
3631	-2	4	15520
3632	-2	4	15524
3633	-2	4	15528
3634	-2	4	15532
3635	-2	4	15536
3636	-2	4	15540
3637	-2	4	15544
3638	-2	4	15548
3639	-2	4	15552
3640	-2	4	15556
3641	-2	4	15560
3642	-2	4	15564
3643	-2	4	15568
3644	-2	4	15572
3645	-2	4	15576
3646	-2	4	15580
3647	-2	4	15584
3648	-2	4	15588
3649	-2	4	15592
3650	-2	4	15596
3651	-2	4	15600
3652	-6	8	15608
3653	-2	4	15612
3654	-2	4	15616
3655	-2	4	15620
3656	-2	4	15624
3657	-2	4	15628
3658	-2	4	15632
3659	-2	4	15636
3660	-2	4	15640
3661	-2	4	15644
3662	-2	4	15648
3663	-2	4	15652
3664	-2	4	15656
3665	-2	4	15660
3666	-2	4	15664
3667	-2	4	15668
3668	-2	4	15672
3669	-2	4	15676
3670	-2	4	15680
3671	-2	4	15684
3672	-2	4	15688
3673	-2	4	15692
3674	-2	4	15696
3675	-2	4	15700
3676	-2	4	15704
3677	-2	4	15708
3678	-2	4	15712
3679	-2	4	15716
3680	-2	4	15720
3681	-2	4	15724
3682	-2	4	15728
3683	-4	6	15734
3684	-6	8	15742
3685	-2	4	15746
3686	-2	4	15750
3687	-2	4	15754
3688	-2	4	15758
3689	-2	4	15762
3690	-2	4	15766
3691	-2	4	15770
3692	-2	4	15774
3693	-2	4	15778
3694	-2	4	15782
3695	-2	4	15786
3696	-2	4	15790
3697	-2	4	15794
3698	-2	4	15798
3699	-6	8	15806
3700	-2	4	15810
3701	-2	4	15814
3702	-2	4	15818
3703	-2	4	15822
3704	-2	4	15826
3705	-2	4	15830
3706	-2	4	15834
3707	-2	4	15838
3708	-2	4	15842
3709	-2	4	15846
3710	-2	4	15850
3711	-2	4	15854
3712	-2	4	15858
3713	-2	4	15862
3714	-2	4	15866
3715	-2	4	15870
3716	-2	4	15874
3717	-2	4	15878
3718	-2	4	15882
3719	-2	4	15886
3720	-2	4	15890
3721	-2	4	15894
3722	-2	4	15898
3723	-2	4	15902
3724	-4	6	15908
3725	-2	4	15912
3726	-2	4	15916
3727	-2	4	15920
3728	-2	4	15924
3729	-2	4	15928
3730	-2	4	15932
3731	-2	4	15936
3732	-2	4	15940
3733	-2	4	15944
3734	-2	4	15948
3735	-2	4	15952
3736	-2	4	15956
3737	-2	4	15960
3738	-4	6	15966
3739	-2	4	15970
3740	-2	4	15974
3741	-2	4	15978
3742	-3	5	15983
3743	-2	4	15987
3744	-2	4	15991
3745	-2	4	15995
3746	-2	4	15999
3747	-2	4	16003
3748	-4	6	16009
3749	-6	8	16017
3750	-4	6	16023
3751	-2	4	16027
3752	-2	4	16031
3753	-2	4	16035
3754	-2	4	16039
3755	-2	4	16043
3756	-2	4	16047
3757	-2	4	16051
3758	-2	4	16055
3759	-2	4	16059
3760	-2	4	16063
3761	-2	4	16067
3762	-2	4	16071
3763	-2	4	16075
3764	-4	6	16081
3765	-2	4	16085
3766	-2	4	16089
3767	-2	4	16093
3768	-2	4	16097
3769	-2	4	16101
3770	-3	5	16106
3771	-2	4	16110
3772	-2	4	16114
3773	-2	4	16118
3774	-2	4	16122
3775	-2	4	16126
3776	-2	4	16130
3777	-4	6	16136
3778	-4	6	16142
3779	-2	4	16146
3780	-2	4	16150
3781	-2	4	16154
3782	-2	4	16158
3783	-2	4	16162
3784	-2	4	16166
3785	-2	4	16170
3786	-2	4	16174
3787	-2	4	16178
3788	-2	4	16182
3789	-2	4	16186
3790	-4	6	16192
3791	-2	4	16196
3792	-2	4	16200
3793	-2	4	16204
3794	-2	4	16208
3795	-2	4	16212
3796	-4	6	16218
3797	-2	4	16222
3798	-2	4	16226
3799	-2	4	16230
3800	-2	4	16234
3801	-2	4	16238
3802	-2	4	16242
3803	-2	4	16246
3804	-2	4	16250
3805	-2	4	16254
3806	-2	4	16258
3807	-2	4	16262
3808	-2	4	16266
3809	-2	4	16270
3810	-2	4	16274
3811	-6	8	16282
3812	-2	4	16286
3813	-2	4	16290
3814	-2	4	16294
3815	-2	4	16298
3816	-2	4	16302
3817	-2	4	16306
3818	-2	4	16310
3819	-2	4	16314
3820	-2	4	16318
3821	-2	4	16322
3822	-2	4	16326
3823	-2	4	16330
3824	-2	4	16334
3825	-2	4	16338
3826	-2	4	16342
3827	-2	4	16346
3828	-2	4	16350
3829	-2	4	16354
3830	-2	4	16358
3831	-2	4	16362
3832	-2	4	16366
3833	-2	4	16370
3834	-2	4	16374
3835	-2	4	16378
3836	-2	4	16382
3837	-2	4	16386
3838	-2	4	16390
3839	-2	4	16394
3840	-2	4	16398
3841	-2	4	16402
3842	-2	4	16406
3843	-2	4	16410
3844	-2	4	16414
3845	-2	4	16418
3846	-4	6	16424
3847	-4	6	16430
3848	-2	4	16434
3849	-2	4	16438
3850	-2	4	16442
3851	-2	4	16446
3852	-2	4	16450
3853	-2	4	16454
3854	-2	4	16458
3855	-2	4	16462
3856	-2	4	16466
3857	-2	4	16470
3858	-2	4	16474
3859	-2	4	16478
3860	-2	4	16482
3861	-2	4	16486
3862	-2	4	16490
3863	-2	4	16494
3864	-2	4	16498
3865	-2	4	16502
3866	-2	4	16506
3867	-2	4	16510
3868	-2	4	16514
3869	-2	4	16518
3870	-2	4	16522
3871	-2	4	16526
3872	-2	4	16530
3873	-2	4	16534
3874	-2	4	16538
3875	-2	4	16542
3876	-2	4	16546
3877	-4	6	16552
3878	-2	4	16556
3879	-2	4	16560
3880	-2	4	16564
3881	-2	4	16568
3882	-4	6	16574
3883	-4	6	16580
3884	-2	4	16584
3885	-2	4	16588
3886	-2	4	16592
3887	-2	4	16596
3888	-2	4	16600
3889	-2	4	16604
3890	-2	4	16608
3891	-6	8	16616
3892	-2	4	16620
3893	-2	4	16624
3894	-2	4	16628
3895	-2	4	16632
3896	-2	4	16636
3897	-2	4	16640
3898	-2	4	16644
3899	-2	4	16648
3900	-2	4	16652
3901	-2	4	16656
3902	-2	4	16660
3903	-2	4	16664
3904	-2	4	16668
3905	-2	4	16672
3906	-2	4	16676
3907	-2	4	16680
3908	-2	4	16684
3909	-2	4	16688
3910	-2	4	16692
3911	-4	6	16698
3912	-2	4	16702
3913	-4	6	16708
3914	-2	4	16712
3915	-2	4	16716
3916	-2	4	16720
3917	-2	4	16724
3918	-2	4	16728
3919	-2	4	16732
3920	-2	4	16736
3921	-2	4	16740
3922	-2	4	16744
3923	-2	4	16748
3924	-2	4	16752
3925	-4	6	16758
3926	-2	4	16762
3927	-2	4	16766
3928	-2	4	16770
3929	-2	4	16774
3930	-4	6	16780
3931	-2	4	16784
3932	-2	4	16788
3933	-2	4	16792
3934	-2	4	16796
3935	-2	4	16800
3936	-2	4	16804
3937	-2	4	16808
3938	-2	4	16812
3939	-2	4	16816
3940	-2	4	16820
3941	-2	4	16824
3942	-2	4	16828
3943	-2	4	16832
3944	-2	4	16836
3945	-2	4	16840
3946	-2	4	16844
3947	-2	4	16848
3948	-8	10	16858
3949	-2	4	16862
3950	-2	4	16866
3951	-2	4	16870
3952	-2	4	16874
3953	-2	4	16878
3954	-2	4	16882
3955	-2	4	16886
3956	-4	6	16892
3957	-2	4	16896
3958	-2	4	16900
3959	-2	4	16904
3960	-2	4	16908
3961	-2	4	16912
3962	-2	4	16916
3963	-2	4	16920
3964	-2	4	16924
3965	-2	4	16928
3966	-2	4	16932
3967	-2	4	16936
3968	-2	4	16940
3969	-2	4	16944
3970	-2	4	16948
3971	-2	4	16952
3972	-2	4	16956
3973	-2	4	16960
3974	-2	4	16964
3975	-2	4	16968
3976	-2	4	16972
3977	-2	4	16976
3978	-2	4	16980
3979	-2	4	16984
3980	-2	4	16988
3981	-4	6	16994
3982	-2	4	16998
3983	-2	4	17002
3984	-4	6	17008
3985	-2	4	17012
3986	-4	6	17018
3987	-2	4	17022
3988	-2	4	17026
3989	-2	4	17030
3990	-2	4	17034
3991	-2	4	17038
3992	-2	4	17042
3993	-2	4	17046
3994	-2	4	17050
3995	-4	6	17056
3996	-2	4	17060
3997	-2	4	17064
3998	-2	4	17068
3999	-2	4	17072
4000	-2	4	17076
4001	-2	4	17080
4002	-2	4	17084
4003	-2	4	17088
4004	-2	4	17092
4005	-2	4	17096
4006	-2	4	17100
4007	-2	4	17104
4008	-2	4	17108
4009	-2	4	17112
4010	-2	4	17116
4011	-2	4	17120
4012	-2	4	17124
4013	-4	6	17130
4014	-2	4	17134
4015	-2	4	17138
4016	-2	4	17142
4017	-2	4	17146
4018	-2	4	17150
4019	-2	4	17154
4020	-2	4	17158
4021	-2	4	17162
4022	-4	6	17168
4023	-2	4	17172
4024	-2	4	17176
4025	-2	4	17180
4026	-2	4	17184
4027	-2	4	17188
4028	-2	4	17192
4029	-4	6	17198
4030	-2	4	17202
4031	-2	4	17206
4032	-2	4	17210
4033	-2	4	17214
4034	-2	4	17218
4035	-2	4	17222
4036	-2	4	17226
4037	-2	4	17230
4038	-2	4	17234
4039	-2	4	17238
4040	-2	4	17242
4041	-2	4	17246
4042	-2	4	17250
4043	-2	4	17254
4044	-2	4	17258
4045	-2	4	17262
4046	-2	4	17266
4047	-2	4	17270
4048	-2	4	17274
4049	-2	4	17278
4050	-2	4	17282
4051	-2	4	17286
4052	-2	4	17290
4053	-2	4	17294
4054	-4	6	17300
4055	-2	4	17304
4056	-2	4	17308
4057	-2	4	17312
4058	-2	4	17316
4059	-2	4	17320
4060	-2	4	17324
4061	-2	4	17328
4062	-2	4	17332
4063	-2	4	17336
4064	-2	4	17340
4065	-2	4	17344
4066	-2	4	17348
4067	-2	4	17352
4068	-2	4	17356
4069	-2	4	17360
4070	-2	4	17364
4071	-2	4	17368
4072	-2	4	17372
4073	-2	4	17376
4074	-2	4	17380
4075	-2	4	17384
4076	-2	4	17388
4077	-2	4	17392
4078	-2	4	17396
4079	-2	4	17400
4080	-2	4	17404
4081	-2	4	17408
4082	-2	4	17412
4083	-2	4	17416
4084	-2	4	17420
4085	-2	4	17424
4086	-6	8	17432
4087	-2	4	17436
4088	-2	4	17440
4089	-2	4	17444
4090	-2	4	17448
4091	-2	4	17452
4092	-2	4	17456
4093	-2	4	17460
4094	-2	4	17464
4095	-2	4	17468
4096	-2	4	17472
4097	-2	4	17476
4098	-2	4	17480
4099	-2	4	17484
4100	-2	4	17488
4101	-2	4	17492
4102	-2	4	17496
4103	-2	4	17500
4104	-2	4	17504
4105	-2	4	17508
4106	-2	4	17512
4107	-2	4	17516
4108	-2	4	17520
4109	-2	4	17524
4110	-2	4	17528
4111	-2	4	17532
4112	-2	4	17536
4113	-2	4	17540
4114	-2	4	17544
4115	-2	4	17548
4116	-2	4	17552
4117	-2	4	17556
4118	-2	4	17560
4119	-2	4	17564
4120	-2	4	17568
4121	-2	4	17572
4122	-2	4	17576
4123	-2	4	17580
4124	-2	4	17584
4125	-2	4	17588
4126	-2	4	17592
4127	-2	4	17596
4128	-2	4	17600
4129	-2	4	17604
4130	-2	4	17608
4131	-2	4	17612
4132	-2	4	17616
4133	-2	4	17620
4134	-2	4	17624
4135	-2	4	17628
4136	-2	4	17632
4137	-2	4	17636
4138	-6	8	17644
4139	-4	6	17650
4140	-2	4	17654
4141	-2	4	17658
4142	-2	4	17662
4143	-4	6	17668
4144	-2	4	17672
4145	-2	4	17676
4146	-2	4	17680
4147	-2	4	17684
4148	-2	4	17688
4149	-2	4	17692
4150	-2	4	17696
4151	-2	4	17700
4152	-2	4	17704
4153	-2	4	17708
4154	-2	4	17712
4155	-2	4	17716
4156	-2	4	17720
4157	-2	4	17724
4158	-2	4	17728
4159	-2	4	17732
4160	-2	4	17736
4161	-2	4	17740
4162	-2	4	17744
4163	-2	4	17748
4164	-2	4	17752
4165	-2	4	17756
4166	-2	4	17760
4167	-2	4	17764
4168	-4	6	17770
4169	-2	4	17774
4170	-2	4	17778
4171	-2	4	17782
4172	-4	6	17788
4173	-2	4	17792
4174	-2	4	17796
4175	-2	4	17800
4176	-2	4	17804
4177	-2	4	17808
4178	-2	4	17812
4179	-2	4	17816
4180	-4	6	17822
4181	-4	6	17828
4182	-2	4	17832
4183	-2	4	17836
4184	-4	6	17842
4185	-2	4	17846
4186	-2	4	17850
4187	-2	4	17854
4188	-2	4	17858
4189	-2	4	17862
4190	-2	4	17866
4191	-2	4	17870
4192	-2	4	17874
4193	-2	4	17878
4194	-2	4	17882
4195	-2	4	17886
4196	-2	4	17890
4197	-2	4	17894
4198	-4	6	17900
4199	-2	4	17904
4200	-2	4	17908
4201	-2	4	17912
4202	-2	4	17916
4203	-2	4	17920
4204	-2	4	17924
4205	-2	4	17928
4206	-2	4	17932
4207	-4	6	17938
4208	-2	4	17942
4209	-2	4	17946
4210	-3	5	17951
4211	-2	4	17955
4212	-2	4	17959
4213	-4	6	17965
4214	-2	4	17969
4215	-6	8	17977
4216	-2	4	17981
4217	-2	4	17985
4218	-2	4	17989
4219	-2	4	17993
4220	-2	4	17997
4221	-2	4	18001
4222	-2	4	18005
4223	-2	4	18009
4224	-2	4	18013
4225	-2	4	18017
4226	-2	4	18021
4227	-2	4	18025
4228	-2	4	18029
4229	-2	4	18033
4230	-2	4	18037
4231	-2	4	18041
4232	-2	4	18045
4233	-2	4	18049
4234	-2	4	18053
4235	-2	4	18057
4236	-2	4	18061
4237	-4	6	18067
4238	-2	4	18071
4239	-2	4	18075
4240	-2	4	18079
4241	-6	8	18087
4242	-2	4	18091
4243	-2	4	18095
4244	-2	4	18099
4245	-2	4	18103
4246	-2	4	18107
4247	-4	6	18113
4248	-2	4	18117
4249	-2	4	18121
4250	-2	4	18125
4251	-2	4	18129
4252	-2	4	18133
4253	-2	4	18137
4254	-2	4	18141
4255	-3	5	18146
4256	-3	5	18151
4257	-4	6	18157
4258	-2	4	18161
4259	-6	8	18169
4260	-2	4	18173
4261	-2	4	18177
4262	-2	4	18181
4263	-2	4	18185
4264	-2	4	18189
4265	-2	4	18193
4266	-2	4	18197
4267	-2	4	18201
4268	-2	4	18205
4269	-2	4	18209
4270	-2	4	18213
4271	-2	4	18217
4272	-2	4	18221
4273	-2	4	18225
4274	-2	4	18229
4275	-2	4	18233
4276	-2	4	18237
4277	-2	4	18241
4278	-2	4	18245
4279	-2	4	18249
4280	-2	4	18253
4281	-2	4	18257
4282	-2	4	18261
4283	-4	6	18267
4284	-2	4	18271
4285	-2	4	18275
4286	-2	4	18279
4287	-2	4	18283
4288	-2	4	18287
4289	-2	4	18291
4290	-2	4	18295
4291	-2	4	18299
4292	-2	4	18303
4293	-2	4	18307
4294	-2	4	18311
4295	-2	4	18315
4296	-2	4	18319
4297	-2	4	18323
4298	-2	4	18327
4299	-2	4	18331
4300	-2	4	18335
4301	-2	4	18339
4302	-2	4	18343
4303	-2	4	18347
4304	-2	4	18351
4305	-2	4	18355
4306	-2	4	18359
4307	-2	4	18363
4308	-2	4	18367
4309	-2	4	18371
4310	-2	4	18375
4311	-2	4	18379
4312	-2	4	18383
4313	-2	4	18387
4314	-2	4	18391
4315	-2	4	18395
4316	-2	4	18399
4317	-2	4	18403
4318	-2	4	18407
4319	-2	4	18411
4320	-2	4	18415
4321	-6	8	18423
4322	-2	4	18427
4323	-2	4	18431
4324	-2	4	18435
4325	-2	4	18439
4326	-2	4	18443
4327	-2	4	18447
4328	-6	8	18455
4329	-2	4	18459
4330	-2	4	18463
4331	-2	4	18467
4332	-2	4	18471
4333	-4	6	18477
4334	-2	4	18481
4335	-2	4	18485
4336	-2	4	18489
4337	-2	4	18493
4338	-2	4	18497
4339	-2	4	18501
4340	-2	4	18505
4341	-4	6	18511
4342	-2	4	18515
4343	-2	4	18519
4344	-2	4	18523
4345	-2	4	18527
4346	-2	4	18531
4347	-2	4	18535
4348	-2	4	18539
4349	-2	4	18543
4350	-2	4	18547
4351	-2	4	18551
4352	-2	4	18555
4353	-2	4	18559
4354	-2	4	18563
4355	-2	4	18567
4356	-2	4	18571
4357	-2	4	18575
4358	-2	4	18579
4359	-2	4	18583
4360	-2	4	18587
4361	-2	4	18591
4362	-4	6	18597
4363	-2	4	18601
4364	-2	4	18605
4365	-2	4	18609
4366	-2	4	18613
4367	-2	4	18617
4368	-2	4	18621
4369	-2	4	18625
4370	-2	4	18629
4371	-2	4	18633
4372	-2	4	18637
4373	-4	6	18643
4374	-2	4	18647
4375	-2	4	18651
4376	-2	4	18655
4377	-2	4	18659
4378	-2	4	18663
4379	-2	4	18667
4380	-2	4	18671
4381	-2	4	18675
4382	-2	4	18679
4383	-2	4	18683
4384	-2	4	18687
4385	-4	6	18693
4386	-2	4	18697
4387	-2	4	18701
4388	-2	4	18705
4389	-2	4	18709
4390	-2	4	18713
4391	-2	4	18717
4392	-2	4	18721
4393	-4	6	18727
4394	-2	4	18731
4395	-2	4	18735
4396	-2	4	18739
4397	-2	4	18743
4398	-2	4	18747
4399	-2	4	18751
4400	-2	4	18755
4401	-2	4	18759
4402	-4	6	18765
4403	-4	6	18771
4404	-3	5	18776
4405	-2	4	18780
4406	-2	4	18784
4407	-2	4	18788
4408	-2	4	18792
4409	-2	4	18796
4410	-2	4	18800
4411	-2	4	18804
4412	-2	4	18808
4413	-2	4	18812
4414	-2	4	18816
4415	-2	4	18820
4416	-2	4	18824
4417	-2	4	18828
4418	-2	4	18832
4419	-2	4	18836
4420	-2	4	18840
4421	-2	4	18844
4422	-2	4	18848
4423	-2	4	18852
4424	-2	4	18856
4425	-2	4	18860
4426	-2	4	18864
4427	-2	4	18868
4428	-4	6	18874
4429	-2	4	18878
4430	-2	4	18882
4431	-2	4	18886
4432	-2	4	18890
4433	-4	6	18896
4434	-2	4	18900
4435	-6	8	18908
4436	-2	4	18912
4437	-2	4	18916
4438	-2	4	18920
4439	-2	4	18924
4440	-2	4	18928
4441	-2	4	18932
4442	-2	4	18936
4443	-2	4	18940
4444	-2	4	18944
4445	-3	5	18949
4446	-2	4	18953
4447	-2	4	18957
4448	-2	4	18961
4449	-2	4	18965
4450	-2	4	18969
4451	-2	4	18973
4452	-2	4	18977
4453	-2	4	18981
4454	-2	4	18985
4455	-2	4	18989
4456	-2	4	18993
4457	-2	4	18997
4458	-2	4	19001
4459	-4	6	19007
4460	-2	4	19011
4461	-2	4	19015
4462	-2	4	19019
4463	-2	4	19023
4464	-2	4	19027
4465	-2	4	19031
4466	-2	4	19035
4467	-2	4	19039
4468	-2	4	19043
4469	-2	4	19047
4470	-2	4	19051
4471	-2	4	19055
4472	-4	6	19061
4473	-2	4	19065
4474	-2	4	19069
4475	-6	8	19077
4476	-2	4	19081
4477	-2	4	19085
4478	-2	4	19089
4479	-2	4	19093
4480	-2	4	19097
4481	-2	4	19101
4482	-2	4	19105
4483	-4	6	19111
4484	-2	4	19115
4485	-2	4	19119
4486	-2	4	19123
4487	-2	4	19127
4488	-2	4	19131
4489	-2	4	19135
4490	-4	6	19141
4491	-2	4	19145
4492	-2	4	19149
4493	-2	4	19153
4494	-2	4	19157
4495	-2	4	19161
4496	-2	4	19165
4497	-2	4	19169
4498	-2	4	19173
4499	-2	4	19177
4500	-2	4	19181
4501	-4	6	19187
4502	-2	4	19191
4503	-2	4	19195
4504	-2	4	19199
4505	-2	4	19203
4506	-2	4	19207
4507	-2	4	19211
4508	-2	4	19215
4509	-4	6	19221
4510	-2	4	19225
4511	-2	4	19229
4512	-2	4	19233
4513	-2	4	19237
4514	-4	6	19243
4515	-2	4	19247
4516	-2	4	19251
4517	-2	4	19255
4518	-2	4	19259
4519	-2	4	19263
4520	-2	4	19267
4521	-2	4	19271
4522	-2	4	19275
4523	-2	4	19279
4524	-2	4	19283
4525	-2	4	19287
4526	-2	4	19291
4527	-2	4	19295
4528	-2	4	19299
4529	-2	4	19303
4530	-2	4	19307
4531	-2	4	19311
4532	-2	4	19315
4533	-2	4	19319
4534	-4	6	19325
4535	-2	4	19329
4536	-2	4	19333
4537	-2	4	19337
4538	-2	4	19341
4539	-2	4	19345
4540	-2	4	19349
4541	-2	4	19353
4542	-2	4	19357
4543	-2	4	19361
4544	-2	4	19365
4545	-2	4	19369
4546	-2	4	19373
4547	-2	4	19377
4548	-2	4	19381
4549	-2	4	19385
4550	-2	4	19389
4551	-2	4	19393
4552	-2	4	19397
4553	-2	4	19401
4554	-2	4	19405
4555	-2	4	19409
4556	-2	4	19413
4557	-2	4	19417
4558	-2	4	19421
4559	-2	4	19425
4560	-2	4	19429
4561	-2	4	19433
4562	-2	4	19437
4563	-2	4	19441
4564	-2	4	19445
4565	-2	4	19449
4566	-2	4	19453
4567	-2	4	19457
4568	-2	4	19461
4569	-2	4	19465
4570	-2	4	19469
4571	-2	4	19473
4572	-2	4	19477
4573	-2	4	19481
4574	-2	4	19485
4575	-2	4	19489
4576	-2	4	19493
4577	-2	4	19497
4578	-2	4	19501
4579	-2	4	19505
4580	-2	4	19509
4581	-2	4	19513
4582	-2	4	19517
4583	-2	4	19521
4584	-2	4	19525
4585	-2	4	19529
4586	-2	4	19533
4587	-2	4	19537
4588	-2	4	19541
4589	-2	4	19545
4590	-2	4	19549
4591	-2	4	19553
4592	-2	4	19557
4593	-2	4	19561
4594	-2	4	19565
4595	-2	4	19569
4596	-2	4	19573
4597	-2	4	19577
4598	-2	4	19581
4599	-2	4	19585
4600	-2	4	19589
4601	-2	4	19593
4602	-2	4	19597
4603	-2	4	19601
4604	-2	4	19605
4605	-2	4	19609
4606	-2	4	19613
4607	-2	4	19617
4608	-2	4	19621
4609	-2	4	19625
4610	-2	4	19629
4611	-2	4	19633
4612	-2	4	19637
4613	-2	4	19641
4614	-2	4	19645
4615	-2	4	19649
4616	-2	4	19653
4617	-2	4	19657
4618	-2	4	19661
4619	-2	4	19665
4620	-2	4	19669
4621	-2	4	19673
4622	-2	4	19677
4623	-2	4	19681
4624	-2	4	19685
4625	-4	6	19691
4626	-2	4	19695
4627	-2	4	19699
4628	-2	4	19703
4629	-2	4	19707
4630	-2	4	19711
4631	-2	4	19715
4632	-2	4	19719
4633	-2	4	19723
4634	-2	4	19727
4635	-2	4	19731
4636	-2	4	19735
4637	-2	4	19739
4638	-2	4	19743
4639	-2	4	19747
4640	-2	4	19751
4641	-2	4	19755
4642	-2	4	19759
4643	-6	8	19767
4644	-4	6	19773
4645	-2	4	19777
4646	-2	4	19781
4647	-2	4	19785
4648	-2	4	19789
4649	-2	4	19793
4650	-2	4	19797
4651	-2	4	19801
4652	-2	4	19805
4653	-2	4	19809
4654	-4	6	19815
4655	-2	4	19819
4656	-2	4	19823
4657	-2	4	19827
4658	-2	4	19831
4659	-2	4	19835
4660	-2	4	19839
4661	-2	4	19843
4662	-2	4	19847
4663	-3	5	19852
4664	-2	4	19856
4665	-2	4	19860
4666	-2	4	19864
4667	-2	4	19868
4668	-2	4	19872
4669	-2	4	19876
4670	-2	4	19880
4671	-2	4	19884
4672	-2	4	19888
4673	-2	4	19892
4674	-2	4	19896
4675	-4	6	19902
4676	-2	4	19906
4677	-2	4	19910
4678	-2	4	19914
4679	-2	4	19918
4680	-2	4	19922
4681	-2	4	19926
4682	-2	4	19930
4683	-2	4	19934
4684	-2	4	19938
4685	-3	5	19943
4686	-2	4	19947
4687	-2	4	19951
4688	-2	4	19955
4689	-2	4	19959
4690	-2	4	19963
4691	-2	4	19967
4692	-2	4	19971
4693	-2	4	19975
4694	-2	4	19979
4695	-2	4	19983
4696	-2	4	19987
4697	-2	4	19991
4698	-2	4	19995
4699	-2	4	19999
4700	-2	4	20003
4701	-2	4	20007
4702	-2	4	20011
4703	-2	4	20015
4704	-2	4	20019
4705	-2	4	20023
4706	-2	4	20027
4707	-2	4	20031
4708	-2	4	20035
4709	-2	4	20039
4710	-2	4	20043
4711	-2	4	20047
4712	-2	4	20051
4713	-2	4	20055
4714	-2	4	20059
4715	-2	4	20063
4716	-2	4	20067
4717	-2	4	20071
4718	-2	4	20075
4719	-2	4	20079
4720	-2	4	20083
4721	-2	4	20087
4722	-2	4	20091
4723	-4	6	20097
4724	-2	4	20101
4725	-2	4	20105
4726	-2	4	20109
4727	-2	4	20113
4728	-2	4	20117
4729	-2	4	20121
4730	-2	4	20125
4731	-2	4	20129
4732	-2	4	20133
4733	-2	4	20137
4734	-2	4	20141
4735	-2	4	20145
4736	-2	4	20149
4737	-2	4	20153
4738	-2	4	20157
4739	-2	4	20161
4740	-2	4	20165
4741	-2	4	20169
4742	-2	4	20173
4743	-2	4	20177
4744	-2	4	20181
4745	-2	4	20185
4746	-2	4	20189
4747	-2	4	20193
4748	-2	4	20197
4749	-2	4	20201
4750	-2	4	20205
4751	-4	6	20211
4752	-2	4	20215
4753	-4	6	20221
4754	-2	4	20225
4755	-2	4	20229
4756	-2	4	20233
4757	-2	4	20237
4758	-2	4	20241
4759	-2	4	20245
4760	-2	4	20249
4761	-2	4	20253
4762	-2	4	20257
4763	-2	4	20261
4764	-2	4	20265
4765	-2	4	20269
4766	-2	4	20273
4767	-2	4	20277
4768	-2	4	20281
4769	-2	4	20285
4770	-2	4	20289
4771	-2	4	20293
4772	-4	6	20299
4773	-2	4	20303
4774	-2	4	20307
4775	-2	4	20311
4776	-2	4	20315
4777	-2	4	20319
4778	-2	4	20323
4779	-2	4	20327
4780	-2	4	20331
4781	-2	4	20335
4782	-2	4	20339
4783	-2	4	20343
4784	-2	4	20347
4785	-2	4	20351
4786	-2	4	20355
4787	-2	4	20359
4788	-3	5	20364
4789	-2	4	20368
4790	-4	6	20374
4791	-2	4	20378
4792	-2	4	20382
4793	-2	4	20386
4794	-2	4	20390
4795	-2	4	20394
4796	-2	4	20398
4797	-2	4	20402
4798	-2	4	20406
4799	-2	4	20410
4800	-2	4	20414
4801	-2	4	20418
4802	-4	6	20424
4803	-2	4	20428
4804	-2	4	20432
4805	-2	4	20436
4806	-2	4	20440
4807	-4	6	20446
4808	-2	4	20450
4809	-2	4	20454
4810	-2	4	20458
4811	-2	4	20462
4812	-2	4	20466
4813	-2	4	20470
4814	-2	4	20474
4815	-2	4	20478
4816	-2	4	20482
4817	-2	4	20486
4818	-4	6	20492
4819	-2	4	20496
4820	-2	4	20500
4821	-2	4	20504
4822	-4	6	20510
4823	-2	4	20514
4824	-2	4	20518
4825	-2	4	20522
4826	-2	4	20526
4827	-2	4	20530
4828	-2	4	20534
4829	-2	4	20538
4830	-2	4	20542
4831	-2	4	20546
4832	-2	4	20550
4833	-4	6	20556
4834	-2	4	20560
4835	-2	4	20564
4836	-2	4	20568
4837	-2	4	20572
4838	-2	4	20576
4839	-2	4	20580
4840	-2	4	20584
4841	-2	4	20588
4842	-2	4	20592
4843	-2	4	20596
4844	-2	4	20600
4845	-2	4	20604
4846	-2	4	20608
4847	-8	10	20618
4848	-2	4	20622
4849	-2	4	20626
4850	-2	4	20630
4851	-2	4	20634
4852	-2	4	20638
4853	-2	4	20642
4854	-2	4	20646
4855	-2	4	20650
4856	-2	4	20654
4857	-2	4	20658
4858	-2	4	20662
4859	-2	4	20666
4860	-2	4	20670
4861	-2	4	20674
4862	-2	4	20678
4863	-2	4	20682
4864	-2	4	20686
4865	-2	4	20690
4866	-2	4	20694
4867	-2	4	20698
4868	-2	4	20702
4869	-2	4	20706
4870	-2	4	20710
4871	-2	4	20714
4872	-2	4	20718
4873	-2	4	20722
4874	-2	4	20726
4875	-2	4	20730
4876	-2	4	20734
4877	-2	4	20738
4878	-2	4	20742
4879	-2	4	20746
4880	-2	4	20750
4881	-2	4	20754
4882	-2	4	20758
4883	-2	4	20762
4884	-2	4	20766
4885	-2	4	20770
4886	-2	4	20774
4887	-2	4	20778
4888	-2	4	20782
4889	-2	4	20786
4890	-2	4	20790
4891	-2	4	20794
4892	-2	4	20798
4893	-2	4	20802
4894	-2	4	20806
4895	-6	8	20814
4896	-2	4	20818
4897	-2	4	20822
4898	-4	6	20828
4899	-2	4	20832
4900	-2	4	20836
4901	-2	4	20840
4902	-2	4	20844
4903	-2	4	20848
4904	-2	4	20852
4905	-2	4	20856
4906	-2	4	20860
4907	-2	4	20864
4908	-2	4	20868
4909	-2	4	20872
4910	-4	6	20878
4911	-2	4	20882
4912	-2	4	20886
4913	-2	4	20890
4914	-2	4	20894
4915	-2	4	20898
4916	-2	4	20902
4917	-2	4	20906
4918	-2	4	20910
4919	-2	4	20914
4920	-2	4	20918
4921	-2	4	20922
4922	-2	4	20926
4923	-2	4	20930
4924	-2	4	20934
4925	-4	6	20940
4926	-2	4	20944
4927	-2	4	20948
4928	-2	4	20952
4929	-2	4	20956
4930	-2	4	20960
4931	-2	4	20964
4932	-2	4	20968
4933	-2	4	20972
4934	-2	4	20976
4935	-2	4	20980
4936	-2	4	20984
4937	-2	4	20988
4938	-2	4	20992
4939	-2	4	20996
4940	-2	4	21000
4941	-2	4	21004
4942	-2	4	21008
4943	-2	4	21012
4944	-2	4	21016
4945	-2	4	21020
4946	-2	4	21024
4947	-2	4	21028
4948	-2	4	21032
4949	-2	4	21036
4950	-2	4	21040
4951	-8	10	21050
4952	-2	4	21054
4953	-2	4	21058
4954	-2	4	21062
4955	-2	4	21066
4956	-2	4	21070
4957	-2	4	21074
4958	-2	4	21078
4959	-2	4	21082
4960	-2	4	21086
4961	-2	4	21090
4962	-2	4	21094
4963	-2	4	21098
4964	-2	4	21102
4965	-2	4	21106
4966	-2	4	21110
4967	-2	4	21114
4968	-2	4	21118
4969	-2	4	21122
4970	-2	4	21126
4971	-2	4	21130
4972	-4	6	21136
4973	-2	4	21140
4974	-2	4	21144
4975	-2	4	21148
4976	-2	4	21152
4977	-2	4	21156
4978	-2	4	21160
4979	-2	4	21164
4980	-2	4	21168
4981	-2	4	21172
4982	-3	5	21177
4983	-2	4	21181
4984	-2	4	21185
4985	-2	4	21189
4986	-2	4	21193
4987	-2	4	21197
4988	-2	4	21201
4989	-2	4	21205
4990	-2	4	21209
4991	-2	4	21213
4992	-2	4	21217
4993	-2	4	21221
4994	-2	4	21225
4995	-2	4	21229
4996	-2	4	21233
4997	-2	4	21237
4998	-2	4	21241
4999	-2	4	21245
5000	-2	4	21249
5001	-4	6	21255
5002	-2	4	21259
5003	-2	4	21263
5004	-2	4	21267
5005	-2	4	21271
5006	-2	4	21275
5007	-2	4	21279
5008	-2	4	21283
5009	-2	4	21287
5010	-2	4	21291
5011	-4	6	21297
5012	-2	4	21301
5013	-2	4	21305
5014	-2	4	21309
5015	-2	4	21313
5016	-2	4	21317
5017	-2	4	21321
5018	-2	4	21325
5019	-2	4	21329
5020	-2	4	21333
5021	-2	4	21337
5022	-2	4	21341
5023	-2	4	21345
5024	-2	4	21349
5025	-2	4	21353
5026	-2	4	21357
5027	-2	4	21361
5028	-2	4	21365
5029	-2	4	21369
5030	-2	4	21373
5031	-2	4	21377
5032	-2	4	21381
5033	-2	4	21385
5034	-2	4	21389
5035	-2	4	21393
5036	-2	4	21397
5037	-2	4	21401
5038	-2	4	21405
5039	-2	4	21409
5040	-2	4	21413
5041	-2	4	21417
5042	-2	4	21421
5043	-2	4	21425
5044	-2	4	21429
5045	-2	4	21433
5046	-2	4	21437
5047	-2	4	21441
5048	-2	4	21445
5049	-2	4	21449
5050	-2	4	21453
5051	-2	4	21457
5052	-2	4	21461
5053	-2	4	21465
5054	-2	4	21469
5055	-2	4	21473
5056	-2	4	21477
5057	-2	4	21481
5058	-2	4	21485
5059	-2	4	21489
5060	-2	4	21493
5061	-2	4	21497
5062	-2	4	21501
5063	-2	4	21505
5064	-2	4	21509
5065	-2	4	21513
5066	-2	4	21517
5067	-2	4	21521
5068	-2	4	21525
5069	-2	4	21529
5070	-2	4	21533
5071	-2	4	21537
5072	-2	4	21541
5073	-2	4	21545
5074	-2	4	21549
5075	-2	4	21553
5076	-2	4	21557
5077	-4	6	21563
5078	-2	4	21567
5079	-2	4	21571
5080	-2	4	21575
5081	-2	4	21579
5082	-2	4	21583
5083	-2	4	21587
5084	-2	4	21591
5085	-2	4	21595
5086	-2	4	21599
5087	-4	6	21605
5088	-2	4	21609
5089	-2	4	21613
5090	-6	8	21621
5091	-2	4	21625
5092	-2	4	21629
5093	-2	4	21633
5094	-2	4	21637
5095	-2	4	21641
5096	-2	4	21645
5097	-2	4	21649
5098	-2	4	21653
5099	-2	4	21657
5100	-2	4	21661
5101	-2	4	21665
5102	-2	4	21669
5103	-2	4	21673
5104	-2	4	21677
5105	-2	4	21681
5106	-2	4	21685
5107	-2	4	21689
5108	-2	4	21693
5109	-2	4	21697
5110	-2	4	21701
5111	-2	4	21705
5112	-2	4	21709
5113	-2	4	21713
5114	-2	4	21717
5115	-2	4	21721
5116	-2	4	21725
5117	-4	6	21731
5118	-2	4	21735
5119	-2	4	21739
5120	-2	4	21743
5121	-2	4	21747
5122	-2	4	21751
5123	-2	4	21755
5124	-2	4	21759
5125	-2	4	21763
5126	-2	4	21767
5127	-2	4	21771
5128	-2	4	21775
5129	-2	4	21779
5130	-2	4	21783
5131	-2	4	21787
5132	-3	5	21792
5133	-2	4	21796
5134	-2	4	21800
5135	-2	4	21804
5136	-2	4	21808
5137	-2	4	21812
5138	-2	4	21816
5139	-2	4	21820
5140	-2	4	21824
5141	-2	4	21828
5142	-2	4	21832
5143	-2	4	21836
5144	-2	4	21840
5145	-2	4	21844
5146	-2	4	21848
5147	-2	4	21852
5148	-2	4	21856
5149	-2	4	21860
5150	-2	4	21864
5151	-2	4	21868
5152	-2	4	21872
5153	-2	4	21876
5154	-4	6	21882
5155	-2	4	21886
5156	-2	4	21890
5157	-6	8	21898
5158	-2	4	21902
5159	-3	5	21907
5160	-2	4	21911
5161	-2	4	21915
5162	-2	4	21919
5163	-4	6	21925
5164	-2	4	21929
5165	-2	4	21933
5166	-2	4	21937
5167	-2	4	21941
5168	-2	4	21945
5169	-2	4	21949
5170	-2	4	21953
5171	-2	4	21957
5172	-3	5	21962
5173	-2	4	21966
5174	-2	4	21970
5175	-2	4	21974
5176	-4	6	21980
5177	-2	4	21984
5178	-2	4	21988
5179	-2	4	21992
5180	-2	4	21996
5181	-2	4	22000
5182	-2	4	22004
5183	-2	4	22008
5184	-2	4	22012
5185	-2	4	22016
5186	-2	4	22020
5187	-2	4	22024
5188	-2	4	22028
5189	-2	4	22032
5190	-4	6	22038
5191	-2	4	22042
5192	-2	4	22046
5193	-2	4	22050
5194	-2	4	22054
5195	-2	4	22058
5196	-2	4	22062
5197	-2	4	22066
5198	-2	4	22070
5199	-2	4	22074
5200	-2	4	22078
5201	-2	4	22082
5202	-2	4	22086
5203	-2	4	22090
5204	-2	4	22094
5205	-2	4	22098
5206	-2	4	22102
5207	-2	4	22106
5208	-2	4	22110
5209	-2	4	22114
5210	-3	5	22119
5211	-2	4	22123
5212	-2	4	22127
5213	-2	4	22131
5214	-2	4	22135
5215	-2	4	22139
5216	-2	4	22143
5217	-2	4	22147
5218	-2	4	22151
5219	-4	6	22157
5220	-2	4	22161
5221	-4	6	22167
5222	-2	4	22171
5223	-4	6	22177
5224	-2	4	22181
5225	-2	4	22185
5226	-2	4	22189
5227	-4	6	22195
5228	-2	4	22199
5229	-2	4	22203
5230	-2	4	22207
5231	-2	4	22211
5232	-2	4	22215
5233	-2	4	22219
5234	-2	4	22223
5235	-2	4	22227
5236	-4	6	22233
5237	-2	4	22237
5238	-2	4	22241
5239	-2	4	22245
5240	-2	4	22249
5241	-2	4	22253
5242	-2	4	22257
5243	-2	4	22261
5244	-2	4	22265
5245	-2	4	22269
5246	-2	4	22273
5247	-2	4	22277
5248	-2	4	22281
5249	-2	4	22285
5250	-2	4	22289
5251	-2	4	22293
5252	-2	4	22297
5253	-2	4	22301
5254	-2	4	22305
5255	-2	4	22309
5256	-2	4	22313
5257	-2	4	22317
5258	-2	4	22321
5259	-2	4	22325
5260	-2	4	22329
5261	-2	4	22333
5262	-2	4	22337
5263	-2	4	22341
5264	-2	4	22345
5265	-2	4	22349
5266	-2	4	22353
5267	-2	4	22357
5268	-2	4	22361
5269	-2	4	22365
5270	-2	4	22369
5271	-2	4	22373
5272	-2	4	22377
5273	-2	4	22381
5274	-2	4	22385
5275	-2	4	22389
5276	-2	4	22393
5277	-2	4	22397
5278	-2	4	22401
5279	-2	4	22405
5280	-2	4	22409
5281	-2	4	22413
5282	-2	4	22417
5283	-4	6	22423
5284	-2	4	22427
5285	-2	4	22431
5286	-2	4	22435
5287	-2	4	22439
5288	-2	4	22443
5289	-2	4	22447
5290	-2	4	22451
5291	-2	4	22455
5292	-2	4	22459
5293	-2	4	22463
5294	-2	4	22467
5295	-2	4	22471
5296	-2	4	22475
5297	-2	4	22479
5298	-2	4	22483
5299	-2	4	22487
5300	-2	4	22491
5301	-2	4	22495
5302	-2	4	22499
5303	-2	4	22503
5304	-2	4	22507
5305	-8	10	22517
5306	-2	4	22521
5307	-4	6	22527
5308	-2	4	22531
5309	-2	4	22535
5310	-2	4	22539
5311	-2	4	22543
5312	-4	6	22549
5313	-4	6	22555
5314	-2	4	22559
5315	-2	4	22563
5316	-2	4	22567
5317	-2	4	22571
5318	-2	4	22575
5319	-2	4	22579
5320	-2	4	22583
5321	-2	4	22587
5322	-2	4	22591
5323	-2	4	22595
5324	-2	4	22599
5325	-2	4	22603
5326	-2	4	22607
5327	-2	4	22611
5328	-2	4	22615
5329	-2	4	22619
5330	-2	4	22623
5331	-2	4	22627
5332	-2	4	22631
5333	-2	4	22635
5334	-2	4	22639
5335	-2	4	22643
5336	-2	4	22647
5337	-2	4	22651
5338	-2	4	22655
5339	-2	4	22659
5340	-2	4	22663
5341	-2	4	22667
5342	-2	4	22671
5343	-2	4	22675
5344	-2	4	22679
5345	-2	4	22683
5346	-2	4	22687
5347	-2	4	22691
5348	-4	6	22697
5349	-2	4	22701
5350	-2	4	22705
5351	-2	4	22709
5352	-2	4	22713
5353	-2	4	22717
5354	-2	4	22721
5355	-2	4	22725
5356	-4	6	22731
5357	-2	4	22735
5358	-2	4	22739
5359	-2	4	22743
5360	-2	4	22747
5361	-2	4	22751
5362	-4	6	22757
5363	-2	4	22761
5364	-2	4	22765
5365	-2	4	22769
5366	-2	4	22773
5367	-2	4	22777
5368	-2	4	22781
5369	-2	4	22785
5370	-2	4	22789
5371	-2	4	22793
5372	-2	4	22797
5373	-4	6	22803
5374	-2	4	22807
5375	-2	4	22811
5376	-2	4	22815
5377	-2	4	22819
5378	-2	4	22823
5379	-4	6	22829
5380	-2	4	22833
5381	-2	4	22837
5382	-4	6	22843
5383	-2	4	22847
5384	-2	4	22851
5385	-2	4	22855
5386	-2	4	22859
5387	-2	4	22863
5388	-2	4	22867
5389	-2	4	22871
5390	-2	4	22875
5391	-2	4	22879
5392	-2	4	22883
5393	-2	4	22887
5394	-2	4	22891
5395	-2	4	22895
5396	-2	4	22899
5397	-2	4	22903
5398	-2	4	22907
5399	-2	4	22911
5400	-3	5	22916
5401	-2	4	22920
5402	-2	4	22924
5403	-2	4	22928
5404	-2	4	22932
5405	-2	4	22936
5406	-2	4	22940
5407	-2	4	22944
5408	-2	4	22948
5409	-6	8	22956
5410	-2	4	22960
5411	-2	4	22964
5412	-2	4	22968
5413	-2	4	22972
5414	-2	4	22976
5415	-2	4	22980
5416	-2	4	22984
5417	-2	4	22988
5418	-2	4	22992
5419	-2	4	22996
5420	-2	4	23000
5421	-2	4	23004
5422	-2	4	23008
5423	-2	4	23012
5424	-2	4	23016
5425	-2	4	23020
5426	-2	4	23024
5427	-4	6	23030
5428	-2	4	23034
5429	-2	4	23038
5430	-2	4	23042
5431	-2	4	23046
5432	-2	4	23050
5433	-2	4	23054
5434	-2	4	23058
5435	-2	4	23062
5436	-2	4	23066
5437	-2	4	23070
5438	-2	4	23074
5439	-2	4	23078
5440	-2	4	23082
5441	-2	4	23086
5442	-2	4	23090
5443	-2	4	23094
5444	-2	4	23098
5445	-2	4	23102
5446	-2	4	23106
5447	-2	4	23110
5448	-6	8	23118
5449	-2	4	23122
5450	-2	4	23126
5451	-2	4	23130
5452	-2	4	23134
5453	-2	4	23138
5454	-2	4	23142
5455	-2	4	23146
5456	-2	4	23150
5457	-2	4	23154
5458	-2	4	23158
5459	-2	4	23162
5460	-3	5	23167
5461	-2	4	23171
5462	-2	4	23175
5463	-2	4	23179
5464	-2	4	23183
5465	-4	6	23189
5466	-2	4	23193
5467	-6	8	23201
5468	-2	4	23205
5469	-2	4	23209
5470	-2	4	23213
5471	-2	4	23217
5472	-2	4	23221
5473	-2	4	23225
5474	-2	4	23229
5475	-2	4	23233
5476	-2	4	23237
5477	-2	4	23241
5478	-2	4	23245
5479	-2	4	23249
5480	-2	4	23253
5481	-2	4	23257
5482	-2	4	23261
5483	-2	4	23265
5484	-2	4	23269
5485	-2	4	23273
5486	-2	4	23277
5487	-2	4	23281
5488	-2	4	23285
5489	-4	6	23291
5490	-4	6	23297
5491	-2	4	23301
5492	-2	4	23305
5493	-2	4	23309
5494	-2	4	23313
5495	-4	6	23319
5496	-2	4	23323
5497	-2	4	23327
5498	-2	4	23331
5499	-2	4	23335
5500	-2	4	23339
5501	-2	4	23343
5502	-2	4	23347
5503	-2	4	23351
5504	-2	4	23355
5505	-2	4	23359
5506	-2	4	23363
5507	-2	4	23367
5508	-2	4	23371
5509	-2	4	23375
5510	-2	4	23379
5511	-2	4	23383
5512	-2	4	23387
5513	-2	4	23391
5514	-2	4	23395
5515	-2	4	23399
5516	-2	4	23403
5517	-2	4	23407
5518	-2	4	23411
5519	-2	4	23415
5520	-2	4	23419
5521	-2	4	23423
5522	-2	4	23427
5523	-2	4	23431
5524	-4	6	23437
5525	-2	4	23441
5526	-2	4	23445
5527	-2	4	23449
5528	-2	4	23453
5529	-2	4	23457
5530	-2	4	23461
5531	-2	4	23465
5532	-2	4	23469
5533	-2	4	23473
5534	-2	4	23477
5535	-2	4	23481
5536	-2	4	23485
5537	-2	4	23489
5538	-2	4	23493
5539	-2	4	23497
5540	-3	5	23502
5541	-2	4	23506
5542	-2	4	23510
5543	-2	4	23514
5544	-2	4	23518
5545	-2	4	23522
5546	-2	4	23526
5547	-2	4	23530
5548	-2	4	23534
5549	-2	4	23538
5550	-2	4	23542
5551	-2	4	23546
5552	-2	4	23550
5553	-2	4	23554
5554	-2	4	23558
5555	-2	4	23562
5556	-2	4	23566
5557	-2	4	23570
5558	-2	4	23574
5559	-2	4	23578
5560	-2	4	23582
5561	-2	4	23586
5562	-2	4	23590
5563	-2	4	23594
5564	-2	4	23598
5565	-2	4	23602
5566	-2	4	23606
5567	-2	4	23610
5568	-2	4	23614
5569	-4	6	23620
5570	-2	4	23624
5571	-2	4	23628
5572	-2	4	23632
5573	-2	4	23636
5574	-2	4	23640
5575	-2	4	23644
5576	-2	4	23648
5577	-2	4	23652
5578	-2	4	23656
5579	-2	4	23660
5580	-2	4	23664
5581	-2	4	23668
5582	-2	4	23672
5583	-2	4	23676
5584	-2	4	23680
5585	-2	4	23684
5586	-2	4	23688
5587	-2	4	23692
5588	-2	4	23696
5589	-2	4	23700
5590	-2	4	23704
5591	-2	4	23708
5592	-2	4	23712
5593	-2	4	23716
5594	-2	4	23720
5595	-2	4	23724
5596	-2	4	23728
5597	-3	5	23733
5598	-2	4	23737
5599	-4	6	23743
5600	-2	4	23747
5601	-2	4	23751
5602	-2	4	23755
5603	-2	4	23759
5604	-2	4	23763
5605	-2	4	23767
5606	-2	4	23771
5607	-2	4	23775
5608	-2	4	23779
5609	-2	4	23783
5610	-2	4	23787
5611	-2	4	23791
5612	-2	4	23795
5613	-2	4	23799
5614	-2	4	23803
5615	-2	4	23807
5616	-2	4	23811
5617	-2	4	23815
5618	-2	4	23819
5619	-2	4	23823
5620	-2	4	23827
5621	-2	4	23831
5622	-2	4	23835
5623	-2	4	23839
5624	-2	4	23843
5625	-2	4	23847
5626	-2	4	23851
5627	-2	4	23855
5628	-2	4	23859
5629	-2	4	23863
5630	-2	4	23867
5631	-2	4	23871
5632	-2	4	23875
5633	-2	4	23879
5634	-2	4	23883
5635	-2	4	23887
5636	-2	4	23891
5637	-2	4	23895
5638	-2	4	23899
5639	-2	4	23903
5640	-2	4	23907
5641	-2	4	23911
5642	-2	4	23915
5643	-2	4	23919
5644	-2	4	23923
5645	-2	4	23927
5646	-2	4	23931
5647	-2	4	23935
5648	-2	4	23939
5649	-2	4	23943
5650	-2	4	23947
5651	-2	4	23951
5652	-2	4	23955
5653	-2	4	23959
5654	-2	4	23963
5655	-2	4	23967
5656	-2	4	23971
5657	-2	4	23975
5658	-2	4	23979
5659	-4	6	23985
5660	-2	4	23989
5661	-2	4	23993
5662	-2	4	23997
5663	-2	4	24001
5664	-2	4	24005
5665	-2	4	24009
5666	-2	4	24013
5667	-2	4	24017
5668	-2	4	24021
5669	-2	4	24025
5670	-2	4	24029
5671	-6	8	24037
5672	-2	4	24041
5673	-2	4	24045
5674	-2	4	24049
5675	-2	4	24053
5676	-2	4	24057
5677	-2	4	24061
5678	-2	4	24065
5679	-2	4	24069
5680	-4	6	24075
5681	-2	4	24079
5682	-2	4	24083
5683	-2	4	24087
5684	-2	4	24091
5685	-2	4	24095
5686	-2	4	24099
5687	-2	4	24103
5688	-2	4	24107
5689	-2	4	24111
5690	-2	4	24115
5691	-4	6	24121
5692	-2	4	24125
5693	-2	4	24129
5694	-2	4	24133
5695	-4	6	24139
5696	-2	4	24143
5697	-2	4	24147
5698	-4	6	24153
5699	-2	4	24157
5700	-2	4	24161
5701	-2	4	24165
5702	-4	6	24171
5703	-2	4	24175
5704	-2	4	24179
5705	-2	4	24183
5706	-4	6	24189
5707	-2	4	24193
5708	-4	6	24199
5709	-2	4	24203
5710	-2	4	24207
5711	-2	4	24211
5712	-2	4	24215
5713	-2	4	24219
5714	-2	4	24223
5715	-2	4	24227
5716	-2	4	24231
5717	-2	4	24235
5718	-2	4	24239
5719	-4	6	24245
5720	-2	4	24249
5721	-2	4	24253
5722	-2	4	24257
5723	-2	4	24261
5724	-2	4	24265
5725	-2	4	24269
5726	-2	4	24273
5727	-2	4	24277
5728	-2	4	24281
5729	-2	4	24285
5730	-2	4	24289
5731	-2	4	24293
5732	-2	4	24297
5733	-2	4	24301
5734	-2	4	24305
5735	-2	4	24309
5736	-2	4	24313
5737	-2	4	24317
5738	-2	4	24321
5739	-2	4	24325
5740	-2	4	24329
5741	-2	4	24333
5742	-2	4	24337
5743	-2	4	24341
5744	-2	4	24345
5745	-2	4	24349
5746	-2	4	24353
5747	-2	4	24357
5748	-2	4	24361
5749	-2	4	24365
5750	-2	4	24369
5751	-2	4	24373
5752	-2	4	24377
5753	-2	4	24381
5754	-2	4	24385
5755	-2	4	24389
5756	-2	4	24393
5757	-2	4	24397
5758	-2	4	24401
5759	-4	6	24407
5760	-2	4	24411
5761	-2	4	24415
5762	-2	4	24419
5763	-2	4	24423
5764	-2	4	24427
5765	-2	4	24431
5766	-2	4	24435
5767	-2	4	24439
5768	-2	4	24443
5769	-2	4	24447
5770	-2	4	24451
5771	-2	4	24455
5772	-2	4	24459
5773	-2	4	24463
5774	-2	4	24467
5775	-2	4	24471
5776	-2	4	24475
5777	-4	6	24481
5778	-2	4	24485
5779	-2	4	24489
5780	-2	4	24493
5781	-2	4	24497
5782	-2	4	24501
5783	-2	4	24505
5784	-2	4	24509
5785	-2	4	24513
5786	-2	4	24517
5787	-2	4	24521
5788	-2	4	24525
5789	-2	4	24529
5790	-2	4	24533
5791	-2	4	24537
5792	-2	4	24541
5793	-2	4	24545
5794	-4	6	24551
5795	-2	4	24555
5796	-2	4	24559
5797	-2	4	24563
5798	-2	4	24567
5799	-2	4	24571
5800	-2	4	24575
5801	-2	4	24579
5802	-2	4	24583
5803	-2	4	24587
5804	-2	4	24591
5805	-2	4	24595
5806	-2	4	24599
5807	-2	4	24603
5808	-2	4	24607
5809	-2	4	24611
5810	-2	4	24615
5811	-2	4	24619
5812	-2	4	24623
5813	-2	4	24627
5814	-2	4	24631
5815	-2	4	24635
5816	-2	4	24639
5817	-2	4	24643
5818	-2	4	24647
5819	-2	4	24651
5820	-2	4	24655
5821	-2	4	24659
5822	-2	4	24663
5823	-2	4	24667
5824	-2	4	24671
5825	-2	4	24675
5826	-2	4	24679
5827	-2	4	24683
5828	-2	4	24687
5829	-2	4	24691
5830	-2	4	24695
5831	-2	4	24699
5832	-2	4	24703
5833	-2	4	24707
5834	-2	4	24711
5835	-4	6	24717
5836	-2	4	24721
5837	-2	4	24725
5838	-2	4	24729
5839	-2	4	24733
5840	-2	4	24737
5841	-2	4	24741
5842	-2	4	24745
5843	-2	4	24749
5844	-2	4	24753
5845	-4	6	24759
5846	-2	4	24763
5847	-2	4	24767
5848	-2	4	24771
5849	-2	4	24775
5850	-4	6	24781
5851	-2	4	24785
5852	-2	4	24789
5853	-4	6	24795
5854	-2	4	24799
5855	-2	4	24803
5856	-2	4	24807
5857	-2	4	24811
5858	-2	4	24815
5859	-2	4	24819
5860	-2	4	24823
5861	-2	4	24827
5862	-2	4	24831
5863	-2	4	24835
5864	-2	4	24839
5865	-2	4	24843
5866	-2	4	24847
5867	-2	4	24851
5868	-2	4	24855
5869	-4	6	24861
5870	-2	4	24865
5871	-2	4	24869
5872	-4	6	24875
5873	-2	4	24879
5874	-4	6	24885
5875	-2	4	24889
5876	-2	4	24893
5877	-2	4	24897
5878	-2	4	24901
5879	-2	4	24905
5880	-2	4	24909
5881	-2	4	24913
5882	-2	4	24917
5883	-2	4	24921
5884	-2	4	24925
5885	-2	4	24929
5886	-2	4	24933
5887	-2	4	24937
5888	-2	4	24941
5889	-2	4	24945
5890	-2	4	24949
5891	-2	4	24953
5892	-2	4	24957
5893	-2	4	24961
5894	-2	4	24965
5895	-2	4	24969
5896	-2	4	24973
5897	-2	4	24977
5898	-2	4	24981
5899	-2	4	24985
5900	-2	4	24989
5901	-2	4	24993
5902	-2	4	24997
5903	-4	6	25003
5904	-2	4	25007
5905	-2	4	25011
5906	-2	4	25015
5907	-2	4	25019
5908	-2	4	25023
5909	-2	4	25027
5910	-2	4	25031
5911	-2	4	25035
5912	-2	4	25039
5913	-2	4	25043
5914	-2	4	25047
5915	-2	4	25051
5916	-2	4	25055
5917	-2	4	25059
5918	-2	4	25063
5919	-2	4	25067
5920	-2	4	25071
5921	-2	4	25075
5922	-2	4	25079
5923	-2	4	25083
5924	-2	4	25087
5925	-2	4	25091
5926	-2	4	25095
5927	-2	4	25099
5928	-2	4	25103
5929	-2	4	25107
5930	-2	4	25111
5931	-2	4	25115
5932	-2	4	25119
5933	-2	4	25123
5934	-2	4	25127
5935	-4	6	25133
5936	-2	4	25137
5937	-2	4	25141
5938	-2	4	25145
5939	-2	4	25149
5940	-2	4	25153
5941	-2	4	25157
5942	-2	4	25161
5943	-2	4	25165
5944	-2	4	25169
5945	-2	4	25173
5946	-2	4	25177
5947	-2	4	25181
5948	-2	4	25185
5949	-4	6	25191
5950	-2	4	25195
5951	-2	4	25199
5952	-2	4	25203
5953	-2	4	25207
5954	-2	4	25211
5955	-2	4	25215
5956	-6	8	25223
5957	-4	6	25229
5958	-2	4	25233
5959	-2	4	25237
5960	-4	6	25243
5961	-2	4	25247
5962	-2	4	25251
5963	-2	4	25255
5964	-2	4	25259
5965	-2	4	25263
5966	-2	4	25267
5967	-2	4	25271
5968	-2	4	25275
5969	-2	4	25279
5970	-2	4	25283
5971	-2	4	25287
5972	-2	4	25291
5973	-2	4	25295
5974	-2	4	25299
5975	-2	4	25303
5976	-2	4	25307
5977	-2	4	25311
5978	-2	4	25315
5979	-2	4	25319
5980	-2	4	25323
5981	-2	4	25327
5982	-2	4	25331
5983	-6	8	25339
5984	-2	4	25343
5985	-2	4	25347
5986	-2	4	25351
5987	-6	8	25359
5988	-3	5	25364
5989	-2	4	25368
5990	-2	4	25372
5991	-2	4	25376
5992	-2	4	25380
5993	-2	4	25384
5994	-2	4	25388
5995	-4	6	25394
5996	-2	4	25398
5997	-2	4	25402
5998	-2	4	25406
5999	-2	4	25410
6000	-2	4	25414
6001	-2	4	25418
6002	-2	4	25422
6003	-2	4	25426
6004	-2	4	25430
6005	-2	4	25434
6006	-2	4	25438
6007	-2	4	25442
6008	-2	4	25446
6009	-2	4	25450
6010	-2	4	25454
6011	-2	4	25458
6012	-2	4	25462
6013	-2	4	25466
6014	-2	4	25470
6015	-2	4	25474
6016	-2	4	25478
6017	-2	4	25482
6018	-2	4	25486
6019	-6	8	25494
6020	-2	4	25498
6021	-2	4	25502
6022	-2	4	25506
6023	-6	8	25514
6024	-2	4	25518
6025	-2	4	25522
6026	-2	4	25526
6027	-2	4	25530
6028	-2	4	25534
6029	-2	4	25538
6030	-2	4	25542
6031	-2	4	25546
6032	-2	4	25550
6033	-4	6	25556
6034	-2	4	25560
6035	-2	4	25564
6036	-2	4	25568
6037	-3	5	25573
6038	-2	4	25577
6039	-2	4	25581
6040	-2	4	25585
6041	-2	4	25589
6042	-2	4	25593
6043	-2	4	25597
6044	-2	4	25601
6045	-2	4	25605
6046	-4	6	25611
6047	-2	4	25615
6048	-2	4	25619
6049	-2	4	25623
6050	-2	4	25627
6051	-2	4	25631
6052	-2	4	25635
6053	-2	4	25639
6054	-2	4	25643
6055	-2	4	25647
6056	-2	4	25651
6057	-2	4	25655
6058	-2	4	25659
6059	-2	4	25663
6060	-2	4	25667
6061	-2	4	25671
6062	-2	4	25675
6063	-2	4	25679
6064	-2	4	25683
6065	-2	4	25687
6066	-2	4	25691
6067	-2	4	25695
6068	-2	4	25699
6069	-4	6	25705
6070	-2	4	25709
6071	-2	4	25713
6072	-2	4	25717
6073	-2	4	25721
6074	-2	4	25725
6075	-2	4	25729
6076	-2	4	25733
6077	-4	6	25739
6078	-2	4	25743
6079	-2	4	25747
6080	-2	4	25751
6081	-2	4	25755
6082	-2	4	25759
6083	-2	4	25763
6084	-2	4	25767
6085	-2	4	25771
6086	-4	6	25777
6087	-4	6	25783
6088	-2	4	25787
6089	-2	4	25791
6090	-2	4	25795
6091	-2	4	25799
6092	-2	4	25803
6093	-2	4	25807
6094	-2	4	25811
6095	-2	4	25815
6096	-2	4	25819
6097	-2	4	25823
6098	-2	4	25827
6099	-2	4	25831
6100	-2	4	25835
6101	-2	4	25839
6102	-2	4	25843
6103	-2	4	25847
6104	-2	4	25851
6105	-6	8	25859
6106	-2	4	25863
6107	-4	6	25869
6108	-2	4	25873
6109	-2	4	25877
6110	-2	4	25881
6111	-4	6	25887
6112	-2	4	25891
6113	-2	4	25895
6114	-2	4	25899
6115	-2	4	25903
6116	-2	4	25907
6117	-2	4	25911
6118	-2	4	25915
6119	-2	4	25919
6120	-2	4	25923
6121	-2	4	25927
6122	-2	4	25931
6123	-2	4	25935
6124	-2	4	25939
6125	-2	4	25943
6126	-3	5	25948
6127	-2	4	25952
6128	-2	4	25956
6129	-2	4	25960
6130	-2	4	25964
6131	-2	4	25968
6132	-2	4	25972
6133	-2	4	25976
6134	-2	4	25980
6135	-2	4	25984
6136	-2	4	25988
6137	-2	4	25992
6138	-2	4	25996
6139	-2	4	26000
6140	-2	4	26004
6141	-2	4	26008
6142	-2	4	26012
6143	-2	4	26016
6144	-2	4	26020
6145	-2	4	26024
6146	-4	6	26030
6147	-2	4	26034
6148	-2	4	26038
6149	-2	4	26042
6150	-2	4	26046
6151	-2	4	26050
6152	-2	4	26054
6153	-2	4	26058
6154	-2	4	26062
6155	-2	4	26066
6156	-2	4	26070
6157	-2	4	26074
6158	-2	4	26078
6159	-2	4	26082
6160	-2	4	26086
6161	-2	4	26090
6162	-2	4	26094
6163	-2	4	26098
6164	-2	4	26102
6165	-2	4	26106
6166	-2	4	26110
6167	-2	4	26114
6168	-2	4	26118
6169	-2	4	26122
6170	-2	4	26126
6171	-2	4	26130
6172	-2	4	26134
6173	-2	4	26138
6174	-2	4	26142
6175	-2	4	26146
6176	-2	4	26150
6177	-2	4	26154
6178	-2	4	26158
6179	-2	4	26162
6180	-2	4	26166
6181	-2	4	26170
6182	-2	4	26174
6183	-2	4	26178
6184	-2	4	26182
6185	-2	4	26186
6186	-2	4	26190
6187	-2	4	26194
6188	-2	4	26198
6189	-2	4	26202
6190	-2	4	26206
6191	-2	4	26210
6192	-2	4	26214
6193	-2	4	26218
6194	-2	4	26222
6195	-2	4	26226
6196	-2	4	26230
6197	-2	4	26234
6198	-2	4	26238
6199	-2	4	26242
6200	-2	4	26246
6201	-2	4	26250
6202	-2	4	26254
6203	-2	4	26258
6204	-2	4	26262
6205	-2	4	26266
6206	-2	4	26270
6207	-2	4	26274
6208	-2	4	26278
6209	-2	4	26282
6210	-2	4	26286
6211	-2	4	26290
6212	-2	4	26294
6213	-2	4	26298
6214	-2	4	26302
6215	-2	4	26306
6216	-2	4	26310
6217	-2	4	26314
6218	-2	4	26318
6219	-2	4	26322
6220	-2	4	26326
6221	-2	4	26330
6222	-2	4	26334
6223	-2	4	26338
6224	-4	6	26344
6225	-2	4	26348
6226	-2	4	26352
6227	-2	4	26356
6228	-2	4	26360
6229	-2	4	26364
6230	-3	5	26369
6231	-2	4	26373
6232	-2	4	26377
6233	-2	4	26381
6234	-2	4	26385
6235	-2	4	26389
6236	-2	4	26393
6237	-2	4	26397
6238	-2	4	26401
6239	-2	4	26405
6240	-2	4	26409
6241	-2	4	26413
6242	-2	4	26417
6243	-2	4	26421
6244	-2	4	26425
6245	-2	4	26429
6246	-2	4	26433
6247	-6	8	26441
6248	-2	4	26445
6249	-4	6	26451
6250	-2	4	26455
6251	-2	4	26459
6252	-2	4	26463
6253	-2	4	26467
6254	-6	8	26475
6255	-2	4	26479
6256	-2	4	26483
6257	-2	4	26487
6258	-2	4	26491
6259	-2	4	26495
6260	-2	4	26499
6261	-2	4	26503
6262	-2	4	26507
6263	-2	4	26511
6264	-2	4	26515
6265	-2	4	26519
6266	-2	4	26523
6267	-4	6	26529
6268	-2	4	26533
6269	-2	4	26537
6270	-2	4	26541
6271	-2	4	26545
6272	-2	4	26549
6273	-2	4	26553
6274	-2	4	26557
6275	-2	4	26561
6276	-2	4	26565
6277	-2	4	26569
6278	-2	4	26573
6279	-2	4	26577
6280	-2	4	26581
6281	-2	4	26585
6282	-4	6	26591
6283	-2	4	26595
6284	-2	4	26599
6285	-2	4	26603
6286	-3	5	26608
6287	-2	4	26612
6288	-2	4	26616
6289	-2	4	26620
6290	-2	4	26624
6291	-2	4	26628
6292	-2	4	26632
6293	-2	4	26636
6294	-2	4	26640
6295	-2	4	26644
6296	-2	4	26648
6297	-2	4	26652
6298	-2	4	26656
6299	-2	4	26660
6300	-2	4	26664
6301	-2	4	26668
6302	-4	6	26674
6303	-2	4	26678
6304	-2	4	26682
6305	-2	4	26686
6306	-2	4	26690
6307	-2	4	26694
6308	-2	4	26698
6309	-2	4	26702
6310	-2	4	26706
6311	-4	6	26712
6312	-2	4	26716
6313	-2	4	26720
6314	-2	4	26724
6315	-2	4	26728
6316	-2	4	26732
6317	-2	4	26736
6318	-2	4	26740
6319	-2	4	26744
6320	-2	4	26748
6321	-2	4	26752
6322	-2	4	26756
6323	-2	4	26760
6324	-2	4	26764
6325	-4	6	26770
6326	-2	4	26774
6327	-2	4	26778
6328	-2	4	26782
6329	-2	4	26786
6330	-2	4	26790
6331	-2	4	26794
6332	-2	4	26798
6333	-2	4	26802
6334	-2	4	26806
6335	-2	4	26810
6336	-2	4	26814
6337	-2	4	26818
6338	-2	4	26822
6339	-2	4	26826
6340	-2	4	26830
6341	-2	4	26834
6342	-2	4	26838
6343	-2	4	26842
6344	-2	4	26846
6345	-2	4	26850
6346	-2	4	26854
6347	-2	4	26858
6348	-2	4	26862
6349	-2	4	26866
6350	-2	4	26870
6351	-2	4	26874
6352	-2	4	26878
6353	-2	4	26882
6354	-2	4	26886
6355	-2	4	26890
6356	-2	4	26894
6357	-2	4	26898
6358	-2	4	26902
6359	-2	4	26906
6360	-2	4	26910
6361	-2	4	26914
6362	-2	4	26918
6363	-2	4	26922
6364	-2	4	26926
6365	-2	4	26930
6366	-2	4	26934
6367	-2	4	26938
6368	-2	4	26942
6369	-2	4	26946
6370	-2	4	26950
6371	-4	6	26956
6372	-2	4	26960
6373	-2	4	26964
6374	-2	4	26968
6375	-2	4	26972
6376	-2	4	26976
6377	-2	4	26980
6378	-4	6	26986
6379	-2	4	26990
6380	-2	4	26994
6381	-2	4	26998
6382	-2	4	27002
6383	-4	6	27008
6384	-2	4	27012
6385	-2	4	27016
6386	-6	8	27024
6387	-2	4	27028
6388	-2	4	27032
6389	-2	4	27036
6390	-2	4	27040
6391	-2	4	27044
6392	-2	4	27048
6393	-2	4	27052
6394	-2	4	27056
6395	-2	4	27060
6396	-2	4	27064
6397	-2	4	27068
6398	-2	4	27072
6399	-2	4	27076
6400	-2	4	27080
6401	-2	4	27084
6402	-2	4	27088
6403	-2	4	27092
6404	-2	4	27096
6405	-2	4	27100
6406	-2	4	27104
6407	-2	4	27108
6408	-2	4	27112
6409	-2	4	27116
6410	-2	4	27120
6411	-2	4	27124
6412	-2	4	27128
6413	-2	4	27132
6414	-2	4	27136
6415	-2	4	27140
6416	-6	8	27148
6417	-2	4	27152
6418	-2	4	27156
6419	-2	4	27160
6420	-2	4	27164
6421	-2	4	27168
6422	-2	4	27172
6423	-6	8	27180
6424	-5	7	27187
6425	-2	4	27191
6426	-2	4	27195
6427	-2	4	27199
6428	-2	4	27203
6429	-4	6	27209
6430	-4	6	27215
6431	-2	4	27219
6432	-2	4	27223
6433	-2	4	27227
6434	-2	4	27231
6435	-2	4	27235
6436	-2	4	27239
6437	-3	5	27244
6438	-2	4	27248
6439	-2	4	27252
6440	-2	4	27256
6441	-2	4	27260
6442	-2	4	27264
6443	-2	4	27268
6444	-2	4	27272
6445	-2	4	27276
6446	-2	4	27280
6447	-2	4	27284
6448	-2	4	27288
6449	-2	4	27292
6450	-2	4	27296
6451	-2	4	27300
6452	-2	4	27304
6453	-2	4	27308
6454	-2	4	27312
6455	-2	4	27316
6456	-2	4	27320
6457	-2	4	27324
6458	-2	4	27328
6459	-2	4	27332
6460	-2	4	27336
6461	-2	4	27340
6462	-2	4	27344
6463	-4	6	27350
6464	-2	4	27354
6465	-2	4	27358
6466	-2	4	27362
6467	-4	6	27368
6468	-2	4	27372
6469	-2	4	27376
6470	-2	4	27380
6471	-2	4	27384
6472	-2	4	27388
6473	-2	4	27392
6474	-2	4	27396
6475	-2	4	27400
6476	-2	4	27404
6477	-2	4	27408
6478	-2	4	27412
6479	-2	4	27416
6480	-2	4	27420
6481	-2	4	27424
6482	-2	4	27428
6483	-2	4	27432
6484	-2	4	27436
6485	-2	4	27440
6486	-2	4	27444
6487	-2	4	27448
6488	-2	4	27452
6489	-2	4	27456
6490	-2	4	27460
6491	-3	5	27465
6492	-4	6	27471
6493	-2	4	27475
6494	-2	4	27479
6495	-2	4	27483
6496	-2	4	27487
6497	-2	4	27491
6498	-2	4	27495
6499	-2	4	27499
6500	-2	4	27503
6501	-2	4	27507
6502	-2	4	27511
6503	-2	4	27515
6504	-2	4	27519
6505	-2	4	27523
6506	-2	4	27527
6507	-4	6	27533
6508	-2	4	27537
6509	-2	4	27541
6510	-2	4	27545
6511	-2	4	27549
6512	-2	4	27553
6513	-2	4	27557
6514	-2	4	27561
6515	-2	4	27565
6516	-2	4	27569
6517	-4	6	27575
6518	-2	4	27579
6519	-2	4	27583
6520	-2	4	27587
6521	-2	4	27591
6522	-2	4	27595
6523	-2	4	27599
6524	-2	4	27603
6525	-2	4	27607
6526	-4	6	27613
6527	-2	4	27617
6528	-2	4	27621
6529	-4	6	27627
6530	-2	4	27631
6531	-2	4	27635
6532	-2	4	27639
6533	-2	4	27643
6534	-2	4	27647
6535	-2	4	27651
6536	-2	4	27655
6537	-2	4	27659
6538	-4	6	27665
6539	-2	4	27669
6540	-2	4	27673
6541	-2	4	27677
6542	-2	4	27681
6543	-6	8	27689
6544	-2	4	27693
6545	-2	4	27697
6546	-2	4	27701
6547	-2	4	27705
6548	-2	4	27709
6549	-2	4	27713
6550	-2	4	27717
6551	-2	4	27721
6552	-2	4	27725
6553	-2	4	27729
6554	-2	4	27733
6555	-6	8	27741
6556	-2	4	27745
6557	-2	4	27749
6558	-2	4	27753
6559	-2	4	27757
6560	-2	4	27761
6561	-2	4	27765
6562	-2	4	27769
6563	-2	4	27773
6564	-2	4	27777
6565	-2	4	27781
6566	-2	4	27785
6567	-2	4	27789
6568	-2	4	27793
6569	-2	4	27797
6570	-2	4	27801
6571	-2	4	27805
6572	-2	4	27809
6573	-2	4	27813
6574	-2	4	27817
6575	-2	4	27821
6576	-2	4	27825
6577	-4	6	27831
6578	-2	4	27835
6579	-2	4	27839
6580	-2	4	27843
6581	-2	4	27847
6582	-2	4	27851
6583	-2	4	27855
6584	-2	4	27859
6585	-2	4	27863
6586	-2	4	27867
6587	-2	4	27871
6588	-2	4	27875
6589	-2	4	27879
6590	-2	4	27883
6591	-2	4	27887
6592	-4	6	27893
6593	-2	4	27897
6594	-2	4	27901
6595	-2	4	27905
6596	-2	4	27909
6597	-2	4	27913
6598	-2	4	27917
6599	-2	4	27921
6600	-2	4	27925
6601	-2	4	27929
6602	-2	4	27933
6603	-4	6	27939
6604	-2	4	27943
6605	-2	4	27947
6606	-2	4	27951
6607	-2	4	27955
6608	-2	4	27959
6609	-2	4	27963
6610	-2	4	27967
6611	-2	4	27971
6612	-2	4	27975
6613	-2	4	27979
6614	-2	4	27983
6615	-2	4	27987
6616	-2	4	27991
6617	-2	4	27995
6618	-2	4	27999
6619	-2	4	28003
6620	-2	4	28007
6621	-2	4	28011
6622	-2	4	28015
6623	-2	4	28019
6624	-2	4	28023
6625	-2	4	28027
6626	-2	4	28031
6627	-2	4	28035
6628	-4	6	28041
6629	-2	4	28045
6630	-2	4	28049
6631	-2	4	28053
6632	-2	4	28057
6633	-2	4	28061
6634	-2	4	28065
6635	-2	4	28069
6636	-2	4	28073
6637	-2	4	28077
6638	-2	4	28081
6639	-2	4	28085
6640	-2	4	28089
6641	-2	4	28093
6642	-2	4	28097
6643	-4	6	28103
6644	-4	6	28109
6645	-2	4	28113
6646	-2	4	28117
6647	-2	4	28121
6648	-4	6	28127
6649	-2	4	28131
6650	-2	4	28135
6651	-2	4	28139
6652	-2	4	28143
6653	-2	4	28147
6654	-2	4	28151
6655	-2	4	28155
6656	-2	4	28159
6657	-2	4	28163
6658	-2	4	28167
6659	-2	4	28171
6660	-2	4	28175
6661	-2	4	28179
6662	-2	4	28183
6663	-2	4	28187
6664	-2	4	28191
6665	-2	4	28195
6666	-2	4	28199
6667	-2	4	28203
6668	-2	4	28207
6669	-2	4	28211
6670	-10	12	28223
6671	-4	6	28229
6672	-2	4	28233
6673	-2	4	28237
6674	-4	6	28243
6675	-2	4	28247
6676	-2	4	28251
6677	-2	4	28255
6678	-2	4	28259
6679	-2	4	28263
6680	-2	4	28267
6681	-4	6	28273
6682	-4	6	28279
6683	-2	4	28283
6684	-2	4	28287
6685	-2	4	28291
6686	-2	4	28295
6687	-2	4	28299
6688	-2	4	28303
6689	-2	4	28307
6690	-2	4	28311
6691	-2	4	28315
6692	-2	4	28319
6693	-2	4	28323
6694	-3	5	28328
6695	-2	4	28332
6696	-2	4	28336
6697	-2	4	28340
6698	-2	4	28344
6699	-2	4	28348
6700	-2	4	28352
6701	-2	4	28356
6702	-2	4	28360
6703	-2	4	28364
6704	-2	4	28368
6705	-2	4	28372
6706	-2	4	28376
6707	-2	4	28380
6708	-2	4	28384
6709	-2	4	28388
6710	-6	8	28396
6711	-4	6	28402
6712	-2	4	28406
6713	-2	4	28410
6714	-2	4	28414
6715	-2	4	28418
6716	-2	4	28422
6717	-2	4	28426
6718	-2	4	28430
6719	-2	4	28434
6720	-2	4	28438
6721	-2	4	28442
6722	-2	4	28446
6723	-2	4	28450
6724	-2	4	28454
6725	-3	5	28459
6726	-4	6	28465
6727	-2	4	28469
6728	-2	4	28473
6729	-2	4	28477
6730	-2	4	28481
6731	-2	4	28485
6732	-2	4	28489
6733	-2	4	28493
6734	-2	4	28497
6735	-2	4	28501
6736	-2	4	28505
6737	-2	4	28509
6738	-2	4	28513
6739	-2	4	28517
6740	-2	4	28521
6741	-2	4	28525
6742	-2	4	28529
6743	-2	4	28533
6744	-2	4	28537
6745	-2	4	28541
6746	-2	4	28545
6747	-2	4	28549
6748	-4	6	28555
6749	-2	4	28559
6750	-2	4	28563
6751	-2	4	28567
6752	-2	4	28571
6753	-2	4	28575
6754	-2	4	28579
6755	-2	4	28583
6756	-4	6	28589
6757	-2	4	28593
6758	-2	4	28597
6759	-2	4	28601
6760	-2	4	28605
6761	-2	4	28609
6762	-2	4	28613
6763	-2	4	28617
6764	-2	4	28621
6765	-2	4	28625
6766	-2	4	28629
6767	-2	4	28633
6768	-2	4	28637
6769	-2	4	28641
6770	-2	4	28645
6771	-2	4	28649
6772	-2	4	28653
6773	-2	4	28657
6774	-2	4	28661
6775	-2	4	28665
6776	-2	4	28669
6777	-2	4	28673
6778	-2	4	28677
6779	-2	4	28681
6780	-2	4	28685
6781	-2	4	28689
6782	-2	4	28693
6783	-2	4	28697
6784	-2	4	28701
6785	-4	6	28707
6786	-2	4	28711
6787	-6	8	28719
6788	-2	4	28723
6789	-3	5	28728
6790	-2	4	28732
6791	-2	4	28736
6792	-2	4	28740
6793	-4	6	28746
6794	-2	4	28750
6795	-2	4	28754
6796	-2	4	28758
6797	-2	4	28762
6798	-2	4	28766
6799	-2	4	28770
6800	-2	4	28774
6801	-2	4	28778
6802	-2	4	28782
6803	-2	4	28786
6804	-2	4	28790
6805	-2	4	28794
6806	-4	6	28800
6807	-2	4	28804
6808	-2	4	28808
6809	-4	6	28814
6810	-2	4	28818
6811	-2	4	28822
6812	-2	4	28826
6813	-2	4	28830
6814	-2	4	28834
6815	-2	4	28838
6816	-2	4	28842
6817	-2	4	28846
6818	-2	4	28850
6819	-2	4	28854
6820	-2	4	28858
6821	-6	8	28866
6822	-2	4	28870
6823	-2	4	28874
6824	-2	4	28878
6825	-2	4	28882
6826	-2	4	28886
6827	-2	4	28890
6828	-2	4	28894
6829	-2	4	28898
6830	-2	4	28902
6831	-2	4	28906
6832	-2	4	28910
6833	-2	4	28914
6834	-2	4	28918
6835	-2	4	28922
6836	-2	4	28926
6837	-2	4	28930
6838	-2	4	28934
6839	-2	4	28938
6840	-2	4	28942
6841	-2	4	28946
6842	-2	4	28950
6843	-2	4	28954
6844	-2	4	28958
6845	-2	4	28962
6846	-4	6	28968
6847	-2	4	28972
6848	-2	4	28976
6849	-2	4	28980
6850	-4	6	28986
6851	-2	4	28990
6852	-2	4	28994
6853	-2	4	28998
6854	-2	4	29002
6855	-2	4	29006
6856	-2	4	29010
6857	-2	4	29014
6858	-2	4	29018
6859	-2	4	29022
6860	-2	4	29026
6861	-2	4	29030
6862	-2	4	29034
6863	-2	4	29038
6864	-2	4	29042
6865	-2	4	29046
6866	-2	4	29050
6867	-2	4	29054
6868	-2	4	29058
6869	-2	4	29062
6870	-4	6	29068
6871	-2	4	29072
6872	-2	4	29076
6873	-2	4	29080
6874	-2	4	29084
6875	-2	4	29088
6876	-6	8	29096
6877	-2	4	29100
6878	-2	4	29104
6879	-2	4	29108
6880	-2	4	29112
6881	-2	4	29116
6882	-4	6	29122
6883	-2	4	29126
6884	-2	4	29130
6885	-2	4	29134
6886	-2	4	29138
6887	-2	4	29142
6888	-2	4	29146
6889	-2	4	29150
6890	-2	4	29154
6891	-2	4	29158
6892	-4	6	29164
6893	-2	4	29168
6894	-2	4	29172
6895	-2	4	29176
6896	-2	4	29180
6897	-2	4	29184
6898	-2	4	29188
6899	-2	4	29192
6900	-2	4	29196
6901	-2	4	29200
6902	-2	4	29204
6903	-4	6	29210
6904	-2	4	29214
6905	-2	4	29218
6906	-3	5	29223
6907	-4	6	29229
6908	-2	4	29233
6909	-2	4	29237
6910	-2	4	29241
6911	-2	4	29245
6912	-2	4	29249
6913	-2	4	29253
6914	-2	4	29257
6915	-2	4	29261
6916	-2	4	29265
6917	-4	6	29271
6918	-3	5	29276
6919	-2	4	29280
6920	-4	6	29286
6921	-2	4	29290
6922	-2	4	29294
6923	-2	4	29298
6924	-2	4	29302
6925	-2	4	29306
6926	-2	4	29310
6927	-2	4	29314
6928	-2	4	29318
6929	-2	4	29322
6930	-2	4	29326
6931	-4	6	29332
6932	-2	4	29336
6933	-2	4	29340
6934	-6	8	29348
6935	-6	8	29356
6936	-2	4	29360
6937	-2	4	29364
6938	-2	4	29368
6939	-2	4	29372
6940	-2	4	29376
6941	-2	4	29380
6942	-2	4	29384
6943	-2	4	29388
6944	-2	4	29392
6945	-3	5	29397
6946	-2	4	29401
6947	-2	4	29405
6948	-2	4	29409
6949	-2	4	29413
6950	-2	4	29417
6951	-2	4	29421
6952	-2	4	29425
6953	-2	4	29429
6954	-2	4	29433
6955	-2	4	29437
6956	-2	4	29441
6957	-2	4	29445
6958	-2	4	29449
6959	-2	4	29453
6960	-2	4	29457
6961	-4	6	29463
6962	-2	4	29467
6963	-2	4	29471
6964	-2	4	29475
6965	-2	4	29479
6966	-2	4	29483
6967	-2	4	29487
6968	-2	4	29491
6969	-2	4	29495
6970	-2	4	29499
6971	-2	4	29503
6972	-2	4	29507
6973	-2	4	29511
6974	-2	4	29515
6975	-2	4	29519
6976	-2	4	29523
6977	-2	4	29527
6978	-4	6	29533
6979	-2	4	29537
6980	-2	4	29541
6981	-2	4	29545
6982	-2	4	29549
6983	-2	4	29553
6984	-2	4	29557
6985	-2	4	29561
6986	-2	4	29565
6987	-2	4	29569
6988	-2	4	29573
6989	-2	4	29577
6990	-4	6	29583
6991	-2	4	29587
6992	-2	4	29591
6993	-2	4	29595
6994	-2	4	29599
6995	-2	4	29603
6996	-2	4	29607
6997	-2	4	29611
6998	-2	4	29615
6999	-4	6	29621
7000	-2	4	29625
7001	-2	4	29629
7002	-2	4	29633
7003	-2	4	29637
7004	-2	4	29641
7005	-2	4	29645
7006	-2	4	29649
7007	-2	4	29653
7008	-2	4	29657
7009	-2	4	29661
7010	-2	4	29665
7011	-2	4	29669
7012	-2	4	29673
7013	-2	4	29677
7014	-4	6	29683
7015	-2	4	29687
7016	-2	4	29691
7017	-4	6	29697
7018	-2	4	29701
7019	-2	4	29705
7020	-2	4	29709
7021	-2	4	29713
7022	-2	4	29717
7023	-2	4	29721
7024	-2	4	29725
7025	-2	4	29729
7026	-2	4	29733
7027	-2	4	29737
7028	-2	4	29741
7029	-2	4	29745
7030	-2	4	29749
7031	-2	4	29753
7032	-2	4	29757
7033	-2	4	29761
7034	-2	4	29765
7035	-2	4	29769
7036	-2	4	29773
7037	-2	4	29777
7038	-2	4	29781
7039	-2	4	29785
7040	-2	4	29789
7041	-2	4	29793
7042	-2	4	29797
7043	-2	4	29801
7044	-2	4	29805
7045	-2	4	29809
7046	-2	4	29813
7047	-2	4	29817
7048	-2	4	29821
7049	-2	4	29825
7050	-2	4	29829
7051	-2	4	29833
7052	-2	4	29837
7053	-2	4	29841
7054	-2	4	29845
7055	-2	4	29849
7056	-6	8	29857
7057	-2	4	29861
7058	-2	4	29865
7059	-4	6	29871
7060	-2	4	29875
7061	-4	6	29881
7062	-2	4	29885
7063	-2	4	29889
7064	-2	4	29893
7065	-2	4	29897
7066	-2	4	29901
7067	-2	4	29905
7068	-2	4	29909
7069	-2	4	29913
7070	-2	4	29917
7071	-2	4	29921
7072	-2	4	29925
7073	-2	4	29929
7074	-2	4	29933
7075	-2	4	29937
7076	-2	4	29941
7077	-2	4	29945
7078	-2	4	29949
7079	-2	4	29953
7080	-2	4	29957
7081	-2	4	29961
7082	-2	4	29965
7083	-2	4	29969
7084	-2	4	29973
7085	-2	4	29977
7086	-2	4	29981
7087	-2	4	29985
7088	-2	4	29989
7089	-3	5	29994
7090	-2	4	29998
7091	-2	4	30002
7092	-2	4	30006
7093	-2	4	30010
7094	-2	4	30014
7095	-2	4	30018
7096	-2	4	30022
7097	-2	4	30026
7098	-2	4	30030
7099	-2	4	30034
7100	-2	4	30038
7101	-2	4	30042
7102	-2	4	30046
7103	-2	4	30050
7104	-2	4	30054
7105	-2	4	30058
7106	-2	4	30062
7107	-2	4	30066
7108	-2	4	30070
7109	-2	4	30074
7110	-2	4	30078
7111	-2	4	30082
7112	-2	4	30086
7113	-2	4	30090
7114	-2	4	30094
7115	-2	4	30098
7116	-6	8	30106
7117	-2	4	30110
7118	-2	4	30114
7119	-2	4	30118
7120	-2	4	30122
7121	-4	6	30128
7122	-2	4	30132
7123	-2	4	30136
7124	-2	4	30140
7125	-2	4	30144
7126	-2	4	30148
7127	-2	4	30152
7128	-2	4	30156
7129	-2	4	30160
7130	-2	4	30164
7131	-4	6	30170
7132	-2	4	30174
7133	-2	4	30178
7134	-6	8	30186
7135	-2	4	30190
7136	-2	4	30194
7137	-2	4	30198
7138	-2	4	30202
7139	-2	4	30206
7140	-2	4	30210
7141	-2	4	30214
7142	-2	4	30218
7143	-2	4	30222
7144	-2	4	30226
7145	-2	4	30230
7146	-2	4	30234
7147	-2	4	30238
7148	-2	4	30242
7149	-2	4	30246
7150	-2	4	30250
7151	-6	8	30258
7152	-2	4	30262
7153	-2	4	30266
7154	-2	4	30270
7155	-2	4	30274
7156	-2	4	30278
7157	-2	4	30282
7158	-2	4	30286
7159	-2	4	30290
7160	-2	4	30294
7161	-2	4	30298
7162	-2	4	30302
7163	-2	4	30306
7164	-2	4	30310
7165	-2	4	30314
7166	-2	4	30318
7167	-2	4	30322
7168	-2	4	30326
7169	-4	6	30332
7170	-2	4	30336
7171	-2	4	30340
7172	-2	4	30344
7173	-2	4	30348
7174	-2	4	30352
7175	-2	4	30356
7176	-2	4	30360
7177	-2	4	30364
7178	-2	4	30368
7179	-2	4	30372
7180	-4	6	30378
7181	-2	4	30382
7182	-2	4	30386
7183	-2	4	30390
7184	-2	4	30394
7185	-2	4	30398
7186	-2	4	30402
7187	-4	6	30408
7188	-2	4	30412
7189	-2	4	30416
7190	-2	4	30420
7191	-2	4	30424
7192	-2	4	30428
7193	-2	4	30432
7194	-2	4	30436
7195	-2	4	30440
7196	-2	4	30444
7197	-2	4	30448
7198	-2	4	30452
7199	-2	4	30456
7200	-2	4	30460
7201	-2	4	30464
7202	-2	4	30468
7203	-2	4	30472
7204	-2	4	30476
7205	-2	4	30480
7206	-4	6	30486
7207	-2	4	30490
7208	-2	4	30494
7209	-2	4	30498
7210	-2	4	30502
7211	-4	6	30508
7212	-2	4	30512
7213	-2	4	30516
7214	-2	4	30520
7215	-2	4	30524
7216	-2	4	30528
7217	-2	4	30532
7218	-2	4	30536
7219	-2	4	30540
7220	-2	4	30544
7221	-2	4	30548
7222	-2	4	30552
7223	-2	4	30556
7224	-2	4	30560
7225	-2	4	30564
7226	-2	4	30568
7227	-2	4	30572
7228	-2	4	30576
7229	-2	4	30580
7230	-4	6	30586
7231	-2	4	30590
7232	-2	4	30594
7233	-2	4	30598
7234	-2	4	30602
7235	-2	4	30606
7236	-2	4	30610
7237	-2	4	30614
7238	-2	4	30618
7239	-2	4	30622
7240	-2	4	30626
7241	-2	4	30630
7242	-2	4	30634
7243	-2	4	30638
7244	-2	4	30642
7245	-2	4	30646
7246	-2	4	30650
7247	-2	4	30654
7248	-2	4	30658
7249	-2	4	30662
7250	-4	6	30668
7251	-2	4	30672
7252	-2	4	30676
7253	-2	4	30680
7254	-2	4	30684
7255	-2	4	30688
7256	-2	4	30692
7257	-2	4	30696
7258	-2	4	30700
7259	-2	4	30704
7260	-2	4	30708
7261	-2	4	30712
7262	-2	4	30716
7263	-2	4	30720
7264	-2	4	30724
7265	-2	4	30728
7266	-2	4	30732
7267	-2	4	30736
7268	-2	4	30740
7269	-2	4	30744
7270	-4	6	30750
7271	-4	6	30756
7272	-2	4	30760
7273	-2	4	30764
7274	-2	4	30768
7275	-2	4	30772
7276	-2	4	30776
7277	-2	4	30780
7278	-2	4	30784
7279	-2	4	30788
7280	-2	4	30792
7281	-3	5	30797
7282	-2	4	30801
7283	-2	4	30805
7284	-2	4	30809
7285	-2	4	30813
7286	-2	4	30817
7287	-2	4	30821
7288	-2	4	30825
7289	-2	4	30829
7290	-2	4	30833
7291	-2	4	30837
7292	-2	4	30841
7293	-2	4	30845
7294	-2	4	30849
7295	-2	4	30853
7296	-2	4	30857
7297	-2	4	30861
7298	-2	4	30865
7299	-2	4	30869
7300	-2	4	30873
7301	-2	4	30877
7302	-2	4	30881
7303	-2	4	30885
7304	-2	4	30889
7305	-2	4	30893
7306	-2	4	30897
7307	-2	4	30901
7308	-2	4	30905
7309	-2	4	30909
7310	-2	4	30913
7311	-2	4	30917
7312	-2	4	30921
7313	-2	4	30925
7314	-2	4	30929
7315	-2	4	30933
7316	-2	4	30937
7317	-2	4	30941
7318	-2	4	30945
7319	-2	4	30949
7320	-2	4	30953
7321	-2	4	30957
7322	-2	4	30961
7323	-2	4	30965
7324	-2	4	30969
7325	-2	4	30973
7326	-2	4	30977
7327	-2	4	30981
7328	-2	4	30985
7329	-2	4	30989
7330	-2	4	30993
7331	-2	4	30997
7332	-2	4	31001
7333	-2	4	31005
7334	-2	4	31009
7335	-2	4	31013
7336	-2	4	31017
7337	-2	4	31021
7338	-2	4	31025
7339	-2	4	31029
7340	-2	4	31033
7341	-2	4	31037
7342	-2	4	31041
7343	-2	4	31045
7344	-2	4	31049
7345	-2	4	31053
7346	-2	4	31057
7347	-2	4	31061
7348	-2	4	31065
7349	-2	4	31069
7350	-6	8	31077
7351	-2	4	31081
7352	-4	6	31087
7353	-2	4	31091
7354	-2	4	31095
7355	-2	4	31099
7356	-2	4	31103
7357	-2	4	31107
7358	-2	4	31111
7359	-2	4	31115
7360	-2	4	31119
7361	-2	4	31123
7362	-2	4	31127
7363	-2	4	31131
7364	-2	4	31135
7365	-2	4	31139
7366	-2	4	31143
7367	-2	4	31147
7368	-2	4	31151
7369	-2	4	31155
7370	-2	4	31159
7371	-2	4	31163
7372	-2	4	31167
7373	-2	4	31171
7374	-2	4	31175
7375	-2	4	31179
7376	-2	4	31183
7377	-2	4	31187
7378	-2	4	31191
7379	-2	4	31195
7380	-4	6	31201
7381	-2	4	31205
7382	-2	4	31209
7383	-2	4	31213
7384	-2	4	31217
7385	-2	4	31221
7386	-2	4	31225
7387	-2	4	31229
7388	-2	4	31233
7389	-2	4	31237
7390	-2	4	31241
7391	-2	4	31245
7392	-2	4	31249
7393	-2	4	31253
7394	-2	4	31257
7395	-2	4	31261
7396	-2	4	31265
7397	-2	4	31269
7398	-2	4	31273
7399	-2	4	31277
7400	-2	4	31281
7401	-2	4	31285
7402	-2	4	31289
7403	-2	4	31293
7404	-2	4	31297
7405	-2	4	31301
7406	-2	4	31305
7407	-2	4	31309
7408	-2	4	31313
7409	-2	4	31317
7410	-2	4	31321
7411	-2	4	31325
7412	-2	4	31329
7413	-2	4	31333
7414	-2	4	31337
7415	-4	6	31343
7416	-2	4	31347
7417	-2	4	31351
7418	-2	4	31355
7419	-2	4	31359
7420	-2	4	31363
7421	-2	4	31367
7422	-2	4	31371
7423	-2	4	31375
7424	-2	4	31379
7425	-2	4	31383
7426	-2	4	31387
7427	-2	4	31391
7428	-2	4	31395
7429	-6	8	31403
7430	-2	4	31407
7431	-2	4	31411
7432	-2	4	31415
7433	-2	4	31419
7434	-2	4	31423
7435	-2	4	31427
7436	-2	4	31431
7437	-2	4	31435
7438	-2	4	31439
7439	-2	4	31443
7440	-2	4	31447
7441	-2	4	31451
7442	-2	4	31455
7443	-2	4	31459
7444	-2	4	31463
7445	-2	4	31467
7446	-2	4	31471
7447	-2	4	31475
7448	-2	4	31479
7449	-2	4	31483
7450	-2	4	31487
7451	-2	4	31491
7452	-2	4	31495
7453	-2	4	31499
7454	-2	4	31503
7455	-2	4	31507
7456	-2	4	31511
7457	-2	4	31515
7458	-2	4	31519
7459	-2	4	31523
7460	-2	4	31527
7461	-2	4	31531
7462	-2	4	31535
7463	-2	4	31539
7464	-2	4	31543
7465	-2	4	31547
7466	-2	4	31551
7467	-4	6	31557
7468	-2	4	31561
7469	-2	4	31565
7470	-2	4	31569
7471	-2	4	31573
7472	-2	4	31577
7473	-2	4	31581
7474	-2	4	31585
7475	-4	6	31591
7476	-3	5	31596
7477	-2	4	31600
7478	-3	5	31605
7479	-2	4	31609
7480	-2	4	31613
7481	-2	4	31617
7482	-2	4	31621
7483	-2	4	31625
7484	-2	4	31629
7485	-2	4	31633
7486	-2	4	31637
7487	-6	8	31645
7488	-2	4	31649
7489	-2	4	31653
7490	-2	4	31657
7491	-2	4	31661
7492	-2	4	31665
7493	-2	4	31669
7494	-2	4	31673
7495	-2	4	31677
7496	-2	4	31681
7497	-2	4	31685
7498	-2	4	31689
7499	-2	4	31693
7500	-2	4	31697
7501	-2	4	31701
7502	-2	4	31705
7503	-2	4	31709
7504	-2	4	31713
7505	-2	4	31717
7506	-2	4	31721
7507	-2	4	31725
7508	-2	4	31729
7509	-2	4	31733
7510	-2	4	31737
7511	-2	4	31741
7512	-2	4	31745
7513	-2	4	31749
7514	-2	4	31753
7515	-2	4	31757
7516	-3	5	31762
7517	-2	4	31766
7518	-2	4	31770
7519	-2	4	31774
7520	-2	4	31778
7521	-2	4	31782
7522	-2	4	31786
7523	-2	4	31790
7524	-2	4	31794
7525	-2	4	31798
7526	-2	4	31802
7527	-2	4	31806
7528	-2	4	31810
7529	-2	4	31814
7530	-2	4	31818
7531	-2	4	31822
7532	-2	4	31826
7533	-2	4	31830
7534	-2	4	31834
7535	-2	4	31838
7536	-2	4	31842
7537	-2	4	31846
7538	-2	4	31850
7539	-2	4	31854
7540	-2	4	31858
7541	-2	4	31862
7542	-2	4	31866
7543	-2	4	31870
7544	-2	4	31874
7545	-4	6	31880
7546	-2	4	31884
7547	-2	4	31888
7548	-2	4	31892
7549	-2	4	31896
7550	-2	4	31900
7551	-2	4	31904
7552	-2	4	31908
7553	-2	4	31912
7554	-2	4	31916
7555	-2	4	31920
7556	-2	4	31924
7557	-2	4	31928
7558	-2	4	31932
7559	-2	4	31936
7560	-2	4	31940
7561	-2	4	31944
7562	-2	4	31948
7563	-2	4	31952
7564	-2	4	31956
7565	-2	4	31960
7566	-2	4	31964
7567	-2	4	31968
7568	-4	6	31974
7569	-2	4	31978
7570	-2	4	31982
7571	-2	4	31986
7572	-2	4	31990
7573	-2	4	31994
7574	-2	4	31998
7575	-4	6	32004
7576	-2	4	32008
7577	-2	4	32012
7578	-2	4	32016
7579	-4	6	32022
7580	-2	4	32026
7581	-4	6	32032
7582	-2	4	32036
7583	-4	6	32042
7584	-2	4	32046
7585	-2	4	32050
7586	-2	4	32054
7587	-2	4	32058
7588	-2	4	32062
7589	-2	4	32066
7590	-2	4	32070
7591	-2	4	32074
7592	-2	4	32078
7593	-2	4	32082
7594	-2	4	32086
7595	-2	4	32090
7596	-2	4	32094
7597	-2	4	32098
7598	-2	4	32102
7599	-2	4	32106
7600	-2	4	32110
7601	-2	4	32114
7602	-2	4	32118
7603	-2	4	32122
7604	-2	4	32126
7605	-2	4	32130
7606	-2	4	32134
7607	-2	4	32138
7608	-2	4	32142
7609	-4	6	32148
7610	-2	4	32152
7611	-2	4	32156
7612	-2	4	32160
7613	-2	4	32164
7614	-2	4	32168
7615	-6	8	32176
7616	-2	4	32180
7617	-2	4	32184
7618	-2	4	32188
7619	-2	4	32192
7620	-2	4	32196
7621	-2	4	32200
7622	-2	4	32204
7623	-2	4	32208
7624	-2	4	32212
7625	-2	4	32216
7626	-2	4	32220
7627	-2	4	32224
7628	-2	4	32228
7629	-2	4	32232
7630	-2	4	32236
7631	-2	4	32240
7632	-4	6	32246
7633	-2	4	32250
7634	-2	4	32254
7635	-2	4	32258
7636	-2	4	32262
7637	-2	4	32266
7638	-2	4	32270
7639	-2	4	32274
7640	-2	4	32278
7641	-2	4	32282
7642	-2	4	32286
7643	-2	4	32290
7644	-2	4	32294
7645	-2	4	32298
7646	-4	6	32304
7647	-3	5	32309
7648	-2	4	32313
7649	-2	4	32317
7650	-2	4	32321
7651	-2	4	32325
7652	-2	4	32329
7653	-2	4	32333
7654	-2	4	32337
7655	-2	4	32341
7656	-2	4	32345
7657	-4	6	32351
7658	-2	4	32355
7659	-2	4	32359
7660	-2	4	32363
7661	-2	4	32367
7662	-2	4	32371
7663	-2	4	32375
7664	-2	4	32379
7665	-2	4	32383
7666	-2	4	32387
7667	-2	4	32391
7668	-8	10	32401
7669	-2	4	32405
7670	-2	4	32409
7671	-2	4	32413
7672	-2	4	32417
7673	-2	4	32421
7674	-2	4	32425
7675	-2	4	32429
7676	-2	4	32433
7677	-2	4	32437
7678	-2	4	32441
7679	-4	6	32447
7680	-2	4	32451
7681	-2	4	32455
7682	-2	4	32459
7683	-2	4	32463
7684	-2	4	32467
7685	-2	4	32471
7686	-4	6	32477
7687	-2	4	32481
7688	-2	4	32485
7689	-2	4	32489
7690	-2	4	32493
7691	-2	4	32497
7692	-2	4	32501
7693	-2	4	32505
7694	-2	4	32509
7695	-2	4	32513
7696	-2	4	32517
7697	-2	4	32521
7698	-2	4	32525
7699	-2	4	32529
7700	-2	4	32533
7701	-2	4	32537
7702	-2	4	32541
7703	-2	4	32545
7704	-4	6	32551
7705	-2	4	32555
7706	-2	4	32559
7707	-2	4	32563
7708	-2	4	32567
7709	-2	4	32571
7710	-2	4	32575
7711	-2	4	32579
7712	-2	4	32583
7713	-2	4	32587
7714	-4	6	32593
7715	-2	4	32597
7716	-2	4	32601
7717	-2	4	32605
7718	-2	4	32609
7719	-2	4	32613
7720	-2	4	32617
7721	-3	5	32622
7722	-2	4	32626
7723	-4	6	32632
7724	-2	4	32636
7725	-2	4	32640
7726	-2	4	32644
7727	-2	4	32648
7728	-2	4	32652
7729	-2	4	32656
7730	-2	4	32660
7731	-2	4	32664
7732	-2	4	32668
7733	-2	4	32672
7734	-2	4	32676
7735	-2	4	32680
7736	-2	4	32684
7737	-2	4	32688
7738	-2	4	32692
7739	-4	6	32698
7740	-2	4	32702
7741	-2	4	32706
7742	-2	4	32710
7743	-2	4	32714
7744	-2	4	32718
7745	-2	4	32722
7746	-4	6	32728
7747	-2	4	32732
7748	-2	4	32736
7749	-2	4	32740
7750	-2	4	32744
7751	-2	4	32748
7752	-2	4	32752
7753	-2	4	32756
7754	-2	4	32760
7755	-2	4	32764
7756	-2	4	32768
7757	-2	4	32772
7758	-2	4	32776
7759	-2	4	32780
7760	-2	4	32784
7761	-2	4	32788
7762	-2	4	32792
7763	-2	4	32796
7764	-2	4	32800
7765	-2	4	32804
7766	-4	6	32810
7767	-2	4	32814
7768	-2	4	32818
7769	-2	4	32822
7770	-2	4	32826
7771	-2	4	32830
7772	-2	4	32834
7773	-2	4	32838
7774	-2	4	32842
7775	-2	4	32846
7776	-2	4	32850
7777	-2	4	32854
7778	-2	4	32858
7779	-2	4	32862
7780	-2	4	32866
7781	-2	4	32870
7782	-2	4	32874
7783	-2	4	32878
7784	-2	4	32882
7785	-2	4	32886
7786	-2	4	32890
7787	-2	4	32894
7788	-2	4	32898
7789	-2	4	32902
7790	-2	4	32906
7791	-2	4	32910
7792	-2	4	32914
7793	-2	4	32918
7794	-2	4	32922
7795	-2	4	32926
7796	-2	4	32930
7797	-2	4	32934
7798	-2	4	32938
7799	-2	4	32942
7800	-2	4	32946
7801	-2	4	32950
7802	-2	4	32954
7803	-2	4	32958
7804	-2	4	32962
7805	-2	4	32966
7806	-2	4	32970
7807	-2	4	32974
7808	-2	4	32978
7809	-2	4	32982
7810	-2	4	32986
7811	-2	4	32990
7812	-4	6	32996
7813	-2	4	33000
7814	-2	4	33004
7815	-2	4	33008
7816	-2	4	33012
7817	-2	4	33016
7818	-2	4	33020
7819	-2	4	33024
7820	-2	4	33028
7821	-2	4	33032
7822	-2	4	33036
7823	-2	4	33040
7824	-2	4	33044
7825	-2	4	33048
7826	-2	4	33052
7827	-2	4	33056
7828	-2	4	33060
7829	-2	4	33064
7830	-2	4	33068
7831	-2	4	33072
7832	-2	4	33076
7833	-2	4	33080
7834	-2	4	33084
7835	-2	4	33088
7836	-2	4	33092
7837	-2	4	33096
7838	-2	4	33100
7839	-2	4	33104
7840	-2	4	33108
7841	-2	4	33112
7842	-2	4	33116
7843	-2	4	33120
7844	-2	4	33124
7845	-2	4	33128
7846	-2	4	33132
7847	-2	4	33136
7848	-2	4	33140
7849	-2	4	33144
7850	-2	4	33148
7851	-2	4	33152
7852	-2	4	33156
7853	-2	4	33160
7854	-4	6	33166
7855	-2	4	33170
7856	-2	4	33174
7857	-2	4	33178
7858	-2	4	33182
7859	-2	4	33186
7860	-2	4	33190
7861	-2	4	33194
7862	-2	4	33198
7863	-2	4	33202
7864	-2	4	33206
7865	-4	6	33212
7866	-2	4	33216
7867	-2	4	33220
7868	-2	4	33224
7869	-2	4	33228
7870	-2	4	33232
7871	-2	4	33236
7872	-2	4	33240
7873	-2	4	33244
7874	-2	4	33248
7875	-2	4	33252
7876	-4	6	33258
7877	-2	4	33262
7878	-2	4	33266
7879	-2	4	33270
7880	-2	4	33274
7881	-2	4	33278
7882	-2	4	33282
7883	-2	4	33286
7884	-2	4	33290
7885	-2	4	33294
7886	-2	4	33298
7887	-2	4	33302
7888	-4	6	33308
7889	-2	4	33312
7890	-2	4	33316
7891	-4	6	33322
7892	-2	4	33326
7893	-2	4	33330
7894	-2	4	33334
7895	-4	6	33340
7896	-2	4	33344
7897	-2	4	33348
7898	-2	4	33352
7899	-2	4	33356
7900	-4	6	33362
7901	-6	8	33370
7902	-2	4	33374
7903	-2	4	33378
7904	-2	4	33382
7905	-2	4	33386
7906	-2	4	33390
7907	-4	6	33396
7908	-2	4	33400
7909	-2	4	33404
7910	-3	5	33409
7911	-2	4	33413
7912	-2	4	33417
7913	-2	4	33421
7914	-2	4	33425
7915	-2	4	33429
7916	-2	4	33433
7917	-2	4	33437
7918	-2	4	33441
7919	-2	4	33445
7920	-2	4	33449
7921	-2	4	33453
7922	-2	4	33457
7923	-2	4	33461
7924	-2	4	33465
7925	-2	4	33469
7926	-2	4	33473
7927	-2	4	33477
7928	-2	4	33481
7929	-4	6	33487
7930	-2	4	33491
7931	-2	4	33495
7932	-2	4	33499
7933	-2	4	33503
7934	-4	6	33509
7935	-2	4	33513
7936	-2	4	33517
7937	-2	4	33521
7938	-2	4	33525
7939	-2	4	33529
7940	-2	4	33533
7941	-2	4	33537
7942	-2	4	33541
7943	-2	4	33545
7944	-2	4	33549
7945	-2	4	33553
7946	-2	4	33557
7947	-2	4	33561
7948	-2	4	33565
7949	-2	4	33569
7950	-2	4	33573
7951	-2	4	33577
7952	-2	4	33581
7953	-2	4	33585
7954	-2	4	33589
7955	-3	5	33594
7956	-2	4	33598
7957	-2	4	33602
7958	-2	4	33606
7959	-2	4	33610
7960	-4	6	33616
7961	-3	5	33621
7962	-2	4	33625
7963	-2	4	33629
7964	-2	4	33633
7965	-2	4	33637
7966	-2	4	33641
7967	-2	4	33645
7968	-2	4	33649
7969	-2	4	33653
7970	-2	4	33657
7971	-2	4	33661
7972	-2	4	33665
7973	-2	4	33669
7974	-2	4	33673
7975	-2	4	33677
7976	-2	4	33681
7977	-2	4	33685
7978	-2	4	33689
7979	-2	4	33693
7980	-8	10	33703
7981	-2	4	33707
7982	-2	4	33711
7983	-2	4	33715
7984	-2	4	33719
7985	-2	4	33723
7986	-2	4	33727
7987	-2	4	33731
7988	-2	4	33735
7989	-2	4	33739
7990	-2	4	33743
7991	-2	4	33747
7992	-2	4	33751
7993	-2	4	33755
7994	-2	4	33759
7995	-2	4	33763
7996	-2	4	33767
7997	-2	4	33771
7998	-2	4	33775
7999	-2	4	33779
8000	-2	4	33783
8001	-2	4	33787
8002	-2	4	33791
8003	-2	4	33795
8004	-2	4	33799
8005	-2	4	33803
8006	-2	4	33807
8007	-2	4	33811
8008	-4	6	33817
8009	-2	4	33821
8010	-2	4	33825
8011	-3	5	33830
8012	-2	4	33834
8013	-2	4	33838
8014	-4	6	33844
8015	-2	4	33848
8016	-2	4	33852
8017	-2	4	33856
8018	-2	4	33860
8019	-2	4	33864
8020	-2	4	33868
8021	-2	4	33872
8022	-2	4	33876
8023	-2	4	33880
8024	-2	4	33884
8025	-2	4	33888
8026	-6	8	33896
8027	-2	4	33900
8028	-2	4	33904
8029	-2	4	33908
8030	-2	4	33912
8031	-4	6	33918
8032	-2	4	33922
8033	-2	4	33926
8034	-2	4	33930
8035	-2	4	33934
8036	-2	4	33938
8037	-2	4	33942
8038	-2	4	33946
8039	-2	4	33950
8040	-2	4	33954
8041	-2	4	33958
8042	-2	4	33962
8043	-2	4	33966
8044	-2	4	33970
8045	-4	6	33976
8046	-2	4	33980
8047	-2	4	33984
8048	-2	4	33988
8049	-2	4	33992
8050	-2	4	33996
8051	-2	4	34000
8052	-2	4	34004
8053	-2	4	34008
8054	-6	8	34016
8055	-2	4	34020
8056	-2	4	34024
8057	-2	4	34028
8058	-2	4	34032
8059	-2	4	34036
8060	-2	4	34040
8061	-2	4	34044
8062	-2	4	34048
8063	-2	4	34052
8064	-2	4	34056
8065	-2	4	34060
8066	-2	4	34064
8067	-2	4	34068
8068	-2	4	34072
8069	-2	4	34076
8070	-4	6	34082
8071	-2	4	34086
8072	-2	4	34090
8073	-2	4	34094
8074	-2	4	34098
8075	-2	4	34102
8076	-2	4	34106
8077	-2	4	34110
8078	-2	4	34114
8079	-2	4	34118
8080	-2	4	34122
8081	-2	4	34126
8082	-2	4	34130
8083	-3	5	34135
8084	-2	4	34139
8085	-2	4	34143
8086	-2	4	34147
8087	-2	4	34151
8088	-4	6	34157
8089	-2	4	34161
8090	-2	4	34165
8091	-2	4	34169
8092	-2	4	34173
8093	-2	4	34177
8094	-2	4	34181
8095	-2	4	34185
8096	-2	4	34189
8097	-2	4	34193
8098	-4	6	34199
8099	-2	4	34203
8100	-2	4	34207
8101	-2	4	34211
8102	-2	4	34215
8103	-2	4	34219
8104	-3	5	34224
8105	-2	4	34228
8106	-2	4	34232
8107	-2	4	34236
8108	-4	6	34242
8109	-2	4	34246
8110	-9	11	34257
8111	-2	4	34261
8112	-2	4	34265
8113	-2	4	34269
8114	-2	4	34273
8115	-2	4	34277
8116	-2	4	34281
8117	-2	4	34285
8118	-4	6	34291
8119	-2	4	34295
8120	-2	4	34299
8121	-2	4	34303
8122	-2	4	34307
8123	-2	4	34311
8124	-2	4	34315
8125	-2	4	34319
8126	-2	4	34323
8127	-2	4	34327
8128	-2	4	34331
8129	-2	4	34335
8130	-2	4	34339
8131	-2	4	34343
8132	-2	4	34347
8133	-2	4	34351
8134	-2	4	34355
8135	-2	4	34359
8136	-2	4	34363
8137	-2	4	34367
8138	-2	4	34371
8139	-2	4	34375
8140	-2	4	34379
8141	-2	4	34383
8142	-2	4	34387
8143	-2	4	34391
8144	-2	4	34395
8145	-2	4	34399
8146	-2	4	34403
8147	-2	4	34407
8148	-2	4	34411
8149	-2	4	34415
8150	-2	4	34419
8151	-2	4	34423
8152	-2	4	34427
8153	-2	4	34431
8154	-2	4	34435
8155	-4	6	34441
8156	-2	4	34445
8157	-2	4	34449
8158	-2	4	34453
8159	-2	4	34457
8160	-2	4	34461
8161	-2	4	34465
8162	-2	4	34469
8163	-2	4	34473
8164	-2	4	34477
8165	-2	4	34481
8166	-2	4	34485
8167	-2	4	34489
8168	-2	4	34493
8169	-2	4	34497
8170	-2	4	34501
8171	-2	4	34505
8172	-2	4	34509
8173	-2	4	34513
8174	-2	4	34517
8175	-2	4	34521
8176	-2	4	34525
8177	-2	4	34529
8178	-2	4	34533
8179	-2	4	34537
8180	-2	4	34541
8181	-2	4	34545
8182	-2	4	34549
8183	-2	4	34553
8184	-2	4	34557
8185	-2	4	34561
8186	-2	4	34565
8187	-2	4	34569
8188	-2	4	34573
8189	-2	4	34577
8190	-2	4	34581
8191	-2	4	34585
8192	-2	4	34589
8193	-2	4	34593
8194	-2	4	34597
8195	-2	4	34601
8196	-2	4	34605
8197	-2	4	34609
8198	-2	4	34613
8199	-2	4	34617
8200	-2	4	34621
8201	-2	4	34625
8202	-2	4	34629
8203	-2	4	34633
8204	-2	4	34637
8205	-2	4	34641
8206	-2	4	34645
8207	-2	4	34649
8208	-2	4	34653
8209	-2	4	34657
8210	-4	6	34663
8211	-2	4	34667
8212	-2	4	34671
8213	-2	4	34675
8214	-2	4	34679
8215	-2	4	34683
8216	-2	4	34687
8217	-4	6	34693
8218	-2	4	34697
8219	-2	4	34701
8220	-2	4	34705
8221	-2	4	34709
8222	-2	4	34713
8223	-2	4	34717
8224	-2	4	34721
8225	-2	4	34725
8226	-2	4	34729
8227	-2	4	34733
8228	-2	4	34737
8229	-2	4	34741
8230	-2	4	34745
8231	-4	6	34751
8232	-2	4	34755
8233	-2	4	34759
8234	-6	8	34767
8235	-2	4	34771
8236	-2	4	34775
8237	-2	4	34779
8238	-2	4	34783
8239	-2	4	34787
8240	-2	4	34791
8241	-2	4	34795
8242	-2	4	34799
8243	-2	4	34803
8244	-6	8	34811
8245	-2	4	34815
8246	-2	4	34819
8247	-2	4	34823
8248	-2	4	34827
8249	-2	4	34831
8250	-4	6	34837
8251	-4	6	34843
8252	-2	4	34847
8253	-2	4	34851
8254	-2	4	34855
8255	-2	4	34859
8256	-2	4	34863
8257	-2	4	34867
8258	-2	4	34871
8259	-2	4	34875
8260	-2	4	34879
8261	-2	4	34883
8262	-2	4	34887
8263	-2	4	34891
8264	-2	4	34895
8265	-2	4	34899
8266	-2	4	34903
8267	-2	4	34907
8268	-2	4	34911
8269	-2	4	34915
8270	-2	4	34919
8271	-4	6	34925
8272	-2	4	34929
8273	-2	4	34933
8274	-2	4	34937
8275	-2	4	34941
8276	-2	4	34945
8277	-2	4	34949
8278	-2	4	34953
8279	-2	4	34957
8280	-2	4	34961
8281	-2	4	34965
8282	-2	4	34969
8283	-2	4	34973
8284	-2	4	34977
8285	-2	4	34981
8286	-2	4	34985
8287	-2	4	34989
8288	-2	4	34993
8289	-4	6	34999
8290	-2	4	35003
8291	-2	4	35007
8292	-2	4	35011
8293	-4	6	35017
8294	-2	4	35021
8295	-2	4	35025
8296	-2	4	35029
8297	-2	4	35033
8298	-6	8	35041
8299	-2	4	35045
8300	-2	4	35049
8301	-2	4	35053
8302	-2	4	35057
8303	-2	4	35061
8304	-2	4	35065
8305	-2	4	35069
8306	-2	4	35073
8307	-2	4	35077
8308	-4	6	35083
8309	-2	4	35087
8310	-2	4	35091
8311	-2	4	35095
8312	-2	4	35099
8313	-2	4	35103
8314	-3	5	35108
8315	-2	4	35112
8316	-2	4	35116
8317	-2	4	35120
8318	-2	4	35124
8319	-2	4	35128
8320	-2	4	35132
8321	-2	4	35136
8322	-2	4	35140
8323	-2	4	35144
8324	-2	4	35148
8325	-2	4	35152
8326	-2	4	35156
8327	-2	4	35160
8328	-2	4	35164
8329	-2	4	35168
8330	-2	4	35172
8331	-2	4	35176
8332	-2	4	35180
8333	-2	4	35184
8334	-2	4	35188
8335	-2	4	35192
8336	-2	4	35196
8337	-2	4	35200
8338	-2	4	35204
8339	-2	4	35208
8340	-2	4	35212
8341	-2	4	35216
8342	-2	4	35220
8343	-2	4	35224
8344	-2	4	35228
8345	-2	4	35232
8346	-2	4	35236
8347	-2	4	35240
8348	-2	4	35244
8349	-4	6	35250
8350	-6	8	35258
8351	-2	4	35262
8352	-2	4	35266
8353	-6	8	35274
8354	-2	4	35278
8355	-2	4	35282
8356	-2	4	35286
8357	-2	4	35290
8358	-2	4	35294
8359	-4	6	35300
8360	-2	4	35304
8361	-2	4	35308
8362	-2	4	35312
8363	-2	4	35316
8364	-2	4	35320
8365	-2	4	35324
8366	-2	4	35328
8367	-2	4	35332
8368	-2	4	35336
8369	-2	4	35340
8370	-2	4	35344
8371	-2	4	35348
8372	-2	4	35352
8373	-2	4	35356
8374	-3	5	35361
8375	-4	6	35367
8376	-2	4	35371
8377	-2	4	35375
8378	-2	4	35379
8379	-2	4	35383
8380	-6	8	35391
8381	-2	4	35395
8382	-2	4	35399
8383	-2	4	35403
8384	-2	4	35407
8385	-2	4	35411
8386	-2	4	35415
8387	-2	4	35419
8388	-2	4	35423
8389	-2	4	35427
8390	-2	4	35431
8391	-2	4	35435
8392	-2	4	35439
8393	-2	4	35443
8394	-2	4	35447
8395	-4	6	35453
8396	-2	4	35457
8397	-4	6	35463
8398	-2	4	35467
8399	-2	4	35471
8400	-2	4	35475
8401	-2	4	35479
8402	-2	4	35483
8403	-2	4	35487
8404	-2	4	35491
8405	-2	4	35495
8406	-6	8	35503
8407	-2	4	35507
8408	-2	4	35511
8409	-2	4	35515
8410	-2	4	35519
8411	-4	6	35525
8412	-2	4	35529
8413	-2	4	35533
8414	-2	4	35537
8415	-2	4	35541
8416	-2	4	35545
8417	-2	4	35549
8418	-4	6	35555
8419	-2	4	35559
8420	-2	4	35563
8421	-2	4	35567
8422	-2	4	35571
8423	-2	4	35575
8424	-2	4	35579
8425	-2	4	35583
8426	-3	5	35588
8427	-2	4	35592
8428	-2	4	35596
8429	-2	4	35600
8430	-2	4	35604
8431	-2	4	35608
8432	-2	4	35612
8433	-2	4	35616
8434	-2	4	35620
8435	-2	4	35624
8436	-2	4	35628
8437	-2	4	35632
8438	-2	4	35636
8439	-2	4	35640
8440	-2	4	35644
8441	-2	4	35648
8442	-2	4	35652
8443	-5	7	35659
8444	-2	4	35663
8445	-2	4	35667
8446	-2	4	35671
8447	-2	4	35675
8448	-2	4	35679
8449	-6	8	35687
8450	-2	4	35691
8451	-2	4	35695
8452	-2	4	35699
8453	-4	6	35705
8454	-2	4	35709
8455	-2	4	35713
8456	-2	4	35717
8457	-2	4	35721
8458	-2	4	35725
8459	-6	8	35733
8460	-2	4	35737
8461	-2	4	35741
8462	-4	6	35747
8463	-2	4	35751
8464	-2	4	35755
8465	-2	4	35759
8466	-2	4	35763
8467	-2	4	35767
8468	-2	4	35771
8469	-2	4	35775
8470	-2	4	35779
8471	-2	4	35783
8472	-2	4	35787
8473	-2	4	35791
8474	-2	4	35795
8475	-2	4	35799
8476	-2	4	35803
8477	-3	5	35808
8478	-2	4	35812
8479	-2	4	35816
8480	-2	4	35820
8481	-2	4	35824
8482	-2	4	35828
8483	-2	4	35832
8484	-2	4	35836
8485	-2	4	35840
8486	-2	4	35844
8487	-2	4	35848
8488	-2	4	35852
8489	-2	4	35856
8490	-2	4	35860
8491	-2	4	35864
8492	-2	4	35868
8493	-2	4	35872
8494	-2	4	35876
8495	-2	4	35880
8496	-4	6	35886
8497	-2	4	35890
8498	-2	4	35894
8499	-2	4	35898
8500	-2	4	35902
8501	-2	4	35906
8502	-2	4	35910
8503	-2	4	35914
8504	-2	4	35918
8505	-2	4	35922
8506	-2	4	35926
8507	-2	4	35930
8508	-2	4	35934
8509	-2	4	35938
8510	-2	4	35942
8511	-2	4	35946
8512	-2	4	35950
8513	-2	4	35954
8514	-2	4	35958
8515	-2	4	35962
8516	-2	4	35966
8517	-2	4	35970
8518	-2	4	35974
8519	-2	4	35978
8520	-2	4	35982
8521	-2	4	35986
8522	-2	4	35990
8523	-2	4	35994
8524	-2	4	35998
8525	-2	4	36002
8526	-2	4	36006
8527	-2	4	36010
8528	-2	4	36014
8529	-2	4	36018
8530	-6	8	36026
8531	-2	4	36030
8532	-2	4	36034
8533	-2	4	36038
8534	-2	4	36042
8535	-2	4	36046
8536	-2	4	36050
8537	-2	4	36054
8538	-2	4	36058
8539	-2	4	36062
8540	-2	4	36066
8541	-2	4	36070
8542	-2	4	36074
8543	-2	4	36078
8544	-4	6	36084
8545	-2	4	36088
8546	-4	6	36094
8547	-2	4	36098
8548	-2	4	36102
8549	-4	6	36108
8550	-2	4	36112
8551	-2	4	36116
8552	-2	4	36120
8553	-2	4	36124
8554	-2	4	36128
8555	-2	4	36132
8556	-2	4	36136
8557	-2	4	36140
8558	-2	4	36144
8559	-2	4	36148
8560	-2	4	36152
8561	-2	4	36156
8562	-2	4	36160
8563	-2	4	36164
8564	-4	6	36170
8565	-2	4	36174
8566	-2	4	36178
8567	-2	4	36182
8568	-2	4	36186
8569	-2	4	36190
8570	-2	4	36194
8571	-2	4	36198
8572	-2	4	36202
8573	-2	4	36206
8574	-2	4	36210
8575	-2	4	36214
8576	-2	4	36218
8577	-2	4	36222
8578	-4	6	36228
8579	-2	4	36232
8580	-2	4	36236
8581	-2	4	36240
8582	-2	4	36244
8583	-2	4	36248
8584	-2	4	36252
8585	-2	4	36256
8586	-2	4	36260
8587	-2	4	36264
8588	-2	4	36268
8589	-2	4	36272
8590	-2	4	36276
8591	-2	4	36280
8592	-4	6	36286
8593	-2	4	36290
8594	-2	4	36294
8595	-2	4	36298
8596	-2	4	36302
8597	-2	4	36306
8598	-2	4	36310
8599	-2	4	36314
8600	-2	4	36318
8601	-2	4	36322
8602	-2	4	36326
8603	-2	4	36330
8604	-2	4	36334
8605	-2	4	36338
8606	-2	4	36342
8607	-2	4	36346
8608	-2	4	36350
8609	-2	4	36354
8610	-2	4	36358
8611	-2	4	36362
8612	-2	4	36366
8613	-3	5	36371
8614	-2	4	36375
8615	-2	4	36379
8616	-2	4	36383
8617	-2	4	36387
8618	-2	4	36391
8619	-2	4	36395
8620	-2	4	36399
8621	-2	4	36403
8622	-2	4	36407
8623	-2	4	36411
8624	-2	4	36415
8625	-2	4	36419
8626	-4	6	36425
8627	-2	4	36429
8628	-2	4	36433
8629	-2	4	36437
8630	-2	4	36441
8631	-2	4	36445
8632	-2	4	36449
8633	-2	4	36453
8634	-2	4	36457
8635	-2	4	36461
8636	-3	5	36466
8637	-2	4	36470
8638	-2	4	36474
8639	-4	6	36480
8640	-2	4	36484
8641	-2	4	36488
8642	-2	4	36492
8643	-2	4	36496
8644	-2	4	36500
8645	-2	4	36504
8646	-2	4	36508
8647	-2	4	36512
8648	-2	4	36516
8649	-2	4	36520
8650	-2	4	36524
8651	-2	4	36528
8652	-2	4	36532
8653	-2	4	36536
8654	-2	4	36540
8655	-2	4	36544
8656	-2	4	36548
8657	-2	4	36552
8658	-2	4	36556
8659	-2	4	36560
8660	-2	4	36564
8661	-4	6	36570
8662	-2	4	36574
8663	-2	4	36578
8664	-2	4	36582
8665	-2	4	36586
8666	-2	4	36590
8667	-2	4	36594
8668	-2	4	36598
8669	-2	4	36602
8670	-2	4	36606
8671	-2	4	36610
8672	-2	4	36614
8673	-2	4	36618
8674	-2	4	36622
8675	-2	4	36626
8676	-2	4	36630
8677	-2	4	36634
8678	-2	4	36638
8679	-4	6	36644
8680	-2	4	36648
8681	-2	4	36652
8682	-2	4	36656
8683	-2	4	36660
8684	-2	4	36664
8685	-2	4	36668
8686	-2	4	36672
8687	-2	4	36676
8688	-2	4	36680
8689	-2	4	36684
8690	-2	4	36688
8691	-2	4	36692
8692	-2	4	36696
8693	-2	4	36700
8694	-2	4	36704
8695	-2	4	36708
8696	-2	4	36712
8697	-2	4	36716
8698	-2	4	36720
8699	-2	4	36724
8700	-2	4	36728
8701	-2	4	36732
8702	-2	4	36736
8703	-2	4	36740
8704	-3	5	36745
8705	-2	4	36749
8706	-2	4	36753
8707	-2	4	36757
8708	-2	4	36761
8709	-2	4	36765
8710	-2	4	36769
8711	-2	4	36773
8712	-2	4	36777
8713	-4	6	36783
8714	-2	4	36787
8715	-2	4	36791
8716	-2	4	36795
8717	-2	4	36799
8718	-2	4	36803
8719	-2	4	36807
8720	-2	4	36811
8721	-2	4	36815
8722	-2	4	36819
8723	-2	4	36823
8724	-2	4	36827
8725	-2	4	36831
8726	-4	6	36837
8727	-2	4	36841
8728	-2	4	36845
8729	-2	4	36849
8730	-2	4	36853
8731	-2	4	36857
8732	-2	4	36861
8733	-2	4	36865
8734	-2	4	36869
8735	-2	4	36873
8736	-2	4	36877
8737	-2	4	36881
8738	-2	4	36885
8739	-2	4	36889
8740	-2	4	36893
8741	-2	4	36897
8742	-2	4	36901
8743	-3	5	36906
8744	-4	6	36912
8745	-2	4	36916
8746	-2	4	36920
8747	-2	4	36924
8748	-2	4	36928
8749	-2	4	36932
8750	-2	4	36936
8751	-2	4	36940
8752	-4	6	36946
8753	-2	4	36950
8754	-2	4	36954
8755	-2	4	36958
8756	-6	8	36966
8757	-2	4	36970
8758	-2	4	36974
8759	-2	4	36978
8760	-2	4	36982
8761	-2	4	36986
8762	-2	4	36990
8763	-2	4	36994
8764	-2	4	36998
8765	-2	4	37002
8766	-4	6	37008
8767	-2	4	37012
8768	-2	4	37016
8769	-2	4	37020
8770	-2	4	37024
8771	-2	4	37028
8772	-2	4	37032
8773	-2	4	37036
8774	-2	4	37040
8775	-2	4	37044
8776	-2	4	37048
8777	-2	4	37052
8778	-2	4	37056
8779	-2	4	37060
8780	-2	4	37064
8781	-2	4	37068
8782	-2	4	37072
8783	-2	4	37076
8784	-2	4	37080
8785	-2	4	37084
8786	-2	4	37088
8787	-2	4	37092
8788	-2	4	37096
8789	-2	4	37100
8790	-2	4	37104
8791	-4	6	37110
8792	-2	4	37114
8793	-2	4	37118
8794	-2	4	37122
8795	-2	4	37126
8796	-2	4	37130
8797	-2	4	37134
8798	-2	4	37138
8799	-4	6	37144
8800	-2	4	37148
8801	-2	4	37152
8802	-2	4	37156
8803	-2	4	37160
8804	-2	4	37164
8805	-2	4	37168
8806	-2	4	37172
8807	-2	4	37176
8808	-2	4	37180
8809	-2	4	37184
8810	-2	4	37188
8811	-2	4	37192
8812	-2	4	37196
8813	-2	4	37200
8814	-6	8	37208
8815	-6	8	37216
8816	-2	4	37220
8817	-2	4	37224
8818	-2	4	37228
8819	-2	4	37232
8820	-2	4	37236
8821	-2	4	37240
8822	-2	4	37244
8823	-2	4	37248
8824	-2	4	37252
8825	-2	4	37256
8826	-2	4	37260
8827	-2	4	37264
8828	-2	4	37268
8829	-2	4	37272
8830	-2	4	37276
8831	-2	4	37280
8832	-2	4	37284
8833	-2	4	37288
8834	-2	4	37292
8835	-2	4	37296
8836	-2	4	37300
8837	-2	4	37304
8838	-2	4	37308
8839	-2	4	37312
8840	-2	4	37316
8841	-3	5	37321
8842	-2	4	37325
8843	-2	4	37329
8844	-4	6	37335
8845	-2	4	37339
8846	-2	4	37343
8847	-2	4	37347
8848	-2	4	37351
8849	-2	4	37355
8850	-2	4	37359
8851	-2	4	37363
8852	-6	8	37371
8853	-2	4	37375
8854	-2	4	37379
8855	-2	4	37383
8856	-4	6	37389
8857	-6	8	37397
8858	-2	4	37401
8859	-2	4	37405
8860	-2	4	37409
8861	-2	4	37413
8862	-3	5	37418
8863	-2	4	37422
8864	-2	4	37426
8865	-2	4	37430
8866	-2	4	37434
8867	-2	4	37438
8868	-2	4	37442
8869	-2	4	37446
8870	-2	4	37450
8871	-2	4	37454
8872	-2	4	37458
8873	-2	4	37462
8874	-2	4	37466
8875	-3	5	37471
8876	-2	4	37475
8877	-2	4	37479
8878	-2	4	37483
8879	-2	4	37487
8880	-2	4	37491
8881	-2	4	37495
8882	-2	4	37499
8883	-4	6	37505
8884	-2	4	37509
8885	-2	4	37513
8886	-2	4	37517
8887	-2	4	37521
8888	-2	4	37525
8889	-2	4	37529
8890	-2	4	37533
8891	-2	4	37537
8892	-2	4	37541
8893	-2	4	37545
8894	-2	4	37549
8895	-2	4	37553
8896	-2	4	37557
8897	-2	4	37561
8898	-2	4	37565
8899	-2	4	37569
8900	-2	4	37573
8901	-2	4	37577
8902	-2	4	37581
8903	-2	4	37585
8904	-2	4	37589
8905	-2	4	37593
8906	-2	4	37597
8907	-2	4	37601
8908	-2	4	37605
8909	-2	4	37609
8910	-4	6	37615
8911	-2	4	37619
8912	-2	4	37623
8913	-2	4	37627
8914	-2	4	37631
8915	-2	4	37635
8916	-2	4	37639
8917	-2	4	37643
8918	-2	4	37647
8919	-4	6	37653
8920	-2	4	37657
8921	-2	4	37661
8922	-2	4	37665
8923	-2	4	37669
8924	-2	4	37673
8925	-2	4	37677
8926	-2	4	37681
8927	-4	6	37687
8928	-2	4	37691
8929	-2	4	37695
8930	-2	4	37699
8931	-4	6	37705
8932	-2	4	37709
8933	-2	4	37713
8934	-2	4	37717
8935	-2	4	37721
8936	-2	4	37725
8937	-2	4	37729
8938	-2	4	37733
8939	-2	4	37737
8940	-2	4	37741
8941	-2	4	37745
8942	-3	5	37750
8943	-2	4	37754
8944	-2	4	37758
8945	-2	4	37762
8946	-2	4	37766
8947	-2	4	37770
8948	-2	4	37774
8949	-2	4	37778
8950	-2	4	37782
8951	-2	4	37786
8952	-2	4	37790
8953	-2	4	37794
8954	-2	4	37798
8955	-2	4	37802
8956	-2	4	37806
8957	-2	4	37810
8958	-2	4	37814
8959	-2	4	37818
8960	-2	4	37822
8961	-4	6	37828
8962	-2	4	37832
8963	-2	4	37836
8964	-2	4	37840
8965	-2	4	37844
8966	-2	4	37848
8967	-2	4	37852
8968	-2	4	37856
8969	-2	4	37860
8970	-6	8	37868
8971	-2	4	37872
8972	-2	4	37876
8973	-2	4	37880
8974	-2	4	37884
8975	-2	4	37888
8976	-2	4	37892
8977	-2	4	37896
8978	-2	4	37900
8979	-2	4	37904
8980	-2	4	37908
8981	-2	4	37912
8982	-2	4	37916
8983	-2	4	37920
8984	-2	4	37924
8985	-4	6	37930
8986	-2	4	37934
8987	-4	6	37940
8988	-2	4	37944
8989	-2	4	37948
8990	-2	4	37952
8991	-2	4	37956
8992	-2	4	37960
8993	-2	4	37964
8994	-2	4	37968
8995	-2	4	37972
8996	-2	4	37976
8997	-2	4	37980
8998	-2	4	37984
8999	-2	4	37988
9000	-4	6	37994
9001	-2	4	37998
9002	-2	4	38002
9003	-2	4	38006
9004	-2	4	38010
9005	-2	4	38014
9006	-2	4	38018
9007	-2	4	38022
9008	-2	4	38026
9009	-2	4	38030
9010	-2	4	38034
9011	-2	4	38038
9012	-2	4	38042
9013	-2	4	38046
9014	-4	6	38052
9015	-2	4	38056
9016	-2	4	38060
9017	-2	4	38064
9018	-2	4	38068
9019	-4	6	38074
9020	-2	4	38078
9021	-2	4	38082
9022	-2	4	38086
9023	-2	4	38090
9024	-2	4	38094
9025	-2	4	38098
9026	-2	4	38102
9027	-6	8	38110
9028	-2	4	38114
9029	-2	4	38118
9030	-2	4	38122
9031	-2	4	38126
9032	-2	4	38130
9033	-2	4	38134
9034	-2	4	38138
9035	-2	4	38142
9036	-2	4	38146
9037	-2	4	38150
9038	-2	4	38154
9039	-2	4	38158
9040	-2	4	38162
9041	-4	6	38168
9042	-2	4	38172
9043	-2	4	38176
9044	-2	4	38180
9045	-2	4	38184
9046	-2	4	38188
9047	-6	8	38196
9048	-2	4	38200
9049	-2	4	38204
9050	-2	4	38208
9051	-2	4	38212
9052	-2	4	38216
9053	-2	4	38220
9054	-2	4	38224
9055	-2	4	38228
9056	-2	4	38232
9057	-2	4	38236
9058	-2	4	38240
9059	-2	4	38244
9060	-2	4	38248
9061	-2	4	38252
9062	-2	4	38256
9063	-2	4	38260
9064	-2	4	38264
9065	-2	4	38268
9066	-2	4	38272
9067	-4	6	38278
9068	-2	4	38282
9069	-2	4	38286
9070	-2	4	38290
9071	-2	4	38294
9072	-2	4	38298
9073	-2	4	38302
9074	-2	4	38306
9075	-2	4	38310
9076	-2	4	38314
9077	-2	4	38318
9078	-2	4	38322
9079	-2	4	38326
9080	-2	4	38330
9081	-2	4	38334
9082	-2	4	38338
9083	-2	4	38342
9084	-4	6	38348
9085	-2	4	38352
9086	-2	4	38356
9087	-2	4	38360
9088	-2	4	38364
9089	-2	4	38368
9090	-2	4	38372
9091	-2	4	38376
9092	-2	4	38380
9093	-2	4	38384
9094	-2	4	38388
9095	-2	4	38392
9096	-2	4	38396
9097	-2	4	38400
9098	-2	4	38404
9099	-2	4	38408
9100	-2	4	38412
9101	-2	4	38416
9102	-2	4	38420
9103	-2	4	38424
9104	-2	4	38428
9105	-2	4	38432
9106	-2	4	38436
9107	-2	4	38440
9108	-2	4	38444
9109	-2	4	38448
9110	-2	4	38452
9111	-3	5	38457
9112	-2	4	38461
9113	-2	4	38465
9114	-2	4	38469
9115	-2	4	38473
9116	-2	4	38477
9117	-2	4	38481
9118	-2	4	38485
9119	-2	4	38489
9120	-2	4	38493
9121	-2	4	38497
9122	-2	4	38501
9123	-2	4	38505
9124	-2	4	38509
9125	-2	4	38513
9126	-2	4	38517
9127	-2	4	38521
9128	-2	4	38525
9129	-2	4	38529
9130	-2	4	38533
9131	-2	4	38537
9132	-2	4	38541
9133	-2	4	38545
9134	-2	4	38549
9135	-2	4	38553
9136	-2	4	38557
9137	-2	4	38561
9138	-2	4	38565
9139	-2	4	38569
9140	-2	4	38573
9141	-2	4	38577
9142	-2	4	38581
9143	-2	4	38585
9144	-2	4	38589
9145	-2	4	38593
9146	-2	4	38597
9147	-2	4	38601
9148	-2	4	38605
9149	-2	4	38609
9150	-2	4	38613
9151	-2	4	38617
9152	-2	4	38621
9153	-4	6	38627
9154	-2	4	38631
9155	-2	4	38635
9156	-2	4	38639
9157	-2	4	38643
9158	-2	4	38647
9159	-2	4	38651
9160	-2	4	38655
9161	-2	4	38659
9162	-4	6	38665
9163	-2	4	38669
9164	-2	4	38673
9165	-2	4	38677
9166	-2	4	38681
9167	-2	4	38685
9168	-4	6	38691
9169	-2	4	38695
9170	-2	4	38699
9171	-2	4	38703
9172	-2	4	38707
9173	-2	4	38711
9174	-2	4	38715
9175	-2	4	38719
9176	-2	4	38723
9177	-2	4	38727
9178	-2	4	38731
9179	-2	4	38735
9180	-2	4	38739
9181	-2	4	38743
9182	-2	4	38747
9183	-2	4	38751
9184	-2	4	38755
9185	-2	4	38759
9186	-2	4	38763
9187	-4	6	38769
9188	-2	4	38773
9189	-2	4	38777
9190	-2	4	38781
9191	-2	4	38785
9192	-2	4	38789
9193	-2	4	38793
9194	-2	4	38797
9195	-2	4	38801
9196	-2	4	38805
9197	-2	4	38809
9198	-2	4	38813
9199	-2	4	38817
9200	-2	4	38821
9201	-2	4	38825
9202	-2	4	38829
9203	-2	4	38833
9204	-2	4	38837
9205	-2	4	38841
9206	-2	4	38845
9207	-2	4	38849
9208	-2	4	38853
9209	-4	6	38859
9210	-2	4	38863
9211	-2	4	38867
9212	-2	4	38871
9213	-2	4	38875
9214	-2	4	38879
9215	-2	4	38883
9216	-2	4	38887
9217	-4	6	38893
9218	-2	4	38897
9219	-4	6	38903
9220	-2	4	38907
9221	-2	4	38911
9222	-2	4	38915
9223	-2	4	38919
9224	-2	4	38923
9225	-4	6	38929
9226	-2	4	38933
9227	-2	4	38937
9228	-4	6	38943
9229	-2	4	38947
9230	-2	4	38951
9231	-2	4	38955
9232	-2	4	38959
9233	-2	4	38963
9234	-2	4	38967
9235	-2	4	38971
9236	-2	4	38975
9237	-2	4	38979
9238	-2	4	38983
9239	-2	4	38987
9240	-2	4	38991
9241	-2	4	38995
9242	-2	4	38999
9243	-2	4	39003
9244	-2	4	39007
9245	-2	4	39011
9246	-2	4	39015
9247	-2	4	39019
9248	-2	4	39023
9249	-2	4	39027
9250	-2	4	39031
9251	-2	4	39035
9252	-6	8	39043
9253	-2	4	39047
9254	-2	4	39051
9255	-2	4	39055
9256	-2	4	39059
9257	-2	4	39063
9258	-2	4	39067
9259	-4	6	39073
9260	-2	4	39077
9261	-2	4	39081
9262	-2	4	39085
9263	-2	4	39089
9264	-4	6	39095
9265	-2	4	39099
9266	-2	4	39103
9267	-2	4	39107
9268	-2	4	39111
9269	-2	4	39115
9270	-2	4	39119
9271	-2	4	39123
9272	-4	6	39129
9273	-2	4	39133
9274	-2	4	39137
9275	-2	4	39141
9276	-2	4	39145
9277	-2	4	39149
9278	-2	4	39153
9279	-2	4	39157
9280	-2	4	39161
9281	-2	4	39165
9282	-4	6	39171
9283	-2	4	39175
9284	-2	4	39179
9285	-2	4	39183
9286	-2	4	39187
9287	-2	4	39191
9288	-2	4	39195
9289	-4	6	39201
9290	-2	4	39205
9291	-2	4	39209
9292	-2	4	39213
9293	-2	4	39217
9294	-2	4	39221
9295	-2	4	39225
9296	-2	4	39229
9297	-2	4	39233
9298	-2	4	39237
9299	-2	4	39241
9300	-2	4	39245
9301	-2	4	39249
9302	-2	4	39253
9303	-6	8	39261
9304	-2	4	39265
9305	-2	4	39269
9306	-2	4	39273
9307	-2	4	39277
9308	-2	4	39281
9309	-2	4	39285
9310	-2	4	39289
9311	-2	4	39293
9312	-2	4	39297
9313	-2	4	39301
9314	-2	4	39305
9315	-2	4	39309
9316	-2	4	39313
9317	-2	4	39317
9318	-2	4	39321
9319	-2	4	39325
9320	-2	4	39329
9321	-2	4	39333
9322	-4	6	39339
9323	-2	4	39343
9324	-2	4	39347
9325	-2	4	39351
9326	-2	4	39355
9327	-2	4	39359
9328	-4	6	39365
9329	-2	4	39369
9330	-2	4	39373
9331	-2	4	39377
9332	-2	4	39381
9333	-4	6	39387
9334	-2	4	39391
9335	-2	4	39395
9336	-2	4	39399
9337	-2	4	39403
9338	-2	4	39407
9339	-2	4	39411
9340	-2	4	39415
9341	-2	4	39419
9342	-2	4	39423
9343	-2	4	39427
9344	-2	4	39431
9345	-2	4	39435
9346	-2	4	39439
9347	-6	8	39447
9348	-2	4	39451
9349	-2	4	39455
9350	-2	4	39459
9351	-2	4	39463
9352	-2	4	39467
9353	-4	6	39473
9354	-4	6	39479
9355	-2	4	39483
9356	-2	4	39487
9357	-2	4	39491
9358	-2	4	39495
9359	-2	4	39499
9360	-2	4	39503
9361	-2	4	39507
9362	-2	4	39511
9363	-2	4	39515
9364	-2	4	39519
9365	-2	4	39523
9366	-2	4	39527
9367	-2	4	39531
9368	-2	4	39535
9369	-2	4	39539
9370	-2	4	39543
9371	-2	4	39547
9372	-2	4	39551
9373	-2	4	39555
9374	-2	4	39559
9375	-2	4	39563
9376	-2	4	39567
9377	-2	4	39571
9378	-2	4	39575
9379	-2	4	39579
9380	-2	4	39583
9381	-4	6	39589
9382	-2	4	39593
9383	-2	4	39597
9384	-2	4	39601
9385	-2	4	39605
9386	-2	4	39609
9387	-2	4	39613
9388	-4	6	39619
9389	-2	4	39623
9390	-2	4	39627
9391	-2	4	39631
9392	-2	4	39635
9393	-4	6	39641
9394	-2	4	39645
9395	-2	4	39649
9396	-2	4	39653
9397	-2	4	39657
9398	-4	6	39663
9399	-2	4	39667
9400	-2	4	39671
9401	-2	4	39675
9402	-2	4	39679
9403	-2	4	39683
9404	-2	4	39687
9405	-2	4	39691
9406	-2	4	39695
9407	-2	4	39699
9408	-3	5	39704
9409	-2	4	39708
9410	-2	4	39712
9411	-2	4	39716
9412	-2	4	39720
9413	-2	4	39724
9414	-2	4	39728
9415	-2	4	39732
9416	-2	4	39736
9417	-2	4	39740
9418	-2	4	39744
9419	-2	4	39748
9420	-2	4	39752
9421	-2	4	39756
9422	-4	6	39762
9423	-2	4	39766
9424	-2	4	39770
9425	-2	4	39774
9426	-2	4	39778
9427	-2	4	39782
9428	-2	4	39786
9429	-2	4	39790
9430	-2	4	39794
9431	-2	4	39798
9432	-2	4	39802
9433	-2	4	39806
9434	-2	4	39810
9435	-2	4	39814
9436	-2	4	39818
9437	-2	4	39822
9438	-2	4	39826
9439	-2	4	39830
9440	-2	4	39834
9441	-2	4	39838
9442	-2	4	39842
9443	-2	4	39846
9444	-2	4	39850
9445	-2	4	39854
9446	-2	4	39858
9447	-2	4	39862
9448	-2	4	39866
9449	-2	4	39870
9450	-2	4	39874
9451	-2	4	39878
9452	-2	4	39882
9453	-2	4	39886
9454	-2	4	39890
9455	-2	4	39894
9456	-2	4	39898
9457	-2	4	39902
9458	-2	4	39906
9459	-2	4	39910
9460	-2	4	39914
9461	-2	4	39918
9462	-2	4	39922
9463	-2	4	39926
9464	-2	4	39930
9465	-2	4	39934
9466	-2	4	39938
9467	-2	4	39942
9468	-2	4	39946
9469	-4	6	39952
9470	-2	4	39956
9471	-2	4	39960
9472	-2	4	39964
9473	-2	4	39968
9474	-2	4	39972
9475	-2	4	39976
9476	-2	4	39980
9477	-2	4	39984
9478	-2	4	39988
9479	-2	4	39992
9480	-2	4	39996
9481	-2	4	40000
9482	-2	4	40004
9483	-2	4	40008
9484	-2	4	40012
9485	-2	4	40016
9486	-2	4	40020
9487	-2	4	40024
9488	-2	4	40028
9489	-2	4	40032
9490	-2	4	40036
9491	-2	4	40040
9492	-2	4	40044
9493	-2	4	40048
9494	-2	4	40052
9495	-2	4	40056
9496	-2	4	40060
9497	-6	8	40068
9498	-2	4	40072
9499	-2	4	40076
9500	-2	4	40080
9501	-2	4	40084
9502	-2	4	40088
9503	-2	4	40092
9504	-2	4	40096
9505	-2	4	40100
9506	-2	4	40104
9507	-2	4	40108
9508	-2	4	40112
9509	-2	4	40116
9510	-2	4	40120
9511	-2	4	40124
9512	-2	4	40128
9513	-2	4	40132
9514	-2	4	40136
9515	-2	4	40140
9516	-6	8	40148
9517	-4	6	40154
9518	-2	4	40158
9519	-2	4	40162
9520	-2	4	40166
9521	-2	4	40170
9522	-2	4	40174
9523	-2	4	40178
9524	-2	4	40182
9525	-2	4	40186
9526	-2	4	40190
9527	-2	4	40194
9528	-2	4	40198
9529	-2	4	40202
9530	-2	4	40206
9531	-2	4	40210
9532	-2	4	40214
9533	-3	5	40219
9534	-2	4	40223
9535	-4	6	40229
9536	-2	4	40233
9537	-2	4	40237
9538	-2	4	40241
9539	-2	4	40245
9540	-2	4	40249
9541	-2	4	40253
9542	-2	4	40257
9543	-2	4	40261
9544	-2	4	40265
9545	-2	4	40269
9546	-2	4	40273
9547	-2	4	40277
9548	-6	8	40285
9549	-2	4	40289
9550	-6	8	40297
9551	-4	6	40303
9552	-2	4	40307
9553	-2	4	40311
9554	-2	4	40315
9555	-2	4	40319
9556	-2	4	40323
9557	-2	4	40327
9558	-2	4	40331
9559	-2	4	40335
9560	-2	4	40339
9561	-2	4	40343
9562	-2	4	40347
9563	-2	4	40351
9564	-2	4	40355
9565	-4	6	40361
9566	-2	4	40365
9567	-2	4	40369
9568	-2	4	40373
9569	-2	4	40377
9570	-2	4	40381
9571	-2	4	40385
9572	-2	4	40389
9573	-2	4	40393
9574	-2	4	40397
9575	-2	4	40401
9576	-2	4	40405
9577	-2	4	40409
9578	-2	4	40413
9579	-2	4	40417
9580	-2	4	40421
9581	-2	4	40425
9582	-2	4	40429
9583	-2	4	40433
9584	-2	4	40437
9585	-2	4	40441
9586	-2	4	40445
9587	-2	4	40449
9588	-2	4	40453
9589	-4	6	40459
9590	-2	4	40463
9591	-2	4	40467
9592	-2	4	40471
9593	-2	4	40475
9594	-2	4	40479
9595	-2	4	40483
9596	-2	4	40487
9597	-2	4	40491
9598	-2	4	40495
9599	-4	6	40501
9600	-2	4	40505
9601	-2	4	40509
9602	-4	6	40515
9603	-2	4	40519
9604	-2	4	40523
9605	-2	4	40527
9606	-2	4	40531
9607	-2	4	40535
9608	-2	4	40539
9609	-2	4	40543
9610	-2	4	40547
9611	-2	4	40551
9612	-2	4	40555
9613	-2	4	40559
9614	-2	4	40563
9615	-2	4	40567
9616	-2	4	40571
9617	-2	4	40575
9618	-2	4	40579
9619	-2	4	40583
9620	-2	4	40587
9621	-2	4	40591
9622	-2	4	40595
9623	-2	4	40599
9624	-2	4	40603
9625	-2	4	40607
9626	-2	4	40611
9627	-2	4	40615
9628	-2	4	40619
9629	-2	4	40623
9630	-2	4	40627
9631	-2	4	40631
9632	-2	4	40635
9633	-2	4	40639
9634	-2	4	40643
9635	-2	4	40647
9636	-2	4	40651
9637	-2	4	40655
9638	-4	6	40661
9639	-2	4	40665
9640	-2	4	40669
9641	-2	4	40673
9642	-2	4	40677
9643	-2	4	40681
9644	-2	4	40685
9645	-2	4	40689
9646	-2	4	40693
9647	-2	4	40697
9648	-2	4	40701
9649	-4	6	40707
9650	-2	4	40711
9651	-2	4	40715
9652	-2	4	40719
9653	-2	4	40723
9654	-2	4	40727
9655	-2	4	40731
9656	-2	4	40735
9657	-2	4	40739
9658	-3	5	40744
9659	-2	4	40748
9660	-2	4	40752
9661	-2	4	40756
9662	-2	4	40760
9663	-2	4	40764
9664	-2	4	40768
9665	-2	4	40772
9666	-2	4	40776
9667	-2	4	40780
9668	-2	4	40784
9669	-2	4	40788
9670	-2	4	40792
9671	-2	4	40796
9672	-2	4	40800
9673	-2	4	40804
9674	-2	4	40808
9675	-2	4	40812
9676	-2	4	40816
9677	-2	4	40820
9678	-2	4	40824
9679	-2	4	40828
9680	-2	4	40832
9681	-2	4	40836
9682	-2	4	40840
9683	-2	4	40844
9684	-2	4	40848
9685	-2	4	40852
9686	-4	6	40858
9687	-2	4	40862
9688	-2	4	40866
9689	-2	4	40870
9690	-5	7	40877
9691	-2	4	40881
9692	-2	4	40885
9693	-2	4	40889
9694	-2	4	40893
9695	-2	4	40897
9696	-2	4	40901
9697	-2	4	40905
9698	-2	4	40909
9699	-2	4	40913
9700	-2	4	40917
9701	-2	4	40921
9702	-2	4	40925
9703	-2	4	40929
9704	-2	4	40933
9705	-6	8	40941
9706	-2	4	40945
9707	-2	4	40949
9708	-2	4	40953
9709	-2	4	40957
9710	-2	4	40961
9711	-2	4	40965
9712	-3	5	40970
9713	-2	4	40974
9714	-2	4	40978
9715	-6	8	40986
9716	-2	4	40990
9717	-2	4	40994
9718	-2	4	40998
9719	-2	4	41002
9720	-2	4	41006
9721	-2	4	41010
9722	-2	4	41014
9723	-2	4	41018
9724	-2	4	41022
9725	-2	4	41026
9726	-2	4	41030
9727	-2	4	41034
9728	-2	4	41038
9729	-2	4	41042
9730	-2	4	41046
9731	-2	4	41050
9732	-6	8	41058
9733	-2	4	41062
9734	-2	4	41066
9735	-2	4	41070
9736	-2	4	41074
9737	-2	4	41078
9738	-2	4	41082
9739	-2	4	41086
9740	-2	4	41090
9741	-2	4	41094
9742	-2	4	41098
9743	-2	4	41102
9744	-2	4	41106
9745	-2	4	41110
9746	-2	4	41114
9747	-2	4	41118
9748	-2	4	41122
9749	-2	4	41126
9750	-2	4	41130
9751	-2	4	41134
9752	-2	4	41138
9753	-2	4	41142
9754	-2	4	41146
9755	-2	4	41150
9756	-2	4	41154
9757	-2	4	41158
9758	-2	4	41162
9759	-2	4	41166
9760	-2	4	41170
9761	-2	4	41174
9762	-2	4	41178
9763	-2	4	41182
9764	-2	4	41186
9765	-2	4	41190
9766	-2	4	41194
9767	-2	4	41198
9768	-2	4	41202
9769	-2	4	41206
9770	-2	4	41210
9771	-2	4	41214
9772	-2	4	41218
9773	-2	4	41222
9774	-2	4	41226
9775	-2	4	41230
9776	-2	4	41234
9777	-2	4	41238
9778	-2	4	41242
9779	-2	4	41246
9780	-2	4	41250
9781	-2	4	41254
9782	-2	4	41258
9783	-2	4	41262
9784	-2	4	41266
9785	-2	4	41270
9786	-2	4	41274
9787	-2	4	41278
9788	-2	4	41282
9789	-2	4	41286
9790	-2	4	41290
9791	-2	4	41294
9792	-6	8	41302
9793	-2	4	41306
9794	-2	4	41310
9795	-2	4	41314
9796	-2	4	41318
9797	-2	4	41322
9798	-2	4	41326
9799	-2	4	41330
9800	-2	4	41334
9801	-2	4	41338
9802	-2	4	41342
9803	-2	4	41346
9804	-2	4	41350
9805	-2	4	41354
9806	-3	5	41359
9807	-2	4	41363
9808	-2	4	41367
9809	-2	4	41371
9810	-2	4	41375
9811	-2	4	41379
9812	-2	4	41383
9813	-6	8	41391
9814	-2	4	41395
9815	-2	4	41399
9816	-2	4	41403
9817	-2	4	41407
9818	-2	4	41411
9819	-2	4	41415
9820	-2	4	41419
9821	-2	4	41423
9822	-2	4	41427
9823	-2	4	41431
9824	-2	4	41435
9825	-2	4	41439
9826	-2	4	41443
9827	-2	4	41447
9828	-2	4	41451
9829	-2	4	41455
9830	-2	4	41459
9831	-2	4	41463
9832	-2	4	41467
9833	-2	4	41471
9834	-2	4	41475
9835	-2	4	41479
9836	-2	4	41483
9837	-2	4	41487
9838	-2	4	41491
9839	-2	4	41495
9840	-2	4	41499
9841	-2	4	41503
9842	-2	4	41507
9843	-2	4	41511
9844	-2	4	41515
9845	-4	6	41521
9846	-2	4	41525
9847	-2	4	41529
9848	-2	4	41533
9849	-5	7	41540
9850	-2	4	41544
9851	-2	4	41548
9852	-2	4	41552
9853	-2	4	41556
9854	-2	4	41560
9855	-2	4	41564
9856	-2	4	41568
9857	-2	4	41572
9858	-2	4	41576
9859	-2	4	41580
9860	-2	4	41584
9861	-2	4	41588
9862	-2	4	41592
9863	-2	4	41596
9864	-2	4	41600
9865	-2	4	41604
9866	-2	4	41608
9867	-2	4	41612
9868	-2	4	41616
9869	-2	4	41620
9870	-2	4	41624
9871	-2	4	41628
9872	-2	4	41632
9873	-2	4	41636
9874	-2	4	41640
9875	-2	4	41644
9876	-2	4	41648
9877	-2	4	41652
9878	-2	4	41656
9879	-2	4	41660
9880	-2	4	41664
9881	-2	4	41668
9882	-2	4	41672
9883	-2	4	41676
9884	-2	4	41680
9885	-2	4	41684
9886	-2	4	41688
9887	-6	8	41696
9888	-2	4	41700
9889	-2	4	41704
9890	-2	4	41708
9891	-2	4	41712
9892	-2	4	41716
9893	-2	4	41720
9894	-2	4	41724
9895	-2	4	41728
9896	-2	4	41732
9897	-2	4	41736
9898	-2	4	41740
9899	-2	4	41744
9900	-2	4	41748
9901	-2	4	41752
9902	-3	5	41757
9903	-2	4	41761
9904	-4	6	41767
9905	-2	4	41771
9906	-2	4	41775
9907	-4	6	41781
9908	-2	4	41785
9909	-2	4	41789
9910	-2	4	41793
9911	-6	8	41801
9912	-6	8	41809
9913	-2	4	41813
9914	-2	4	41817
9915	-2	4	41821
9916	-2	4	41825
9917	-2	4	41829
9918	-2	4	41833
9919	-2	4	41837
9920	-2	4	41841
9921	-2	4	41845
9922	-2	4	41849
9923	-2	4	41853
9924	-2	4	41857
9925	-2	4	41861
9926	-2	4	41865
9927	-2	4	41869
9928	-2	4	41873
9929	-2	4	41877
9930	-2	4	41881
9931	-2	4	41885
9932	-2	4	41889
9933	-4	6	41895
9934	-2	4	41899
9935	-2	4	41903
9936	-2	4	41907
9937	-2	4	41911
9938	-2	4	41915
9939	-2	4	41919
9940	-2	4	41923
9941	-2	4	41927
9942	-2	4	41931
9943	-2	4	41935
9944	-2	4	41939
9945	-2	4	41943
9946	-2	4	41947
9947	-2	4	41951
9948	-2	4	41955
9949	-2	4	41959
9950	-4	6	41965
9951	-2	4	41969
9952	-2	4	41973
9953	-2	4	41977
9954	-2	4	41981
9955	-2	4	41985
9956	-2	4	41989
9957	-2	4	41993
9958	-2	4	41997
9959	-2	4	42001
9960	-2	4	42005
9961	-2	4	42009
9962	-2	4	42013
9963	-2	4	42017
9964	-2	4	42021
9965	-2	4	42025
9966	-2	4	42029
9967	-2	4	42033
9968	-2	4	42037
9969	-6	8	42045
9970	-2	4	42049
9971	-2	4	42053
9972	-2	4	42057
9973	-2	4	42061
9974	-2	4	42065
9975	-2	4	42069
9976	-2	4	42073
9977	-2	4	42077
9978	-2	4	42081
9979	-2	4	42085
9980	-2	4	42089
9981	-2	4	42093
9982	-2	4	42097
9983	-2	4	42101
9984	-2	4	42105
9985	-3	5	42110
9986	-2	4	42114
9987	-2	4	42118
9988	-2	4	42122
9989	-2	4	42126
9990	-2	4	42130
9991	-2	4	42134
9992	-2	4	42138
9993	-2	4	42142
9994	-2	4	42146
9995	-2	4	42150
9996	-2	4	42154
9997	-2	4	42158
9998	-2	4	42162
9999	-2	4	42166
10000	-2	4	42170
10001	-2	4	42174
10002	-2	4	42178
10003	-2	4	42182
10004	-2	4	42186
10005	-2	4	42190
10006	-2	4	42194
10007	-2	4	42198
10008	-2	4	42202
10009	-2	4	42206
10010	-2	4	42210
10011	-2	4	42214
10012	-2	4	42218
10013	-4	6	42224
10014	-2	4	42228
10015	-2	4	42232
10016	-2	4	42236
10017	-2	4	42240
10018	-4	6	42246
10019	-2	4	42250
10020	-2	4	42254
10021	-2	4	42258
10022	-2	4	42262
10023	-2	4	42266
10024	-2	4	42270
10025	-2	4	42274
10026	-2	4	42278
10027	-2	4	42282
10028	-2	4	42286
10029	-2	4	42290
10030	-2	4	42294
10031	-2	4	42298
10032	-2	4	42302
10033	-2	4	42306
10034	-2	4	42310
10035	-2	4	42314
10036	-2	4	42318
10037	-4	6	42324
10038	-2	4	42328
10039	-2	4	42332
10040	-2	4	42336
10041	-2	4	42340
10042	-2	4	42344
10043	-2	4	42348
10044	-2	4	42352
10045	-2	4	42356
10046	-2	4	42360
10047	-2	4	42364
10048	-2	4	42368
10049	-2	4	42372
10050	-4	6	42378
10051	-2	4	42382
10052	-2	4	42386
10053	-2	4	42390
10054	-2	4	42394
10055	-2	4	42398
10056	-2	4	42402
10057	-2	4	42406
10058	-2	4	42410
10059	-2	4	42414
10060	-2	4	42418
10061	-2	4	42422
10062	-2	4	42426
10063	-2	4	42430
10064	-2	4	42434
10065	-2	4	42438
10066	-2	4	42442
10067	-2	4	42446
10068	-2	4	42450
10069	-2	4	42454
10070	-2	4	42458
10071	-2	4	42462
10072	-2	4	42466
10073	-2	4	42470
10074	-2	4	42474
10075	-2	4	42478
10076	-2	4	42482
10077	-2	4	42486
10078	-2	4	42490
10079	-2	4	42494
10080	-2	4	42498
10081	-2	4	42502
10082	-2	4	42506
10083	-4	6	42512
10084	-2	4	42516
10085	-2	4	42520
10086	-2	4	42524
10087	-2	4	42528
10088	-2	4	42532
10089	-2	4	42536
10090	-2	4	42540
10091	-2	4	42544
10092	-2	4	42548
10093	-2	4	42552
10094	-2	4	42556
10095	-2	4	42560
10096	-2	4	42564
10097	-2	4	42568
10098	-4	6	42574
10099	-4	6	42580
10100	-2	4	42584
10101	-2	4	42588
10102	-2	4	42592
10103	-2	4	42596
10104	-2	4	42600
10105	-2	4	42604
10106	-2	4	42608
10107	-2	4	42612
10108	-2	4	42616
10109	-2	4	42620
10110	-2	4	42624
10111	-2	4	42628
10112	-2	4	42632
10113	-2	4	42636
10114	-2	4	42640
10115	-2	4	42644
10116	-4	6	42650
10117	-4	6	42656
10118	-2	4	42660
10119	-2	4	42664
10120	-2	4	42668
10121	-2	4	42672
10122	-2	4	42676
10123	-4	6	42682
10124	-2	4	42686
10125	-2	4	42690
10126	-2	4	42694
10127	-4	6	42700
10128	-2	4	42704
10129	-2	4	42708
10130	-2	4	42712
10131	-2	4	42716
10132	-2	4	42720
10133	-2	4	42724
10134	-2	4	42728
10135	-2	4	42732
10136	-2	4	42736
10137	-2	4	42740
10138	-2	4	42744
10139	-2	4	42748
10140	-2	4	42752
10141	-2	4	42756
10142	-2	4	42760
10143	-2	4	42764
10144	-2	4	42768
10145	-2	4	42772
10146	-2	4	42776
10147	-2	4	42780
10148	-2	4	42784
10149	-6	8	42792
10150	-2	4	42796
10151	-2	4	42800
10152	-2	4	42804
10153	-2	4	42808
10154	-2	4	42812
10155	-2	4	42816
10156	-2	4	42820
10157	-2	4	42824
10158	-2	4	42828
10159	-4	6	42834
10160	-2	4	42838
10161	-2	4	42842
10162	-2	4	42846
10163	-2	4	42850
10164	-2	4	42854
10165	-2	4	42858
10166	-2	4	42862
10167	-2	4	42866
10168	-2	4	42870
10169	-2	4	42874
10170	-2	4	42878
10171	-2	4	42882
10172	-2	4	42886
10173	-2	4	42890
10174	-2	4	42894
10175	-2	4	42898
10176	-2	4	42902
10177	-4	6	42908
10178	-4	6	42914
10179	-2	4	42918
10180	-2	4	42922
10181	-2	4	42926
10182	-2	4	42930
10183	-2	4	42934
10184	-2	4	42938
10185	-2	4	42942
10186	-2	4	42946
10187	-2	4	42950
10188	-2	4	42954
10189	-2	4	42958
10190	-3	5	42963
10191	-2	4	42967
10192	-2	4	42971
10193	-2	4	42975
10194	-2	4	42979
10195	-2	4	42983
10196	-2	4	42987
10197	-2	4	42991
10198	-6	8	42999
10199	-2	4	43003
10200	-2	4	43007
10201	-2	4	43011
10202	-2	4	43015
10203	-2	4	43019
10204	-2	4	43023
10205	-2	4	43027
10206	-2	4	43031
10207	-2	4	43035
10208	-2	4	43039
10209	-2	4	43043
10210	-2	4	43047
10211	-2	4	43051
10212	-2	4	43055
10213	-2	4	43059
10214	-2	4	43063
10215	-2	4	43067
10216	-2	4	43071
10217	-2	4	43075
10218	-2	4	43079
10219	-2	4	43083
10220	-2	4	43087
10221	-2	4	43091
10222	-2	4	43095
10223	-2	4	43099
10224	-2	4	43103
10225	-2	4	43107
10226	-2	4	43111
10227	-2	4	43115
10228	-2	4	43119
10229	-2	4	43123
10230	-2	4	43127
10231	-2	4	43131
10232	-2	4	43135
10233	-2	4	43139
10234	-2	4	43143
10235	-2	4	43147
10236	-2	4	43151
10237	-4	6	43157
10238	-2	4	43161
10239	-2	4	43165
10240	-2	4	43169
10241	-2	4	43173
10242	-2	4	43177
10243	-2	4	43181
10244	-2	4	43185
10245	-2	4	43189
10246	-2	4	43193
10247	-2	4	43197
10248	-2	4	43201
10249	-2	4	43205
10250	-3	5	43210
10251	-2	4	43214
10252	-2	4	43218
10253	-2	4	43222
10254	-2	4	43226
10255	-2	4	43230
10256	-2	4	43234
10257	-2	4	43238
10258	-2	4	43242
10259	-4	6	43248
10260	-2	4	43252
10261	-2	4	43256
10262	-2	4	43260
10263	-4	6	43266
10264	-2	4	43270
10265	-2	4	43274
10266	-2	4	43278
10267	-2	4	43282
10268	-2	4	43286
10269	-2	4	43290
10270	-2	4	43294
10271	-2	4	43298
10272	-2	4	43302
10273	-2	4	43306
10274	-2	4	43310
10275	-2	4	43314
10276	-4	6	43320
10277	-2	4	43324
10278	-2	4	43328
10279	-2	4	43332
10280	-2	4	43336
10281	-2	4	43340
10282	-2	4	43344
10283	-2	4	43348
10284	-2	4	43352
10285	-2	4	43356
10286	-2	4	43360
10287	-2	4	43364
10288	-2	4	43368
10289	-2	4	43372
10290	-2	4	43376
10291	-2	4	43380
10292	-2	4	43384
10293	-2	4	43388
10294	-2	4	43392
10295	-2	4	43396
10296	-2	4	43400
10297	-2	4	43404
10298	-2	4	43408
10299	-2	4	43412
10300	-2	4	43416
10301	-2	4	43420
10302	-2	4	43424
10303	-2	4	43428
10304	-2	4	43432
10305	-4	6	43438
10306	-2	4	43442
10307	-2	4	43446
10308	-2	4	43450
10309	-2	4	43454
10310	-2	4	43458
10311	-2	4	43462
10312	-2	4	43466
10313	-2	4	43470
10314	-4	6	43476
10315	-2	4	43480
10316	-2	4	43484
10317	-2	4	43488
10318	-2	4	43492
10319	-2	4	43496
10320	-2	4	43500
10321	-2	4	43504
10322	-2	4	43508
10323	-2	4	43512
10324	-2	4	43516
10325	-2	4	43520
10326	-2	4	43524
10327	-3	5	43529
10328	-2	4	43533
10329	-2	4	43537
10330	-2	4	43541
10331	-2	4	43545
10332	-2	4	43549
10333	-2	4	43553
10334	-2	4	43557
10335	-2	4	43561
10336	-2	4	43565
10337	-2	4	43569
10338	-2	4	43573
10339	-2	4	43577
10340	-2	4	43581
10341	-2	4	43585
10342	-2	4	43589
10343	-2	4	43593
10344	-2	4	43597
10345	-2	4	43601
10346	-2	4	43605
10347	-2	4	43609
10348	-2	4	43613
10349	-2	4	43617
10350	-2	4	43621
10351	-2	4	43625
10352	-2	4	43629
10353	-2	4	43633
10354	-2	4	43637
10355	-2	4	43641
10356	-2	4	43645
10357	-2	4	43649
10358	-2	4	43653
10359	-2	4	43657
10360	-4	6	43663
10361	-2	4	43667
10362	-2	4	43671
10363	-3	5	43676
10364	-2	4	43680
10365	-3	5	43685
10366	-2	4	43689
10367	-2	4	43693
10368	-2	4	43697
10369	-2	4	43701
10370	-2	4	43705
10371	-2	4	43709
10372	-2	4	43713
10373	-2	4	43717
10374	-2	4	43721
10375	-2	4	43725
10376	-2	4	43729
10377	-2	4	43733
10378	-6	8	43741
10379	-2	4	43745
10380	-2	4	43749
10381	-2	4	43753
10382	-2	4	43757
10383	-2	4	43761
10384	-2	4	43765
10385	-2	4	43769
10386	-2	4	43773
10387	-2	4	43777
10388	-4	6	43783
10389	-2	4	43787
10390	-2	4	43791
10391	-2	4	43795
10392	-2	4	43799
10393	-2	4	43803
10394	-2	4	43807
10395	-2	4	43811
10396	-2	4	43815
10397	-2	4	43819
10398	-2	4	43823
10399	-2	4	43827
10400	-2	4	43831
10401	-2	4	43835
10402	-2	4	43839
10403	-2	4	43843
10404	-2	4	43847
10405	-2	4	43851
10406	-2	4	43855
10407	-2	4	43859
10408	-2	4	43863
10409	-2	4	43867
10410	-2	4	43871
10411	-5	7	43878
10412	-2	4	43882
10413	-2	4	43886
10414	-4	6	43892
10415	-2	4	43896
10416	-2	4	43900
10417	-2	4	43904
10418	-4	6	43910
10419	-2	4	43914
10420	-2	4	43918
10421	-2	4	43922
10422	-2	4	43926
10423	-2	4	43930
10424	-2	4	43934
10425	-2	4	43938
10426	-2	4	43942
10427	-2	4	43946
10428	-2	4	43950
10429	-2	4	43954
10430	-2	4	43958
10431	-2	4	43962
10432	-2	4	43966
10433	-6	8	43974
10434	-2	4	43978
10435	-2	4	43982
10436	-2	4	43986
10437	-6	8	43994
10438	-2	4	43998
10439	-2	4	44002
10440	-2	4	44006
10441	-2	4	44010
10442	-2	4	44014
10443	-2	4	44018
10444	-2	4	44022
10445	-2	4	44026
10446	-2	4	44030
10447	-2	4	44034
10448	-4	6	44040
10449	-2	4	44044
10450	-2	4	44048
10451	-2	4	44052
10452	-2	4	44056
10453	-2	4	44060
10454	-2	4	44064
10455	-2	4	44068
10456	-2	4	44072
10457	-2	4	44076
10458	-2	4	44080
10459	-2	4	44084
10460	-4	6	44090
10461	-2	4	44094
10462	-2	4	44098
10463	-2	4	44102
10464	-2	4	44106
10465	-2	4	44110
10466	-2	4	44114
10467	-2	4	44118
10468	-2	4	44122
10469	-6	8	44130
10470	-2	4	44134
10471	-2	4	44138
10472	-2	4	44142
10473	-2	4	44146
10474	-2	4	44150
10475	-2	4	44154
10476	-4	6	44160
10477	-2	4	44164
10478	-2	4	44168
10479	-2	4	44172
10480	-2	4	44176
10481	-2	4	44180
10482	-2	4	44184
10483	-2	4	44188
10484	-2	4	44192
10485	-2	4	44196
10486	-2	4	44200
10487	-2	4	44204
10488	-2	4	44208
10489	-2	4	44212
10490	-2	4	44216
10491	-2	4	44220
10492	-2	4	44224
10493	-2	4	44228
10494	-2	4	44232
10495	-2	4	44236
10496	-2	4	44240
10497	-2	4	44244
10498	-2	4	44248
10499	-2	4	44252
10500	-2	4	44256
10501	-2	4	44260
10502	-2	4	44264
10503	-2	4	44268
10504	-2	4	44272
10505	-2	4	44276
10506	-2	4	44280
10507	-2	4	44284
10508	-2	4	44288
10509	-2	4	44292
10510	-2	4	44296
10511	-2	4	44300
10512	-2	4	44304
10513	-2	4	44308
10514	-2	4	44312
10515	-4	6	44318
10516	-2	4	44322
10517	-2	4	44326
10518	-2	4	44330
10519	-2	4	44334
10520	-2	4	44338
10521	-2	4	44342
10522	-2	4	44346
10523	-2	4	44350
10524	-2	4	44354
10525	-2	4	44358
10526	-2	4	44362
10527	-2	4	44366
10528	-2	4	44370
10529	-2	4	44374
10530	-2	4	44378
10531	-2	4	44382
10532	-2	4	44386
10533	-2	4	44390
10534	-2	4	44394
10535	-4	6	44400
10536	-2	4	44404
10537	-2	4	44408
10538	-2	4	44412
10539	-4	6	44418
10540	-2	4	44422
10541	-2	4	44426
10542	-2	4	44430
10543	-4	6	44436
10544	-2	4	44440
10545	-2	4	44444
10546	-2	4	44448
10547	-2	4	44452
10548	-2	4	44456
10549	-2	4	44460
10550	-2	4	44464
10551	-2	4	44468
10552	-4	6	44474
10553	-2	4	44478
10554	-2	4	44482
10555	-2	4	44486
10556	-2	4	44490
10557	-2	4	44494
10558	-2	4	44498
10559	-4	6	44504
10560	-2	4	44508
10561	-2	4	44512
10562	-2	4	44516
10563	-2	4	44520
10564	-2	4	44524
10565	-2	4	44528
10566	-2	4	44532
10567	-4	6	44538
10568	-2	4	44542
10569	-2	4	44546
10570	-2	4	44550
10571	-2	4	44554
10572	-2	4	44558
10573	-2	4	44562
10574	-2	4	44566
10575	-2	4	44570
10576	-2	4	44574
10577	-4	6	44580
10578	-2	4	44584
10579	-2	4	44588
10580	-2	4	44592
10581	-2	4	44596
10582	-4	6	44602
10583	-2	4	44606
10584	-2	4	44610
10585	-2	4	44614
10586	-4	6	44620
10587	-2	4	44624
10588	-2	4	44628
10589	-2	4	44632
10590	-2	4	44636
10591	-2	4	44640
10592	-4	6	44646
10593	-2	4	44650
10594	-2	4	44654
10595	-2	4	44658
10596	-2	4	44662
10597	-2	4	44666
10598	-2	4	44670
10599	-2	4	44674
10600	-2	4	44678
10601	-2	4	44682
10602	-2	4	44686
10603	-2	4	44690
10604	-2	4	44694
10605	-2	4	44698
10606	-2	4	44702
10607	-4	6	44708
10608	-2	4	44712
10609	-4	6	44718
10610	-2	4	44722
10611	-6	8	44730
10612	-2	4	44734
10613	-2	4	44738
10614	-2	4	44742
10615	-2	4	44746
10616	-2	4	44750
10617	-2	4	44754
10618	-2	4	44758
10619	-2	4	44762
10620	-2	4	44766
10621	-2	4	44770
10622	-2	4	44774
10623	-4	6	44780
10624	-2	4	44784
10625	-4	6	44790
10626	-2	4	44794
10627	-2	4	44798
10628	-2	4	44802
10629	-2	4	44806
10630	-2	4	44810
10631	-2	4	44814
10632	-2	4	44818
10633	-2	4	44822
10634	-2	4	44826
10635	-2	4	44830
10636	-2	4	44834
10637	-2	4	44838
10638	-2	4	44842
10639	-2	4	44846
10640	-2	4	44850
10641	-2	4	44854
10642	-4	6	44860
10643	-4	6	44866
10644	-2	4	44870
10645	-2	4	44874
10646	-2	4	44878
10647	-2	4	44882
10648	-2	4	44886
10649	-2	4	44890
10650	-4	6	44896
10651	-2	4	44900
10652	-2	4	44904
10653	-2	4	44908
10654	-2	4	44912
10655	-2	4	44916
10656	-2	4	44920
10657	-2	4	44924
10658	-2	4	44928
10659	-2	4	44932
10660	-2	4	44936
10661	-2	4	44940
10662	-2	4	44944
10663	-2	4	44948
10664	-2	4	44952
10665	-2	4	44956
10666	-2	4	44960
10667	-2	4	44964
10668	-2	4	44968
10669	-2	4	44972
10670	-2	4	44976
10671	-2	4	44980
10672	-2	4	44984
10673	-4	6	44990
10674	-2	4	44994
10675	-6	8	45002
10676	-2	4	45006
10677	-2	4	45010
10678	-4	6	45016
10679	-2	4	45020
10680	-2	4	45024
10681	-2	4	45028
10682	-2	4	45032
10683	-2	4	45036
10684	-2	4	45040
10685	-2	4	45044
10686	-2	4	45048
10687	-2	4	45052
10688	-2	4	45056
10689	-2	4	45060
10690	-2	4	45064
10691	-2	4	45068
10692	-2	4	45072
10693	-2	4	45076
10694	-2	4	45080
10695	-2	4	45084
10696	-6	8	45092
10697	-2	4	45096
10698	-2	4	45100
10699	-2	4	45104
10700	-2	4	45108
10701	-2	4	45112
10702	-2	4	45116
10703	-2	4	45120
10704	-2	4	45124
10705	-2	4	45128
10706	-6	8	45136
10707	-2	4	45140
10708	-2	4	45144
10709	-2	4	45148
10710	-2	4	45152
10711	-2	4	45156
10712	-2	4	45160
10713	-2	4	45164
10714	-2	4	45168
10715	-2	4	45172
10716	-4	6	45178
10717	-2	4	45182
10718	-2	4	45186
10719	-2	4	45190
10720	-2	4	45194
10721	-2	4	45198
10722	-2	4	45202
10723	-2	4	45206
10724	-2	4	45210
10725	-2	4	45214
10726	-3	5	45219
10727	-2	4	45223
10728	-2	4	45227
10729	-2	4	45231
10730	-2	4	45235
10731	-5	7	45242
10732	-2	4	45246
10733	-2	4	45250
10734	-2	4	45254
10735	-8	10	45264
10736	-2	4	45268
10737	-2	4	45272
10738	-2	4	45276
10739	-4	6	45282
10740	-2	4	45286
10741	-2	4	45290
10742	-4	6	45296
10743	-2	4	45300
10744	-2	4	45304
10745	-2	4	45308
10746	-2	4	45312
10747	-2	4	45316
10748	-4	6	45322
10749	-2	4	45326
10750	-2	4	45330
10751	-2	4	45334
10752	-2	4	45338
10753	-2	4	45342
10754	-2	4	45346
10755	-2	4	45350
10756	-2	4	45354
10757	-2	4	45358
10758	-6	8	45366
10759	-2	4	45370
10760	-2	4	45374
10761	-2	4	45378
10762	-2	4	45382
10763	-2	4	45386
10764	-2	4	45390
10765	-2	4	45394
10766	-2	4	45398
10767	-2	4	45402
10768	-2	4	45406
10769	-2	4	45410
10770	-2	4	45414
10771	-2	4	45418
10772	-2	4	45422
10773	-2	4	45426
10774	-2	4	45430
10775	-2	4	45434
10776	-2	4	45438
10777	-2	4	45442
10778	-2	4	45446
10779	-2	4	45450
10780	-3	5	45455
10781	-2	4	45459
10782	-2	4	45463
10783	-2	4	45467
10784	-2	4	45471
10785	-2	4	45475
10786	-2	4	45479
10787	-2	4	45483
10788	-2	4	45487
10789	-2	4	45491
10790	-2	4	45495
10791	-2	4	45499
10792	-2	4	45503
10793	-2	4	45507
10794	-4	6	45513
10795	-2	4	45517
10796	-2	4	45521
10797	-2	4	45525
10798	-2	4	45529
10799	-2	4	45533
10800	-2	4	45537
10801	-2	4	45541
10802	-2	4	45545
10803	-2	4	45549
10804	-2	4	45553
10805	-2	4	45557
10806	-2	4	45561
10807	-2	4	45565
10808	-4	6	45571
10809	-2	4	45575
10810	-2	4	45579
10811	-2	4	45583
10812	-2	4	45587
10813	-2	4	45591
10814	-2	4	45595
10815	-2	4	45599
10816	-3	5	45604
10817	-2	4	45608
10818	-2	4	45612
10819	-2	4	45616
10820	-2	4	45620
10821	-2	4	45624
10822	-2	4	45628
10823	-4	6	45634
10824	-2	4	45638
10825	-2	4	45642
10826	-2	4	45646
10827	-4	6	45652
10828	-2	4	45656
10829	-2	4	45660
10830	-2	4	45664
10831	-2	4	45668
10832	-2	4	45672
10833	-4	6	45678
10834	-2	4	45682
10835	-2	4	45686
10836	-6	8	45694
10837	-2	4	45698
10838	-2	4	45702
10839	-2	4	45706
10840	-2	4	45710
10841	-2	4	45714
10842	-4	6	45720
10843	-2	4	45724
10844	-2	4	45728
10845	-4	6	45734
10846	-2	4	45738
10847	-2	4	45742
10848	-2	4	45746
10849	-2	4	45750
10850	-2	4	45754
10851	-2	4	45758
10852	-2	4	45762
10853	-2	4	45766
10854	-2	4	45770
10855	-2	4	45774
10856	-2	4	45778
10857	-2	4	45782
10858	-2	4	45786
10859	-6	8	45794
10860	-2	4	45798
10861	-2	4	45802
10862	-2	4	45806
10863	-2	4	45810
10864	-4	6	45816
10865	-2	4	45820
10866	-2	4	45824
10867	-4	6	45830
10868	-2	4	45834
10869	-2	4	45838
10870	-2	4	45842
10871	-2	4	45846
10872	-2	4	45850
10873	-2	4	45854
10874	-2	4	45858
10875	-2	4	45862
10876	-2	4	45866
10877	-2	4	45870
10878	-2	4	45874
10879	-2	4	45878
10880	-2	4	45882
10881	-2	4	45886
10882	-2	4	45890
10883	-4	6	45896
10884	-2	4	45900
10885	-2	4	45904
10886	-2	4	45908
10887	-2	4	45912
10888	-2	4	45916
10889	-2	4	45920
10890	-2	4	45924
10891	-2	4	45928
10892	-2	4	45932
10893	-2	4	45936
10894	-2	4	45940
10895	-2	4	45944
10896	-4	6	45950
10897	-2	4	45954
10898	-2	4	45958
10899	-2	4	45962
10900	-2	4	45966
10901	-2	4	45970
10902	-2	4	45974
10903	-2	4	45978
10904	-2	4	45982
10905	-2	4	45986
10906	-2	4	45990
10907	-2	4	45994
10908	-2	4	45998
10909	-2	4	46002
10910	-2	4	46006
10911	-2	4	46010
10912	-2	4	46014
10913	-2	4	46018
10914	-2	4	46022
10915	-2	4	46026
10916	-2	4	46030
10917	-2	4	46034
10918	-2	4	46038
10919	-2	4	46042
10920	-2	4	46046
10921	-2	4	46050
10922	-2	4	46054
10923	-2	4	46058
10924	-2	4	46062
10925	-2	4	46066
10926	-2	4	46070
10927	-2	4	46074
10928	-2	4	46078
10929	-2	4	46082
10930	-2	4	46086
10931	-2	4	46090
10932	-2	4	46094
10933	-2	4	46098
10934	-2	4	46102
10935	-2	4	46106
10936	-2	4	46110
10937	-2	4	46114
10938	-2	4	46118
10939	-2	4	46122
10940	-2	4	46126
10941	-3	5	46131
10942	-2	4	46135
10943	-2	4	46139
10944	-2	4	46143
10945	-2	4	46147
10946	-2	4	46151
10947	-2	4	46155
10948	-2	4	46159
10949	-2	4	46163
10950	-2	4	46167
10951	-2	4	46171
10952	-2	4	46175
10953	-2	4	46179
10954	-2	4	46183
10955	-2	4	46187
10956	-3	5	46192
10957	-2	4	46196
10958	-2	4	46200
10959	-2	4	46204
10960	-4	6	46210
10961	-2	4	46214
10962	-2	4	46218
10963	-2	4	46222
10964	-2	4	46226
10965	-2	4	46230
10966	-2	4	46234
10967	-2	4	46238
10968	-2	4	46242
10969	-2	4	46246
10970	-2	4	46250
10971	-2	4	46254
10972	-2	4	46258
10973	-2	4	46262
10974	-2	4	46266
10975	-2	4	46270
10976	-2	4	46274
10977	-2	4	46278
10978	-2	4	46282
10979	-2	4	46286
10980	-2	4	46290
10981	-2	4	46294
10982	-2	4	46298
10983	-2	4	46302
10984	-2	4	46306
10985	-2	4	46310
10986	-2	4	46314
10987	-2	4	46318
10988	-2	4	46322
10989	-2	4	46326
10990	-2	4	46330
10991	-2	4	46334
10992	-2	4	46338
10993	-2	4	46342
10994	-2	4	46346
10995	-2	4	46350
10996	-4	6	46356
10997	-2	4	46360
10998	-2	4	46364
10999	-2	4	46368
11000	-2	4	46372
11001	-2	4	46376
11002	-2	4	46380
11003	-2	4	46384
11004	-2	4	46388
11005	-2	4	46392
11006	-2	4	46396
11007	-2	4	46400
11008	-2	4	46404
11009	-2	4	46408
11010	-2	4	46412
11011	-2	4	46416
11012	-2	4	46420
11013	-2	4	46424
11014	-2	4	46428
11015	-2	4	46432
11016	-2	4	46436
11017	-2	4	46440
11018	-2	4	46444
11019	-2	4	46448
11020	-2	4	46452
11021	-2	4	46456
11022	-2	4	46460
11023	-2	4	46464
11024	-2	4	46468
11025	-2	4	46472
11026	-2	4	46476
11027	-2	4	46480
11028	-2	4	46484
11029	-3	5	46489
11030	-2	4	46493
11031	-2	4	46497
11032	-2	4	46501
11033	-2	4	46505
11034	-2	4	46509
11035	-2	4	46513
11036	-2	4	46517
11037	-2	4	46521
11038	-2	4	46525
11039	-2	4	46529
11040	-2	4	46533
11041	-2	4	46537
11042	-2	4	46541
11043	-2	4	46545
11044	-2	4	46549
11045	-2	4	46553
11046	-2	4	46557
11047	-2	4	46561
11048	-2	4	46565
11049	-6	8	46573
11050	-2	4	46577
11051	-2	4	46581
11052	-2	4	46585
11053	-2	4	46589
11054	-2	4	46593
11055	-2	4	46597
11056	-2	4	46601
11057	-2	4	46605
11058	-6	8	46613
11059	-2	4	46617
11060	-2	4	46621
11061	-2	4	46625
11062	-2	4	46629
11063	-2	4	46633
11064	-2	4	46637
11065	-2	4	46641
11066	-2	4	46645
11067	-4	6	46651
11068	-2	4	46655
11069	-2	4	46659
11070	-2	4	46663
11071	-2	4	46667
11072	-2	4	46671
11073	-4	6	46677
11074	-6	8	46685
11075	-2	4	46689
11076	-2	4	46693
11077	-4	6	46699
11078	-2	4	46703
11079	-2	4	46707
11080	-2	4	46711
11081	-2	4	46715
11082	-2	4	46719
11083	-4	6	46725
11084	-6	8	46733
11085	-2	4	46737
11086	-2	4	46741
11087	-2	4	46745
11088	-2	4	46749
11089	-2	4	46753
11090	-2	4	46757
11091	-2	4	46761
11092	-2	4	46765
11093	-2	4	46769
11094	-2	4	46773
11095	-2	4	46777
11096	-2	4	46781
11097	-2	4	46785
11098	-2	4	46789
11099	-2	4	46793
11100	-3	5	46798
11101	-2	4	46802
11102	-2	4	46806
11103	-2	4	46810
11104	-2	4	46814
11105	-2	4	46818
11106	-2	4	46822
11107	-2	4	46826
11108	-2	4	46830
11109	-2	4	46834
11110	-2	4	46838
11111	-2	4	46842
11112	-2	4	46846
11113	-2	4	46850
11114	-2	4	46854
11115	-2	4	46858
11116	-2	4	46862
11117	-2	4	46866
11118	-2	4	46870
11119	-2	4	46874
11120	-2	4	46878
11121	-2	4	46882
11122	-2	4	46886
11123	-2	4	46890
11124	-2	4	46894
11125	-2	4	46898
11126	-2	4	46902
11127	-2	4	46906
11128	-2	4	46910
11129	-2	4	46914
11130	-2	4	46918
11131	-2	4	46922
11132	-2	4	46926
11133	-4	6	46932
11134	-2	4	46936
11135	-2	4	46940
11136	-2	4	46944
11137	-2	4	46948
11138	-2	4	46952
11139	-4	6	46958
11140	-2	4	46962
11141	-2	4	46966
11142	-2	4	46970
11143	-2	4	46974
11144	-2	4	46978
11145	-4	6	46984
11146	-2	4	46988
11147	-2	4	46992
11148	-2	4	46996
11149	-2	4	47000
11150	-2	4	47004
11151	-2	4	47008
11152	-2	4	47012
11153	-2	4	47016
11154	-2	4	47020
11155	-2	4	47024
11156	-2	4	47028
11157	-2	4	47032
11158	-2	4	47036
11159	-4	6	47042
11160	-2	4	47046
11161	-2	4	47050
11162	-2	4	47054
11163	-3	5	47059
11164	-2	4	47063
11165	-2	4	47067
11166	-4	6	47073
11167	-2	4	47077
11168	-2	4	47081
11169	-2	4	47085
11170	-2	4	47089
11171	-2	4	47093
11172	-2	4	47097
11173	-2	4	47101
11174	-2	4	47105
11175	-2	4	47109
11176	-2	4	47113
11177	-2	4	47117
11178	-2	4	47121
11179	-2	4	47125
11180	-2	4	47129
11181	-2	4	47133
11182	-2	4	47137
11183	-2	4	47141
11184	-2	4	47145
11185	-2	4	47149
11186	-2	4	47153
11187	-2	4	47157
11188	-2	4	47161
11189	-2	4	47165
11190	-2	4	47169
11191	-2	4	47173
11192	-3	5	47178
11193	-2	4	47182
11194	-2	4	47186
11195	-2	4	47190
11196	-2	4	47194
11197	-2	4	47198
11198	-2	4	47202
11199	-2	4	47206
11200	-2	4	47210
11201	-2	4	47214
11202	-4	6	47220
11203	-2	4	47224
11204	-2	4	47228
11205	-2	4	47232
11206	-2	4	47236
11207	-2	4	47240
11208	-2	4	47244
11209	-2	4	47248
11210	-2	4	47252
11211	-2	4	47256
11212	-2	4	47260
11213	-2	4	47264
11214	-2	4	47268
11215	-2	4	47272
11216	-2	4	47276
11217	-2	4	47280
11218	-2	4	47284
11219	-2	4	47288
11220	-2	4	47292
11221	-2	4	47296
11222	-2	4	47300
11223	-2	4	47304
11224	-2	4	47308
11225	-2	4	47312
11226	-2	4	47316
11227	-2	4	47320
11228	-2	4	47324
11229	-2	4	47328
11230	-2	4	47332
11231	-2	4	47336
11232	-2	4	47340
11233	-2	4	47344
11234	-2	4	47348
11235	-2	4	47352
11236	-2	4	47356
11237	-2	4	47360
11238	-2	4	47364
11239	-8	10	47374
11240	-2	4	47378
11241	-2	4	47382
11242	-2	4	47386
11243	-2	4	47390
11244	-2	4	47394
11245	-8	10	47404
11246	-2	4	47408
11247	-2	4	47412
11248	-2	4	47416
11249	-2	4	47420
11250	-2	4	47424
11251	-2	4	47428
11252	-2	4	47432
11253	-4	6	47438
11254	-2	4	47442
11255	-2	4	47446
11256	-2	4	47450
11257	-2	4	47454
11258	-2	4	47458
11259	-2	4	47462
11260	-2	4	47466
11261	-2	4	47470
11262	-2	4	47474
11263	-2	4	47478
11264	-2	4	47482
11265	-4	6	47488
11266	-2	4	47492
11267	-2	4	47496
11268	-2	4	47500
11269	-2	4	47504
11270	-2	4	47508
11271	-2	4	47512
11272	-2	4	47516
11273	-2	4	47520
11274	-2	4	47524
11275	-2	4	47528
11276	-2	4	47532
11277	-2	4	47536
11278	-2	4	47540
11279	-2	4	47544
11280	-2	4	47548
11281	-2	4	47552
11282	-2	4	47556
11283	-2	4	47560
11284	-2	4	47564
11285	-2	4	47568
11286	-2	4	47572
11287	-2	4	47576
11288	-2	4	47580
11289	-2	4	47584
11290	-2	4	47588
11291	-2	4	47592
11292	-2	4	47596
11293	-2	4	47600
11294	-4	6	47606
11295	-2	4	47610
11296	-2	4	47614
11297	-2	4	47618
11298	-2	4	47622
11299	-2	4	47626
11300	-2	4	47630
11301	-2	4	47634
11302	-2	4	47638
11303	-2	4	47642
11304	-2	4	47646
11305	-2	4	47650
11306	-2	4	47654
11307	-2	4	47658
11308	-2	4	47662
11309	-2	4	47666
11310	-4	6	47672
11311	-2	4	47676
11312	-3	5	47681
11313	-2	4	47685
11314	-2	4	47689
11315	-2	4	47693
11316	-2	4	47697
11317	-2	4	47701
11318	-2	4	47705
11319	-2	4	47709
11320	-2	4	47713
11321	-2	4	47717
11322	-2	4	47721
11323	-2	4	47725
11324	-2	4	47729
11325	-4	6	47735
11326	-2	4	47739
11327	-2	4	47743
11328	-2	4	47747
11329	-2	4	47751
11330	-4	6	47757
11331	-2	4	47761
11332	-2	4	47765
11333	-2	4	47769
11334	-2	4	47773
11335	-2	4	47777
11336	-2	4	47781
11337	-2	4	47785
11338	-2	4	47789
11339	-4	6	47795
11340	-2	4	47799
11341	-2	4	47803
11342	-2	4	47807
11343	-2	4	47811
11344	-2	4	47815
11345	-2	4	47819
11346	-2	4	47823
11347	-2	4	47827
11348	-2	4	47831
11349	-4	6	47837
11350	-2	4	47841
11351	-2	4	47845
11352	-2	4	47849
11353	-2	4	47853
11354	-2	4	47857
11355	-2	4	47861
11356	-2	4	47865
11357	-2	4	47869
11358	-2	4	47873
11359	-2	4	47877
11360	-5	7	47884
11361	-2	4	47888
11362	-2	4	47892
11363	-2	4	47896
11364	-2	4	47900
11365	-2	4	47904
11366	-3	5	47909
11367	-2	4	47913
11368	-2	4	47917
11369	-2	4	47921
11370	-2	4	47925
11371	-2	4	47929
11372	-2	4	47933
11373	-2	4	47937
11374	-2	4	47941
11375	-2	4	47945
11376	-2	4	47949
11377	-2	4	47953
11378	-2	4	47957
11379	-2	4	47961
11380	-2	4	47965
11381	-2	4	47969
11382	-2	4	47973
11383	-2	4	47977
11384	-2	4	47981
11385	-2	4	47985
11386	-2	4	47989
11387	-2	4	47993
11388	-2	4	47997
11389	-2	4	48001
11390	-2	4	48005
11391	-2	4	48009
11392	-2	4	48013
11393	-2	4	48017
11394	-2	4	48021
11395	-2	4	48025
11396	-2	4	48029
11397	-2	4	48033
11398	-2	4	48037
11399	-2	4	48041
11400	-2	4	48045
11401	-2	4	48049
11402	-2	4	48053
11403	-4	6	48059
11404	-2	4	48063
11405	-2	4	48067
11406	-2	4	48071
11407	-2	4	48075
11408	-2	4	48079
11409	-2	4	48083
11410	-2	4	48087
11411	-2	4	48091
11412	-2	4	48095
11413	-2	4	48099
11414	-2	4	48103
11415	-2	4	48107
11416	-2	4	48111
11417	-2	4	48115
11418	-2	4	48119
11419	-2	4	48123
11420	-2	4	48127
11421	-2	4	48131
11422	-2	4	48135
11423	-2	4	48139
11424	-2	4	48143
11425	-2	4	48147
11426	-2	4	48151
11427	-4	6	48157
11428	-2	4	48161
11429	-2	4	48165
11430	-2	4	48169
11431	-2	4	48173
11432	-2	4	48177
11433	-2	4	48181
11434	-2	4	48185
11435	-2	4	48189
11436	-2	4	48193
11437	-2	4	48197
11438	-2	4	48201
11439	-2	4	48205
11440	-2	4	48209
11441	-2	4	48213
11442	-2	4	48217
11443	-2	4	48221
11444	-2	4	48225
11445	-2	4	48229
11446	-2	4	48233
11447	-2	4	48237
11448	-2	4	48241
11449	-2	4	48245
11450	-2	4	48249
11451	-2	4	48253
11452	-2	4	48257
11453	-2	4	48261
11454	-4	6	48267
11455	-2	4	48271
11456	-2	4	48275
11457	-2	4	48279
11458	-2	4	48283
11459	-2	4	48287
11460	-2	4	48291
11461	-2	4	48295
11462	-2	4	48299
11463	-2	4	48303
11464	-2	4	48307
11465	-2	4	48311
11466	-2	4	48315
11467	-4	6	48321
11468	-2	4	48325
11469	-2	4	48329
11470	-2	4	48333
11471	-2	4	48337
11472	-2	4	48341
11473	-2	4	48345
11474	-2	4	48349
11475	-2	4	48353
11476	-2	4	48357
11477	-2	4	48361
11478	-2	4	48365
11479	-2	4	48369
11480	-2	4	48373
11481	-2	4	48377
11482	-2	4	48381
11483	-2	4	48385
11484	-2	4	48389
11485	-2	4	48393
11486	-2	4	48397
11487	-6	8	48405
11488	-2	4	48409
11489	-2	4	48413
11490	-2	4	48417
11491	-4	6	48423
11492	-2	4	48427
11493	-2	4	48431
11494	-2	4	48435
11495	-2	4	48439
11496	-2	4	48443
11497	-2	4	48447
11498	-2	4	48451
11499	-2	4	48455
11500	-2	4	48459
11501	-2	4	48463
11502	-2	4	48467
11503	-2	4	48471
11504	-2	4	48475
11505	-2	4	48479
11506	-2	4	48483
11507	-3	5	48488
11508	-2	4	48492
11509	-2	4	48496
11510	-4	6	48502
11511	-2	4	48506
11512	-2	4	48510
11513	-2	4	48514
11514	-2	4	48518
11515	-2	4	48522
11516	-2	4	48526
11517	-2	4	48530
11518	-2	4	48534
11519	-2	4	48538
11520	-2	4	48542
11521	-2	4	48546
11522	-2	4	48550
11523	-2	4	48554
11524	-6	8	48562
11525	-2	4	48566
11526	-2	4	48570
11527	-2	4	48574
11528	-2	4	48578
11529	-2	4	48582
11530	-2	4	48586
11531	-6	8	48594
11532	-2	4	48598
11533	-2	4	48602
11534	-6	8	48610
11535	-2	4	48614
11536	-2	4	48618
11537	-2	4	48622
11538	-2	4	48626
11539	-2	4	48630
11540	-2	4	48634
11541	-2	4	48638
11542	-2	4	48642
11543	-2	4	48646
11544	-2	4	48650
11545	-2	4	48654
11546	-4	6	48660
11547	-2	4	48664
11548	-2	4	48668
11549	-2	4	48672
11550	-5	7	48679
11551	-2	4	48683
11552	-2	4	48687
11553	-2	4	48691
11554	-2	4	48695
11555	-2	4	48699
11556	-2	4	48703
11557	-6	8	48711
11558	-2	4	48715
11559	-2	4	48719
11560	-2	4	48723
11561	-4	6	48729
11562	-2	4	48733
11563	-2	4	48737
11564	-2	4	48741
11565	-2	4	48745
11566	-2	4	48749
11567	-2	4	48753
11568	-4	6	48759
11569	-2	4	48763
11570	-2	4	48767
11571	-4	6	48773
11572	-2	4	48777
11573	-2	4	48781
11574	-2	4	48785
11575	-2	4	48789
11576	-2	4	48793
11577	-2	4	48797
11578	-2	4	48801
11579	-2	4	48805
11580	-2	4	48809
11581	-4	6	48815
11582	-2	4	48819
11583	-4	6	48825
11584	-2	4	48829
11585	-2	4	48833
11586	-2	4	48837
11587	-2	4	48841
11588	-2	4	48845
11589	-2	4	48849
11590	-2	4	48853
11591	-2	4	48857
11592	-2	4	48861
11593	-2	4	48865
11594	-2	4	48869
11595	-2	4	48873
11596	-2	4	48877
11597	-2	4	48881
11598	-2	4	48885
11599	-2	4	48889
11600	-4	6	48895
11601	-2	4	48899
11602	-2	4	48903
11603	-2	4	48907
11604	-2	4	48911
11605	-2	4	48915
11606	-2	4	48919
11607	-4	6	48925
11608	-3	5	48930
11609	-2	4	48934
11610	-2	4	48938
11611	-2	4	48942
11612	-2	4	48946
11613	-4	6	48952
11614	-2	4	48956
11615	-2	4	48960
11616	-2	4	48964
11617	-2	4	48968
11618	-2	4	48972
11619	-2	4	48976
11620	-2	4	48980
11621	-2	4	48984
11622	-2	4	48988
11623	-2	4	48992
11624	-2	4	48996
11625	-2	4	49000
11626	-2	4	49004
11627	-2	4	49008
11628	-2	4	49012
11629	-2	4	49016
11630	-2	4	49020
11631	-2	4	49024
11632	-2	4	49028
11633	-2	4	49032
11634	-2	4	49036
11635	-2	4	49040
11636	-2	4	49044
11637	-2	4	49048
11638	-2	4	49052
11639	-2	4	49056
11640	-2	4	49060
11641	-2	4	49064
11642	-2	4	49068
11643	-2	4	49072
11644	-2	4	49076
11645	-2	4	49080
11646	-2	4	49084
11647	-2	4	49088
11648	-2	4	49092
11649	-4	6	49098
11650	-2	4	49102
11651	-2	4	49106
11652	-2	4	49110
11653	-2	4	49114
11654	-7	9	49123
11655	-2	4	49127
11656	-2	4	49131
11657	-2	4	49135
11658	-2	4	49139
11659	-2	4	49143
11660	-2	4	49147
11661	-2	4	49151
11662	-2	4	49155
11663	-2	4	49159
11664	-2	4	49163
11665	-2	4	49167
11666	-2	4	49171
11667	-2	4	49175
11668	-2	4	49179
11669	-2	4	49183
11670	-2	4	49187
11671	-2	4	49191
11672	-2	4	49195
11673	-2	4	49199
11674	-2	4	49203
11675	-2	4	49207
11676	-2	4	49211
11677	-4	6	49217
11678	-2	4	49221
11679	-2	4	49225
11680	-2	4	49229
11681	-2	4	49233
11682	-2	4	49237
11683	-2	4	49241
11684	-2	4	49245
11685	-2	4	49249
11686	-2	4	49253
11687	-2	4	49257
11688	-2	4	49261
11689	-2	4	49265
11690	-2	4	49269
11691	-4	6	49275
11692	-4	6	49281
11693	-2	4	49285
11694	-2	4	49289
11695	-2	4	49293
11696	-2	4	49297
11697	-2	4	49301
11698	-2	4	49305
11699	-2	4	49309
11700	-2	4	49313
11701	-4	6	49319
11702	-2	4	49323
11703	-2	4	49327
11704	-4	6	49333
11705	-2	4	49337
11706	-2	4	49341
11707	-2	4	49345
11708	-4	6	49351
11709	-2	4	49355
11710	-2	4	49359
11711	-2	4	49363
11712	-2	4	49367
11713	-2	4	49371
11714	-2	4	49375
11715	-2	4	49379
11716	-2	4	49383
11717	-2	4	49387
11718	-2	4	49391
11719	-2	4	49395
11720	-2	4	49399
11721	-2	4	49403
11722	-4	6	49409
11723	-2	4	49413
11724	-2	4	49417
11725	-2	4	49421
11726	-2	4	49425
11727	-2	4	49429
11728	-2	4	49433
11729	-2	4	49437
11730	-2	4	49441
11731	-2	4	49445
11732	-4	6	49451
11733	-2	4	49455
11734	-2	4	49459
11735	-2	4	49463
11736	-2	4	49467
11737	-2	4	49471
11738	-2	4	49475
11739	-2	4	49479
11740	-2	4	49483
11741	-2	4	49487
11742	-4	6	49493
11743	-4	6	49499
11744	-2	4	49503
11745	-2	4	49507
11746	-2	4	49511
11747	-2	4	49515
11748	-2	4	49519
11749	-2	4	49523
11750	-2	4	49527
11751	-2	4	49531
11752	-2	4	49535
11753	-2	4	49539
11754	-2	4	49543
11755	-2	4	49547
11756	-2	4	49551
11757	-3	5	49556
11758	-2	4	49560
11759	-2	4	49564
11760	-2	4	49568
11761	-2	4	49572
11762	-2	4	49576
11763	-2	4	49580
11764	-2	4	49584
11765	-2	4	49588
11766	-2	4	49592
11767	-2	4	49596
11768	-2	4	49600
11769	-2	4	49604
11770	-2	4	49608
11771	-2	4	49612
11772	-2	4	49616
11773	-4	6	49622
11774	-4	6	49628
11775	-2	4	49632
11776	-4	6	49638
11777	-2	4	49642
11778	-2	4	49646
11779	-2	4	49650
11780	-2	4	49654
11781	-2	4	49658
11782	-2	4	49662
11783	-2	4	49666
11784	-4	6	49672
11785	-2	4	49676
11786	-2	4	49680
11787	-6	8	49688
11788	-2	4	49692
11789	-2	4	49696
11790	-2	4	49700
11791	-2	4	49704
11792	-2	4	49708
11793	-2	4	49712
11794	-2	4	49716
11795	-2	4	49720
11796	-2	4	49724
11797	-2	4	49728
11798	-2	4	49732
11799	-6	8	49740
11800	-2	4	49744
11801	-2	4	49748
11802	-2	4	49752
11803	-2	4	49756
11804	-2	4	49760
11805	-2	4	49764
11806	-3	5	49769
11807	-2	4	49773
11808	-2	4	49777
11809	-6	8	49785
11810	-2	4	49789
11811	-2	4	49793
11812	-2	4	49797
11813	-2	4	49801
11814	-2	4	49805
11815	-2	4	49809
11816	-2	4	49813
11817	-2	4	49817
11818	-2	4	49821
11819	-2	4	49825
11820	-2	4	49829
11821	-2	4	49833
11822	-2	4	49837
11823	-2	4	49841
11824	-2	4	49845
11825	-2	4	49849
11826	-2	4	49853
11827	-2	4	49857
11828	-2	4	49861
11829	-2	4	49865
11830	-2	4	49869
11831	-2	4	49873
11832	-2	4	49877
11833	-2	4	49881
11834	-2	4	49885
11835	-2	4	49889
11836	-2	4	49893
11837	-4	6	49899
11838	-2	4	49903
11839	-2	4	49907
11840	-2	4	49911
11841	-2	4	49915
11842	-2	4	49919
11843	-2	4	49923
11844	-2	4	49927
11845	-2	4	49931
11846	-2	4	49935
11847	-2	4	49939
11848	-2	4	49943
11849	-2	4	49947
11850	-2	4	49951
11851	-2	4	49955
11852	-2	4	49959
11853	-2	4	49963
11854	-2	4	49967
11855	-2	4	49971
11856	-2	4	49975
11857	-2	4	49979
11858	-2	4	49983
11859	-2	4	49987
11860	-2	4	49991
11861	-2	4	49995
11862	-2	4	49999
11863	-2	4	50003
11864	-2	4	50007
11865	-2	4	50011
11866	-6	8	50019
11867	-2	4	50023
11868	-2	4	50027
11869	-2	4	50031
11870	-2	4	50035
11871	-2	4	50039
11872	-2	4	50043
11873	-2	4	50047
11874	-2	4	50051
11875	-2	4	50055
11876	-2	4	50059
11877	-2	4	50063
11878	-2	4	50067
11879	-2	4	50071
11880	-2	4	50075
11881	-2	4	50079
11882	-2	4	50083
11883	-2	4	50087
11884	-2	4	50091
11885	-2	4	50095
11886	-2	4	50099
11887	-6	8	50107
11888	-2	4	50111
11889	-2	4	50115
11890	-6	8	50123
11891	-2	4	50127
11892	-2	4	50131
11893	-2	4	50135
11894	-2	4	50139
11895	-2	4	50143
11896	-6	8	50151
11897	-2	4	50155
11898	-2	4	50159
11899	-2	4	50163
11900	-2	4	50167
11901	-2	4	50171
11902	-2	4	50175
11903	-2	4	50179
11904	-2	4	50183
11905	-2	4	50187
11906	-2	4	50191
11907	-2	4	50195
11908	-2	4	50199
11909	-2	4	50203
11910	-2	4	50207
11911	-2	4	50211
11912	-2	4	50215
11913	-2	4	50219
11914	-2	4	50223
11915	-2	4	50227
11916	-2	4	50231
11917	-2	4	50235
11918	-2	4	50239
11919	-2	4	50243
11920	-4	6	50249
11921	-2	4	50253
11922	-2	4	50257
11923	-2	4	50261
11924	-2	4	50265
11925	-2	4	50269
11926	-2	4	50273
11927	-2	4	50277
11928	-2	4	50281
11929	-2	4	50285
11930	-2	4	50289
11931	-2	4	50293
11932	-2	4	50297
11933	-2	4	50301
11934	-4	6	50307
11935	-2	4	50311
11936	-4	6	50317
11937	-2	4	50321
11938	-2	4	50325
11939	-2	4	50329
11940	-2	4	50333
11941	-2	4	50337
11942	-2	4	50341
11943	-2	4	50345
11944	-4	6	50351
11945	-2	4	50355
11946	-6	8	50363
11947	-2	4	50367
11948	-2	4	50371
11949	-2	4	50375
11950	-2	4	50379
11951	-2	4	50383
11952	-2	4	50387
11953	-2	4	50391
11954	-2	4	50395
11955	-2	4	50399
11956	-2	4	50403
11957	-2	4	50407
11958	-6	8	50415
11959	-2	4	50419
11960	-2	4	50423
11961	-2	4	50427
11962	-2	4	50431
11963	-2	4	50435
11964	-2	4	50439
11965	-2	4	50443
11966	-2	4	50447
11967	-2	4	50451
11968	-2	4	50455
11969	-2	4	50459
11970	-2	4	50463
11971	-2	4	50467
11972	-2	4	50471
11973	-4	6	50477
11974	-2	4	50481
11975	-2	4	50485
11976	-2	4	50489
11977	-2	4	50493
11978	-2	4	50497
11979	-2	4	50501
11980	-2	4	50505
11981	-2	4	50509
11982	-6	8	50517
11983	-2	4	50521
11984	-2	4	50525
11985	-6	8	50533
11986	-2	4	50537
11987	-2	4	50541
11988	-2	4	50545
11989	-2	4	50549
11990	-2	4	50553
11991	-2	4	50557
11992	-2	4	50561
11993	-2	4	50565
11994	-2	4	50569
11995	-2	4	50573
11996	-2	4	50577
11997	-2	4	50581
11998	-2	4	50585
11999	-2	4	50589
12000	-2	4	50593
12001	-2	4	50597
12002	-2	4	50601
12003	-2	4	50605
12004	-2	4	50609
12005	-2	4	50613
12006	-2	4	50617
12007	-2	4	50621
12008	-2	4	50625
12009	-2	4	50629
12010	-2	4	50633
12011	-2	4	50637
12012	-2	4	50641
12013	-4	6	50647
12014	-2	4	50651
12015	-2	4	50655
12016	-2	4	50659
12017	-2	4	50663
12018	-2	4	50667
12019	-2	4	50671
12020	-2	4	50675
12021	-2	4	50679
12022	-2	4	50683
12023	-2	4	50687
12024	-2	4	50691
12025	-2	4	50695
12026	-3	5	50700
12027	-2	4	50704
12028	-2	4	50708
12029	-6	8	50716
12030	-2	4	50720
12031	-2	4	50724
12032	-2	4	50728
12033	-2	4	50732
12034	-4	6	50738
12035	-2	4	50742
12036	-2	4	50746
12037	-2	4	50750
12038	-2	4	50754
12039	-3	5	50759
12040	-2	4	50763
12041	-2	4	50767
12042	-2	4	50771
12043	-2	4	50775
12044	-2	4	50779
12045	-2	4	50783
12046	-2	4	50787
12047	-2	4	50791
12048	-2	4	50795
12049	-2	4	50799
12050	-2	4	50803
12051	-2	4	50807
12052	-2	4	50811
12053	-2	4	50815
12054	-2	4	50819
12055	-2	4	50823
12056	-2	4	50827
12057	-2	4	50831
12058	-2	4	50835
12059	-2	4	50839
12060	-2	4	50843
12061	-2	4	50847
12062	-2	4	50851
12063	-2	4	50855
12064	-2	4	50859
12065	-2	4	50863
12066	-2	4	50867
12067	-2	4	50871
12068	-2	4	50875
12069	-2	4	50879
12070	-2	4	50883
12071	-2	4	50887
12072	-7	9	50896
12073	-2	4	50900
12074	-2	4	50904
12075	-3	5	50909
12076	-4	6	50915
12077	-2	4	50919
12078	-2	4	50923
12079	-2	4	50927
12080	-2	4	50931
12081	-2	4	50935
12082	-2	4	50939
12083	-4	6	50945
12084	-2	4	50949
12085	-2	4	50953
12086	-2	4	50957
12087	-2	4	50961
12088	-2	4	50965
12089	-2	4	50969
12090	-2	4	50973
12091	-2	4	50977
12092	-2	4	50981
12093	-2	4	50985
12094	-2	4	50989
12095	-2	4	50993
12096	-2	4	50997
12097	-2	4	51001
12098	-2	4	51005
12099	-2	4	51009
12100	-2	4	51013
12101	-2	4	51017
12102	-2	4	51021
12103	-2	4	51025
12104	-2	4	51029
12105	-2	4	51033
12106	-2	4	51037
12107	-2	4	51041
12108	-2	4	51045
12109	-2	4	51049
12110	-2	4	51053
12111	-2	4	51057
12112	-2	4	51061
12113	-2	4	51065
12114	-2	4	51069
12115	-2	4	51073
12116	-2	4	51077
12117	-3	5	51082
12118	-4	6	51088
12119	-2	4	51092
12120	-2	4	51096
12121	-2	4	51100
12122	-2	4	51104
12123	-2	4	51108
12124	-2	4	51112
12125	-2	4	51116
12126	-2	4	51120
12127	-2	4	51124
12128	-2	4	51128
12129	-2	4	51132
12130	-2	4	51136
12131	-2	4	51140
12132	-2	4	51144
12133	-2	4	51148
12134	-2	4	51152
12135	-2	4	51156
12136	-2	4	51160
12137	-2	4	51164
12138	-2	4	51168
12139	-2	4	51172
12140	-2	4	51176
12141	-2	4	51180
12142	-2	4	51184
12143	-2	4	51188
12144	-2	4	51192
12145	-2	4	51196
12146	-2	4	51200
12147	-4	6	51206
12148	-2	4	51210
12149	-2	4	51214
12150	-2	4	51218
12151	-2	4	51222
12152	-4	6	51228
12153	-2	4	51232
12154	-2	4	51236
12155	-2	4	51240
12156	-2	4	51244
12157	-4	6	51250
12158	-2	4	51254
12159	-2	4	51258
12160	-2	4	51262
12161	-2	4	51266
12162	-2	4	51270
12163	-2	4	51274
12164	-2	4	51278
12165	-2	4	51282
12166	-2	4	51286
12167	-2	4	51290
12168	-2	4	51294
12169	-3	5	51299
12170	-2	4	51303
12171	-2	4	51307
12172	-2	4	51311
12173	-2	4	51315
12174	-2	4	51319
12175	-2	4	51323
12176	-2	4	51327
12177	-2	4	51331
12178	-2	4	51335
12179	-2	4	51339
12180	-2	4	51343
12181	-2	4	51347
12182	-2	4	51351
12183	-2	4	51355
12184	-2	4	51359
12185	-2	4	51363
12186	-2	4	51367
12187	-4	6	51373
12188	-2	4	51377
12189	-2	4	51381
12190	-2	4	51385
12191	-2	4	51389
12192	-2	4	51393
12193	-2	4	51397
12194	-2	4	51401
12195	-2	4	51405
12196	-2	4	51409
12197	-2	4	51413
12198	-2	4	51417
12199	-2	4	51421
12200	-2	4	51425
12201	-2	4	51429
12202	-2	4	51433
12203	-2	4	51437
12204	-2	4	51441
12205	-2	4	51445
12206	-2	4	51449
12207	-2	4	51453
12208	-2	4	51457
12209	-6	8	51465
12210	-2	4	51469
12211	-2	4	51473
12212	-2	4	51477
12213	-2	4	51481
12214	-2	4	51485
12215	-2	4	51489
12216	-2	4	51493
12217	-4	6	51499
12218	-2	4	51503
12219	-2	4	51507
12220	-2	4	51511
12221	-2	4	51515
12222	-2	4	51519
12223	-2	4	51523
12224	-2	4	51527
12225	-2	4	51531
12226	-2	4	51535
12227	-2	4	51539
12228	-2	4	51543
12229	-2	4	51547
12230	-2	4	51551
12231	-2	4	51555
12232	-4	6	51561
12233	-2	4	51565
12234	-2	4	51569
12235	-2	4	51573
12236	-2	4	51577
12237	-2	4	51581
12238	-2	4	51585
12239	-2	4	51589
12240	-2	4	51593
12241	-4	6	51599
12242	-2	4	51603
12243	-2	4	51607
12244	-2	4	51611
12245	-2	4	51615
12246	-2	4	51619
12247	-2	4	51623
12248	-2	4	51627
12249	-2	4	51631
12250	-2	4	51635
12251	-2	4	51639
12252	-2	4	51643
12253	-2	4	51647
12254	-2	4	51651
12255	-2	4	51655
12256	-2	4	51659
12257	-2	4	51663
12258	-6	8	51671
12259	-2	4	51675
12260	-2	4	51679
12261	-2	4	51683
12262	-4	6	51689
12263	-2	4	51693
12264	-2	4	51697
12265	-2	4	51701
12266	-2	4	51705
12267	-2	4	51709
12268	-2	4	51713
12269	-2	4	51717
12270	-2	4	51721
12271	-2	4	51725
12272	-2	4	51729
12273	-2	4	51733
12274	-2	4	51737
12275	-2	4	51741
12276	-2	4	51745
12277	-2	4	51749
12278	-2	4	51753
12279	-6	8	51761
12280	-2	4	51765
12281	-2	4	51769
12282	-2	4	51773
12283	-2	4	51777
12284	-2	4	51781
12285	-2	4	51785
12286	-2	4	51789
12287	-2	4	51793
12288	-2	4	51797
12289	-2	4	51801
12290	-2	4	51805
12291	-2	4	51809
12292	-2	4	51813
12293	-2	4	51817
12294	-2	4	51821
12295	-2	4	51825
12296	-2	4	51829
12297	-2	4	51833
12298	-2	4	51837
12299	-2	4	51841
12300	-2	4	51845
12301	-2	4	51849
12302	-4	6	51855
12303	-2	4	51859
12304	-2	4	51863
12305	-2	4	51867
12306	-2	4	51871
12307	-2	4	51875
12308	-2	4	51879
12309	-2	4	51883
12310	-2	4	51887
12311	-2	4	51891
12312	-2	4	51895
12313	-2	4	51899
12314	-2	4	51903
12315	-2	4	51907
12316	-2	4	51911
12317	-2	4	51915
12318	-2	4	51919
12319	-2	4	51923
12320	-2	4	51927
12321	-2	4	51931
12322	-2	4	51935
12323	-2	4	51939
12324	-2	4	51943
12325	-2	4	51947
12326	-2	4	51951
12327	-2	4	51955
12328	-2	4	51959
12329	-2	4	51963
12330	-2	4	51967
12331	-2	4	51971
12332	-2	4	51975
12333	-2	4	51979
12334	-2	4	51983
12335	-2	4	51987
12336	-2	4	51991
12337	-2	4	51995
12338	-2	4	51999
12339	-2	4	52003
12340	-2	4	52007
12341	-4	6	52013
12342	-2	4	52017
12343	-4	6	52023
12344	-2	4	52027
12345	-2	4	52031
12346	-2	4	52035
12347	-2	4	52039
12348	-2	4	52043
12349	-2	4	52047
12350	-2	4	52051
12351	-2	4	52055
12352	-2	4	52059
12353	-2	4	52063
12354	-2	4	52067
12355	-2	4	52071
12356	-2	4	52075
12357	-2	4	52079
12358	-2	4	52083
12359	-2	4	52087
12360	-2	4	52091
12361	-2	4	52095
12362	-2	4	52099
12363	-2	4	52103
12364	-4	6	52109
12365	-2	4	52113
12366	-2	4	52117
12367	-2	4	52121
12368	-2	4	52125
12369	-2	4	52129
12370	-2	4	52133
12371	-2	4	52137
12372	-2	4	52141
12373	-2	4	52145
12374	-2	4	52149
12375	-2	4	52153
12376	-2	4	52157
12377	-2	4	52161
12378	-2	4	52165
12379	-2	4	52169
12380	-3	5	52174
12381	-2	4	52178
12382	-2	4	52182
12383	-2	4	52186
12384	-2	4	52190
12385	-2	4	52194
12386	-2	4	52198
12387	-2	4	52202
12388	-2	4	52206
12389	-2	4	52210
12390	-2	4	52214
12391	-2	4	52218
12392	-2	4	52222
12393	-2	4	52226
12394	-2	4	52230
12395	-2	4	52234
12396	-2	4	52238
12397	-2	4	52242
12398	-2	4	52246
12399	-2	4	52250
12400	-2	4	52254
12401	-2	4	52258
12402	-2	4	52262
12403	-2	4	52266
12404	-2	4	52270
12405	-6	8	52278
12406	-2	4	52282
12407	-2	4	52286
12408	-2	4	52290
12409	-2	4	52294
12410	-2	4	52298
12411	-2	4	52302
12412	-2	4	52306
12413	-2	4	52310
12414	-4	6	52316
12415	-2	4	52320
12416	-2	4	52324
12417	-4	6	52330
12418	-2	4	52334
12419	-2	4	52338
12420	-2	4	52342
12421	-2	4	52346
12422	-2	4	52350
12423	-2	4	52354
12424	-2	4	52358
12425	-2	4	52362
12426	-2	4	52366
12427	-2	4	52370
12428	-2	4	52374
12429	-2	4	52378
12430	-2	4	52382
12431	-2	4	52386
12432	-2	4	52390
12433	-2	4	52394
12434	-2	4	52398
12435	-2	4	52402
12436	-2	4	52406
12437	-2	4	52410
12438	-2	4	52414
12439	-4	6	52420
12440	-2	4	52424
12441	-2	4	52428
12442	-2	4	52432
12443	-2	4	52436
12444	-2	4	52440
12445	-2	4	52444
12446	-2	4	52448
12447	-2	4	52452
12448	-2	4	52456
12449	-2	4	52460
12450	-2	4	52464
12451	-2	4	52468
12452	-2	4	52472
12453	-2	4	52476
12454	-2	4	52480
12455	-2	4	52484
12456	-2	4	52488
12457	-2	4	52492
12458	-2	4	52496
12459	-2	4	52500
12460	-2	4	52504
12461	-2	4	52508
12462	-2	4	52512
12463	-2	4	52516
12464	-2	4	52520
12465	-2	4	52524
12466	-2	4	52528
12467	-2	4	52532
12468	-4	6	52538
12469	-2	4	52542
12470	-2	4	52546
12471	-2	4	52550
12472	-2	4	52554
12473	-2	4	52558
12474	-2	4	52562
12475	-2	4	52566
12476	-2	4	52570
12477	-2	4	52574
12478	-2	4	52578
12479	-2	4	52582
12480	-2	4	52586
12481	-2	4	52590
12482	-2	4	52594
12483	-2	4	52598
12484	-2	4	52602
12485	-2	4	52606
12486	-2	4	52610
12487	-2	4	52614
12488	-2	4	52618
12489	-2	4	52622
12490	-2	4	52626
12491	-2	4	52630
12492	-2	4	52634
12493	-2	4	52638
12494	-2	4	52642
12495	-2	4	52646
12496	-2	4	52650
12497	-2	4	52654
12498	-2	4	52658
12499	-2	4	52662
12500	-2	4	52666
12501	-2	4	52670
12502	-2	4	52674
12503	-2	4	52678
12504	-2	4	52682
12505	-2	4	52686
12506	-2	4	52690
12507	-2	4	52694
12508	-2	4	52698
12509	-2	4	52702
12510	-2	4	52706
12511	-2	4	52710
12512	-2	4	52714
12513	-2	4	52718
12514	-2	4	52722
12515	-2	4	52726
12516	-2	4	52730
12517	-6	8	52738
12518	-4	6	52744
12519	-2	4	52748
12520	-2	4	52752
12521	-2	4	52756
12522	-2	4	52760
12523	-2	4	52764
12524	-2	4	52768
12525	-4	6	52774
12526	-2	4	52778
12527	-2	4	52782
12528	-2	4	52786
12529	-2	4	52790
12530	-2	4	52794
12531	-2	4	52798
12532	-2	4	52802
12533	-2	4	52806
12534	-2	4	52810
12535	-2	4	52814
12536	-2	4	52818
12537	-2	4	52822
12538	-2	4	52826
12539	-2	4	52830
12540	-2	4	52834
12541	-2	4	52838
12542	-2	4	52842
12543	-2	4	52846
12544	-2	4	52850
12545	-2	4	52854
12546	-2	4	52858
12547	-2	4	52862
12548	-2	4	52866
12549	-2	4	52870
12550	-2	4	52874
12551	-2	4	52878
12552	-2	4	52882
12553	-4	6	52888
12554	-2	4	52892
12555	-2	4	52896
12556	-2	4	52900
12557	-2	4	52904
12558	-2	4	52908
12559	-2	4	52912
12560	-2	4	52916
12561	-2	4	52920
12562	-2	4	52924
12563	-2	4	52928
12564	-2	4	52932
12565	-2	4	52936
12566	-2	4	52940
12567	-2	4	52944
12568	-2	4	52948
12569	-2	4	52952
12570	-2	4	52956
12571	-2	4	52960
12572	-2	4	52964
12573	-2	4	52968
12574	-2	4	52972
12575	-2	4	52976
12576	-2	4	52980
12577	-2	4	52984
12578	-4	6	52990
12579	-2	4	52994
12580	-2	4	52998
12581	-2	4	53002
12582	-6	8	53010
12583	-2	4	53014
12584	-2	4	53018
12585	-2	4	53022
12586	-2	4	53026
12587	-2	4	53030
12588	-2	4	53034
12589	-2	4	53038
12590	-2	4	53042
12591	-2	4	53046
12592	-2	4	53050
12593	-2	4	53054
12594	-2	4	53058
12595	-2	4	53062
12596	-2	4	53066
12597	-2	4	53070
12598	-2	4	53074
12599	-2	4	53078
12600	-2	4	53082
12601	-4	6	53088
12602	-2	4	53092
12603	-2	4	53096
12604	-4	6	53102
12605	-2	4	53106
12606	-2	4	53110
12607	-2	4	53114
12608	-2	4	53118
12609	-6	8	53126
12610	-2	4	53130
12611	-6	8	53138
12612	-2	4	53142
12613	-2	4	53146
12614	-2	4	53150
12615	-2	4	53154
12616	-2	4	53158
12617	-4	6	53164
12618	-2	4	53168
12619	-2	4	53172
12620	-2	4	53176
12621	-2	4	53180
12622	-2	4	53184
12623	-2	4	53188
12624	-4	6	53194
12625	-2	4	53198
12626	-2	4	53202
12627	-2	4	53206
12628	-2	4	53210
12629	-2	4	53214
12630	-2	4	53218
12631	-2	4	53222
12632	-2	4	53226
12633	-2	4	53230
12634	-2	4	53234
12635	-2	4	53238
12636	-2	4	53242
12637	-2	4	53246
12638	-4	6	53252
12639	-2	4	53256
12640	-4	6	53262
12641	-2	4	53266
12642	-2	4	53270
12643	-2	4	53274
12644	-2	4	53278
12645	-2	4	53282
12646	-4	6	53288
12647	-2	4	53292
12648	-2	4	53296
12649	-2	4	53300
12650	-2	4	53304
12651	-2	4	53308
12652	-2	4	53312
12653	-2	4	53316
12654	-2	4	53320
12655	-2	4	53324
12656	-2	4	53328
12657	-2	4	53332
12658	-2	4	53336
12659	-2	4	53340
12660	-2	4	53344
12661	-2	4	53348
12662	-2	4	53352
12663	-2	4	53356
12664	-2	4	53360
12665	-2	4	53364
12666	-2	4	53368
12667	-2	4	53372
12668	-2	4	53376
12669	-2	4	53380
12670	-2	4	53384
12671	-2	4	53388
12672	-2	4	53392
12673	-2	4	53396
12674	-2	4	53400
12675	-2	4	53404
12676	-2	4	53408
12677	-2	4	53412
12678	-2	4	53416
12679	-2	4	53420
12680	-2	4	53424
12681	-2	4	53428
12682	-2	4	53432
12683	-2	4	53436
12684	-2	4	53440
12685	-2	4	53444
12686	-2	4	53448
12687	-2	4	53452
12688	-2	4	53456
12689	-2	4	53460
12690	-2	4	53464
12691	-2	4	53468
12692	-2	4	53472
12693	-2	4	53476
12694	-4	6	53482
12695	-2	4	53486
12696	-2	4	53490
12697	-2	4	53494
12698	-2	4	53498
12699	-2	4	53502
12700	-2	4	53506
12701	-2	4	53510
12702	-2	4	53514
12703	-2	4	53518
12704	-5	7	53525
12705	-2	4	53529
12706	-2	4	53533
12707	-2	4	53537
12708	-2	4	53541
12709	-2	4	53545
12710	-2	4	53549
12711	-2	4	53553
12712	-2	4	53557
12713	-2	4	53561
12714	-2	4	53565
12715	-4	6	53571
12716	-2	4	53575
12717	-2	4	53579
12718	-2	4	53583
12719	-2	4	53587
12720	-2	4	53591
12721	-2	4	53595
12722	-2	4	53599
12723	-2	4	53603
12724	-2	4	53607
12725	-2	4	53611
12726	-2	4	53615
12727	-2	4	53619
12728	-2	4	53623
12729	-2	4	53627
12730	-2	4	53631
12731	-2	4	53635
12732	-2	4	53639
12733	-2	4	53643
12734	-2	4	53647
12735	-2	4	53651
12736	-2	4	53655
12737	-2	4	53659
12738	-2	4	53663
12739	-2	4	53667
12740	-2	4	53671
12741	-2	4	53675
12742	-2	4	53679
12743	-2	4	53683
12744	-2	4	53687
12745	-2	4	53691
12746	-2	4	53695
12747	-2	4	53699
12748	-2	4	53703
12749	-2	4	53707
12750	-2	4	53711
12751	-2	4	53715
12752	-2	4	53719
12753	-2	4	53723
12754	-2	4	53727
12755	-2	4	53731
12756	-2	4	53735
12757	-2	4	53739
12758	-2	4	53743
12759	-2	4	53747
12760	-4	6	53753
12761	-2	4	53757
12762	-2	4	53761
12763	-2	4	53765
12764	-2	4	53769
12765	-2	4	53773
12766	-2	4	53777
12767	-2	4	53781
12768	-4	6	53787
12769	-2	4	53791
12770	-2	4	53795
12771	-2	4	53799
12772	-2	4	53803
12773	-2	4	53807
12774	-2	4	53811
12775	-2	4	53815
12776	-2	4	53819
12777	-2	4	53823
12778	-2	4	53827
12779	-2	4	53831
12780	-4	6	53837
12781	-2	4	53841
12782	-2	4	53845
12783	-2	4	53849
12784	-2	4	53853
12785	-2	4	53857
12786	-2	4	53861
12787	-2	4	53865
12788	-2	4	53869
12789	-4	6	53875
12790	-2	4	53879
12791	-2	4	53883
12792	-2	4	53887
12793	-3	5	53892
12794	-2	4	53896
12795	-2	4	53900
12796	-2	4	53904
12797	-4	6	53910
12798	-2	4	53914
12799	-2	4	53918
12800	-2	4	53922
12801	-2	4	53926
12802	-4	6	53932
12803	-2	4	53936
12804	-2	4	53940
12805	-2	4	53944
12806	-2	4	53948
12807	-2	4	53952
12808	-2	4	53956
12809	-2	4	53960
12810	-2	4	53964
12811	-2	4	53968
12812	-2	4	53972
12813	-2	4	53976
12814	-2	4	53980
12815	-2	4	53984
12816	-2	4	53988
12817	-2	4	53992
12818	-2	4	53996
12819	-2	4	54000
12820	-2	4	54004
12821	-2	4	54008
12822	-2	4	54012
12823	-2	4	54016
12824	-2	4	54020
12825	-2	4	54024
12826	-2	4	54028
12827	-2	4	54032
12828	-2	4	54036
12829	-2	4	54040
12830	-2	4	54044
12831	-2	4	54048
12832	-2	4	54052
12833	-2	4	54056
12834	-2	4	54060
12835	-2	4	54064
12836	-2	4	54068
12837	-2	4	54072
12838	-2	4	54076
12839	-2	4	54080
12840	-2	4	54084
12841	-2	4	54088
12842	-2	4	54092
12843	-2	4	54096
12844	-2	4	54100
12845	-2	4	54104
12846	-2	4	54108
12847	-4	6	54114
12848	-3	5	54119
12849	-2	4	54123
12850	-2	4	54127
12851	-2	4	54131
12852	-2	4	54135
12853	-2	4	54139
12854	-2	4	54143
12855	-4	6	54149
12856	-2	4	54153
12857	-4	6	54159
12858	-4	6	54165
12859	-2	4	54169
12860	-2	4	54173
12861	-2	4	54177
12862	-2	4	54181
12863	-2	4	54185
12864	-2	4	54189
12865	-2	4	54193
12866	-2	4	54197
12867	-4	6	54203
12868	-2	4	54207
12869	-2	4	54211
12870	-2	4	54215
12871	-2	4	54219
12872	-2	4	54223
12873	-2	4	54227
12874	-2	4	54231
12875	-2	4	54235
12876	-2	4	54239
12877	-2	4	54243
12878	-2	4	54247
12879	-2	4	54251
12880	-2	4	54255
12881	-2	4	54259
12882	-2	4	54263
12883	-6	8	54271
12884	-2	4	54275
12885	-2	4	54279
12886	-2	4	54283
12887	-2	4	54287
12888	-2	4	54291
12889	-2	4	54295
12890	-2	4	54299
12891	-2	4	54303
12892	-2	4	54307
12893	-2	4	54311
12894	-4	6	54317
12895	-2	4	54321
12896	-2	4	54325
12897	-2	4	54329
12898	-2	4	54333
12899	-2	4	54337
12900	-2	4	54341
12901	-2	4	54345
12902	-2	4	54349
12903	-2	4	54353
12904	-2	4	54357
12905	-2	4	54361
12906	-2	4	54365
12907	-2	4	54369
12908	-6	8	54377
12909	-2	4	54381
12910	-2	4	54385
12911	-2	4	54389
12912	-2	4	54393
12913	-2	4	54397
12914	-2	4	54401
12915	-2	4	54405
12916	-2	4	54409
12917	-2	4	54413
12918	-2	4	54417
12919	-2	4	54421
12920	-2	4	54425
12921	-2	4	54429
12922	-2	4	54433
12923	-2	4	54437
12924	-2	4	54441
12925	-2	4	54445
12926	-2	4	54449
12927	-2	4	54453
12928	-2	4	54457
12929	-2	4	54461
12930	-2	4	54465
12931	-2	4	54469
12932	-2	4	54473
12933	-2	4	54477
12934	-2	4	54481
12935	-2	4	54485
12936	-6	8	54493
12937	-2	4	54497
12938	-2	4	54501
12939	-2	4	54505
12940	-2	4	54509
12941	-2	4	54513
12942	-2	4	54517
12943	-2	4	54521
12944	-2	4	54525
12945	-2	4	54529
12946	-2	4	54533
12947	-2	4	54537
12948	-6	8	54545
12949	-2	4	54549
12950	-2	4	54553
12951	-2	4	54557
12952	-4	6	54563
12953	-2	4	54567
12954	-2	4	54571
12955	-2	4	54575
12956	-2	4	54579
12957	-2	4	54583
12958	-2	4	54587
12959	-2	4	54591
12960	-2	4	54595
12961	-2	4	54599
12962	-2	4	54603
12963	-2	4	54607
12964	-2	4	54611
12965	-2	4	54615
12966	-2	4	54619
12967	-2	4	54623
12968	-2	4	54627
12969	-2	4	54631
12970	-2	4	54635
12971	-2	4	54639
12972	-2	4	54643
12973	-2	4	54647
12974	-2	4	54651
12975	-2	4	54655
12976	-2	4	54659
12977	-2	4	54663
12978	-2	4	54667
12979	-2	4	54671
12980	-2	4	54675
12981	-2	4	54679
12982	-2	4	54683
12983	-2	4	54687
12984	-2	4	54691
12985	-2	4	54695
12986	-2	4	54699
12987	-2	4	54703
12988	-2	4	54707
12989	-2	4	54711
12990	-2	4	54715
12991	-2	4	54719
12992	-2	4	54723
12993	-2	4	54727
12994	-2	4	54731
12995	-4	6	54737
12996	-2	4	54741
12997	-2	4	54745
12998	-4	6	54751
12999	-2	4	54755
13000	-2	4	54759
13001	-2	4	54763
13002	-2	4	54767
13003	-2	4	54771
13004	-2	4	54775
13005	-2	4	54779
13006	-2	4	54783
13007	-4	6	54789
13008	-2	4	54793
13009	-2	4	54797
13010	-2	4	54801
13011	-4	6	54807
13012	-2	4	54811
13013	-2	4	54815
13014	-2	4	54819
13015	-2	4	54823
13016	-4	6	54829
13017	-2	4	54833
13018	-2	4	54837
13019	-4	6	54843
13020	-2	4	54847
13021	-2	4	54851
13022	-2	4	54855
13023	-2	4	54859
13024	-2	4	54863
13025	-2	4	54867
13026	-2	4	54871
13027	-8	10	54881
13028	-2	4	54885
13029	-2	4	54889
13030	-2	4	54893
13031	-2	4	54897
13032	-2	4	54901
13033	-2	4	54905
13034	-2	4	54909
13035	-2	4	54913
13036	-2	4	54917
13037	-2	4	54921
13038	-2	4	54925
13039	-2	4	54929
13040	-4	6	54935
13041	-2	4	54939
13042	-2	4	54943
13043	-2	4	54947
13044	-2	4	54951
13045	-2	4	54955
13046	-2	4	54959
13047	-2	4	54963
13048	-2	4	54967
13049	-2	4	54971
13050	-2	4	54975
13051	-2	4	54979
13052	-2	4	54983
13053	-2	4	54987
13054	-2	4	54991
13055	-2	4	54995
13056	-2	4	54999
13057	-2	4	55003
13058	-2	4	55007
13059	-2	4	55011
13060	-4	6	55017
13061	-2	4	55021
13062	-2	4	55025
13063	-3	5	55030
13064	-2	4	55034
13065	-2	4	55038
13066	-2	4	55042
13067	-2	4	55046
13068	-6	8	55054
13069	-2	4	55058
13070	-2	4	55062
13071	-2	4	55066
13072	-2	4	55070
13073	-2	4	55074
13074	-2	4	55078
13075	-2	4	55082
13076	-2	4	55086
13077	-4	6	55092
13078	-4	6	55098
13079	-2	4	55102
13080	-2	4	55106
13081	-2	4	55110
13082	-2	4	55114
13083	-2	4	55118
13084	-2	4	55122
13085	-2	4	55126
13086	-2	4	55130
13087	-2	4	55134
13088	-2	4	55138
13089	-2	4	55142
13090	-2	4	55146
13091	-2	4	55150
13092	-2	4	55154
13093	-2	4	55158
13094	-2	4	55162
13095	-2	4	55166
13096	-2	4	55170
13097	-2	4	55174
13098	-2	4	55178
13099	-2	4	55182
13100	-2	4	55186
13101	-2	4	55190
13102	-2	4	55194
13103	-2	4	55198
13104	-6	8	55206
13105	-2	4	55210
13106	-2	4	55214
13107	-2	4	55218
13108	-2	4	55222
13109	-4	6	55228
13110	-2	4	55232
13111	-2	4	55236
13112	-2	4	55240
13113	-2	4	55244
13114	-2	4	55248
13115	-2	4	55252
13116	-2	4	55256
13117	-2	4	55260
13118	-2	4	55264
13119	-2	4	55268
13120	-2	4	55272
13121	-2	4	55276
13122	-2	4	55280
13123	-2	4	55284
13124	-2	4	55288
13125	-2	4	55292
13126	-6	8	55300
13127	-2	4	55304
13128	-2	4	55308
13129	-2	4	55312
13130	-2	4	55316
13131	-2	4	55320
13132	-2	4	55324
13133	-2	4	55328
13134	-2	4	55332
13135	-2	4	55336
13136	-2	4	55340
13137	-2	4	55344
13138	-2	4	55348
13139	-2	4	55352
13140	-2	4	55356
13141	-2	4	55360
13142	-2	4	55364
13143	-2	4	55368
13144	-2	4	55372
13145	-2	4	55376
13146	-2	4	55380
13147	-2	4	55384
13148	-2	4	55388
13149	-2	4	55392
13150	-2	4	55396
13151	-2	4	55400
13152	-2	4	55404
13153	-2	4	55408
13154	-2	4	55412
13155	-2	4	55416
13156	-2	4	55420
13157	-2	4	55424
13158	-2	4	55428
13159	-2	4	55432
13160	-2	4	55436
13161	-2	4	55440
13162	-2	4	55444
13163	-2	4	55448
13164	-2	4	55452
13165	-2	4	55456
13166	-2	4	55460
13167	-4	6	55466
13168	-2	4	55470
13169	-2	4	55474
13170	-2	4	55478
13171	-2	4	55482
13172	-2	4	55486
13173	-2	4	55490
13174	-4	6	55496
13175	-2	4	55500
13176	-2	4	55504
13177	-2	4	55508
13178	-2	4	55512
13179	-2	4	55516
13180	-2	4	55520
13181	-2	4	55524
13182	-2	4	55528
13183	-2	4	55532
13184	-2	4	55536
13185	-2	4	55540
13186	-2	4	55544
13187	-2	4	55548
13188	-2	4	55552
13189	-2	4	55556
13190	-2	4	55560
13191	-2	4	55564
13192	-2	4	55568
13193	-2	4	55572
13194	-2	4	55576
13195	-2	4	55580
13196	-2	4	55584
13197	-2	4	55588
13198	-2	4	55592
13199	-2	4	55596
13200	-2	4	55600
13201	-2	4	55604
13202	-2	4	55608
13203	-2	4	55612
13204	-2	4	55616
13205	-2	4	55620
13206	-2	4	55624
13207	-2	4	55628
13208	-2	4	55632
13209	-2	4	55636
13210	-2	4	55640
13211	-2	4	55644
13212	-2	4	55648
13213	-2	4	55652
13214	-2	4	55656
13215	-2	4	55660
13216	-4	6	55666
13217	-2	4	55670
13218	-2	4	55674
13219	-2	4	55678
13220	-2	4	55682
13221	-4	6	55688
13222	-2	4	55692
13223	-2	4	55696
13224	-2	4	55700
13225	-2	4	55704
13226	-2	4	55708
13227	-2	4	55712
13228	-2	4	55716
13229	-2	4	55720
13230	-2	4	55724
13231	-2	4	55728
13232	-2	4	55732
13233	-2	4	55736
13234	-2	4	55740
13235	-2	4	55744
13236	-2	4	55748
13237	-2	4	55752
13238	-2	4	55756
13239	-2	4	55760
13240	-2	4	55764
13241	-2	4	55768
13242	-2	4	55772
13243	-2	4	55776
13244	-2	4	55780
13245	-2	4	55784
13246	-2	4	55788
13247	-2	4	55792
13248	-2	4	55796
13249	-2	4	55800
13250	-2	4	55804
13251	-2	4	55808
13252	-2	4	55812
13253	-2	4	55816
13254	-2	4	55820
13255	-2	4	55824
13256	-2	4	55828
13257	-2	4	55832
13258	-2	4	55836
13259	-4	6	55842
13260	-2	4	55846
13261	-2	4	55850
13262	-2	4	55854
13263	-2	4	55858
13264	-6	8	55866
13265	-2	4	55870
13266	-2	4	55874
13267	-2	4	55878
13268	-2	4	55882
13269	-2	4	55886
13270	-2	4	55890
13271	-2	4	55894
13272	-2	4	55898
13273	-4	6	55904
13274	-2	4	55908
13275	-2	4	55912
13276	-2	4	55916
13277	-4	6	55922
13278	-2	4	55926
13279	-2	4	55930
13280	-2	4	55934
13281	-2	4	55938
13282	-2	4	55942
13283	-2	4	55946
13284	-2	4	55950
13285	-2	4	55954
13286	-2	4	55958
13287	-2	4	55962
13288	-2	4	55966
13289	-2	4	55970
13290	-2	4	55974
13291	-2	4	55978
13292	-2	4	55982
13293	-2	4	55986
13294	-2	4	55990
13295	-2	4	55994
13296	-2	4	55998
13297	-2	4	56002
13298	-2	4	56006
13299	-2	4	56010
13300	-2	4	56014
13301	-2	4	56018
13302	-2	4	56022
13303	-2	4	56026
13304	-2	4	56030
13305	-2	4	56034
13306	-3	5	56039
13307	-2	4	56043
13308	-2	4	56047
13309	-2	4	56051
13310	-2	4	56055
13311	-2	4	56059
13312	-2	4	56063
13313	-2	4	56067
13314	-4	6	56073
13315	-2	4	56077
13316	-2	4	56081
13317	-2	4	56085
13318	-2	4	56089
13319	-2	4	56093
13320	-2	4	56097
13321	-2	4	56101
13322	-2	4	56105
13323	-2	4	56109
13324	-2	4	56113
13325	-2	4	56117
13326	-2	4	56121
13327	-3	5	56126
13328	-2	4	56130
13329	-2	4	56134
13330	-4	6	56140
13331	-2	4	56144
13332	-2	4	56148
13333	-2	4	56152
13334	-2	4	56156
13335	-2	4	56160
13336	-2	4	56164
13337	-2	4	56168
13338	-2	4	56172
13339	-2	4	56176
13340	-2	4	56180
13341	-2	4	56184
13342	-2	4	56188
13343	-2	4	56192
13344	-2	4	56196
13345	-2	4	56200
13346	-2	4	56204
13347	-2	4	56208
13348	-2	4	56212
13349	-2	4	56216
13350	-2	4	56220
13351	-2	4	56224
13352	-2	4	56228
13353	-2	4	56232
13354	-2	4	56236
13355	-2	4	56240
13356	-2	4	56244
13357	-4	6	56250
13358	-2	4	56254
13359	-2	4	56258
13360	-2	4	56262
13361	-2	4	56266
13362	-2	4	56270
13363	-2	4	56274
13364	-2	4	56278
13365	-2	4	56282
13366	-2	4	56286
13367	-2	4	56290
13368	-2	4	56294
13369	-2	4	56298
13370	-2	4	56302
13371	-2	4	56306
13372	-2	4	56310
13373	-2	4	56314
13374	-2	4	56318
13375	-2	4	56322
13376	-2	4	56326
13377	-2	4	56330
13378	-2	4	56334
13379	-2	4	56338
13380	-2	4	56342
13381	-2	4	56346
13382	-2	4	56350
13383	-2	4	56354
13384	-2	4	56358
13385	-2	4	56362
13386	-2	4	56366
13387	-2	4	56370
13388	-2	4	56374
13389	-2	4	56378
13390	-2	4	56382
13391	-2	4	56386
13392	-2	4	56390
13393	-2	4	56394
13394	-2	4	56398
13395	-2	4	56402
13396	-2	4	56406
13397	-2	4	56410
13398	-2	4	56414
13399	-2	4	56418
13400	-2	4	56422
13401	-2	4	56426
13402	-2	4	56430
13403	-2	4	56434
13404	-2	4	56438
13405	-2	4	56442
13406	-2	4	56446
13407	-4	6	56452
13408	-2	4	56456
13409	-2	4	56460
13410	-4	6	56466
13411	-2	4	56470
13412	-2	4	56474
13413	-2	4	56478
13414	-2	4	56482
13415	-2	4	56486
13416	-2	4	56490
13417	-2	4	56494
13418	-2	4	56498
13419	-2	4	56502
13420	-2	4	56506
13421	-2	4	56510
13422	-2	4	56514
13423	-2	4	56518
13424	-2	4	56522
13425	-2	4	56526
13426	-2	4	56530
13427	-2	4	56534
13428	-2	4	56538
13429	-2	4	56542
13430	-2	4	56546
13431	-2	4	56550
13432	-2	4	56554
13433	-2	4	56558
13434	-2	4	56562
13435	-2	4	56566
13436	-2	4	56570
13437	-2	4	56574
13438	-2	4	56578
13439	-2	4	56582
13440	-2	4	56586
13441	-2	4	56590
13442	-2	4	56594
13443	-2	4	56598
13444	-2	4	56602
13445	-2	4	56606
13446	-2	4	56610
13447	-2	4	56614
13448	-2	4	56618
13449	-2	4	56622
13450	-2	4	56626
13451	-2	4	56630
13452	-2	4	56634
13453	-2	4	56638
13454	-2	4	56642
13455	-2	4	56646
13456	-2	4	56650
13457	-2	4	56654
13458	-2	4	56658
13459	-2	4	56662
13460	-2	4	56666
13461	-2	4	56670
13462	-2	4	56674
13463	-2	4	56678
13464	-2	4	56682
13465	-2	4	56686
13466	-4	6	56692
13467	-2	4	56696
13468	-2	4	56700
13469	-2	4	56704
13470	-2	4	56708
13471	-2	4	56712
13472	-2	4	56716
13473	-2	4	56720
13474	-2	4	56724
13475	-2	4	56728
13476	-2	4	56732
13477	-2	4	56736
13478	-2	4	56740
13479	-2	4	56744
13480	-2	4	56748
13481	-2	4	56752
13482	-2	4	56756
13483	-2	4	56760
13484	-2	4	56764
13485	-4	6	56770
13486	-2	4	56774
13487	-2	4	56778
13488	-2	4	56782
13489	-2	4	56786
13490	-2	4	56790
13491	-2	4	56794
13492	-2	4	56798
13493	-2	4	56802
13494	-2	4	56806
13495	-2	4	56810
13496	-2	4	56814
13497	-2	4	56818
13498	-2	4	56822
13499	-2	4	56826
13500	-2	4	56830
13501	-4	6	56836
13502	-2	4	56840
13503	-2	4	56844
13504	-2	4	56848
13505	-2	4	56852
13506	-2	4	56856
13507	-2	4	56860
13508	-2	4	56864
13509	-2	4	56868
13510	-2	4	56872
13511	-2	4	56876
13512	-2	4	56880
13513	-2	4	56884
13514	-2	4	56888
13515	-2	4	56892
13516	-2	4	56896
13517	-2	4	56900
13518	-2	4	56904
13519	-3	5	56909
13520	-2	4	56913
13521	-2	4	56917
13522	-2	4	56921
13523	-2	4	56925
13524	-2	4	56929
13525	-2	4	56933
13526	-2	4	56937
13527	-2	4	56941
13528	-2	4	56945
13529	-2	4	56949
13530	-2	4	56953
13531	-2	4	56957
13532	-2	4	56961
13533	-2	4	56965
13534	-2	4	56969
13535	-2	4	56973
13536	-2	4	56977
13537	-2	4	56981
13538	-2	4	56985
13539	-2	4	56989
13540	-2	4	56993
13541	-2	4	56997
13542	-2	4	57001
13543	-2	4	57005
13544	-2	4	57009
13545	-2	4	57013
13546	-2	4	57017
13547	-2	4	57021
13548	-2	4	57025
13549	-2	4	57029
13550	-2	4	57033
13551	-2	4	57037
13552	-2	4	57041
13553	-2	4	57045
13554	-2	4	57049
13555	-2	4	57053
13556	-2	4	57057
13557	-6	8	57065
13558	-4	6	57071
13559	-2	4	57075
13560	-2	4	57079
13561	-2	4	57083
13562	-2	4	57087
13563	-2	4	57091
13564	-2	4	57095
13565	-2	4	57099
13566	-2	4	57103
13567	-2	4	57107
13568	-2	4	57111
13569	-2	4	57115
13570	-2	4	57119
13571	-2	4	57123
13572	-4	6	57129
13573	-2	4	57133
13574	-4	6	57139
13575	-2	4	57143
13576	-2	4	57147
13577	-2	4	57151
13578	-2	4	57155
13579	-2	4	57159
13580	-2	4	57163
13581	-2	4	57167
13582	-2	4	57171
13583	-2	4	57175
13584	-2	4	57179
13585	-2	4	57183
13586	-2	4	57187
13587	-2	4	57191
13588	-2	4	57195
13589	-2	4	57199
13590	-2	4	57203
13591	-2	4	57207
13592	-2	4	57211
13593	-2	4	57215
13594	-2	4	57219
13595	-2	4	57223
13596	-2	4	57227
13597	-2	4	57231
13598	-2	4	57235
13599	-2	4	57239
13600	-2	4	57243
13601	-2	4	57247
13602	-2	4	57251
13603	-4	6	57257
13604	-2	4	57261
13605	-2	4	57265
13606	-2	4	57269
13607	-2	4	57273
13608	-2	4	57277
13609	-2	4	57281
13610	-2	4	57285
13611	-2	4	57289
13612	-2	4	57293
13613	-2	4	57297
13614	-2	4	57301
13615	-2	4	57305
13616	-2	4	57309
13617	-2	4	57313
13618	-4	6	57319
13619	-2	4	57323
13620	-2	4	57327
13621	-2	4	57331
13622	-2	4	57335
13623	-2	4	57339
13624	-2	4	57343
13625	-2	4	57347
13626	-2	4	57351
13627	-2	4	57355
13628	-2	4	57359
13629	-2	4	57363
13630	-2	4	57367
13631	-2	4	57371
13632	-2	4	57375
13633	-2	4	57379
13634	-2	4	57383
13635	-2	4	57387
13636	-2	4	57391
13637	-2	4	57395
13638	-2	4	57399
13639	-2	4	57403
13640	-2	4	57407
13641	-2	4	57411
13642	-2	4	57415
13643	-2	4	57419
13644	-2	4	57423
13645	-4	6	57429
13646	-6	8	57437
13647	-2	4	57441
13648	-4	6	57447
13649	-2	4	57451
13650	-2	4	57455
13651	-2	4	57459
13652	-6	8	57467
13653	-2	4	57471
13654	-4	6	57477
13655	-2	4	57481
13656	-2	4	57485
13657	-2	4	57489
13658	-2	4	57493
13659	-2	4	57497
13660	-4	6	57503
13661	-2	4	57507
13662	-2	4	57511
13663	-2	4	57515
13664	-2	4	57519
13665	-2	4	57523
13666	-2	4	57527
13667	-2	4	57531
13668	-2	4	57535
13669	-2	4	57539
13670	-2	4	57543
13671	-2	4	57547
13672	-2	4	57551
13673	-2	4	57555
13674	-2	4	57559
13675	-2	4	57563
13676	-2	4	57567
13677	-2	4	57571
13678	-2	4	57575
13679	-2	4	57579
13680	-2	4	57583
13681	-2	4	57587
13682	-2	4	57591
13683	-2	4	57595
13684	-2	4	57599
13685	-2	4	57603
13686	-2	4	57607
13687	-2	4	57611
13688	-2	4	57615
13689	-2	4	57619
13690	-2	4	57623
13691	-4	6	57629
13692	-3	5	57634
13693	-2	4	57638
13694	-2	4	57642
13695	-2	4	57646
13696	-3	5	57651
13697	-2	4	57655
13698	-2	4	57659
13699	-4	6	57665
13700	-2	4	57669
13701	-2	4	57673
13702	-6	8	57681
13703	-2	4	57685
13704	-2	4	57689
13705	-2	4	57693
13706	-2	4	57697
13707	-2	4	57701
13708	-2	4	57705
13709	-2	4	57709
13710	-2	4	57713
13711	-2	4	57717
13712	-2	4	57721
13713	-2	4	57725
13714	-2	4	57729
13715	-2	4	57733
13716	-2	4	57737
13717	-2	4	57741
13718	-2	4	57745
13719	-2	4	57749
13720	-2	4	57753
13721	-2	4	57757
13722	-2	4	57761
13723	-2	4	57765
13724	-2	4	57769
13725	-2	4	57773
13726	-2	4	57777
13727	-2	4	57781
13728	-2	4	57785
13729	-2	4	57789
13730	-2	4	57793
13731	-2	4	57797
13732	-2	4	57801
13733	-2	4	57805
13734	-4	6	57811
13735	-2	4	57815
13736	-2	4	57819
13737	-2	4	57823
13738	-2	4	57827
13739	-4	6	57833
13740	-2	4	57837
13741	-2	4	57841
13742	-2	4	57845
13743	-2	4	57849
13744	-2	4	57853
13745	-2	4	57857
13746	-2	4	57861
13747	-2	4	57865
13748	-2	4	57869
13749	-2	4	57873
13750	-2	4	57877
13751	-2	4	57881
13752	-3	5	57886
13753	-3	5	57891
13754	-2	4	57895
13755	-2	4	57899
13756	-2	4	57903
13757	-4	6	57909
13758	-2	4	57913
13759	-2	4	57917
13760	-6	8	57925
13761	-2	4	57929
13762	-2	4	57933
13763	-2	4	57937
13764	-2	4	57941
13765	-2	4	57945
13766	-2	4	57949
13767	-2	4	57953
13768	-2	4	57957
13769	-4	6	57963
13770	-2	4	57967
13771	-2	4	57971
13772	-2	4	57975
13773	-2	4	57979
13774	-2	4	57983
13775	-2	4	57987
13776	-2	4	57991
13777	-2	4	57995
13778	-2	4	57999
13779	-4	6	58005
13780	-2	4	58009
13781	-2	4	58013
13782	-2	4	58017
13783	-2	4	58021
13784	-4	6	58027
13785	-2	4	58031
13786	-2	4	58035
13787	-4	6	58041
13788	-2	4	58045
13789	-2	4	58049
13790	-2	4	58053
13791	-2	4	58057
13792	-2	4	58061
13793	-2	4	58065
13794	-2	4	58069
13795	-2	4	58073
13796	-2	4	58077
13797	-4	6	58083
13798	-2	4	58087
13799	-2	4	58091
13800	-2	4	58095
13801	-2	4	58099
13802	-2	4	58103
13803	-2	4	58107
13804	-2	4	58111
13805	-2	4	58115
13806	-2	4	58119
13807	-2	4	58123
13808	-2	4	58127
13809	-2	4	58131
13810	-2	4	58135
13811	-4	6	58141
13812	-2	4	58145
13813	-2	4	58149
13814	-2	4	58153
13815	-2	4	58157
13816	-2	4	58161
13817	-2	4	58165
13818	-2	4	58169
13819	-2	4	58173
13820	-4	6	58179
13821	-2	4	58183
13822	-2	4	58187
13823	-2	4	58191
13824	-2	4	58195
13825	-2	4	58199
13826	-6	8	58207
13827	-2	4	58211
13828	-2	4	58215
13829	-2	4	58219
13830	-2	4	58223
13831	-2	4	58227
13832	-2	4	58231
13833	-2	4	58235
13834	-2	4	58239
13835	-2	4	58243
13836	-2	4	58247
13837	-2	4	58251
13838	-2	4	58255
13839	-2	4	58259
13840	-2	4	58263
13841	-2	4	58267
13842	-2	4	58271
13843	-2	4	58275
13844	-2	4	58279
13845	-2	4	58283
13846	-2	4	58287
13847	-2	4	58291
13848	-2	4	58295
13849	-2	4	58299
13850	-2	4	58303
13851	-2	4	58307
13852	-2	4	58311
13853	-2	4	58315
13854	-2	4	58319
13855	-2	4	58323
13856	-2	4	58327
13857	-2	4	58331
13858	-2	4	58335
13859	-2	4	58339
13860	-2	4	58343
13861	-2	4	58347
13862	-2	4	58351
13863	-2	4	58355
13864	-2	4	58359
13865	-2	4	58363
13866	-2	4	58367
13867	-2	4	58371
13868	-2	4	58375
13869	-2	4	58379
13870	-2	4	58383
13871	-2	4	58387
13872	-2	4	58391
13873	-2	4	58395
13874	-2	4	58399
13875	-2	4	58403
13876	-10	12	58415
13877	-2	4	58419
13878	-2	4	58423
13879	-2	4	58427
13880	-2	4	58431
13881	-2	4	58435
13882	-2	4	58439
13883	-2	4	58443
13884	-2	4	58447
13885	-2	4	58451
13886	-2	4	58455
13887	-2	4	58459
13888	-2	4	58463
13889	-2	4	58467
13890	-2	4	58471
13891	-2	4	58475
13892	-2	4	58479
13893	-2	4	58483
13894	-2	4	58487
13895	-2	4	58491
13896	-2	4	58495
13897	-2	4	58499
13898	-2	4	58503
13899	-2	4	58507
13900	-2	4	58511
13901	-2	4	58515
13902	-2	4	58519
13903	-4	6	58525
13904	-2	4	58529
13905	-2	4	58533
13906	-4	6	58539
13907	-2	4	58543
13908	-2	4	58547
13909	-2	4	58551
13910	-2	4	58555
13911	-2	4	58559
13912	-2	4	58563
13913	-2	4	58567
13914	-2	4	58571
13915	-2	4	58575
13916	-4	6	58581
13917	-2	4	58585
13918	-2	4	58589
13919	-2	4	58593
13920	-2	4	58597
13921	-2	4	58601
13922	-2	4	58605
13923	-2	4	58609
13924	-2	4	58613
13925	-2	4	58617
13926	-2	4	58621
13927	-2	4	58625
13928	-2	4	58629
13929	-2	4	58633
13930	-2	4	58637
13931	-2	4	58641
13932	-2	4	58645
13933	-2	4	58649
13934	-2	4	58653
13935	-2	4	58657
13936	-2	4	58661
13937	-2	4	58665
13938	-2	4	58669
13939	-2	4	58673
13940	-2	4	58677
13941	-2	4	58681
13942	-2	4	58685
13943	-2	4	58689
13944	-2	4	58693
13945	-4	6	58699
13946	-2	4	58703
13947	-2	4	58707
13948	-2	4	58711
13949	-4	6	58717
13950	-2	4	58721
13951	-2	4	58725
13952	-2	4	58729
13953	-2	4	58733
13954	-2	4	58737
13955	-2	4	58741
13956	-2	4	58745
13957	-2	4	58749
13958	-2	4	58753
13959	-2	4	58757
13960	-2	4	58761
13961	-2	4	58765
13962	-2	4	58769
13963	-2	4	58773
13964	-2	4	58777
13965	-2	4	58781
13966	-2	4	58785
13967	-2	4	58789
13968	-2	4	58793
13969	-2	4	58797
13970	-2	4	58801
13971	-6	8	58809
13972	-2	4	58813
13973	-2	4	58817
13974	-2	4	58821
13975	-2	4	58825
13976	-2	4	58829
13977	-2	4	58833
13978	-2	4	58837
13979	-2	4	58841
13980	-2	4	58845
13981	-2	4	58849
13982	-2	4	58853
13983	-2	4	58857
13984	-2	4	58861
13985	-2	4	58865
13986	-2	4	58869
13987	-2	4	58873
13988	-2	4	58877
13989	-2	4	58881
13990	-2	4	58885
13991	-2	4	58889
13992	-2	4	58893
13993	-2	4	58897
13994	-2	4	58901
13995	-2	4	58905
13996	-2	4	58909
13997	-2	4	58913
13998	-2	4	58917
13999	-2	4	58921
14000	-6	8	58929
14001	-2	4	58933
14002	-2	4	58937
14003	-2	4	58941
14004	-4	6	58947
14005	-2	4	58951
14006	-2	4	58955
14007	-2	4	58959
14008	-2	4	58963
14009	-4	6	58969
14010	-2	4	58973
14011	-2	4	58977
14012	-2	4	58981
14013	-2	4	58985
14014	-2	4	58989
14015	-2	4	58993
14016	-2	4	58997
14017	-2	4	59001
14018	-4	6	59007
14019	-2	4	59011
14020	-2	4	59015
14021	-2	4	59019
14022	-2	4	59023
14023	-2	4	59027
14024	-2	4	59031
14025	-2	4	59035
14026	-2	4	59039
14027	-2	4	59043
14028	-2	4	59047
14029	-2	4	59051
14030	-4	6	59057
14031	-2	4	59061
14032	-2	4	59065
14033	-4	6	59071
14034	-2	4	59075
14035	-2	4	59079
14036	-2	4	59083
14037	-2	4	59087
14038	-2	4	59091
14039	-4	6	59097
14040	-2	4	59101
14041	-2	4	59105
14042	-2	4	59109
14043	-2	4	59113
14044	-2	4	59117
14045	-2	4	59121
14046	-2	4	59125
14047	-2	4	59129
14048	-2	4	59133
14049	-2	4	59137
14050	-2	4	59141
14051	-2	4	59145
14052	-2	4	59149
14053	-2	4	59153
14054	-2	4	59157
14055	-2	4	59161
14056	-2	4	59165
14057	-2	4	59169
14058	-2	4	59173
14059	-2	4	59177
14060	-2	4	59181
14061	-2	4	59185
14062	-2	4	59189
14063	-2	4	59193
14064	-2	4	59197
14065	-2	4	59201
14066	-4	6	59207
14067	-2	4	59211
14068	-2	4	59215
14069	-2	4	59219
14070	-2	4	59223
14071	-2	4	59227
14072	-2	4	59231
14073	-2	4	59235
14074	-2	4	59239
14075	-2	4	59243
14076	-2	4	59247
14077	-2	4	59251
14078	-4	6	59257
14079	-2	4	59261
14080	-2	4	59265
14081	-2	4	59269
14082	-2	4	59273
14083	-2	4	59277
14084	-2	4	59281
14085	-2	4	59285
14086	-2	4	59289
14087	-2	4	59293
14088	-2	4	59297
14089	-2	4	59301
14090	-2	4	59305
14091	-2	4	59309
14092	-2	4	59313
14093	-2	4	59317
14094	-2	4	59321
14095	-2	4	59325
14096	-2	4	59329
14097	-2	4	59333
14098	-4	6	59339
14099	-2	4	59343
14100	-2	4	59347
14101	-2	4	59351
14102	-2	4	59355
14103	-2	4	59359
14104	-2	4	59363
14105	-2	4	59367
14106	-2	4	59371
14107	-4	6	59377
14108	-2	4	59381
14109	-2	4	59385
14110	-2	4	59389
14111	-6	8	59397
14112	-2	4	59401
14113	-4	6	59407
14114	-2	4	59411
14115	-2	4	59415
14116	-2	4	59419
14117	-2	4	59423
14118	-2	4	59427
14119	-2	4	59431
14120	-2	4	59435
14121	-6	8	59443
14122	-2	4	59447
14123	-2	4	59451
14124	-2	4	59455
14125	-2	4	59459
14126	-2	4	59463
14127	-2	4	59467
14128	-4	6	59473
14129	-2	4	59477
14130	-2	4	59481
14131	-2	4	59485
14132	-3	5	59490
14133	-2	4	59494
14134	-2	4	59498
14135	-2	4	59502
14136	-2	4	59506
14137	-2	4	59510
14138	-2	4	59514
14139	-2	4	59518
14140	-2	4	59522
14141	-2	4	59526
14142	-2	4	59530
14143	-2	4	59534
14144	-3	5	59539
14145	-2	4	59543
14146	-2	4	59547
14147	-2	4	59551
14148	-2	4	59555
14149	-2	4	59559
14150	-2	4	59563
14151	-2	4	59567
14152	-2	4	59571
14153	-2	4	59575
14154	-2	4	59579
14155	-4	6	59585
14156	-2	4	59589
14157	-4	6	59595
14158	-2	4	59599
14159	-2	4	59603
14160	-2	4	59607
14161	-2	4	59611
14162	-2	4	59615
14163	-4	6	59621
14164	-2	4	59625
14165	-2	4	59629
14166	-2	4	59633
14167	-2	4	59637
14168	-2	4	59641
14169	-2	4	59645
14170	-2	4	59649
14171	-2	4	59653
14172	-2	4	59657
14173	-2	4	59661
14174	-2	4	59665
14175	-2	4	59669
14176	-2	4	59673
14177	-2	4	59677
14178	-4	6	59683
14179	-2	4	59687
14180	-2	4	59691
14181	-2	4	59695
14182	-2	4	59699
14183	-2	4	59703
14184	-2	4	59707
14185	-2	4	59711
14186	-2	4	59715
14187	-2	4	59719
14188	-2	4	59723
14189	-2	4	59727
14190	-7	9	59736
14191	-4	6	59742
14192	-2	4	59746
14193	-2	4	59750
14194	-2	4	59754
14195	-2	4	59758
14196	-2	4	59762
14197	-2	4	59766
14198	-2	4	59770
14199	-2	4	59774
14200	-2	4	59778
14201	-4	6	59784
14202	-2	4	59788
14203	-2	4	59792
14204	-2	4	59796
14205	-2	4	59800
14206	-2	4	59804
14207	-2	4	59808
14208	-2	4	59812
14209	-2	4	59816
14210	-2	4	59820
14211	-2	4	59824
14212	-2	4	59828
14213	-2	4	59832
14214	-2	4	59836
14215	-2	4	59840
14216	-2	4	59844
14217	-2	4	59848
14218	-2	4	59852
14219	-2	4	59856
14220	-2	4	59860
14221	-2	4	59864
14222	-2	4	59868
14223	-2	4	59872
14224	-2	4	59876
14225	-2	4	59880
14226	-2	4	59884
14227	-2	4	59888
14228	-4	6	59894
14229	-2	4	59898
14230	-2	4	59902
14231	-2	4	59906
14232	-2	4	59910
14233	-2	4	59914
14234	-2	4	59918
14235	-2	4	59922
14236	-2	4	59926
14237	-2	4	59930
14238	-2	4	59934
14239	-2	4	59938
14240	-2	4	59942
14241	-2	4	59946
14242	-2	4	59950
14243	-2	4	59954
14244	-2	4	59958
14245	-2	4	59962
14246	-2	4	59966
14247	-2	4	59970
14248	-2	4	59974
14249	-2	4	59978
14250	-2	4	59982
14251	-2	4	59986
14252	-2	4	59990
14253	-2	4	59994
14254	-2	4	59998
14255	-2	4	60002
14256	-2	4	60006
14257	-2	4	60010
14258	-4	6	60016
14259	-2	4	60020
14260	-2	4	60024
14261	-2	4	60028
14262	-2	4	60032
14263	-2	4	60036
14264	-2	4	60040
14265	-2	4	60044
14266	-2	4	60048
14267	-2	4	60052
14268	-2	4	60056
14269	-2	4	60060
14270	-2	4	60064
14271	-2	4	60068
14272	-2	4	60072
14273	-2	4	60076
14274	-2	4	60080
14275	-2	4	60084
14276	-2	4	60088
14277	-2	4	60092
14278	-2	4	60096
14279	-2	4	60100
14280	-2	4	60104
14281	-2	4	60108
14282	-2	4	60112
14283	-2	4	60116
14284	-2	4	60120
14285	-2	4	60124
14286	-2	4	60128
14287	-2	4	60132
14288	-2	4	60136
14289	-2	4	60140
14290	-2	4	60144
14291	-2	4	60148
14292	-2	4	60152
14293	-2	4	60156
14294	-2	4	60160
14295	-2	4	60164
14296	-2	4	60168
14297	-2	4	60172
14298	-2	4	60176
14299	-2	4	60180
14300	-4	6	60186
14301	-2	4	60190
14302	-2	4	60194
14303	-2	4	60198
14304	-2	4	60202
14305	-2	4	60206
14306	-2	4	60210
14307	-2	4	60214
14308	-2	4	60218
14309	-2	4	60222
14310	-2	4	60226
14311	-2	4	60230
14312	-2	4	60234
14313	-2	4	60238
14314	-2	4	60242
14315	-2	4	60246
14316	-2	4	60250
14317	-2	4	60254
14318	-2	4	60258
14319	-2	4	60262
14320	-2	4	60266
14321	-2	4	60270
14322	-2	4	60274
14323	-2	4	60278
14324	-2	4	60282
14325	-2	4	60286
14326	-2	4	60290
14327	-2	4	60294
14328	-2	4	60298
14329	-2	4	60302
14330	-2	4	60306
14331	-4	6	60312
14332	-2	4	60316
14333	-2	4	60320
14334	-2	4	60324
14335	-2	4	60328
14336	-2	4	60332
14337	-2	4	60336
14338	-2	4	60340
14339	-2	4	60344
14340	-2	4	60348
14341	-2	4	60352
14342	-2	4	60356
14343	-4	6	60362
14344	-2	4	60366
14345	-2	4	60370
14346	-2	4	60374
14347	-2	4	60378
14348	-2	4	60382
14349	-2	4	60386
14350	-2	4	60390
14351	-2	4	60394
14352	-2	4	60398
14353	-2	4	60402
14354	-2	4	60406
14355	-2	4	60410
14356	-2	4	60414
14357	-2	4	60418
14358	-2	4	60422
14359	-2	4	60426
14360	-2	4	60430
14361	-2	4	60434
14362	-2	4	60438
14363	-2	4	60442
14364	-2	4	60446
14365	-3	5	60451
14366	-2	4	60455
14367	-2	4	60459
14368	-2	4	60463
14369	-2	4	60467
14370	-2	4	60471
14371	-2	4	60475
14372	-2	4	60479
14373	-2	4	60483
14374	-2	4	60487
14375	-2	4	60491
14376	-2	4	60495
14377	-2	4	60499
14378	-2	4	60503
14379	-2	4	60507
14380	-2	4	60511
14381	-2	4	60515
14382	-2	4	60519
14383	-2	4	60523
14384	-2	4	60527
14385	-2	4	60531
14386	-2	4	60535
14387	-2	4	60539
14388	-2	4	60543
14389	-2	4	60547
14390	-2	4	60551
14391	-2	4	60555
14392	-2	4	60559
14393	-4	6	60565
14394	-2	4	60569
14395	-4	6	60575
14396	-2	4	60579
14397	-2	4	60583
14398	-4	6	60589
14399	-2	4	60593
14400	-2	4	60597
14401	-4	6	60603
14402	-2	4	60607
14403	-2	4	60611
14404	-2	4	60615
14405	-4	6	60621
14406	-2	4	60625
14407	-2	4	60629
14408	-2	4	60633
14409	-4	6	60639
14410	-2	4	60643
14411	-2	4	60647
14412	-2	4	60651
14413	-2	4	60655
14414	-4	6	60661
14415	-4	6	60667
14416	-2	4	60671
14417	-2	4	60675
14418	-2	4	60679
14419	-6	8	60687
14420	-2	4	60691
14421	-2	4	60695
14422	-4	6	60701
14423	-2	4	60705
14424	-2	4	60709
14425	-4	6	60715
14426	-2	4	60719
14427	-2	4	60723
14428	-2	4	60727
14429	-2	4	60731
14430	-2	4	60735
14431	-2	4	60739
14432	-2	4	60743
14433	-2	4	60747
14434	-2	4	60751
14435	-2	4	60755
14436	-2	4	60759
14437	-2	4	60763
14438	-4	6	60769
14439	-2	4	60773
14440	-2	4	60777
14441	-2	4	60781
14442	-2	4	60785
14443	-2	4	60789
14444	-2	4	60793
14445	-2	4	60797
14446	-2	4	60801
14447	-2	4	60805
14448	-6	8	60813
14449	-2	4	60817
14450	-2	4	60821
14451	-2	4	60825
14452	-2	4	60829
14453	-2	4	60833
14454	-2	4	60837
14455	-2	4	60841
14456	-2	4	60845
14457	-6	8	60853
14458	-2	4	60857
14459	-2	4	60861
14460	-2	4	60865
14461	-2	4	60869
14462	-2	4	60873
14463	-2	4	60877
14464	-2	4	60881
14465	-2	4	60885
14466	-2	4	60889
14467	-2	4	60893
14468	-2	4	60897
14469	-2	4	60901
14470	-2	4	60905
14471	-2	4	60909
14472	-2	4	60913
14473	-2	4	60917
14474	-2	4	60921
14475	-2	4	60925
14476	-2	4	60929
14477	-4	6	60935
14478	-2	4	60939
14479	-4	6	60945
14480	-2	4	60949
14481	-2	4	60953
14482	-2	4	60957
14483	-2	4	60961
14484	-2	4	60965
14485	-2	4	60969
14486	-2	4	60973
14487	-4	6	60979
14488	-4	6	60985
14489	-2	4	60989
14490	-2	4	60993
14491	-4	6	60999
14492	-2	4	61003
14493	-2	4	61007
14494	-2	4	61011
14495	-2	4	61015
14496	-2	4	61019
14497	-2	4	61023
14498	-2	4	61027
14499	-2	4	61031
14500	-2	4	61035
14501	-2	4	61039
14502	-2	4	61043
14503	-2	4	61047
14504	-2	4	61051
14505	-2	4	61055
14506	-2	4	61059
14507	-2	4	61063
14508	-2	4	61067
14509	-2	4	61071
14510	-2	4	61075
14511	-3	5	61080
14512	-2	4	61084
14513	-2	4	61088
14514	-2	4	61092
14515	-3	5	61097
14516	-2	4	61101
14517	-2	4	61105
14518	-2	4	61109
14519	-2	4	61113
14520	-2	4	61117
14521	-2	4	61121
14522	-2	4	61125
14523	-2	4	61129
14524	-2	4	61133
14525	-2	4	61137
14526	-2	4	61141
14527	-2	4	61145
14528	-2	4	61149
14529	-2	4	61153
14530	-2	4	61157
14531	-2	4	61161
14532	-2	4	61165
14533	-2	4	61169
14534	-2	4	61173
14535	-2	4	61177
14536	-2	4	61181
14537	-2	4	61185
14538	-2	4	61189
14539	-2	4	61193
14540	-2	4	61197
14541	-2	4	61201
14542	-2	4	61205
14543	-2	4	61209
14544	-2	4	61213
14545	-2	4	61217
14546	-2	4	61221
14547	-2	4	61225
14548	-2	4	61229
14549	-2	4	61233
14550	-2	4	61237
14551	-2	4	61241
14552	-2	4	61245
14553	-2	4	61249
14554	-2	4	61253
14555	-2	4	61257
14556	-2	4	61261
14557	-2	4	61265
14558	-2	4	61269
14559	-2	4	61273
14560	-2	4	61277
14561	-2	4	61281
14562	-2	4	61285
14563	-2	4	61289
14564	-2	4	61293
14565	-2	4	61297
14566	-3	5	61302
14567	-2	4	61306
14568	-4	6	61312
14569	-2	4	61316
14570	-6	8	61324
14571	-2	4	61328
14572	-2	4	61332
14573	-2	4	61336
14574	-2	4	61340
14575	-2	4	61344
14576	-2	4	61348
14577	-2	4	61352
14578	-2	4	61356
14579	-2	4	61360
14580	-2	4	61364
14581	-2	4	61368
14582	-2	4	61372
14583	-2	4	61376
14584	-2	4	61380
14585	-4	6	61386
14586	-2	4	61390
14587	-2	4	61394
14588	-2	4	61398
14589	-4	6	61404
14590	-2	4	61408
14591	-2	4	61412
14592	-2	4	61416
14593	-2	4	61420
14594	-2	4	61424
14595	-3	5	61429
14596	-2	4	61433
14597	-2	4	61437
14598	-2	4	61441
14599	-2	4	61445
14600	-2	4	61449
14601	-6	8	61457
14602	-2	4	61461
14603	-2	4	61465
14604	-2	4	61469
14605	-2	4	61473
14606	-2	4	61477
14607	-2	4	61481
14608	-2	4	61485
14609	-2	4	61489
14610	-2	4	61493
14611	-2	4	61497
14612	-6	8	61505
14613	-2	4	61509
14614	-2	4	61513
14615	-2	4	61517
14616	-7	9	61526
14617	-4	6	61532
14618	-2	4	61536
14619	-2	4	61540
14620	-2	4	61544
14621	-2	4	61548
14622	-2	4	61552
14623	-2	4	61556
14624	-2	4	61560
14625	-2	4	61564
14626	-2	4	61568
14627	-2	4	61572
14628	-2	4	61576
14629	-2	4	61580
14630	-2	4	61584
14631	-2	4	61588
14632	-2	4	61592
14633	-2	4	61596
14634	-2	4	61600
14635	-2	4	61604
14636	-2	4	61608
14637	-2	4	61612
14638	-4	6	61618
14639	-2	4	61622
14640	-2	4	61626
14641	-2	4	61630
14642	-2	4	61634
14643	-2	4	61638
14644	-2	4	61642
14645	-2	4	61646
14646	-2	4	61650
14647	-2	4	61654
14648	-2	4	61658
14649	-2	4	61662
14650	-2	4	61666
14651	-2	4	61670
14652	-2	4	61674
14653	-2	4	61678
14654	-2	4	61682
14655	-2	4	61686
14656	-2	4	61690
14657	-2	4	61694
14658	-2	4	61698
14659	-2	4	61702
14660	-2	4	61706
14661	-2	4	61710
14662	-2	4	61714
14663	-2	4	61718
14664	-2	4	61722
14665	-2	4	61726
14666	-2	4	61730
14667	-2	4	61734
14668	-2	4	61738
14669	-2	4	61742
14670	-2	4	61746
14671	-2	4	61750
14672	-2	4	61754
14673	-2	4	61758
14674	-2	4	61762
14675	-2	4	61766
14676	-2	4	61770
14677	-2	4	61774
14678	-2	4	61778
14679	-2	4	61782
14680	-2	4	61786
14681	-2	4	61790
14682	-2	4	61794
14683	-2	4	61798
14684	-2	4	61802
14685	-2	4	61806
14686	-2	4	61810
14687	-2	4	61814
14688	-2	4	61818
14689	-2	4	61822
14690	-2	4	61826
14691	-2	4	61830
14692	-2	4	61834
14693	-2	4	61838
14694	-4	6	61844
14695	-2	4	61848
14696	-2	4	61852
14697	-4	6	61858
14698	-2	4	61862
14699	-2	4	61866
14700	-2	4	61870
14701	-2	4	61874
14702	-2	4	61878
14703	-2	4	61882
14704	-2	4	61886
14705	-2	4	61890
14706	-2	4	61894
14707	-2	4	61898
14708	-2	4	61902
14709	-2	4	61906
14710	-2	4	61910
14711	-2	4	61914
14712	-2	4	61918
14713	-2	4	61922
14714	-2	4	61926
14715	-2	4	61930
14716	-2	4	61934
14717	-2	4	61938
14718	-2	4	61942
14719	-4	6	61948
14720	-2	4	61952
14721	-2	4	61956
14722	-2	4	61960
14723	-2	4	61964
14724	-2	4	61968
14725	-3	5	61973
14726	-2	4	61977
14727	-2	4	61981
14728	-2	4	61985
14729	-2	4	61989
14730	-2	4	61993
14731	-2	4	61997
14732	-2	4	62001
14733	-2	4	62005
14734	-2	4	62009
14735	-2	4	62013
14736	-2	4	62017
14737	-4	6	62023
14738	-4	6	62029
14739	-2	4	62033
14740	-2	4	62037
14741	-2	4	62041
14742	-2	4	62045
14743	-2	4	62049
14744	-2	4	62053
14745	-2	4	62057
14746	-2	4	62061
14747	-2	4	62065
14748	-2	4	62069
14749	-2	4	62073
14750	-2	4	62077
14751	-2	4	62081
14752	-2	4	62085
14753	-2	4	62089
14754	-2	4	62093
14755	-2	4	62097
14756	-2	4	62101
14757	-2	4	62105
14758	-2	4	62109
14759	-2	4	62113
14760	-2	4	62117
14761	-2	4	62121
14762	-2	4	62125
14763	-2	4	62129
14764	-2	4	62133
14765	-2	4	62137
14766	-4	6	62143
14767	-2	4	62147
14768	-2	4	62151
14769	-2	4	62155
14770	-2	4	62159
14771	-6	8	62167
14772	-2	4	62171
14773	-3	5	62176
14774	-2	4	62180
14775	-2	4	62184
14776	-2	4	62188
14777	-2	4	62192
14778	-2	4	62196
14779	-2	4	62200
14780	-2	4	62204
14781	-2	4	62208
14782	-2	4	62212
14783	-2	4	62216
14784	-2	4	62220
14785	-2	4	62224
14786	-4	6	62230
14787	-2	4	62234
14788	-2	4	62238
14789	-2	4	62242
14790	-2	4	62246
14791	-4	6	62252
14792	-2	4	62256
14793	-2	4	62260
14794	-2	4	62264
14795	-2	4	62268
14796	-2	4	62272
14797	-2	4	62276
14798	-2	4	62280
14799	-4	6	62286
14800	-2	4	62290
14801	-2	4	62294
14802	-2	4	62298
14803	-2	4	62302
14804	-2	4	62306
14805	-2	4	62310
14806	-2	4	62314
14807	-4	6	62320
14808	-4	6	62326
14809	-2	4	62330
14810	-2	4	62334
14811	-2	4	62338
14812	-2	4	62342
14813	-2	4	62346
14814	-2	4	62350
14815	-2	4	62354
14816	-2	4	62358
14817	-3	5	62363
14818	-2	4	62367
14819	-2	4	62371
14820	-2	4	62375
14821	-2	4	62379
14822	-2	4	62383
14823	-2	4	62387
14824	-2	4	62391
14825	-2	4	62395
14826	-2	4	62399
14827	-2	4	62403
14828	-2	4	62407
14829	-2	4	62411
14830	-2	4	62415
14831	-2	4	62419
14832	-2	4	62423
14833	-2	4	62427
14834	-2	4	62431
14835	-2	4	62435
14836	-2	4	62439
14837	-3	5	62444
14838	-2	4	62448
14839	-2	4	62452
14840	-2	4	62456
14841	-2	4	62460
14842	-2	4	62464
14843	-2	4	62468
14844	-2	4	62472
14845	-2	4	62476
14846	-2	4	62480
14847	-2	4	62484
14848	-2	4	62488
14849	-2	4	62492
14850	-2	4	62496
14851	-2	4	62500
14852	-3	5	62505
14853	-2	4	62509
14854	-2	4	62513
14855	-2	4	62517
14856	-2	4	62521
14857	-2	4	62525
14858	-2	4	62529
14859	-2	4	62533
14860	-2	4	62537
14861	-2	4	62541
14862	-2	4	62545
14863	-2	4	62549
14864	-2	4	62553
14865	-2	4	62557
14866	-2	4	62561
14867	-2	4	62565
14868	-2	4	62569
14869	-2	4	62573
14870	-2	4	62577
14871	-2	4	62581
14872	-2	4	62585
14873	-2	4	62589
14874	-2	4	62593
14875	-2	4	62597
14876	-2	4	62601
14877	-2	4	62605
14878	-2	4	62609
14879	-2	4	62613
14880	-2	4	62617
14881	-2	4	62621
14882	-2	4	62625
14883	-2	4	62629
14884	-2	4	62633
14885	-4	6	62639
14886	-2	4	62643
14887	-2	4	62647
14888	-2	4	62651
14889	-2	4	62655
14890	-2	4	62659
14891	-2	4	62663
14892	-2	4	62667
14893	-6	8	62675
14894	-2	4	62679
14895	-2	4	62683
14896	-2	4	62687
14897	-2	4	62691
14898	-2	4	62695
14899	-2	4	62699
14900	-2	4	62703
14901	-2	4	62707
14902	-2	4	62711
14903	-2	4	62715
14904	-2	4	62719
14905	-2	4	62723
14906	-2	4	62727
14907	-2	4	62731
14908	-2	4	62735
14909	-2	4	62739
14910	-2	4	62743
14911	-2	4	62747
14912	-2	4	62751
14913	-2	4	62755
14914	-2	4	62759
14915	-2	4	62763
14916	-2	4	62767
14917	-2	4	62771
14918	-2	4	62775
14919	-2	4	62779
14920	-2	4	62783
14921	-2	4	62787
14922	-2	4	62791
14923	-2	4	62795
14924	-2	4	62799
14925	-4	6	62805
14926	-2	4	62809
14927	-4	6	62815
14928	-2	4	62819
14929	-2	4	62823
14930	-2	4	62827
14931	-2	4	62831
14932	-6	8	62839
14933	-2	4	62843
14934	-2	4	62847
14935	-2	4	62851
14936	-2	4	62855
14937	-2	4	62859
14938	-2	4	62863
14939	-2	4	62867
14940	-7	9	62876
14941	-2	4	62880
14942	-2	4	62884
14943	-2	4	62888
14944	-2	4	62892
14945	-2	4	62896
14946	-2	4	62900
14947	-2	4	62904
14948	-2	4	62908
14949	-2	4	62912
14950	-2	4	62916
14951	-2	4	62920
14952	-2	4	62924
14953	-2	4	62928
14954	-2	4	62932
14955	-2	4	62936
14956	-2	4	62940
14957	-2	4	62944
14958	-6	8	62952
14959	-2	4	62956
14960	-2	4	62960
14961	-2	4	62964
14962	-4	6	62970
14963	-2	4	62974
14964	-2	4	62978
14965	-2	4	62982
14966	-2	4	62986
14967	-2	4	62990
14968	-2	4	62994
14969	-2	4	62998
14970	-2	4	63002
14971	-2	4	63006
14972	-4	6	63012
14973	-2	4	63016
14974	-2	4	63020
14975	-2	4	63024
14976	-2	4	63028
14977	-2	4	63032
14978	-2	4	63036
14979	-2	4	63040
14980	-4	6	63046
14981	-6	8	63054
14982	-2	4	63058
14983	-2	4	63062
14984	-2	4	63066
14985	-2	4	63070
14986	-6	8	63078
14987	-2	4	63082
14988	-2	4	63086
14989	-4	6	63092
14990	-2	4	63096
14991	-2	4	63100
14992	-2	4	63104
14993	-2	4	63108
14994	-2	4	63112
14995	-2	4	63116
14996	-2	4	63120
14997	-2	4	63124
14998	-2	4	63128
14999	-4	6	63134
15000	-4	6	63140
15001	-2	4	63144
15002	-4	6	63150
15003	-2	4	63154
15004	-2	4	63158
15005	-2	4	63162
15006	-2	4	63166
15007	-6	8	63174
15008	-2	4	63178
15009	-2	4	63182
15010	-2	4	63186
15011	-2	4	63190
15012	-2	4	63194
15013	-2	4	63198
15014	-2	4	63202
15015	-2	4	63206
15016	-2	4	63210
15017	-2	4	63214
15018	-2	4	63218
15019	-2	4	63222
15020	-2	4	63226
15021	-2	4	63230
15022	-2	4	63234
15023	-2	4	63238
15024	-2	4	63242
15025	-2	4	63246
15026	-2	4	63250
15027	-2	4	63254
15028	-2	4	63258
15029	-2	4	63262
15030	-2	4	63266
15031	-2	4	63270
15032	-4	6	63276
15033	-2	4	63280
15034	-6	8	63288
15035	-2	4	63292
15036	-2	4	63296
15037	-2	4	63300
15038	-2	4	63304
15039	-2	4	63308
15040	-2	4	63312
15041	-2	4	63316
15042	-2	4	63320
15043	-2	4	63324
15044	-4	6	63330
15045	-2	4	63334
15046	-2	4	63338
15047	-2	4	63342
15048	-2	4	63346
15049	-2	4	63350
15050	-2	4	63354
15051	-2	4	63358
15052	-2	4	63362
15053	-2	4	63366
15054	-4	6	63372
15055	-2	4	63376
15056	-2	4	63380
15057	-2	4	63384
15058	-2	4	63388
15059	-2	4	63392
15060	-2	4	63396
15061	-2	4	63400
15062	-2	4	63404
15063	-2	4	63408
15064	-2	4	63412
15065	-2	4	63416
15066	-6	8	63424
15067	-2	4	63428
15068	-2	4	63432
15069	-2	4	63436
15070	-2	4	63440
15071	-2	4	63444
15072	-2	4	63448
15073	-2	4	63452
15074	-2	4	63456
15075	-2	4	63460
15076	-2	4	63464
15077	-2	4	63468
15078	-2	4	63472
15079	-2	4	63476
15080	-2	4	63480
15081	-2	4	63484
15082	-2	4	63488
15083	-2	4	63492
15084	-6	8	63500
15085	-2	4	63504
15086	-2	4	63508
15087	-2	4	63512
15088	-2	4	63516
15089	-2	4	63520
15090	-2	4	63524
15091	-2	4	63528
15092	-2	4	63532
15093	-2	4	63536
15094	-2	4	63540
15095	-2	4	63544
15096	-2	4	63548
15097	-4	6	63554
15098	-4	6	63560
15099	-2	4	63564
15100	-2	4	63568
15101	-2	4	63572
15102	-2	4	63576
15103	-2	4	63580
15104	-2	4	63584
15105	-2	4	63588
15106	-2	4	63592
15107	-2	4	63596
15108	-4	6	63602
15109	-2	4	63606
15110	-2	4	63610
15111	-4	6	63616
15112	-2	4	63620
15113	-2	4	63624
15114	-2	4	63628
15115	-2	4	63632
15116	-2	4	63636
15117	-2	4	63640
15118	-2	4	63644
15119	-2	4	63648
15120	-2	4	63652
15121	-2	4	63656
15122	-2	4	63660
15123	-2	4	63664
15124	-2	4	63668
15125	-4	6	63674
15126	-2	4	63678
15127	-2	4	63682
15128	-2	4	63686
15129	-2	4	63690
15130	-2	4	63694
15131	-2	4	63698
15132	-2	4	63702
15133	-2	4	63706
15134	-2	4	63710
15135	-2	4	63714
15136	-2	4	63718
15137	-2	4	63722
15138	-4	6	63728
15139	-4	6	63734
15140	-2	4	63738
15141	-2	4	63742
15142	-8	10	63752
15143	-2	4	63756
15144	-2	4	63760
15145	-2	4	63764
15146	-2	4	63768
15147	-2	4	63772
15148	-2	4	63776
15149	-4	6	63782
15150	-4	6	63788
15151	-2	4	63792
15152	-2	4	63796
15153	-2	4	63800
15154	-2	4	63804
15155	-2	4	63808
15156	-2	4	63812
15157	-2	4	63816
15158	-2	4	63820
15159	-2	4	63824
15160	-2	4	63828
15161	-2	4	63832
15162	-2	4	63836
15163	-2	4	63840
15164	-2	4	63844
15165	-2	4	63848
15166	-2	4	63852
15167	-2	4	63856
15168	-2	4	63860
15169	-5	7	63867
15170	-2	4	63871
15171	-2	4	63875
15172	-4	6	63881
15173	-4	6	63887
15174	-2	4	63891
15175	-2	4	63895
15176	-3	5	63900
15177	-2	4	63904
15178	-6	8	63912
15179	-2	4	63916
15180	-2	4	63920
15181	-2	4	63924
15182	-2	4	63928
15183	-2	4	63932
15184	-2	4	63936
15185	-2	4	63940
15186	-2	4	63944
15187	-2	4	63948
15188	-2	4	63952
15189	-2	4	63956
15190	-2	4	63960
15191	-2	4	63964
15192	-2	4	63968
15193	-2	4	63972
15194	-2	4	63976
15195	-2	4	63980
15196	-2	4	63984
15197	-2	4	63988
15198	-2	4	63992
15199	-2	4	63996
15200	-2	4	64000
15201	-2	4	64004
15202	-2	4	64008
15203	-2	4	64012
15204	-2	4	64016
15205	-6	8	64024
15206	-2	4	64028
15207	-2	4	64032
15208	-2	4	64036
15209	-2	4	64040
15210	-2	4	64044
15211	-2	4	64048
15212	-2	4	64052
15213	-2	4	64056
15214	-2	4	64060
15215	-2	4	64064
15216	-2	4	64068
15217	-2	4	64072
15218	-2	4	64076
15219	-2	4	64080
15220	-2	4	64084
15221	-2	4	64088
15222	-2	4	64092
15223	-2	4	64096
15224	-2	4	64100
15225	-2	4	64104
15226	-2	4	64108
15227	-2	4	64112
15228	-2	4	64116
15229	-2	4	64120
15230	-2	4	64124
15231	-2	4	64128
15232	-2	4	64132
15233	-2	4	64136
15234	-2	4	64140
15235	-2	4	64144
15236	-2	4	64148
15237	-2	4	64152
15238	-2	4	64156
15239	-2	4	64160
15240	-2	4	64164
15241	-2	4	64168
15242	-2	4	64172
15243	-2	4	64176
15244	-2	4	64180
15245	-2	4	64184
15246	-2	4	64188
15247	-2	4	64192
15248	-2	4	64196
15249	-2	4	64200
15250	-2	4	64204
15251	-2	4	64208
15252	-2	4	64212
15253	-2	4	64216
15254	-2	4	64220
15255	-2	4	64224
15256	-2	4	64228
15257	-2	4	64232
15258	-2	4	64236
15259	-2	4	64240
15260	-2	4	64244
15261	-2	4	64248
15262	-2	4	64252
15263	-4	6	64258
15264	-2	4	64262
15265	-2	4	64266
15266	-2	4	64270
15267	-2	4	64274
15268	-2	4	64278
15269	-2	4	64282
15270	-4	6	64288
15271	-2	4	64292
15272	-2	4	64296
15273	-2	4	64300
15274	-2	4	64304
15275	-2	4	64308
15276	-2	4	64312
15277	-2	4	64316
15278	-2	4	64320
15279	-2	4	64324
15280	-2	4	64328
15281	-4	6	64334
15282	-2	4	64338
15283	-2	4	64342
15284	-2	4	64346
15285	-2	4	64350
15286	-2	4	64354
15287	-2	4	64358
15288	-2	4	64362
15289	-2	4	64366
15290	-2	4	64370
15291	-2	4	64374
15292	-2	4	64378
15293	-2	4	64382
15294	-2	4	64386
15295	-2	4	64390
15296	-2	4	64394
15297	-2	4	64398
15298	-2	4	64402
15299	-2	4	64406
15300	-2	4	64410
15301	-2	4	64414
15302	-2	4	64418
15303	-2	4	64422
15304	-2	4	64426
15305	-2	4	64430
15306	-2	4	64434
15307	-2	4	64438
15308	-2	4	64442
15309	-3	5	64447
15310	-2	4	64451
15311	-2	4	64455
15312	-4	6	64461
15313	-2	4	64465
15314	-2	4	64469
15315	-2	4	64473
15316	-2	4	64477
15317	-2	4	64481
15318	-2	4	64485
15319	-2	4	64489
15320	-2	4	64493
15321	-2	4	64497
15322	-2	4	64501
15323	-6	8	64509
15324	-2	4	64513
15325	-2	4	64517
15326	-2	4	64521
15327	-2	4	64525
15328	-2	4	64529
15329	-2	4	64533
15330	-2	4	64537
15331	-2	4	64541
15332	-2	4	64545
15333	-2	4	64549
15334	-2	4	64553
15335	-2	4	64557
15336	-2	4	64561
15337	-2	4	64565
15338	-2	4	64569
15339	-2	4	64573
15340	-2	4	64577
15341	-2	4	64581
15342	-2	4	64585
15343	-2	4	64589
15344	-2	4	64593
15345	-4	6	64599
15346	-2	4	64603
15347	-2	4	64607
15348	-2	4	64611
15349	-2	4	64615
15350	-4	6	64621
15351	-2	4	64625
15352	-2	4	64629
15353	-2	4	64633
15354	-2	4	64637
15355	-2	4	64641
15356	-2	4	64645
15357	-2	4	64649
15358	-2	4	64653
15359	-2	4	64657
15360	-2	4	64661
15361	-2	4	64665
15362	-2	4	64669
15363	-3	5	64674
15364	-2	4	64678
15365	-2	4	64682
15366	-2	4	64686
15367	-2	4	64690
15368	-2	4	64694
15369	-2	4	64698
15370	-2	4	64702
15371	-2	4	64706
15372	-2	4	64710
15373	-2	4	64714
15374	-2	4	64718
15375	-2	4	64722
15376	-2	4	64726
15377	-2	4	64730
15378	-2	4	64734
15379	-2	4	64738
15380	-2	4	64742
15381	-2	4	64746
15382	-2	4	64750
15383	-2	4	64754
15384	-4	6	64760
15385	-2	4	64764
15386	-6	8	64772
15387	-2	4	64776
15388	-2	4	64780
15389	-2	4	64784
15390	-2	4	64788
15391	-4	6	64794
15392	-2	4	64798
15393	-2	4	64802
15394	-2	4	64806
15395	-2	4	64810
15396	-2	4	64814
15397	-2	4	64818
15398	-2	4	64822
15399	-2	4	64826
15400	-2	4	64830
15401	-2	4	64834
15402	-2	4	64838
15403	-2	4	64842
15404	-2	4	64846
15405	-2	4	64850
15406	-4	6	64856
15407	-2	4	64860
15408	-2	4	64864
15409	-2	4	64868
15410	-2	4	64872
15411	-2	4	64876
15412	-2	4	64880
15413	-2	4	64884
15414	-2	4	64888
15415	-2	4	64892
15416	-2	4	64896
15417	-2	4	64900
15418	-2	4	64904
15419	-2	4	64908
15420	-2	4	64912
15421	-2	4	64916
15422	-2	4	64920
15423	-2	4	64924
15424	-2	4	64928
15425	-2	4	64932
15426	-2	4	64936
15427	-2	4	64940
15428	-2	4	64944
15429	-2	4	64948
15430	-2	4	64952
15431	-2	4	64956
15432	-2	4	64960
15433	-2	4	64964
15434	-2	4	64968
15435	-2	4	64972
15436	-2	4	64976
15437	-2	4	64980
15438	-2	4	64984
15439	-2	4	64988
15440	-2	4	64992
15441	-2	4	64996
15442	-2	4	65000
15443	-2	4	65004
15444	-4	6	65010
15445	-2	4	65014
15446	-2	4	65018
15447	-2	4	65022
15448	-2	4	65026
15449	-2	4	65030
15450	-2	4	65034
15451	-2	4	65038
15452	-2	4	65042
15453	-2	4	65046
15454	-2	4	65050
15455	-2	4	65054
15456	-2	4	65058
15457	-2	4	65062
15458	-2	4	65066
15459	-2	4	65070
15460	-4	6	65076
15461	-2	4	65080
15462	-2	4	65084
15463	-2	4	65088
15464	-2	4	65092
15465	-2	4	65096
15466	-2	4	65100
15467	-2	4	65104
15468	-2	4	65108
15469	-2	4	65112
15470	-2	4	65116
15471	-2	4	65120
15472	-2	4	65124
15473	-2	4	65128
15474	-2	4	65132
15475	-2	4	65136
15476	-2	4	65140
15477	-2	4	65144
15478	-2	4	65148
15479	-2	4	65152
15480	-2	4	65156
15481	-2	4	65160
15482	-2	4	65164
15483	-2	4	65168
15484	-2	4	65172
15485	-4	6	65178
15486	-4	6	65184
15487	-4	6	65190
15488	-2	4	65194
15489	-2	4	65198
15490	-2	4	65202
15491	-2	4	65206
15492	-2	4	65210
15493	-2	4	65214
15494	-2	4	65218
15495	-2	4	65222
15496	-2	4	65226
15497	-2	4	65230
15498	-2	4	65234
15499	-2	4	65238
15500	-4	6	65244
15501	-2	4	65248
15502	-2	4	65252
15503	-2	4	65256
15504	-2	4	65260
15505	-2	4	65264
15506	-2	4	65268
15507	-2	4	65272
15508	-2	4	65276
15509	-2	4	65280
15510	-2	4	65284
15511	-2	4	65288
15512	-2	4	65292
15513	-2	4	65296
15514	-2	4	65300
15515	-2	4	65304
15516	-7	9	65313
15517	-2	4	65317
15518	-2	4	65321
15519	-2	4	65325
15520	-2	4	65329
15521	-2	4	65333
15522	-2	4	65337
15523	-2	4	65341
15524	-2	4	65345
15525	-2	4	65349
15526	-2	4	65353
15527	-2	4	65357
15528	-2	4	65361
15529	-2	4	65365
15530	-2	4	65369
15531	-2	4	65373
15532	-2	4	65377
15533	-2	4	65381
15534	-2	4	65385
15535	-2	4	65389
15536	-2	4	65393
15537	-2	4	65397
15538	-2	4	65401
15539	-2	4	65405
15540	-2	4	65409
15541	-2	4	65413
15542	-2	4	65417
15543	-2	4	65421
15544	-3	5	65426
15545	-2	4	65430
15546	-2	4	65434
15547	-2	4	65438
15548	-2	4	65442
15549	-2	4	65446
15550	-2	4	65450
15551	-2	4	65454
15552	-2	4	65458
15553	-2	4	65462
15554	-2	4	65466
15555	-2	4	65470
15556	-2	4	65474
15557	-8	10	65484
15558	-2	4	65488
15559	-2	4	65492
15560	-2	4	65496
15561	-3	5	65501
15562	-2	4	65505
15563	-2	4	65509
15564	-2	4	65513
15565	-2	4	65517
15566	-2	4	65521
15567	-4	6	65527
15568	-2	4	65531
15569	-2	4	65535
15570	-2	4	65539
15571	-2	4	65543
15572	-2	4	65547
15573	-2	4	65551
15574	-2	4	65555
15575	-2	4	65559
15576	-3	5	65564
15577	-4	6	65570
15578	-2	4	65574
15579	-2	4	65578
15580	-2	4	65582
15581	-2	4	65586
15582	-2	4	65590
15583	-2	4	65594
15584	-6	8	65602
15585	-2	4	65606
15586	-2	4	65610
15587	-2	4	65614
15588	-2	4	65618
15589	-2	4	65622
15590	-3	5	65627
15591	-2	4	65631
15592	-2	4	65635
15593	-2	4	65639
15594	-2	4	65643
15595	-4	6	65649
15596	-2	4	65653
15597	-4	6	65659
15598	-2	4	65663
15599	-6	8	65671
15600	-2	4	65675
15601	-2	4	65679
15602	-2	4	65683
15603	-2	4	65687
15604	-2	4	65691
15605	-2	4	65695
15606	-2	4	65699
15607	-2	4	65703
15608	-2	4	65707
15609	-2	4	65711
15610	-2	4	65715
15611	-2	4	65719
15612	-4	6	65725
15613	-4	6	65731
15614	-2	4	65735
15615	-2	4	65739
15616	-2	4	65743
15617	-4	6	65749
15618	-2	4	65753
15619	-2	4	65757
15620	-3	5	65762
15621	-2	4	65766
15622	-2	4	65770
15623	-2	4	65774
15624	-2	4	65778
15625	-2	4	65782
15626	-2	4	65786
15627	-2	4	65790
15628	-2	4	65794
15629	-2	4	65798
15630	-2	4	65802
15631	-2	4	65806
15632	-2	4	65810
15633	-2	4	65814
15634	-2	4	65818
15635	-2	4	65822
15636	-2	4	65826
15637	-2	4	65830
15638	-2	4	65834
15639	-2	4	65838
15640	-2	4	65842
15641	-2	4	65846
15642	-2	4	65850
15643	-2	4	65854
15644	-2	4	65858
15645	-2	4	65862
15646	-2	4	65866
15647	-2	4	65870
15648	-2	4	65874
15649	-2	4	65878
15650	-2	4	65882
15651	-2	4	65886
15652	-2	4	65890
15653	-2	4	65894
15654	-2	4	65898
15655	-2	4	65902
15656	-2	4	65906
15657	-2	4	65910
15658	-2	4	65914
15659	-2	4	65918
15660	-2	4	65922
15661	-2	4	65926
15662	-2	4	65930
15663	-2	4	65934
15664	-2	4	65938
15665	-2	4	65942
15666	-2	4	65946
15667	-2	4	65950
15668	-2	4	65954
15669	-2	4	65958
15670	-2	4	65962
15671	-2	4	65966
15672	-2	4	65970
15673	-2	4	65974
15674	-4	6	65980
15675	-2	4	65984
15676	-2	4	65988
15677	-2	4	65992
15678	-2	4	65996
15679	-2	4	66000
15680	-2	4	66004
15681	-2	4	66008
15682	-2	4	66012
15683	-2	4	66016
15684	-2	4	66020
15685	-2	4	66024
15686	-2	4	66028
15687	-2	4	66032
15688	-2	4	66036
15689	-2	4	66040
15690	-2	4	66044
15691	-2	4	66048
15692	-2	4	66052
15693	-2	4	66056
15694	-3	5	66061
15695	-2	4	66065
15696	-2	4	66069
15697	-2	4	66073
15698	-2	4	66077
15699	-2	4	66081
15700	-3	5	66086
15701	-2	4	66090
15702	-2	4	66094
15703	-2	4	66098
15704	-2	4	66102
15705	-2	4	66106
15706	-4	6	66112
15707	-2	4	66116
15708	-2	4	66120
15709	-2	4	66124
15710	-2	4	66128
15711	-2	4	66132
15712	-6	8	66140
15713	-2	4	66144
15714	-2	4	66148
15715	-2	4	66152
15716	-2	4	66156
15717	-2	4	66160
15718	-2	4	66164
15719	-2	4	66168
15720	-2	4	66172
15721	-2	4	66176
15722	-2	4	66180
15723	-2	4	66184
15724	-2	4	66188
15725	-2	4	66192
15726	-4	6	66198
15727	-2	4	66202
15728	-2	4	66206
15729	-2	4	66210
15730	-2	4	66214
15731	-2	4	66218
15732	-4	6	66224
15733	-2	4	66228
15734	-2	4	66232
15735	-2	4	66236
15736	-2	4	66240
15737	-2	4	66244
15738	-2	4	66248
15739	-2	4	66252
15740	-2	4	66256
15741	-6	8	66264
15742	-2	4	66268
15743	-2	4	66272
15744	-2	4	66276
15745	-2	4	66280
15746	-2	4	66284
15747	-2	4	66288
15748	-2	4	66292
15749	-2	4	66296
15750	-2	4	66300
15751	-2	4	66304
15752	-2	4	66308
15753	-2	4	66312
15754	-2	4	66316
15755	-2	4	66320
15756	-2	4	66324
15757	-2	4	66328
15758	-3	5	66333
15759	-2	4	66337
15760	-2	4	66341
15761	-2	4	66345
15762	-2	4	66349
15763	-2	4	66353
15764	-2	4	66357
15765	-2	4	66361
15766	-2	4	66365
15767	-2	4	66369
15768	-2	4	66373
15769	-2	4	66377
15770	-6	8	66385
15771	-2	4	66389
15772	-2	4	66393
15773	-2	4	66397
15774	-2	4	66401
15775	-2	4	66405
15776	-2	4	66409
15777	-2	4	66413
15778	-2	4	66417
15779	-2	4	66421
15780	-2	4	66425
15781	-2	4	66429
15782	-2	4	66433
15783	-2	4	66437
15784	-2	4	66441
15785	-2	4	66445
15786	-2	4	66449
15787	-2	4	66453
15788	-2	4	66457
15789	-2	4	66461
15790	-2	4	66465
15791	-2	4	66469
15792	-4	6	66475
15793	-2	4	66479
15794	-2	4	66483
15795	-2	4	66487
15796	-2	4	66491
15797	-2	4	66495
15798	-2	4	66499
15799	-2	4	66503
15800	-2	4	66507
15801	-2	4	66511
15802	-2	4	66515
15803	-2	4	66519
15804	-2	4	66523
15805	-2	4	66527
15806	-2	4	66531
15807	-2	4	66535
15808	-2	4	66539
15809	-2	4	66543
15810	-2	4	66547
15811	-2	4	66551
15812	-2	4	66555
15813	-2	4	66559
15814	-2	4	66563
15815	-2	4	66567
15816	-2	4	66571
15817	-2	4	66575
15818	-2	4	66579
15819	-2	4	66583
15820	-2	4	66587
15821	-2	4	66591
15822	-3	5	66596
15823	-2	4	66600
15824	-2	4	66604
15825	-2	4	66608
15826	-2	4	66612
15827	-2	4	66616
15828	-6	8	66624
15829	-2	4	66628
15830	-2	4	66632
15831	-2	4	66636
15832	-2	4	66640
15833	-2	4	66644
15834	-2	4	66648
15835	-4	6	66654
15836	-2	4	66658
15837	-2	4	66662
15838	-2	4	66666
15839	-2	4	66670
15840	-2	4	66674
15841	-2	4	66678
15842	-2	4	66682
15843	-2	4	66686
15844	-2	4	66690
15845	-2	4	66694
15846	-2	4	66698
15847	-4	6	66704
15848	-2	4	66708
15849	-2	4	66712
15850	-2	4	66716
15851	-2	4	66720
15852	-2	4	66724
15853	-2	4	66728
15854	-2	4	66732
15855	-2	4	66736
15856	-2	4	66740
15857	-2	4	66744
15858	-2	4	66748
15859	-4	6	66754
15860	-2	4	66758
15861	-2	4	66762
15862	-2	4	66766
15863	-2	4	66770
15864	-2	4	66774
15865	-2	4	66778
15866	-2	4	66782
15867	-2	4	66786
15868	-2	4	66790
15869	-2	4	66794
15870	-2	4	66798
15871	-2	4	66802
15872	-2	4	66806
15873	-2	4	66810
15874	-2	4	66814
15875	-2	4	66818
15876	-2	4	66822
15877	-2	4	66826
15878	-3	5	66831
15879	-4	6	66837
15880	-2	4	66841
15881	-2	4	66845
15882	-2	4	66849
15883	-2	4	66853
15884	-2	4	66857
15885	-2	4	66861
15886	-2	4	66865
15887	-2	4	66869
15888	-2	4	66873
15889	-7	9	66882
15890	-2	4	66886
15891	-2	4	66890
15892	-2	4	66894
15893	-2	4	66898
15894	-2	4	66902
15895	-2	4	66906
15896	-2	4	66910
15897	-2	4	66914
15898	-2	4	66918
15899	-2	4	66922
15900	-2	4	66926
15901	-2	4	66930
15902	-2	4	66934
15903	-2	4	66938
15904	-2	4	66942
15905	-2	4	66946
15906	-2	4	66950
15907	-2	4	66954
15908	-2	4	66958
15909	-2	4	66962
15910	-2	4	66966
15911	-2	4	66970
15912	-2	4	66974
15913	-2	4	66978
15914	-2	4	66982
15915	-2	4	66986
15916	-2	4	66990
15917	-2	4	66994
15918	-2	4	66998
15919	-2	4	67002
15920	-2	4	67006
15921	-2	4	67010
15922	-2	4	67014
15923	-2	4	67018
15924	-2	4	67022
15925	-2	4	67026
15926	-4	6	67032
15927	-2	4	67036
15928	-2	4	67040
15929	-2	4	67044
15930	-2	4	67048
15931	-2	4	67052
15932	-2	4	67056
15933	-2	4	67060
15934	-2	4	67064
15935	-2	4	67068
15936	-3	5	67073
15937	-4	6	67079
15938	-2	4	67083
15939	-4	6	67089
15940	-2	4	67093
15941	-2	4	67097
15942	-2	4	67101
15943	-4	6	67107
15944	-2	4	67111
15945	-2	4	67115
15946	-2	4	67119
15947	-2	4	67123
15948	-2	4	67127
15949	-2	4	67131
15950	-2	4	67135
15951	-2	4	67139
15952	-2	4	67143
15953	-2	4	67147
15954	-2	4	67151
15955	-2	4	67155
15956	-2	4	67159
15957	-2	4	67163
15958	-2	4	67167
15959	-2	4	67171
15960	-2	4	67175
15961	-2	4	67179
15962	-2	4	67183
15963	-2	4	67187
15964	-2	4	67191
15965	-2	4	67195
15966	-2	4	67199
15967	-2	4	67203
15968	-2	4	67207
15969	-2	4	67211
15970	-2	4	67215
15971	-4	6	67221
15972	-2	4	67225
15973	-2	4	67229
15974	-6	8	67237
15975	-2	4	67241
15976	-2	4	67245
15977	-2	4	67249
15978	-2	4	67253
15979	-2	4	67257
15980	-2	4	67261
15981	-2	4	67265
15982	-2	4	67269
15983	-2	4	67273
15984	-2	4	67277
15985	-6	8	67285
15986	-2	4	67289
15987	-2	4	67293
15988	-2	4	67297
15989	-2	4	67301
15990	-2	4	67305
15991	-2	4	67309
15992	-2	4	67313
15993	-2	4	67317
15994	-2	4	67321
15995	-2	4	67325
15996	-2	4	67329
15997	-2	4	67333
15998	-2	4	67337
15999	-2	4	67341
16000	-2	4	67345
16001	-2	4	67349
16002	-4	6	67355
16003	-2	4	67359
16004	-4	6	67365
16005	-2	4	67369
16006	-2	4	67373
16007	-2	4	67377
16008	-2	4	67381
16009	-2	4	67385
16010	-2	4	67389
16011	-2	4	67393
16012	-4	6	67399
16013	-2	4	67403
16014	-2	4	67407
16015	-2	4	67411
16016	-6	8	67419
16017	-2	4	67423
16018	-2	4	67427
16019	-2	4	67431
16020	-4	6	67437
16021	-2	4	67441
16022	-2	4	67445
16023	-2	4	67449
16024	-2	4	67453
16025	-2	4	67457
16026	-2	4	67461
16027	-4	6	67467
16028	-2	4	67471
16029	-2	4	67475
16030	-2	4	67479
16031	-2	4	67483
16032	-2	4	67487
16033	-2	4	67491
16034	-2	4	67495
16035	-2	4	67499
16036	-2	4	67503
16037	-2	4	67507
16038	-2	4	67511
16039	-2	4	67515
16040	-2	4	67519
16041	-2	4	67523
16042	-2	4	67527
16043	-2	4	67531
16044	-2	4	67535
16045	-4	6	67541
16046	-2	4	67545
16047	-2	4	67549
16048	-2	4	67553
16049	-2	4	67557
16050	-2	4	67561
16051	-2	4	67565
16052	-2	4	67569
16053	-2	4	67573
16054	-2	4	67577
16055	-2	4	67581
16056	-4	6	67587
16057	-2	4	67591
16058	-2	4	67595
16059	-2	4	67599
16060	-2	4	67603
16061	-2	4	67607
16062	-2	4	67611
16063	-2	4	67615
16064	-2	4	67619
16065	-4	6	67625
16066	-2	4	67629
16067	-4	6	67635
16068	-2	4	67639
16069	-2	4	67643
16070	-2	4	67647
16071	-2	4	67651
16072	-2	4	67655
16073	-2	4	67659
16074	-2	4	67663
16075	-2	4	67667
16076	-4	6	67673
16077	-2	4	67677
16078	-2	4	67681
16079	-2	4	67685
16080	-2	4	67689
16081	-2	4	67693
16082	-2	4	67697
16083	-2	4	67701
16084	-2	4	67705
16085	-2	4	67709
16086	-2	4	67713
16087	-2	4	67717
16088	-2	4	67721
16089	-2	4	67725
16090	-2	4	67729
16091	-2	4	67733
16092	-4	6	67739
16093	-2	4	67743
16094	-2	4	67747
16095	-2	4	67751
16096	-2	4	67755
16097	-2	4	67759
16098	-2	4	67763
16099	-2	4	67767
16100	-2	4	67771
16101	-4	6	67777
16102	-2	4	67781
16103	-2	4	67785
16104	-2	4	67789
16105	-2	4	67793
16106	-2	4	67797
16107	-2	4	67801
16108	-2	4	67805
16109	-2	4	67809
16110	-2	4	67813
16111	-2	4	67817
16112	-2	4	67821
16113	-2	4	67825
16114	-2	4	67829
16115	-2	4	67833
16116	-2	4	67837
16117	-2	4	67841
16118	-2	4	67845
16119	-2	4	67849
16120	-2	4	67853
16121	-2	4	67857
16122	-2	4	67861
16123	-2	4	67865
16124	-2	4	67869
16125	-2	4	67873
16126	-2	4	67877
16127	-2	4	67881
16128	-2	4	67885
16129	-2	4	67889
16130	-2	4	67893
16131	-2	4	67897
16132	-2	4	67901
16133	-2	4	67905
16134	-2	4	67909
16135	-2	4	67913
16136	-2	4	67917
16137	-2	4	67921
16138	-2	4	67925
16139	-2	4	67929
16140	-2	4	67933
16141	-2	4	67937
16142	-2	4	67941
16143	-2	4	67945
16144	-2	4	67949
16145	-2	4	67953
16146	-2	4	67957
16147	-2	4	67961
16148	-2	4	67965
16149	-2	4	67969
16150	-2	4	67973
16151	-2	4	67977
16152	-2	4	67981
16153	-2	4	67985
16154	-2	4	67989
16155	-2	4	67993
16156	-6	8	68001
16157	-2	4	68005
16158	-2	4	68009
16159	-2	4	68013
16160	-2	4	68017
16161	-2	4	68021
16162	-2	4	68025
16163	-2	4	68029
16164	-2	4	68033
16165	-2	4	68037
16166	-2	4	68041
16167	-2	4	68045
16168	-2	4	68049
16169	-2	4	68053
16170	-4	6	68059
16171	-2	4	68063
16172	-2	4	68067
16173	-2	4	68071
16174	-2	4	68075
16175	-2	4	68079
16176	-2	4	68083
16177	-2	4	68087
16178	-2	4	68091
16179	-2	4	68095
16180	-2	4	68099
16181	-2	4	68103
16182	-2	4	68107
16183	-2	4	68111
16184	-2	4	68115
16185	-2	4	68119
16186	-2	4	68123
16187	-2	4	68127
16188	-2	4	68131
16189	-2	4	68135
16190	-4	6	68141
16191	-2	4	68145
16192	-2	4	68149
16193	-2	4	68153
16194	-2	4	68157
16195	-2	4	68161
16196	-3	5	68166
16197	-2	4	68170
16198	-2	4	68174
16199	-2	4	68178
16200	-2	4	68182
16201	-2	4	68186
16202	-2	4	68190
16203	-2	4	68194
16204	-2	4	68198
16205	-2	4	68202
16206	-2	4	68206
16207	-2	4	68210
16208	-2	4	68214
16209	-2	4	68218
16210	-2	4	68222
16211	-2	4	68226
16212	-2	4	68230
16213	-2	4	68234
16214	-2	4	68238
16215	-2	4	68242
16216	-2	4	68246
16217	-2	4	68250
16218	-2	4	68254
16219	-2	4	68258
16220	-2	4	68262
16221	-4	6	68268
16222	-2	4	68272
16223	-2	4	68276
16224	-4	6	68282
16225	-2	4	68286
16226	-2	4	68290
16227	-2	4	68294
16228	-3	5	68299
16229	-2	4	68303
16230	-2	4	68307
16231	-2	4	68311
16232	-2	4	68315
16233	-2	4	68319
16234	-2	4	68323
16235	-2	4	68327
16236	-2	4	68331
16237	-2	4	68335
16238	-2	4	68339
16239	-2	4	68343
16240	-2	4	68347
16241	-2	4	68351
16242	-2	4	68355
16243	-2	4	68359
16244	-2	4	68363
16245	-2	4	68367
16246	-2	4	68371
16247	-2	4	68375
16248	-2	4	68379
16249	-6	8	68387
16250	-2	4	68391
16251	-2	4	68395
16252	-2	4	68399
16253	-2	4	68403
16254	-2	4	68407
16255	-2	4	68411
16256	-2	4	68415
16257	-2	4	68419
16258	-2	4	68423
16259	-2	4	68427
16260	-2	4	68431
16261	-2	4	68435
16262	-2	4	68439
16263	-2	4	68443
16264	-2	4	68447
16265	-2	4	68451
16266	-2	4	68455
16267	-2	4	68459
16268	-2	4	68463
16269	-4	6	68469
16270	-2	4	68473
16271	-2	4	68477
16272	-2	4	68481
16273	-2	4	68485
16274	-2	4	68489
16275	-2	4	68493
16276	-2	4	68497
16277	-2	4	68501
16278	-2	4	68505
16279	-2	4	68509
16280	-2	4	68513
16281	-2	4	68517
16282	-2	4	68521
16283	-2	4	68525
16284	-3	5	68530
16285	-4	6	68536
16286	-2	4	68540
16287	-2	4	68544
16288	-2	4	68548
16289	-2	4	68552
16290	-2	4	68556
16291	-2	4	68560
16292	-2	4	68564
16293	-2	4	68568
16294	-2	4	68572
16295	-2	4	68576
16296	-2	4	68580
16297	-2	4	68584
16298	-2	4	68588
16299	-2	4	68592
16300	-2	4	68596
16301	-2	4	68600
16302	-2	4	68604
16303	-2	4	68608
16304	-2	4	68612
16305	-2	4	68616
16306	-2	4	68620
16307	-2	4	68624
16308	-2	4	68628
16309	-2	4	68632
16310	-2	4	68636
16311	-2	4	68640
16312	-2	4	68644
16313	-2	4	68648
16314	-2	4	68652
16315	-2	4	68656
16316	-2	4	68660
16317	-2	4	68664
16318	-2	4	68668
16319	-2	4	68672
16320	-2	4	68676
16321	-2	4	68680
16322	-2	4	68684
16323	-2	4	68688
16324	-2	4	68692
16325	-2	4	68696
16326	-2	4	68700
16327	-2	4	68704
16328	-2	4	68708
16329	-2	4	68712
16330	-2	4	68716
16331	-3	5	68721
16332	-2	4	68725
16333	-2	4	68729
16334	-4	6	68735
16335	-2	4	68739
16336	-2	4	68743
16337	-2	4	68747
16338	-2	4	68751
16339	-2	4	68755
16340	-2	4	68759
16341	-6	8	68767
16342	-2	4	68771
16343	-2	4	68775
16344	-2	4	68779
16345	-2	4	68783
16346	-2	4	68787
16347	-2	4	68791
16348	-2	4	68795
16349	-2	4	68799
16350	-2	4	68803
16351	-2	4	68807
16352	-2	4	68811
16353	-4	6	68817
16354	-2	4	68821
16355	-2	4	68825
16356	-2	4	68829
16357	-2	4	68833
16358	-2	4	68837
16359	-2	4	68841
16360	-2	4	68845
16361	-2	4	68849
16362	-2	4	68853
16363	-2	4	68857
16364	-2	4	68861
16365	-2	4	68865
16366	-2	4	68869
16367	-2	4	68873
16368	-2	4	68877
16369	-2	4	68881
16370	-2	4	68885
16371	-2	4	68889
16372	-2	4	68893
16373	-2	4	68897
16374	-2	4	68901
16375	-2	4	68905
16376	-2	4	68909
16377	-2	4	68913
16378	-2	4	68917
16379	-2	4	68921
16380	-2	4	68925
16381	-2	4	68929
16382	-2	4	68933
16383	-2	4	68937
16384	-2	4	68941
16385	-2	4	68945
16386	-2	4	68949
16387	-6	8	68957
16388	-2	4	68961
16389	-2	4	68965
16390	-2	4	68969
16391	-2	4	68973
16392	-2	4	68977
16393	-2	4	68981
16394	-2	4	68985
16395	-2	4	68989
16396	-2	4	68993
16397	-2	4	68997
16398	-2	4	69001
16399	-2	4	69005
16400	-2	4	69009
16401	-2	4	69013
16402	-2	4	69017
16403	-2	4	69021
16404	-2	4	69025
16405	-2	4	69029
16406	-2	4	69033
16407	-2	4	69037
16408	-2	4	69041
16409	-2	4	69045
16410	-2	4	69049
16411	-2	4	69053
16412	-2	4	69057
16413	-2	4	69061
16414	-2	4	69065
16415	-2	4	69069
16416	-2	4	69073
16417	-2	4	69077
16418	-2	4	69081
16419	-8	10	69091
16420	-3	5	69096
16421	-2	4	69100
16422	-2	4	69104
16423	-8	10	69114
16424	-2	4	69118
16425	-2	4	69122
16426	-2	4	69126
16427	-2	4	69130
16428	-2	4	69134
16429	-2	4	69138
16430	-2	4	69142
16431	-2	4	69146
16432	-2	4	69150
16433	-2	4	69154
16434	-2	4	69158
16435	-2	4	69162
16436	-4	6	69168
16437	-2	4	69172
16438	-2	4	69176
16439	-2	4	69180
16440	-2	4	69184
16441	-2	4	69188
16442	-2	4	69192
16443	-2	4	69196
16444	-2	4	69200
16445	-2	4	69204
16446	-2	4	69208
16447	-2	4	69212
16448	-2	4	69216
16449	-2	4	69220
16450	-2	4	69224
16451	-2	4	69228
16452	-2	4	69232
16453	-2	4	69236
16454	-2	4	69240
16455	-4	6	69246
16456	-2	4	69250
16457	-4	6	69256
16458	-2	4	69260
16459	-6	8	69268
16460	-2	4	69272
16461	-2	4	69276
16462	-2	4	69280
16463	-2	4	69284
16464	-2	4	69288
16465	-2	4	69292
16466	-2	4	69296
16467	-2	4	69300
16468	-2	4	69304
16469	-2	4	69308
16470	-2	4	69312
16471	-2	4	69316
16472	-2	4	69320
16473	-4	6	69326
16474	-2	4	69330
16475	-2	4	69334
16476	-4	6	69340
16477	-2	4	69344
16478	-2	4	69348
16479	-2	4	69352
16480	-2	4	69356
16481	-2	4	69360
16482	-2	4	69364
16483	-2	4	69368
16484	-2	4	69372
16485	-2	4	69376
16486	-2	4	69380
16487	-2	4	69384
16488	-2	4	69388
16489	-2	4	69392
16490	-2	4	69396
16491	-2	4	69400
16492	-2	4	69404
16493	-2	4	69408
16494	-2	4	69412
16495	-2	4	69416
16496	-2	4	69420
16497	-2	4	69424
16498	-2	4	69428
16499	-2	4	69432
16500	-2	4	69436
16501	-6	8	69444
16502	-2	4	69448
16503	-2	4	69452
16504	-2	4	69456
16505	-2	4	69460
16506	-2	4	69464
16507	-4	6	69470
16508	-2	4	69474
16509	-4	6	69480
16510	-2	4	69484
16511	-2	4	69488
16512	-2	4	69492
16513	-2	4	69496
16514	-2	4	69500
16515	-2	4	69504
16516	-2	4	69508
16517	-2	4	69512
16518	-2	4	69516
16519	-2	4	69520
16520	-2	4	69524
16521	-2	4	69528
16522	-2	4	69532
16523	-2	4	69536
16524	-8	10	69546
16525	-2	4	69550
16526	-2	4	69554
16527	-2	4	69558
16528	-2	4	69562
16529	-2	4	69566
16530	-2	4	69570
16531	-2	4	69574
16532	-2	4	69578
16533	-2	4	69582
16534	-2	4	69586
16535	-2	4	69590
16536	-2	4	69594
16537	-2	4	69598
16538	-2	4	69602
16539	-2	4	69606
16540	-2	4	69610
16541	-2	4	69614
16542	-2	4	69618
16543	-2	4	69622
16544	-3	5	69627
16545	-2	4	69631
16546	-2	4	69635
16547	-2	4	69639
16548	-2	4	69643
16549	-2	4	69647
16550	-2	4	69651
16551	-2	4	69655
16552	-2	4	69659
16553	-2	4	69663
16554	-2	4	69667
16555	-2	4	69671
16556	-2	4	69675
16557	-4	6	69681
16558	-2	4	69685
16559	-2	4	69689
16560	-2	4	69693
16561	-2	4	69697
16562	-2	4	69701
16563	-4	6	69707
16564	-2	4	69711
16565	-2	4	69715
16566	-3	5	69720
16567	-2	4	69724
16568	-2	4	69728
16569	-2	4	69732
16570	-2	4	69736
16571	-2	4	69740
16572	-2	4	69744
16573	-2	4	69748
16574	-4	6	69754
16575	-4	6	69760
16576	-2	4	69764
16577	-2	4	69768
16578	-2	4	69772
16579	-2	4	69776
16580	-2	4	69780
16581	-2	4	69784
16582	-2	4	69788
16583	-6	8	69796
16584	-2	4	69800
16585	-2	4	69804
16586	-2	4	69808
16587	-2	4	69812
16588	-2	4	69816
16589	-2	4	69820
16590	-2	4	69824
16591	-4	6	69830
16592	-8	10	69840
16593	-2	4	69844
16594	-2	4	69848
16595	-2	4	69852
16596	-2	4	69856
16597	-2	4	69860
16598	-2	4	69864
16599	-2	4	69868
16600	-4	6	69874
16601	-2	4	69878
16602	-2	4	69882
16603	-2	4	69886
16604	-2	4	69890
16605	-2	4	69894
16606	-2	4	69898
16607	-2	4	69902
16608	-2	4	69906
16609	-2	4	69910
16610	-2	4	69914
16611	-2	4	69918
16612	-2	4	69922
16613	-2	4	69926
16614	-2	4	69930
16615	-2	4	69934
16616	-2	4	69938
16617	-2	4	69942
16618	-2	4	69946
16619	-2	4	69950
16620	-2	4	69954
16621	-2	4	69958
16622	-2	4	69962
16623	-2	4	69966
16624	-2	4	69970
16625	-2	4	69974
16626	-2	4	69978
16627	-2	4	69982
16628	-2	4	69986
16629	-2	4	69990
16630	-2	4	69994
16631	-2	4	69998
16632	-2	4	70002
16633	-2	4	70006
16634	-2	4	70010
16635	-2	4	70014
16636	-2	4	70018
16637	-2	4	70022
16638	-2	4	70026
16639	-2	4	70030
16640	-2	4	70034
16641	-2	4	70038
16642	-2	4	70042
16643	-2	4	70046
16644	-2	4	70050
16645	-2	4	70054
16646	-2	4	70058
16647	-2	4	70062
16648	-2	4	70066
16649	-2	4	70070
16650	-2	4	70074
16651	-2	4	70078
16652	-2	4	70082
16653	-2	4	70086
16654	-2	4	70090
16655	-2	4	70094
16656	-2	4	70098
16657	-2	4	70102
16658	-2	4	70106
16659	-2	4	70110
16660	-2	4	70114
16661	-2	4	70118
16662	-2	4	70122
16663	-2	4	70126
16664	-2	4	70130
16665	-2	4	70134
16666	-2	4	70138
16667	-2	4	70142
16668	-2	4	70146
16669	-2	4	70150
16670	-4	6	70156
16671	-2	4	70160
16672	-2	4	70164
16673	-2	4	70168
16674	-2	4	70172
16675	-2	4	70176
16676	-2	4	70180
16677	-2	4	70184
16678	-2	4	70188
16679	-2	4	70192
16680	-2	4	70196
16681	-2	4	70200
16682	-2	4	70204
16683	-2	4	70208
16684	-2	4	70212
16685	-2	4	70216
16686	-2	4	70220
16687	-2	4	70224
16688	-2	4	70228
16689	-2	4	70232
16690	-2	4	70236
16691	-2	4	70240
16692	-2	4	70244
16693	-2	4	70248
16694	-2	4	70252
16695	-2	4	70256
16696	-2	4	70260
16697	-2	4	70264
16698	-2	4	70268
16699	-4	6	70274
16700	-2	4	70278
16701	-2	4	70282
16702	-3	5	70287
16703	-2	4	70291
16704	-2	4	70295
16705	-2	4	70299
16706	-2	4	70303
16707	-2	4	70307
16708	-2	4	70311
16709	-2	4	70315
16710	-2	4	70319
16711	-2	4	70323
16712	-2	4	70327
16713	-2	4	70331
16714	-2	4	70335
16715	-2	4	70339
16716	-2	4	70343
16717	-2	4	70347
16718	-2	4	70351
16719	-2	4	70355
16720	-2	4	70359
16721	-2	4	70363
16722	-2	4	70367
16723	-2	4	70371
16724	-2	4	70375
16725	-2	4	70379
16726	-2	4	70383
16727	-2	4	70387
16728	-2	4	70391
16729	-2	4	70395
16730	-4	6	70401
16731	-2	4	70405
16732	-2	4	70409
16733	-2	4	70413
16734	-2	4	70417
16735	-2	4	70421
16736	-2	4	70425
16737	-4	6	70431
16738	-2	4	70435
16739	-2	4	70439
16740	-2	4	70443
16741	-2	4	70447
16742	-2	4	70451
16743	-6	8	70459
16744	-2	4	70463
16745	-2	4	70467
16746	-2	4	70471
16747	-2	4	70475
16748	-2	4	70479
16749	-2	4	70483
16750	-2	4	70487
16751	-2	4	70491
16752	-2	4	70495
16753	-2	4	70499
16754	-2	4	70503
16755	-2	4	70507
16756	-2	4	70511
16757	-2	4	70515
16758	-2	4	70519
16759	-2	4	70523
16760	-4	6	70529
16761	-2	4	70533
16762	-2	4	70537
16763	-2	4	70541
16764	-2	4	70545
16765	-2	4	70549
16766	-2	4	70553
16767	-2	4	70557
16768	-2	4	70561
16769	-2	4	70565
16770	-4	6	70571
16771	-2	4	70575
16772	-2	4	70579
16773	-2	4	70583
16774	-2	4	70587
16775	-2	4	70591
16776	-2	4	70595
16777	-2	4	70599
16778	-2	4	70603
16779	-2	4	70607
16780	-2	4	70611
16781	-2	4	70615
16782	-2	4	70619
16783	-2	4	70623
16784	-4	6	70629
16785	-2	4	70633
16786	-2	4	70637
16787	-2	4	70641
16788	-2	4	70645
16789	-2	4	70649
16790	-2	4	70653
16791	-2	4	70657
16792	-2	4	70661
16793	-2	4	70665
16794	-2	4	70669
16795	-2	4	70673
16796	-2	4	70677
16797	-2	4	70681
16798	-2	4	70685
16799	-2	4	70689
16800	-2	4	70693
16801	-2	4	70697
16802	-4	6	70703
16803	-2	4	70707
16804	-2	4	70711
16805	-2	4	70715
16806	-2	4	70719
16807	-2	4	70723
16808	-2	4	70727
16809	-2	4	70731
16810	-2	4	70735
16811	-3	5	70740
16812	-2	4	70744
16813	-2	4	70748
16814	-2	4	70752
16815	-2	4	70756
16816	-2	4	70760
16817	-4	6	70766
16818	-2	4	70770
16819	-2	4	70774
16820	-2	4	70778
16821	-2	4	70782
16822	-2	4	70786
16823	-2	4	70790
16824	-2	4	70794
16825	-2	4	70798
16826	-2	4	70802
16827	-2	4	70806
16828	-4	6	70812
16829	-2	4	70816
16830	-2	4	70820
16831	-2	4	70824
16832	-2	4	70828
16833	-2	4	70832
16834	-2	4	70836
16835	-2	4	70840
16836	-2	4	70844
16837	-2	4	70848
16838	-2	4	70852
16839	-2	4	70856
16840	-2	4	70860
16841	-2	4	70864
16842	-2	4	70868
16843	-2	4	70872
16844	-2	4	70876
16845	-2	4	70880
16846	-2	4	70884
16847	-2	4	70888
16848	-2	4	70892
16849	-2	4	70896
16850	-2	4	70900
16851	-2	4	70904
16852	-2	4	70908
16853	-2	4	70912
16854	-2	4	70916
16855	-4	6	70922
16856	-2	4	70926
16857	-4	6	70932
16858	-2	4	70936
16859	-4	6	70942
16860	-2	4	70946
16861	-2	4	70950
16862	-2	4	70954
16863	-2	4	70958
16864	-2	4	70962
16865	-2	4	70966
16866	-2	4	70970
16867	-2	4	70974
16868	-4	6	70980
16869	-4	6	70986
16870	-2	4	70990
16871	-2	4	70994
16872	-2	4	70998
16873	-2	4	71002
16874	-2	4	71006
16875	-2	4	71010
16876	-2	4	71014
16877	-2	4	71018
16878	-2	4	71022
16879	-2	4	71026
16880	-2	4	71030
16881	-2	4	71034
16882	-2	4	71038
16883	-2	4	71042
16884	-2	4	71046
16885	-2	4	71050
16886	-2	4	71054
16887	-2	4	71058
16888	-3	5	71063
16889	-2	4	71067
16890	-4	6	71073
16891	-2	4	71077
16892	-2	4	71081
16893	-2	4	71085
16894	-2	4	71089
16895	-2	4	71093
16896	-2	4	71097
16897	-2	4	71101
16898	-2	4	71105
16899	-2	4	71109
16900	-2	4	71113
16901	-4	6	71119
16902	-2	4	71123
16903	-2	4	71127
16904	-2	4	71131
16905	-2	4	71135
16906	-2	4	71139
16907	-2	4	71143
16908	-2	4	71147
16909	-2	4	71151
16910	-2	4	71155
16911	-2	4	71159
16912	-2	4	71163
16913	-2	4	71167
16914	-2	4	71171
16915	-2	4	71175
16916	-2	4	71179
16917	-2	4	71183
16918	-2	4	71187
16919	-4	6	71193
16920	-2	4	71197
16921	-2	4	71201
16922	-2	4	71205
16923	-2	4	71209
16924	-2	4	71213
16925	-2	4	71217
16926	-2	4	71221
16927	-2	4	71225
16928	-2	4	71229
16929	-2	4	71233
16930	-4	6	71239
16931	-2	4	71243
16932	-2	4	71247
16933	-2	4	71251
16934	-3	5	71256
16935	-2	4	71260
16936	-4	6	71266
16937	-2	4	71270
16938	-2	4	71274
16939	-4	6	71280
16940	-2	4	71284
16941	-2	4	71288
16942	-2	4	71292
16943	-2	4	71296
16944	-2	4	71300
16945	-2	4	71304
16946	-2	4	71308
16947	-2	4	71312
16948	-2	4	71316
16949	-2	4	71320
16950	-2	4	71324
16951	-2	4	71328
16952	-2	4	71332
16953	-2	4	71336
16954	-2	4	71340
16955	-2	4	71344
16956	-2	4	71348
16957	-3	5	71353
16958	-2	4	71357
16959	-2	4	71361
16960	-2	4	71365
16961	-2	4	71369
16962	-2	4	71373
16963	-2	4	71377
16964	-2	4	71381
16965	-2	4	71385
16966	-2	4	71389
16967	-2	4	71393
16968	-2	4	71397
16969	-2	4	71401
16970	-2	4	71405
16971	-2	4	71409
16972	-2	4	71413
16973	-2	4	71417
16974	-2	4	71421
16975	-2	4	71425
16976	-2	4	71429
16977	-2	4	71433
16978	-2	4	71437
16979	-2	4	71441
16980	-2	4	71445
16981	-4	6	71451
16982	-2	4	71455
16983	-2	4	71459
16984	-2	4	71463
16985	-2	4	71467
16986	-2	4	71471
16987	-2	4	71475
16988	-2	4	71479
16989	-2	4	71483
16990	-4	6	71489
16991	-2	4	71493
16992	-2	4	71497
16993	-2	4	71501
16994	-6	8	71509
16995	-2	4	71513
16996	-2	4	71517
16997	-2	4	71521
16998	-2	4	71525
16999	-2	4	71529
17000	-2	4	71533
17001	-2	4	71537
17002	-2	4	71541
17003	-2	4	71545
17004	-2	4	71549
17005	-2	4	71553
17006	-2	4	71557
17007	-2	4	71561
17008	-2	4	71565
17009	-2	4	71569
17010	-2	4	71573
17011	-2	4	71577
17012	-2	4	71581
17013	-2	4	71585
17014	-2	4	71589
17015	-4	6	71595
17016	-2	4	71599
17017	-4	6	71605
17018	-2	4	71609
17019	-2	4	71613
17020	-2	4	71617
17021	-2	4	71621
17022	-2	4	71625
17023	-2	4	71629
17024	-2	4	71633
17025	-2	4	71637
17026	-2	4	71641
17027	-2	4	71645
17028	-2	4	71649
17029	-2	4	71653
17030	-2	4	71657
17031	-2	4	71661
17032	-2	4	71665
17033	-2	4	71669
17034	-2	4	71673
17035	-2	4	71677
17036	-4	6	71683
17037	-2	4	71687
17038	-2	4	71691
17039	-2	4	71695
17040	-2	4	71699
17041	-2	4	71703
17042	-2	4	71707
17043	-2	4	71711
17044	-2	4	71715
17045	-2	4	71719
17046	-2	4	71723
17047	-2	4	71727
17048	-2	4	71731
17049	-2	4	71735
17050	-2	4	71739
17051	-2	4	71743
17052	-2	4	71747
17053	-6	8	71755
17054	-2	4	71759
17055	-2	4	71763
17056	-2	4	71767
17057	-2	4	71771
17058	-2	4	71775
17059	-2	4	71779
17060	-2	4	71783
17061	-2	4	71787
17062	-2	4	71791
17063	-2	4	71795
17064	-2	4	71799
17065	-2	4	71803
17066	-2	4	71807
17067	-2	4	71811
17068	-2	4	71815
17069	-2	4	71819
17070	-2	4	71823
17071	-2	4	71827
17072	-2	4	71831
17073	-2	4	71835
17074	-2	4	71839
17075	-2	4	71843
17076	-2	4	71847
17077	-2	4	71851
17078	-2	4	71855
17079	-2	4	71859
17080	-2	4	71863
17081	-8	10	71873
17082	-6	8	71881
17083	-2	4	71885
17084	-2	4	71889
17085	-2	4	71893
17086	-2	4	71897
17087	-2	4	71901
17088	-2	4	71905
17089	-2	4	71909
17090	-2	4	71913
17091	-2	4	71917
17092	-4	6	71923
17093	-2	4	71927
17094	-2	4	71931
17095	-2	4	71935
17096	-2	4	71939
17097	-2	4	71943
17098	-2	4	71947
17099	-2	4	71951
17100	-2	4	71955
17101	-2	4	71959
17102	-2	4	71963
17103	-2	4	71967
17104	-2	4	71971
17105	-2	4	71975
17106	-2	4	71979
17107	-2	4	71983
17108	-2	4	71987
17109	-2	4	71991
17110	-3	5	71996
17111	-2	4	72000
17112	-4	6	72006
17113	-2	4	72010
17114	-2	4	72014
17115	-2	4	72018
17116	-2	4	72022
17117	-2	4	72026
17118	-2	4	72030
17119	-2	4	72034
17120	-4	6	72040
17121	-4	6	72046
17122	-2	4	72050
17123	-2	4	72054
17124	-2	4	72058
17125	-2	4	72062
17126	-2	4	72066
17127	-2	4	72070
17128	-2	4	72074
17129	-2	4	72078
17130	-2	4	72082
17131	-2	4	72086
17132	-2	4	72090
17133	-2	4	72094
17134	-2	4	72098
17135	-2	4	72102
17136	-2	4	72106
17137	-2	4	72110
17138	-2	4	72114
17139	-2	4	72118
17140	-2	4	72122
17141	-4	6	72128
17142	-2	4	72132
17143	-2	4	72136
17144	-2	4	72140
17145	-2	4	72144
17146	-2	4	72148
17147	-2	4	72152
17148	-2	4	72156
17149	-2	4	72160
17150	-2	4	72164
17151	-2	4	72168
17152	-2	4	72172
17153	-2	4	72176
17154	-2	4	72180
17155	-2	4	72184
17156	-2	4	72188
17157	-2	4	72192
17158	-2	4	72196
17159	-2	4	72200
17160	-2	4	72204
17161	-2	4	72208
17162	-2	4	72212
17163	-2	4	72216
17164	-2	4	72220
17165	-2	4	72224
17166	-2	4	72228
17167	-2	4	72232
17168	-2	4	72236
17169	-2	4	72240
17170	-2	4	72244
17171	-2	4	72248
17172	-2	4	72252
17173	-2	4	72256
17174	-2	4	72260
17175	-2	4	72264
17176	-2	4	72268
17177	-2	4	72272
17178	-2	4	72276
17179	-2	4	72280
17180	-2	4	72284
17181	-2	4	72288
17182	-2	4	72292
17183	-2	4	72296
17184	-2	4	72300
17185	-2	4	72304
17186	-2	4	72308
17187	-3	5	72313
17188	-2	4	72317
17189	-2	4	72321
17190	-3	5	72326
17191	-2	4	72330
17192	-2	4	72334
17193	-2	4	72338
17194	-2	4	72342
17195	-2	4	72346
17196	-4	6	72352
17197	-2	4	72356
17198	-2	4	72360
17199	-2	4	72364
17200	-2	4	72368
17201	-2	4	72372
17202	-2	4	72376
17203	-2	4	72380
17204	-2	4	72384
17205	-3	5	72389
17206	-2	4	72393
17207	-2	4	72397
17208	-6	8	72405
17209	-2	4	72409
17210	-2	4	72413
17211	-2	4	72417
17212	-2	4	72421
17213	-2	4	72425
17214	-2	4	72429
17215	-2	4	72433
17216	-2	4	72437
17217	-2	4	72441
17218	-4	6	72447
17219	-2	4	72451
17220	-2	4	72455
17221	-3	5	72460
17222	-2	4	72464
17223	-2	4	72468
17224	-2	4	72472
17225	-2	4	72476
17226	-2	4	72480
17227	-2	4	72484
17228	-2	4	72488
17229	-2	4	72492
17230	-2	4	72496
17231	-2	4	72500
17232	-2	4	72504
17233	-2	4	72508
17234	-3	5	72513
17235	-2	4	72517
17236	-2	4	72521
17237	-2	4	72525
17238	-2	4	72529
17239	-2	4	72533
17240	-2	4	72537
17241	-2	4	72541
17242	-2	4	72545
17243	-2	4	72549
17244	-2	4	72553
17245	-2	4	72557
17246	-2	4	72561
17247	-4	6	72567
17248	-2	4	72571
17249	-2	4	72575
17250	-2	4	72579
17251	-2	4	72583
17252	-2	4	72587
17253	-2	4	72591
17254	-2	4	72595
17255	-2	4	72599
17256	-2	4	72603
17257	-2	4	72607
17258	-2	4	72611
17259	-4	6	72617
17260	-2	4	72621
17261	-2	4	72625
17262	-2	4	72629
17263	-2	4	72633
17264	-2	4	72637
17265	-2	4	72641
17266	-6	8	72649
17267	-4	6	72655
17268	-2	4	72659
17269	-2	4	72663
17270	-2	4	72667
17271	-2	4	72671
17272	-2	4	72675
17273	-2	4	72679
17274	-2	4	72683
17275	-2	4	72687
17276	-2	4	72691
17277	-2	4	72695
17278	-8	10	72705
17279	-2	4	72709
17280	-2	4	72713
17281	-2	4	72717
17282	-2	4	72721
17283	-4	6	72727
17284	-3	5	72732
17285	-2	4	72736
17286	-2	4	72740
17287	-2	4	72744
17288	-2	4	72748
17289	-2	4	72752
17290	-3	5	72757
17291	-2	4	72761
17292	-2	4	72765
17293	-2	4	72769
17294	-2	4	72773
17295	-2	4	72777
17296	-2	4	72781
17297	-2	4	72785
17298	-2	4	72789
17299	-2	4	72793
17300	-2	4	72797
17301	-2	4	72801
17302	-2	4	72805
17303	-2	4	72809
17304	-2	4	72813
17305	-2	4	72817
17306	-3	5	72822
17307	-4	6	72828
17308	-4	6	72834
17309	-2	4	72838
17310	-2	4	72842
17311	-2	4	72846
17312	-2	4	72850
17313	-2	4	72854
17314	-2	4	72858
17315	-2	4	72862
17316	-2	4	72866
17317	-2	4	72870
17318	-2	4	72874
17319	-2	4	72878
17320	-2	4	72882
17321	-2	4	72886
17322	-2	4	72890
17323	-2	4	72894
17324	-2	4	72898
17325	-2	4	72902
17326	-2	4	72906
17327	-2	4	72910
17328	-2	4	72914
17329	-2	4	72918
17330	-2	4	72922
17331	-2	4	72926
17332	-2	4	72930
17333	-2	4	72934
17334	-2	4	72938
17335	-2	4	72942
17336	-2	4	72946
17337	-2	4	72950
17338	-2	4	72954
17339	-2	4	72958
17340	-2	4	72962
17341	-2	4	72966
17342	-2	4	72970
17343	-2	4	72974
17344	-2	4	72978
17345	-4	6	72984
17346	-2	4	72988
17347	-2	4	72992
17348	-2	4	72996
17349	-2	4	73000
17350	-4	6	73006
17351	-2	4	73010
17352	-4	6	73016
17353	-2	4	73020
17354	-2	4	73024
17355	-2	4	73028
17356	-2	4	73032
17357	-2	4	73036
17358	-2	4	73040
17359	-2	4	73044
17360	-2	4	73048
17361	-2	4	73052
17362	-2	4	73056
17363	-2	4	73060
17364	-2	4	73064
17365	-2	4	73068
17366	-2	4	73072
17367	-2	4	73076
17368	-2	4	73080
17369	-2	4	73084
17370	-2	4	73088
17371	-2	4	73092
17372	-2	4	73096
17373	-2	4	73100
17374	-2	4	73104
17375	-2	4	73108
17376	-2	4	73112
17377	-2	4	73116
17378	-2	4	73120
17379	-2	4	73124
17380	-4	6	73130
17381	-2	4	73134
17382	-2	4	73138
17383	-2	4	73142
17384	-2	4	73146
17385	-2	4	73150
17386	-2	4	73154
17387	-2	4	73158
17388	-2	4	73162
17389	-2	4	73166
17390	-2	4	73170
17391	-2	4	73174
17392	-2	4	73178
17393	-2	4	73182
17394	-2	4	73186
17395	-2	4	73190
17396	-2	4	73194
17397	-2	4	73198
17398	-4	6	73204
17399	-2	4	73208
17400	-2	4	73212
17401	-2	4	73216
17402	-2	4	73220
17403	-2	4	73224
17404	-2	4	73228
17405	-2	4	73232
17406	-2	4	73236
17407	-2	4	73240
17408	-2	4	73244
17409	-2	4	73248
17410	-2	4	73252
17411	-2	4	73256
17412	-2	4	73260
17413	-4	6	73266
17414	-2	4	73270
17415	-2	4	73274
17416	-2	4	73278
17417	-2	4	73282
17418	-4	6	73288
17419	-2	4	73292
17420	-2	4	73296
17421	-2	4	73300
17422	-2	4	73304
17423	-2	4	73308
17424	-2	4	73312
17425	-2	4	73316
17426	-2	4	73320
17427	-2	4	73324
17428	-2	4	73328
17429	-2	4	73332
17430	-2	4	73336
17431	-2	4	73340
17432	-2	4	73344
17433	-2	4	73348
17434	-2	4	73352
17435	-2	4	73356
17436	-2	4	73360
17437	-2	4	73364
17438	-2	4	73368
17439	-2	4	73372
17440	-2	4	73376
17441	-2	4	73380
17442	-2	4	73384
17443	-2	4	73388
17444	-2	4	73392
17445	-3	5	73397
17446	-2	4	73401
17447	-2	4	73405
17448	-2	4	73409
17449	-2	4	73413
17450	-2	4	73417
17451	-2	4	73421
17452	-2	4	73425
17453	-2	4	73429
17454	-2	4	73433
17455	-2	4	73437
17456	-2	4	73441
17457	-2	4	73445
17458	-2	4	73449
17459	-2	4	73453
17460	-2	4	73457
17461	-2	4	73461
17462	-2	4	73465
17463	-2	4	73469
17464	-2	4	73473
17465	-2	4	73477
17466	-2	4	73481
17467	-2	4	73485
17468	-4	6	73491
17469	-4	6	73497
17470	-2	4	73501
17471	-2	4	73505
17472	-2	4	73509
17473	-2	4	73513
17474	-2	4	73517
17475	-2	4	73521
17476	-2	4	73525
17477	-2	4	73529
17478	-2	4	73533
17479	-2	4	73537
17480	-2	4	73541
17481	-2	4	73545
17482	-2	4	73549
17483	-2	4	73553
17484	-4	6	73559
17485	-2	4	73563
17486	-2	4	73567
17487	-2	4	73571
17488	-2	4	73575
17489	-2	4	73579
17490	-2	4	73583
17491	-2	4	73587
17492	-2	4	73591
17493	-2	4	73595
17494	-2	4	73599
17495	-2	4	73603
17496	-2	4	73607
17497	-2	4	73611
17498	-2	4	73615
17499	-2	4	73619
17500	-2	4	73623
17501	-2	4	73627
17502	-2	4	73631
17503	-2	4	73635
17504	-2	4	73639
17505	-2	4	73643
17506	-2	4	73647
17507	-2	4	73651
17508	-2	4	73655
17509	-2	4	73659
17510	-2	4	73663
17511	-2	4	73667
17512	-2	4	73671
17513	-2	4	73675
17514	-2	4	73679
17515	-2	4	73683
17516	-2	4	73687
17517	-2	4	73691
17518	-4	6	73697
17519	-2	4	73701
17520	-2	4	73705
17521	-2	4	73709
17522	-2	4	73713
17523	-2	4	73717
17524	-2	4	73721
17525	-2	4	73725
17526	-2	4	73729
17527	-2	4	73733
17528	-2	4	73737
17529	-2	4	73741
17530	-2	4	73745
17531	-2	4	73749
17532	-2	4	73753
17533	-2	4	73757
17534	-2	4	73761
17535	-2	4	73765
17536	-6	8	73773
17537	-2	4	73777
17538	-2	4	73781
17539	-2	4	73785
17540	-2	4	73789
17541	-4	6	73795
17542	-2	4	73799
17543	-2	4	73803
17544	-2	4	73807
17545	-2	4	73811
17546	-2	4	73815
17547	-4	6	73821
17548	-2	4	73825
17549	-2	4	73829
17550	-3	5	73834
17551	-2	4	73838
17552	-2	4	73842
17553	-2	4	73846
17554	-2	4	73850
17555	-2	4	73854
17556	-2	4	73858
17557	-2	4	73862
17558	-2	4	73866
17559	-2	4	73870
17560	-2	4	73874
17561	-2	4	73878
17562	-4	6	73884
17563	-2	4	73888
17564	-2	4	73892
17565	-2	4	73896
17566	-2	4	73900
17567	-2	4	73904
17568	-2	4	73908
17569	-2	4	73912
17570	-2	4	73916
17571	-2	4	73920
17572	-2	4	73924
17573	-2	4	73928
17574	-2	4	73932
17575	-2	4	73936
17576	-6	8	73944
17577	-2	4	73948
17578	-2	4	73952
17579	-2	4	73956
17580	-2	4	73960
17581	-2	4	73964
17582	-2	4	73968
17583	-2	4	73972
17584	-2	4	73976
17585	-2	4	73980
17586	-2	4	73984
17587	-2	4	73988
17588	-2	4	73992
17589	-2	4	73996
17590	-2	4	74000
17591	-2	4	74004
17592	-2	4	74008
17593	-2	4	74012
17594	-6	8	74020
17595	-2	4	74024
17596	-2	4	74028
17597	-4	6	74034
17598	-2	4	74038
17599	-2	4	74042
17600	-2	4	74046
17601	-2	4	74050
17602	-2	4	74054
17603	-2	4	74058
17604	-2	4	74062
17605	-4	6	74068
17606	-2	4	74072
17607	-2	4	74076
17608	-2	4	74080
17609	-2	4	74084
17610	-2	4	74088
17611	-2	4	74092
17612	-2	4	74096
17613	-2	4	74100
17614	-2	4	74104
17615	-2	4	74108
17616	-2	4	74112
17617	-2	4	74116
17618	-2	4	74120
17619	-2	4	74124
17620	-2	4	74128
17621	-2	4	74132
17622	-2	4	74136
17623	-2	4	74140
17624	-2	4	74144
17625	-2	4	74148
17626	-2	4	74152
17627	-3	5	74157
17628	-2	4	74161
17629	-2	4	74165
17630	-3	5	74170
17631	-2	4	74174
17632	-2	4	74178
17633	-2	4	74182
17634	-2	4	74186
17635	-2	4	74190
17636	-2	4	74194
17637	-2	4	74198
17638	-2	4	74202
17639	-2	4	74206
17640	-2	4	74210
17641	-4	6	74216
17642	-2	4	74220
17643	-2	4	74224
17644	-2	4	74228
17645	-2	4	74232
17646	-4	6	74238
17647	-2	4	74242
17648	-2	4	74246
17649	-2	4	74250
17650	-2	4	74254
17651	-4	6	74260
17652	-2	4	74264
17653	-2	4	74268
17654	-2	4	74272
17655	-2	4	74276
17656	-2	4	74280
17657	-2	4	74284
17658	-2	4	74288
17659	-2	4	74292
17660	-2	4	74296
17661	-2	4	74300
17662	-2	4	74304
17663	-2	4	74308
17664	-2	4	74312
17665	-2	4	74316
17666	-2	4	74320
17667	-2	4	74324
17668	-2	4	74328
17669	-2	4	74332
17670	-2	4	74336
17671	-2	4	74340
17672	-2	4	74344
17673	-4	6	74350
17674	-2	4	74354
17675	-2	4	74358
17676	-2	4	74362
17677	-3	5	74367
17678	-2	4	74371
17679	-2	4	74375
17680	-2	4	74379
17681	-2	4	74383
17682	-2	4	74387
17683	-2	4	74391
17684	-2	4	74395
17685	-2	4	74399
17686	-2	4	74403
17687	-2	4	74407
17688	-2	4	74411
17689	-2	4	74415
17690	-2	4	74419
17691	-2	4	74423
17692	-2	4	74427
17693	-2	4	74431
17694	-2	4	74435
17695	-2	4	74439
17696	-2	4	74443
17697	-2	4	74447
17698	-2	4	74451
17699	-2	4	74455
17700	-4	6	74461
17701	-2	4	74465
17702	-2	4	74469
17703	-2	4	74473
17704	-2	4	74477
17705	-2	4	74481
17706	-2	4	74485
17707	-2	4	74489
17708	-2	4	74493
17709	-2	4	74497
17710	-2	4	74501
17711	-2	4	74505
17712	-2	4	74509
17713	-2	4	74513
17714	-2	4	74517
17715	-2	4	74521
17716	-2	4	74525
17717	-2	4	74529
17718	-2	4	74533
17719	-2	4	74537
17720	-2	4	74541
17721	-2	4	74545
17722	-2	4	74549
17723	-2	4	74553
17724	-2	4	74557
17725	-2	4	74561
17726	-2	4	74565
17727	-4	6	74571
17728	-2	4	74575
17729	-4	6	74581
17730	-2	4	74585
17731	-2	4	74589
17732	-4	6	74595
17733	-2	4	74599
17734	-2	4	74603
17735	-2	4	74607
17736	-2	4	74611
17737	-2	4	74615
17738	-2	4	74619
17739	-2	4	74623
17740	-2	4	74627
17741	-2	4	74631
17742	-2	4	74635
17743	-2	4	74639
17744	-2	4	74643
17745	-2	4	74647
17746	-2	4	74651
17747	-2	4	74655
17748	-2	4	74659
17749	-2	4	74663
17750	-4	6	74669
17751	-2	4	74673
17752	-2	4	74677
17753	-2	4	74681
17754	-2	4	74685
17755	-4	6	74691
17756	-2	4	74695
17757	-2	4	74699
17758	-2	4	74703
17759	-2	4	74707
17760	-2	4	74711
17761	-2	4	74715
17762	-2	4	74719
17763	-2	4	74723
17764	-2	4	74727
17765	-2	4	74731
17766	-2	4	74735
17767	-2	4	74739
17768	-2	4	74743
17769	-2	4	74747
17770	-2	4	74751
17771	-2	4	74755
17772	-2	4	74759
17773	-2	4	74763
17774	-2	4	74767
17775	-2	4	74771
17776	-2	4	74775
17777	-2	4	74779
17778	-2	4	74783
17779	-2	4	74787
17780	-2	4	74791
17781	-2	4	74795
17782	-2	4	74799
17783	-2	4	74803
17784	-2	4	74807
17785	-2	4	74811
17786	-2	4	74815
17787	-2	4	74819
17788	-2	4	74823
17789	-2	4	74827
17790	-2	4	74831
17791	-2	4	74835
17792	-2	4	74839
17793	-2	4	74843
17794	-2	4	74847
17795	-2	4	74851
17796	-3	5	74856
17797	-2	4	74860
17798	-2	4	74864
17799	-2	4	74868
17800	-2	4	74872
17801	-2	4	74876
17802	-2	4	74880
17803	-4	6	74886
17804	-2	4	74890
17805	-2	4	74894
17806	-2	4	74898
17807	-2	4	74902
17808	-2	4	74906
17809	-2	4	74910
17810	-2	4	74914
17811	-2	4	74918
17812	-4	6	74924
17813	-2	4	74928
17814	-2	4	74932
17815	-2	4	74936
17816	-2	4	74940
17817	-2	4	74944
17818	-4	6	74950
17819	-2	4	74954
17820	-2	4	74958
17821	-2	4	74962
17822	-2	4	74966
17823	-2	4	74970
17824	-2	4	74974
17825	-2	4	74978
17826	-2	4	74982
17827	-2	4	74986
17828	-2	4	74990
17829	-2	4	74994
17830	-2	4	74998
17831	-2	4	75002
17832	-2	4	75006
17833	-2	4	75010
17834	-2	4	75014
17835	-2	4	75018
17836	-2	4	75022
17837	-2	4	75026
17838	-2	4	75030
17839	-2	4	75034
17840	-4	6	75040
17841	-2	4	75044
17842	-3	5	75049
17843	-2	4	75053
17844	-2	4	75057
17845	-2	4	75061
17846	-2	4	75065
17847	-2	4	75069
17848	-2	4	75073
17849	-2	4	75077
17850	-2	4	75081
17851	-2	4	75085
17852	-4	6	75091
17853	-2	4	75095
17854	-2	4	75099
17855	-4	6	75105
17856	-2	4	75109
17857	-2	4	75113
17858	-2	4	75117
17859	-2	4	75121
17860	-2	4	75125
17861	-2	4	75129
17862	-2	4	75133
17863	-2	4	75137
17864	-2	4	75141
17865	-2	4	75145
17866	-2	4	75149
17867	-2	4	75153
17868	-2	4	75157
17869	-2	4	75161
17870	-2	4	75165
17871	-2	4	75169
17872	-2	4	75173
17873	-2	4	75177
17874	-2	4	75181
17875	-2	4	75185
17876	-2	4	75189
17877	-2	4	75193
17878	-2	4	75197
17879	-2	4	75201
17880	-2	4	75205
17881	-2	4	75209
17882	-2	4	75213
17883	-2	4	75217
17884	-2	4	75221
17885	-2	4	75225
17886	-2	4	75229
17887	-4	6	75235
17888	-2	4	75239
17889	-2	4	75243
17890	-2	4	75247
17891	-2	4	75251
17892	-2	4	75255
17893	-2	4	75259
17894	-2	4	75263
17895	-2	4	75267
17896	-2	4	75271
17897	-2	4	75275
17898	-2	4	75279
17899	-2	4	75283
17900	-2	4	75287
17901	-2	4	75291
17902	-2	4	75295
17903	-2	4	75299
17904	-2	4	75303
17905	-2	4	75307
17906	-2	4	75311
17907	-2	4	75315
17908	-2	4	75319
17909	-2	4	75323
17910	-2	4	75327
17911	-2	4	75331
17912	-2	4	75335
17913	-2	4	75339
17914	-2	4	75343
17915	-2	4	75347
17916	-4	6	75353
17917	-2	4	75357
17918	-4	6	75363
17919	-2	4	75367
17920	-2	4	75371
17921	-2	4	75375
17922	-2	4	75379
17923	-2	4	75383
17924	-2	4	75387
17925	-2	4	75391
17926	-2	4	75395
17927	-2	4	75399
17928	-2	4	75403
17929	-2	4	75407
17930	-2	4	75411
17931	-2	4	75415
17932	-2	4	75419
17933	-3	5	75424
17934	-2	4	75428
17935	-2	4	75432
17936	-2	4	75436
17937	-4	6	75442
17938	-2	4	75446
17939	-2	4	75450
17940	-2	4	75454
17941	-2	4	75458
17942	-2	4	75462
17943	-2	4	75466
17944	-2	4	75470
17945	-2	4	75474
17946	-2	4	75478
17947	-2	4	75482
17948	-2	4	75486
17949	-2	4	75490
17950	-2	4	75494
17951	-2	4	75498
17952	-2	4	75502
17953	-2	4	75506
17954	-2	4	75510
17955	-2	4	75514
17956	-2	4	75518
17957	-2	4	75522
17958	-2	4	75526
17959	-2	4	75530
17960	-2	4	75534
17961	-2	4	75538
17962	-2	4	75542
17963	-2	4	75546
17964	-2	4	75550
17965	-2	4	75554
17966	-2	4	75558
17967	-2	4	75562
17968	-2	4	75566
17969	-2	4	75570
17970	-2	4	75574
17971	-2	4	75578
17972	-2	4	75582
17973	-2	4	75586
17974	-2	4	75590
17975	-2	4	75594
17976	-2	4	75598
17977	-2	4	75602
17978	-2	4	75606
17979	-2	4	75610
17980	-2	4	75614
17981	-2	4	75618
17982	-6	8	75626
17983	-2	4	75630
17984	-2	4	75634
17985	-2	4	75638
17986	-2	4	75642
17987	-4	6	75648
17988	-2	4	75652
17989	-2	4	75656
17990	-2	4	75660
17991	-2	4	75664
17992	-2	4	75668
17993	-2	4	75672
17994	-2	4	75676
17995	-2	4	75680
17996	-2	4	75684
17997	-2	4	75688
17998	-2	4	75692
17999	-2	4	75696
18000	-2	4	75700
18001	-2	4	75704
18002	-4	6	75710
18003	-2	4	75714
18004	-2	4	75718
18005	-2	4	75722
18006	-2	4	75726
18007	-2	4	75730
18008	-2	4	75734
18009	-2	4	75738
18010	-2	4	75742
18011	-2	4	75746
18012	-2	4	75750
18013	-2	4	75754
18014	-2	4	75758
18015	-2	4	75762
18016	-2	4	75766
18017	-4	6	75772
18018	-2	4	75776
18019	-3	5	75781
18020	-2	4	75785
18021	-2	4	75789
18022	-2	4	75793
18023	-2	4	75797
18024	-2	4	75801
18025	-2	4	75805
18026	-2	4	75809
18027	-2	4	75813
18028	-2	4	75817
18029	-2	4	75821
18030	-2	4	75825
18031	-2	4	75829
18032	-2	4	75833
18033	-4	6	75839
18034	-2	4	75843
18035	-2	4	75847
18036	-2	4	75851
18037	-2	4	75855
18038	-2	4	75859
18039	-2	4	75863
18040	-2	4	75867
18041	-2	4	75871
18042	-2	4	75875
18043	-2	4	75879
18044	-2	4	75883
18045	-2	4	75887
18046	-2	4	75891
18047	-2	4	75895
18048	-2	4	75899
18049	-2	4	75903
18050	-2	4	75907
18051	-2	4	75911
18052	-2	4	75915
18053	-2	4	75919
18054	-2	4	75923
18055	-2	4	75927
18056	-2	4	75931
18057	-2	4	75935
18058	-2	4	75939
18059	-2	4	75943
18060	-2	4	75947
18061	-2	4	75951
18062	-2	4	75955
18063	-2	4	75959
18064	-4	6	75965
18065	-2	4	75969
18066	-2	4	75973
18067	-2	4	75977
18068	-2	4	75981
18069	-2	4	75985
18070	-2	4	75989
18071	-4	6	75995
18072	-2	4	75999
18073	-2	4	76003
18074	-2	4	76007
18075	-2	4	76011
18076	-2	4	76015
18077	-2	4	76019
18078	-2	4	76023
18079	-2	4	76027
18080	-2	4	76031
18081	-4	6	76037
18082	-2	4	76041
18083	-2	4	76045
18084	-2	4	76049
18085	-2	4	76053
18086	-2	4	76057
18087	-2	4	76061
18088	-2	4	76065
18089	-2	4	76069
18090	-2	4	76073
18091	-4	6	76079
18092	-2	4	76083
18093	-2	4	76087
18094	-2	4	76091
18095	-2	4	76095
18096	-2	4	76099
18097	-4	6	76105
18098	-4	6	76111
18099	-2	4	76115
18100	-6	8	76123
18101	-2	4	76127
18102	-2	4	76131
18103	-2	4	76135
18104	-2	4	76139
18105	-2	4	76143
18106	-2	4	76147
18107	-2	4	76151
18108	-2	4	76155
18109	-2	4	76159
18110	-2	4	76163
18111	-2	4	76167
18112	-2	4	76171
18113	-2	4	76175
18114	-2	4	76179
18115	-2	4	76183
18116	-4	6	76189
18117	-2	4	76193
18118	-2	4	76197
18119	-2	4	76201
18120	-2	4	76205
18121	-2	4	76209
18122	-2	4	76213
18123	-4	6	76219
18124	-2	4	76223
18125	-2	4	76227
18126	-2	4	76231
18127	-2	4	76235
18128	-2	4	76239
18129	-2	4	76243
18130	-2	4	76247
18131	-2	4	76251
18132	-6	8	76259
18133	-2	4	76263
18134	-2	4	76267
18135	-2	4	76271
18136	-2	4	76275
18137	-2	4	76279
18138	-2	4	76283
18139	-2	4	76287
18140	-2	4	76291
18141	-2	4	76295
18142	-2	4	76299
18143	-2	4	76303
18144	-2	4	76307
18145	-2	4	76311
18146	-2	4	76315
18147	-2	4	76319
18148	-2	4	76323
18149	-2	4	76327
18150	-4	6	76333
18151	-2	4	76337
18152	-2	4	76341
18153	-2	4	76345
18154	-2	4	76349
18155	-2	4	76353
18156	-2	4	76357
18157	-2	4	76361
18158	-4	6	76367
18159	-2	4	76371
18160	-4	6	76377
18161	-2	4	76381
18162	-2	4	76385
18163	-2	4	76389
18164	-2	4	76393
18165	-2	4	76397
18166	-2	4	76401
18167	-2	4	76405
18168	-2	4	76409
18169	-2	4	76413
18170	-4	6	76419
18171	-2	4	76423
18172	-4	6	76429
18173	-2	4	76433
18174	-2	4	76437
18175	-4	6	76443
18176	-2	4	76447
18177	-2	4	76451
18178	-2	4	76455
18179	-2	4	76459
18180	-2	4	76463
18181	-2	4	76467
18182	-4	6	76473
18183	-2	4	76477
18184	-2	4	76481
18185	-2	4	76485
18186	-2	4	76489
18187	-2	4	76493
18188	-4	6	76499
18189	-2	4	76503
18190	-2	4	76507
18191	-2	4	76511
18192	-2	4	76515
18193	-2	4	76519
18194	-2	4	76523
18195	-2	4	76527
18196	-2	4	76531
18197	-2	4	76535
18198	-2	4	76539
18199	-2	4	76543
18200	-2	4	76547
18201	-5	7	76554
18202	-2	4	76558
18203	-2	4	76562
18204	-2	4	76566
18205	-2	4	76570
18206	-2	4	76574
18207	-2	4	76578
18208	-2	4	76582
18209	-2	4	76586
18210	-2	4	76590
18211	-2	4	76594
18212	-3	5	76599
18213	-2	4	76603
18214	-2	4	76607
18215	-2	4	76611
18216	-2	4	76615
18217	-2	4	76619
18218	-2	4	76623
18219	-2	4	76627
18220	-2	4	76631
18221	-2	4	76635
18222	-2	4	76639
18223	-2	4	76643
18224	-2	4	76647
18225	-2	4	76651
18226	-2	4	76655
18227	-2	4	76659
18228	-2	4	76663
18229	-2	4	76667
18230	-2	4	76671
18231	-6	8	76679
18232	-4	6	76685
18233	-2	4	76689
18234	-2	4	76693
18235	-2	4	76697
18236	-2	4	76701
18237	-2	4	76705
18238	-2	4	76709
18239	-2	4	76713
18240	-2	4	76717
18241	-2	4	76721
18242	-2	4	76725
18243	-2	4	76729
18244	-2	4	76733
18245	-2	4	76737
18246	-2	4	76741
18247	-2	4	76745
18248	-2	4	76749
18249	-2	4	76753
18250	-2	4	76757
18251	-2	4	76761
18252	-2	4	76765
18253	-2	4	76769
18254	-2	4	76773
18255	-2	4	76777
18256	-3	5	76782
18257	-2	4	76786
18258	-3	5	76791
18259	-2	4	76795
18260	-2	4	76799
18261	-2	4	76803
18262	-2	4	76807
18263	-2	4	76811
18264	-2	4	76815
18265	-2	4	76819
18266	-2	4	76823
18267	-4	6	76829
18268	-2	4	76833
18269	-2	4	76837
18270	-2	4	76841
18271	-2	4	76845
18272	-4	6	76851
18273	-2	4	76855
18274	-2	4	76859
18275	-2	4	76863
18276	-2	4	76867
18277	-2	4	76871
18278	-2	4	76875
18279	-2	4	76879
18280	-2	4	76883
18281	-2	4	76887
18282	-2	4	76891
18283	-2	4	76895
18284	-2	4	76899
18285	-2	4	76903
18286	-2	4	76907
18287	-2	4	76911
18288	-2	4	76915
18289	-2	4	76919
18290	-2	4	76923
18291	-2	4	76927
18292	-2	4	76931
18293	-2	4	76935
18294	-2	4	76939
18295	-2	4	76943
18296	-2	4	76947
18297	-2	4	76951
18298	-2	4	76955
18299	-4	6	76961
18300	-2	4	76965
18301	-2	4	76969
18302	-2	4	76973
18303	-2	4	76977
18304	-2	4	76981
18305	-2	4	76985
18306	-2	4	76989
18307	-2	4	76993
18308	-2	4	76997
18309	-2	4	77001
18310	-2	4	77005
18311	-2	4	77009
18312	-2	4	77013
18313	-2	4	77017
18314	-2	4	77021
18315	-2	4	77025
18316	-2	4	77029
18317	-2	4	77033
18318	-2	4	77037
18319	-2	4	77041
18320	-2	4	77045
18321	-2	4	77049
18322	-2	4	77053
18323	-2	4	77057
18324	-2	4	77061
18325	-2	4	77065
18326	-4	6	77071
18327	-2	4	77075
18328	-2	4	77079
18329	-2	4	77083
18330	-4	6	77089
18331	-2	4	77093
18332	-2	4	77097
18333	-2	4	77101
18334	-2	4	77105
18335	-2	4	77109
18336	-2	4	77113
18337	-2	4	77117
18338	-2	4	77121
18339	-2	4	77125
18340	-2	4	77129
18341	-2	4	77133
18342	-2	4	77137
18343	-2	4	77141
18344	-2	4	77145
18345	-2	4	77149
18346	-2	4	77153
18347	-2	4	77157
18348	-2	4	77161
18349	-4	6	77167
18350	-2	4	77171
18351	-2	4	77175
18352	-2	4	77179
18353	-2	4	77183
18354	-2	4	77187
18355	-4	6	77193
18356	-2	4	77197
18357	-2	4	77201
18358	-2	4	77205
18359	-2	4	77209
18360	-2	4	77213
18361	-2	4	77217
18362	-2	4	77221
18363	-2	4	77225
18364	-2	4	77229
18365	-2	4	77233
18366	-2	4	77237
18367	-2	4	77241
18368	-2	4	77245
18369	-2	4	77249
18370	-2	4	77253
18371	-4	6	77259
18372	-2	4	77263
18373	-2	4	77267
18374	-3	5	77272
18375	-2	4	77276
18376	-2	4	77280
18377	-2	4	77284
18378	-2	4	77288
18379	-2	4	77292
18380	-2	4	77296
18381	-2	4	77300
18382	-2	4	77304
18383	-2	4	77308
18384	-2	4	77312
18385	-4	6	77318
18386	-2	4	77322
18387	-2	4	77326
18388	-2	4	77330
18389	-2	4	77334
18390	-2	4	77338
18391	-2	4	77342
18392	-2	4	77346
18393	-2	4	77350
18394	-2	4	77354
18395	-2	4	77358
18396	-2	4	77362
18397	-2	4	77366
18398	-2	4	77370
18399	-2	4	77374
18400	-4	6	77380
18401	-4	6	77386
18402	-2	4	77390
18403	-2	4	77394
18404	-2	4	77398
18405	-4	6	77404
18406	-2	4	77408
18407	-2	4	77412
18408	-2	4	77416
18409	-2	4	77420
18410	-2	4	77424
18411	-2	4	77428
18412	-2	4	77432
18413	-2	4	77436
18414	-2	4	77440
18415	-2	4	77444
18416	-2	4	77448
18417	-2	4	77452
18418	-2	4	77456
18419	-2	4	77460
18420	-2	4	77464
18421	-2	4	77468
18422	-2	4	77472
18423	-2	4	77476
18424	-2	4	77480
18425	-2	4	77484
18426	-2	4	77488
18427	-2	4	77492
18428	-2	4	77496
18429	-2	4	77500
18430	-2	4	77504
18431	-6	8	77512
18432	-2	4	77516
18433	-2	4	77520
18434	-2	4	77524
18435	-2	4	77528
18436	-2	4	77532
18437	-2	4	77536
18438	-2	4	77540
18439	-2	4	77544
18440	-2	4	77548
18441	-2	4	77552
18442	-4	6	77558
18443	-2	4	77562
18444	-2	4	77566
18445	-2	4	77570
18446	-6	8	77578
18447	-2	4	77582
18448	-2	4	77586
18449	-2	4	77590
18450	-3	5	77595
18451	-4	6	77601
18452	-2	4	77605
18453	-2	4	77609
18454	-4	6	77615
18455	-2	4	77619
18456	-2	4	77623
18457	-2	4	77627
18458	-2	4	77631
18459	-2	4	77635
18460	-2	4	77639
18461	-2	4	77643
18462	-2	4	77647
18463	-2	4	77651
18464	-2	4	77655
18465	-4	6	77661
18466	-2	4	77665
18467	-2	4	77669
18468	-2	4	77673
18469	-2	4	77677
18470	-2	4	77681
18471	-2	4	77685
18472	-2	4	77689
18473	-2	4	77693
18474	-2	4	77697
18475	-2	4	77701
18476	-2	4	77705
18477	-4	6	77711
18478	-2	4	77715
18479	-2	4	77719
18480	-2	4	77723
18481	-2	4	77727
18482	-4	6	77733
18483	-4	6	77739
18484	-2	4	77743
18485	-2	4	77747
18486	-2	4	77751
18487	-2	4	77755
18488	-2	4	77759
18489	-2	4	77763
18490	-2	4	77767
18491	-2	4	77771
18492	-2	4	77775
18493	-2	4	77779
18494	-2	4	77783
18495	-2	4	77787
18496	-2	4	77791
18497	-2	4	77795
18498	-2	4	77799
18499	-2	4	77803
18500	-2	4	77807
18501	-2	4	77811
18502	-2	4	77815
18503	-2	4	77819
18504	-2	4	77823
18505	-2	4	77827
18506	-2	4	77831
18507	-2	4	77835
18508	-2	4	77839
18509	-2	4	77843
18510	-2	4	77847
18511	-2	4	77851
18512	-2	4	77855
18513	-2	4	77859
18514	-2	4	77863
18515	-2	4	77867
18516	-2	4	77871
18517	-2	4	77875
18518	-2	4	77879
18519	-2	4	77883
18520	-2	4	77887
18521	-2	4	77891
18522	-2	4	77895
18523	-2	4	77899
18524	-2	4	77903
18525	-2	4	77907
18526	-2	4	77911
18527	-2	4	77915
18528	-2	4	77919
18529	-6	8	77927
18530	-2	4	77931
18531	-2	4	77935
18532	-4	6	77941
18533	-2	4	77945
18534	-2	4	77949
18535	-2	4	77953
18536	-2	4	77957
18537	-2	4	77961
18538	-2	4	77965
18539	-2	4	77969
18540	-2	4	77973
18541	-2	4	77977
18542	-2	4	77981
18543	-2	4	77985
18544	-2	4	77989
18545	-2	4	77993
18546	-2	4	77997
18547	-4	6	78003
18548	-2	4	78007
18549	-2	4	78011
18550	-2	4	78015
18551	-2	4	78019
18552	-2	4	78023
18553	-2	4	78027
18554	-2	4	78031
18555	-2	4	78035
18556	-2	4	78039
18557	-2	4	78043
18558	-2	4	78047
18559	-2	4	78051
18560	-2	4	78055
18561	-2	4	78059
18562	-2	4	78063
18563	-4	6	78069
18564	-2	4	78073
18565	-2	4	78077
18566	-2	4	78081
18567	-2	4	78085
18568	-2	4	78089
18569	-2	4	78093
18570	-2	4	78097
18571	-2	4	78101
18572	-4	6	78107
18573	-2	4	78111
18574	-2	4	78115
18575	-2	4	78119
18576	-2	4	78123
18577	-2	4	78127
18578	-2	4	78131
18579	-2	4	78135
18580	-2	4	78139
18581	-2	4	78143
18582	-2	4	78147
18583	-4	6	78153
18584	-2	4	78157
18585	-2	4	78161
18586	-2	4	78165
18587	-2	4	78169
18588	-2	4	78173
18589	-2	4	78177
18590	-2	4	78181
18591	-2	4	78185
18592	-2	4	78189
18593	-2	4	78193
18594	-2	4	78197
18595	-2	4	78201
18596	-2	4	78205
18597	-2	4	78209
18598	-2	4	78213
18599	-2	4	78217
18600	-2	4	78221
18601	-2	4	78225
18602	-2	4	78229
18603	-2	4	78233
18604	-4	6	78239
18605	-2	4	78243
18606	-2	4	78247
18607	-2	4	78251
18608	-2	4	78255
18609	-2	4	78259
18610	-2	4	78263
18611	-2	4	78267
18612	-2	4	78271
18613	-2	4	78275
18614	-2	4	78279
18615	-2	4	78283
18616	-2	4	78287
18617	-2	4	78291
18618	-2	4	78295
18619	-2	4	78299
18620	-2	4	78303
18621	-2	4	78307
18622	-2	4	78311
18623	-2	4	78315
18624	-2	4	78319
18625	-2	4	78323
18626	-2	4	78327
18627	-2	4	78331
18628	-2	4	78335
18629	-2	4	78339
18630	-2	4	78343
18631	-2	4	78347
18632	-2	4	78351
18633	-2	4	78355
18634	-2	4	78359
18635	-4	6	78365
18636	-2	4	78369
18637	-2	4	78373
18638	-2	4	78377
18639	-2	4	78381
18640	-2	4	78385
18641	-2	4	78389
18642	-2	4	78393
18643	-2	4	78397
18644	-2	4	78401
18645	-2	4	78405
18646	-2	4	78409
18647	-2	4	78413
18648	-4	6	78419
18649	-2	4	78423
18650	-2	4	78427
18651	-2	4	78431
18652	-2	4	78435
18653	-2	4	78439
18654	-2	4	78443
18655	-2	4	78447
18656	-2	4	78451
18657	-2	4	78455
18658	-2	4	78459
18659	-2	4	78463
18660	-2	4	78467
18661	-2	4	78471
18662	-2	4	78475
18663	-2	4	78479
18664	-3	5	78484
18665	-4	6	78490
18666	-2	4	78494
18667	-2	4	78498
18668	-2	4	78502
18669	-2	4	78506
18670	-2	4	78510
18671	-2	4	78514
18672	-2	4	78518
18673	-2	4	78522
18674	-2	4	78526
18675	-2	4	78530
18676	-2	4	78534
18677	-2	4	78538
18678	-2	4	78542
18679	-2	4	78546
18680	-2	4	78550
18681	-2	4	78554
18682	-2	4	78558
18683	-2	4	78562
18684	-2	4	78566
18685	-2	4	78570
18686	-2	4	78574
18687	-2	4	78578
18688	-2	4	78582
18689	-2	4	78586
18690	-2	4	78590
18691	-2	4	78594
18692	-2	4	78598
18693	-2	4	78602
18694	-2	4	78606
18695	-2	4	78610
18696	-2	4	78614
18697	-4	6	78620
18698	-2	4	78624
18699	-2	4	78628
18700	-2	4	78632
18701	-2	4	78636
18702	-2	4	78640
18703	-2	4	78644
18704	-2	4	78648
18705	-2	4	78652
18706	-2	4	78656
18707	-2	4	78660
18708	-2	4	78664
18709	-2	4	78668
18710	-2	4	78672
18711	-2	4	78676
18712	-2	4	78680
18713	-2	4	78684
18714	-2	4	78688
18715	-2	4	78692
18716	-2	4	78696
18717	-2	4	78700
18718	-2	4	78704
18719	-2	4	78708
18720	-2	4	78712
18721	-4	6	78718
18722	-4	6	78724
18723	-4	6	78730
18724	-2	4	78734
18725	-4	6	78740
18726	-2	4	78744
18727	-3	5	78749
18728	-2	4	78753
18729	-2	4	78757
18730	-2	4	78761
18731	-2	4	78765
18732	-2	4	78769
18733	-2	4	78773
18734	-2	4	78777
18735	-2	4	78781
18736	-2	4	78785
18737	-2	4	78789
18738	-2	4	78793
18739	-6	8	78801
18740	-2	4	78805
18741	-2	4	78809
18742	-2	4	78813
18743	-4	6	78819
18744	-2	4	78823
18745	-2	4	78827
18746	-4	6	78833
18747	-2	4	78837
18748	-4	6	78843
18749	-2	4	78847
18750	-2	4	78851
18751	-2	4	78855
18752	-2	4	78859
18753	-2	4	78863
18754	-2	4	78867
18755	-2	4	78871
18756	-2	4	78875
18757	-2	4	78879
18758	-2	4	78883
18759	-2	4	78887
18760	-2	4	78891
18761	-2	4	78895
18762	-2	4	78899
18763	-2	4	78903
18764	-2	4	78907
18765	-2	4	78911
18766	-2	4	78915
18767	-2	4	78919
18768	-2	4	78923
18769	-2	4	78927
18770	-2	4	78931
18771	-2	4	78935
18772	-2	4	78939
18773	-2	4	78943
18774	-2	4	78947
18775	-2	4	78951
18776	-2	4	78955
18777	-2	4	78959
18778	-2	4	78963
18779	-2	4	78967
18780	-2	4	78971
18781	-4	6	78977
18782	-4	6	78983
18783	-3	5	78988
18784	-2	4	78992
18785	-2	4	78996
18786	-2	4	79000
18787	-2	4	79004
18788	-2	4	79008
18789	-2	4	79012
18790	-2	4	79016
18791	-2	4	79020
18792	-2	4	79024
18793	-2	4	79028
18794	-2	4	79032
18795	-2	4	79036
18796	-2	4	79040
18797	-2	4	79044
18798	-2	4	79048
18799	-2	4	79052
18800	-2	4	79056
18801	-2	4	79060
18802	-2	4	79064
18803	-2	4	79068
18804	-2	4	79072
18805	-2	4	79076
18806	-2	4	79080
18807	-4	6	79086
18808	-2	4	79090
18809	-2	4	79094
18810	-2	4	79098
18811	-2	4	79102
18812	-2	4	79106
18813	-2	4	79110
18814	-6	8	79118
18815	-2	4	79122
18816	-2	4	79126
18817	-2	4	79130
18818	-2	4	79134
18819	-2	4	79138
18820	-2	4	79142
18821	-2	4	79146
18822	-2	4	79150
18823	-2	4	79154
18824	-2	4	79158
18825	-2	4	79162
18826	-2	4	79166
18827	-2	4	79170
18828	-2	4	79174
18829	-2	4	79178
18830	-2	4	79182
18831	-2	4	79186
18832	-2	4	79190
18833	-2	4	79194
18834	-2	4	79198
18835	-2	4	79202
18836	-2	4	79206
18837	-2	4	79210
18838	-2	4	79214
18839	-2	4	79218
18840	-2	4	79222
18841	-2	4	79226
18842	-2	4	79230
18843	-2	4	79234
18844	-2	4	79238
18845	-2	4	79242
18846	-2	4	79246
18847	-2	4	79250
18848	-2	4	79254
18849	-2	4	79258
18850	-2	4	79262
18851	-2	4	79266
18852	-2	4	79270
18853	-2	4	79274
18854	-2	4	79278
18855	-2	4	79282
18856	-2	4	79286
18857	-2	4	79290
18858	-2	4	79294
18859	-2	4	79298
18860	-4	6	79304
18861	-2	4	79308
18862	-2	4	79312
18863	-2	4	79316
18864	-3	5	79321
18865	-2	4	79325
18866	-2	4	79329
18867	-2	4	79333
18868	-2	4	79337
18869	-2	4	79341
18870	-2	4	79345
18871	-2	4	79349
18872	-2	4	79353
18873	-2	4	79357
18874	-2	4	79361
18875	-2	4	79365
18876	-2	4	79369
18877	-2	4	79373
18878	-2	4	79377
18879	-2	4	79381
18880	-2	4	79385
18881	-2	4	79389
18882	-2	4	79393
18883	-2	4	79397
18884	-2	4	79401
18885	-2	4	79405
18886	-2	4	79409
18887	-2	4	79413
18888	-2	4	79417
18889	-2	4	79421
18890	-2	4	79425
18891	-2	4	79429
18892	-2	4	79433
18893	-2	4	79437
18894	-2	4	79441
18895	-2	4	79445
18896	-2	4	79449
18897	-2	4	79453
18898	-2	4	79457
18899	-3	5	79462
18900	-2	4	79466
18901	-2	4	79470
18902	-2	4	79474
18903	-2	4	79478
18904	-2	4	79482
18905	-2	4	79486
18906	-2	4	79490
18907	-4	6	79496
18908	-2	4	79500
18909	-2	4	79504
18910	-2	4	79508
18911	-2	4	79512
18912	-3	5	79517
18913	-2	4	79521
18914	-2	4	79525
18915	-2	4	79529
18916	-2	4	79533
18917	-2	4	79537
18918	-2	4	79541
18919	-2	4	79545
18920	-2	4	79549
18921	-2	4	79553
18922	-2	4	79557
18923	-2	4	79561
18924	-2	4	79565
18925	-2	4	79569
18926	-2	4	79573
18927	-2	4	79577
18928	-2	4	79581
18929	-4	6	79587
18930	-2	4	79591
18931	-4	6	79597
18932	-4	6	79603
18933	-2	4	79607
18934	-2	4	79611
18935	-2	4	79615
18936	-2	4	79619
18937	-6	8	79627
18938	-2	4	79631
18939	-2	4	79635
18940	-2	4	79639
18941	-2	4	79643
18942	-2	4	79647
18943	-2	4	79651
18944	-2	4	79655
18945	-2	4	79659
18946	-2	4	79663
18947	-2	4	79667
18948	-2	4	79671
18949	-2	4	79675
18950	-2	4	79679
18951	-2	4	79683
18952	-2	4	79687
18953	-2	4	79691
18954	-2	4	79695
18955	-2	4	79699
18956	-4	6	79705
18957	-2	4	79709
18958	-2	4	79713
18959	-2	4	79717
18960	-2	4	79721
18961	-2	4	79725
18962	-2	4	79729
18963	-2	4	79733
18964	-2	4	79737
18965	-4	6	79743
18966	-2	4	79747
18967	-2	4	79751
18968	-2	4	79755
18969	-2	4	79759
18970	-2	4	79763
18971	-2	4	79767
18972	-2	4	79771
18973	-2	4	79775
18974	-2	4	79779
18975	-2	4	79783
18976	-2	4	79787
18977	-2	4	79791
18978	-2	4	79795
18979	-2	4	79799
18980	-2	4	79803
18981	-2	4	79807
18982	-2	4	79811
18983	-2	4	79815
18984	-2	4	79819
18985	-2	4	79823
18986	-2	4	79827
18987	-2	4	79831
18988	-2	4	79835
18989	-2	4	79839
18990	-2	4	79843
18991	-4	6	79849
18992	-4	6	79855
18993	-2	4	79859
18994	-2	4	79863
18995	-2	4	79867
18996	-2	4	79871
18997	-2	4	79875
18998	-2	4	79879
18999	-2	4	79883
19000	-2	4	79887
19001	-2	4	79891
19002	-2	4	79895
19003	-2	4	79899
19004	-2	4	79903
19005	-2	4	79907
19006	-2	4	79911
19007	-2	4	79915
19008	-2	4	79919
19009	-2	4	79923
19010	-2	4	79927
19011	-2	4	79931
19012	-2	4	79935
19013	-2	4	79939
19014	-2	4	79943
19015	-2	4	79947
19016	-2	4	79951
19017	-2	4	79955
19018	-2	4	79959
19019	-4	6	79965
19020	-2	4	79969
19021	-2	4	79973
19022	-2	4	79977
19023	-2	4	79981
19024	-2	4	79985
19025	-2	4	79989
19026	-4	6	79995
19027	-2	4	79999
19028	-2	4	80003
19029	-2	4	80007
19030	-2	4	80011
19031	-2	4	80015
19032	-2	4	80019
19033	-6	8	80027
19034	-2	4	80031
19035	-2	4	80035
19036	-2	4	80039
19037	-2	4	80043
19038	-2	4	80047
19039	-2	4	80051
19040	-2	4	80055
19041	-2	4	80059
19042	-2	4	80063
19043	-2	4	80067
19044	-2	4	80071
19045	-2	4	80075
19046	-2	4	80079
19047	-4	6	80085
19048	-2	4	80089
19049	-2	4	80093
19050	-2	4	80097
19051	-2	4	80101
19052	-2	4	80105
19053	-2	4	80109
19054	-2	4	80113
19055	-2	4	80117
19056	-2	4	80121
19057	-2	4	80125
19058	-2	4	80129
19059	-2	4	80133
19060	-2	4	80137
19061	-2	4	80141
19062	-2	4	80145
19063	-2	4	80149
19064	-2	4	80153
19065	-2	4	80157
19066	-2	4	80161
19067	-2	4	80165
19068	-2	4	80169
19069	-2	4	80173
19070	-2	4	80177
19071	-2	4	80181
19072	-2	4	80185
19073	-2	4	80189
19074	-2	4	80193
19075	-2	4	80197
19076	-2	4	80201
19077	-2	4	80205
19078	-4	6	80211
19079	-2	4	80215
19080	-2	4	80219
19081	-2	4	80223
19082	-2	4	80227
19083	-2	4	80231
19084	-2	4	80235
19085	-2	4	80239
19086	-2	4	80243
19087	-2	4	80247
19088	-2	4	80251
19089	-4	6	80257
19090	-2	4	80261
19091	-2	4	80265
19092	-2	4	80269
19093	-2	4	80273
19094	-2	4	80277
19095	-2	4	80281
19096	-2	4	80285
19097	-2	4	80289
19098	-2	4	80293
19099	-2	4	80297
19100	-2	4	80301
19101	-2	4	80305
19102	-6	8	80313
19103	-2	4	80317
19104	-2	4	80321
19105	-2	4	80325
19106	-2	4	80329
19107	-2	4	80333
19108	-2	4	80337
19109	-2	4	80341
19110	-2	4	80345
19111	-3	5	80350
19112	-4	6	80356
19113	-2	4	80360
19114	-2	4	80364
19115	-2	4	80368
19116	-2	4	80372
19117	-2	4	80376
19118	-2	4	80380
19119	-2	4	80384
19120	-2	4	80388
19121	-2	4	80392
19122	-2	4	80396
19123	-2	4	80400
19124	-2	4	80404
19125	-2	4	80408
19126	-2	4	80412
19127	-2	4	80416
19128	-2	4	80420
19129	-2	4	80424
19130	-2	4	80428
19131	-2	4	80432
19132	-2	4	80436
19133	-8	10	80446
19134	-2	4	80450
19135	-2	4	80454
19136	-4	6	80460
19137	-2	4	80464
19138	-2	4	80468
19139	-2	4	80472
19140	-2	4	80476
19141	-2	4	80480
19142	-2	4	80484
19143	-2	4	80488
19144	-2	4	80492
19145	-2	4	80496
19146	-2	4	80500
19147	-2	4	80504
19148	-2	4	80508
19149	-2	4	80512
19150	-2	4	80516
19151	-2	4	80520
19152	-2	4	80524
19153	-4	6	80530
19154	-2	4	80534
19155	-2	4	80538
19156	-2	4	80542
19157	-2	4	80546
19158	-2	4	80550
19159	-2	4	80554
19160	-2	4	80558
19161	-2	4	80562
19162	-2	4	80566
19163	-2	4	80570
19164	-2	4	80574
19165	-2	4	80578
19166	-2	4	80582
19167	-2	4	80586
19168	-2	4	80590
19169	-2	4	80594
19170	-2	4	80598
19171	-2	4	80602
19172	-4	6	80608
19173	-2	4	80612
19174	-2	4	80616
19175	-2	4	80620
19176	-2	4	80624
19177	-2	4	80628
19178	-2	4	80632
19179	-2	4	80636
19180	-2	4	80640
19181	-2	4	80644
19182	-2	4	80648
19183	-2	4	80652
19184	-2	4	80656
19185	-2	4	80660
19186	-2	4	80664
19187	-3	5	80669
19188	-2	4	80673
19189	-2	4	80677
19190	-2	4	80681
19191	-2	4	80685
19192	-2	4	80689
19193	-2	4	80693
19194	-2	4	80697
19195	-2	4	80701
19196	-2	4	80705
19197	-2	4	80709
19198	-2	4	80713
19199	-2	4	80717
19200	-6	8	80725
19201	-2	4	80729
19202	-2	4	80733
19203	-2	4	80737
19204	-2	4	80741
19205	-2	4	80745
19206	-2	4	80749
19207	-2	4	80753
19208	-2	4	80757
19209	-2	4	80761
19210	-2	4	80765
19211	-2	4	80769
19212	-2	4	80773
19213	-2	4	80777
19214	-2	4	80781
19215	-2	4	80785
19216	-2	4	80789
19217	-2	4	80793
19218	-4	6	80799
19219	-2	4	80803
19220	-4	6	80809
19221	-2	4	80813
19222	-2	4	80817
19223	-2	4	80821
19224	-2	4	80825
19225	-2	4	80829
19226	-2	4	80833
19227	-2	4	80837
19228	-2	4	80841
19229	-2	4	80845
19230	-2	4	80849
19231	-2	4	80853
19232	-2	4	80857
19233	-2	4	80861
19234	-2	4	80865
19235	-2	4	80869
19236	-2	4	80873
19237	-2	4	80877
19238	-2	4	80881
19239	-2	4	80885
19240	-2	4	80889
19241	-2	4	80893
19242	-2	4	80897
19243	-2	4	80901
19244	-2	4	80905
19245	-2	4	80909
19246	-2	4	80913
19247	-2	4	80917
19248	-2	4	80921
19249	-2	4	80925
19250	-2	4	80929
19251	-2	4	80933
19252	-2	4	80937
19253	-2	4	80941
19254	-2	4	80945
19255	-4	6	80951
19256	-2	4	80955
19257	-2	4	80959
19258	-2	4	80963
19259	-2	4	80967
19260	-2	4	80971
19261	-2	4	80975
19262	-2	4	80979
19263	-2	4	80983
19264	-2	4	80987
19265	-2	4	80991
19266	-2	4	80995
19267	-4	6	81001
19268	-2	4	81005
19269	-2	4	81009
19270	-2	4	81013
19271	-2	4	81017
19272	-2	4	81021
19273	-2	4	81025
19274	-2	4	81029
19275	-2	4	81033
19276	-2	4	81037
19277	-2	4	81041
19278	-2	4	81045
19279	-2	4	81049
19280	-2	4	81053
19281	-2	4	81057
19282	-2	4	81061
19283	-2	4	81065
19284	-2	4	81069
19285	-2	4	81073
19286	-2	4	81077
19287	-2	4	81081
19288	-2	4	81085
19289	-2	4	81089
19290	-2	4	81093
19291	-2	4	81097
19292	-2	4	81101
19293	-2	4	81105
19294	-2	4	81109
19295	-2	4	81113
19296	-2	4	81117
19297	-2	4	81121
19298	-2	4	81125
19299	-2	4	81129
19300	-4	6	81135
19301	-2	4	81139
19302	-2	4	81143
19303	-2	4	81147
19304	-4	6	81153
19305	-2	4	81157
19306	-2	4	81161
19307	-2	4	81165
19308	-2	4	81169
19309	-2	4	81173
19310	-2	4	81177
19311	-2	4	81181
19312	-2	4	81185
19313	-6	8	81193
19314	-2	4	81197
19315	-2	4	81201
19316	-2	4	81205
19317	-2	4	81209
19318	-2	4	81213
19319	-2	4	81217
19320	-2	4	81221
19321	-2	4	81225
19322	-2	4	81229
19323	-2	4	81233
19324	-2	4	81237
19325	-2	4	81241
19326	-2	4	81245
19327	-2	4	81249
19328	-2	4	81253
19329	-2	4	81257
19330	-2	4	81261
19331	-2	4	81265
19332	-2	4	81269
19333	-2	4	81273
19334	-2	4	81277
19335	-2	4	81281
19336	-2	4	81285
19337	-6	8	81293
19338	-2	4	81297
19339	-2	4	81301
19340	-2	4	81305
19341	-2	4	81309
19342	-2	4	81313
19343	-2	4	81317
19344	-2	4	81321
19345	-2	4	81325
19346	-2	4	81329
19347	-2	4	81333
19348	-2	4	81337
19349	-2	4	81341
19350	-2	4	81345
19351	-2	4	81349
19352	-2	4	81353
19353	-2	4	81357
19354	-2	4	81361
19355	-6	8	81369
19356	-2	4	81373
19357	-2	4	81377
19358	-2	4	81381
19359	-2	4	81385
19360	-2	4	81389
19361	-2	4	81393
19362	-2	4	81397
19363	-2	4	81401
19364	-2	4	81405
19365	-2	4	81409
19366	-2	4	81413
19367	-2	4	81417
19368	-2	4	81421
19369	-2	4	81425
19370	-2	4	81429
19371	-2	4	81433
19372	-2	4	81437
19373	-2	4	81441
19374	-2	4	81445
19375	-2	4	81449
19376	-2	4	81453
19377	-2	4	81457
19378	-2	4	81461
19379	-4	6	81467
19380	-2	4	81471
19381	-2	4	81475
19382	-2	4	81479
19383	-2	4	81483
19384	-2	4	81487
19385	-2	4	81491
19386	-2	4	81495
19387	-2	4	81499
19388	-2	4	81503
19389	-2	4	81507
19390	-4	6	81513
19391	-6	8	81521
19392	-2	4	81525
19393	-2	4	81529
19394	-2	4	81533
19395	-2	4	81537
19396	-2	4	81541
19397	-2	4	81545
19398	-2	4	81549
19399	-2	4	81553
19400	-2	4	81557
19401	-2	4	81561
19402	-2	4	81565
19403	-2	4	81569
19404	-2	4	81573
19405	-2	4	81577
19406	-6	8	81585
19407	-2	4	81589
19408	-2	4	81593
19409	-2	4	81597
19410	-2	4	81601
19411	-2	4	81605
19412	-2	4	81609
19413	-6	8	81617
19414	-2	4	81621
19415	-2	4	81625
19416	-2	4	81629
19417	-2	4	81633
19418	-2	4	81637
19419	-2	4	81641
19420	-2	4	81645
19421	-2	4	81649
19422	-2	4	81653
19423	-2	4	81657
19424	-2	4	81661
19425	-2	4	81665
19426	-2	4	81669
19427	-2	4	81673
19428	-2	4	81677
19429	-2	4	81681
19430	-2	4	81685
19431	-2	4	81689
19432	-6	8	81697
19433	-2	4	81701
19434	-2	4	81705
19435	-2	4	81709
19436	-2	4	81713
19437	-2	4	81717
19438	-2	4	81721
19439	-6	8	81729
19440	-2	4	81733
19441	-2	4	81737
19442	-2	4	81741
19443	-2	4	81745
19444	-2	4	81749
19445	-4	6	81755
19446	-2	4	81759
19447	-2	4	81763
19448	-4	6	81769
19449	-2	4	81773
19450	-2	4	81777
19451	-2	4	81781
19452	-2	4	81785
19453	-2	4	81789
19454	-2	4	81793
19455	-2	4	81797
19456	-6	8	81805
19457	-2	4	81809
19458	-2	4	81813
19459	-2	4	81817
19460	-2	4	81821
19461	-4	6	81827
19462	-2	4	81831
19463	-2	4	81835
19464	-2	4	81839
19465	-2	4	81843
19466	-2	4	81847
19467	-2	4	81851
19468	-2	4	81855
19469	-2	4	81859
19470	-2	4	81863
19471	-2	4	81867
19472	-2	4	81871
19473	-2	4	81875
19474	-2	4	81879
19475	-2	4	81883
19476	-2	4	81887
19477	-2	4	81891
19478	-2	4	81895
19479	-2	4	81899
19480	-2	4	81903
19481	-2	4	81907
19482	-2	4	81911
19483	-2	4	81915
19484	-2	4	81919
19485	-2	4	81923
19486	-2	4	81927
19487	-2	4	81931
19488	-2	4	81935
19489	-2	4	81939
19490	-2	4	81943
19491	-3	5	81948
19492	-2	4	81952
19493	-2	4	81956
19494	-2	4	81960
19495	-2	4	81964
19496	-2	4	81968
19497	-2	4	81972
19498	-4	6	81978
19499	-2	4	81982
19500	-2	4	81986
19501	-2	4	81990
19502	-2	4	81994
19503	-2	4	81998
19504	-2	4	82002
19505	-2	4	82006
19506	-2	4	82010
19507	-2	4	82014
19508	-4	6	82020
19509	-2	4	82024
19510	-2	4	82028
19511	-4	6	82034
19512	-2	4	82038
19513	-4	6	82044
19514	-4	6	82050
19515	-2	4	82054
19516	-2	4	82058
19517	-2	4	82062
19518	-2	4	82066
19519	-2	4	82070
19520	-2	4	82074
19521	-2	4	82078
19522	-2	4	82082
19523	-2	4	82086
19524	-2	4	82090
19525	-2	4	82094
19526	-2	4	82098
19527	-2	4	82102
19528	-2	4	82106
19529	-2	4	82110
19530	-2	4	82114
19531	-2	4	82118
19532	-2	4	82122
19533	-2	4	82126
19534	-2	4	82130
19535	-2	4	82134
19536	-2	4	82138
19537	-2	4	82142
19538	-2	4	82146
19539	-2	4	82150
19540	-2	4	82154
19541	-2	4	82158
19542	-6	8	82166
19543	-2	4	82170
19544	-2	4	82174
19545	-2	4	82178
19546	-2	4	82182
19547	-2	4	82186
19548	-2	4	82190
19549	-2	4	82194
19550	-2	4	82198
19551	-2	4	82202
19552	-2	4	82206
19553	-4	6	82212
19554	-6	8	82220
19555	-2	4	82224
19556	-2	4	82228
19557	-2	4	82232
19558	-2	4	82236
19559	-2	4	82240
19560	-2	4	82244
19561	-2	4	82248
19562	-2	4	82252
19563	-2	4	82256
19564	-2	4	82260
19565	-2	4	82264
19566	-2	4	82268
19567	-2	4	82272
19568	-2	4	82276
19569	-2	4	82280
19570	-2	4	82284
19571	-2	4	82288
19572	-2	4	82292
19573	-2	4	82296
19574	-2	4	82300
19575	-2	4	82304
19576	-4	6	82310
19577	-2	4	82314
19578	-2	4	82318
19579	-2	4	82322
19580	-2	4	82326
19581	-2	4	82330
19582	-2	4	82334
19583	-2	4	82338
19584	-4	6	82344
19585	-2	4	82348
19586	-2	4	82352
19587	-2	4	82356
19588	-2	4	82360
19589	-2	4	82364
19590	-4	6	82370
19591	-2	4	82374
19592	-2	4	82378
19593	-2	4	82382
19594	-2	4	82386
19595	-2	4	82390
19596	-2	4	82394
19597	-2	4	82398
19598	-2	4	82402
19599	-4	6	82408
19600	-2	4	82412
19601	-2	4	82416
19602	-2	4	82420
19603	-2	4	82424
19604	-2	4	82428
19605	-2	4	82432
19606	-2	4	82436
19607	-2	4	82440
19608	-2	4	82444
19609	-2	4	82448
19610	-2	4	82452
19611	-2	4	82456
19612	-2	4	82460
19613	-2	4	82464
19614	-2	4	82468
19615	-2	4	82472
19616	-3	5	82477
19617	-2	4	82481
19618	-2	4	82485
19619	-2	4	82489
19620	-2	4	82493
19621	-2	4	82497
19622	-2	4	82501
19623	-2	4	82505
19624	-2	4	82509
19625	-2	4	82513
19626	-2	4	82517
19627	-2	4	82521
19628	-2	4	82525
19629	-3	5	82530
19630	-4	6	82536
19631	-2	4	82540
19632	-2	4	82544
19633	-2	4	82548
19634	-2	4	82552
19635	-2	4	82556
19636	-4	6	82562
19637	-2	4	82566
19638	-2	4	82570
19639	-2	4	82574
19640	-2	4	82578
19641	-2	4	82582
19642	-2	4	82586
19643	-2	4	82590
19644	-6	8	82598
19645	-2	4	82602
19646	-2	4	82606
19647	-2	4	82610
19648	-2	4	82614
19649	-4	6	82620
19650	-2	4	82624
19651	-2	4	82628
19652	-2	4	82632
19653	-2	4	82636
19654	-2	4	82640
19655	-2	4	82644
19656	-2	4	82648
19657	-2	4	82652
19658	-2	4	82656
19659	-2	4	82660
19660	-2	4	82664
19661	-2	4	82668
19662	-2	4	82672
19663	-2	4	82676
19664	-2	4	82680
19665	-2	4	82684
19666	-2	4	82688
19667	-2	4	82692
19668	-2	4	82696
19669	-2	4	82700
19670	-2	4	82704
19671	-2	4	82708
19672	-2	4	82712
19673	-2	4	82716
19674	-2	4	82720
19675	-2	4	82724
19676	-2	4	82728
19677	-2	4	82732
19678	-2	4	82736
19679	-2	4	82740
19680	-2	4	82744
19681	-2	4	82748
19682	-2	4	82752
19683	-4	6	82758
19684	-2	4	82762
19685	-2	4	82766
19686	-2	4	82770
19687	-2	4	82774
19688	-2	4	82778
19689	-2	4	82782
19690	-2	4	82786
19691	-2	4	82790
19692	-2	4	82794
19693	-2	4	82798
19694	-3	5	82803
19695	-2	4	82807
19696	-2	4	82811
19697	-2	4	82815
19698	-2	4	82819
19699	-2	4	82823
19700	-2	4	82827
19701	-2	4	82831
19702	-2	4	82835
19703	-2	4	82839
19704	-2	4	82843
19705	-2	4	82847
19706	-2	4	82851
19707	-2	4	82855
19708	-2	4	82859
19709	-2	4	82863
19710	-2	4	82867
19711	-2	4	82871
19712	-2	4	82875
19713	-2	4	82879
19714	-2	4	82883
19715	-2	4	82887
19716	-4	6	82893
19717	-2	4	82897
19718	-2	4	82901
19719	-2	4	82905
19720	-2	4	82909
19721	-2	4	82913
19722	-2	4	82917
19723	-2	4	82921
19724	-2	4	82925
19725	-2	4	82929
19726	-2	4	82933
19727	-2	4	82937
19728	-2	4	82941
19729	-2	4	82945
19730	-2	4	82949
19731	-2	4	82953
19732	-2	4	82957
19733	-2	4	82961
19734	-2	4	82965
19735	-2	4	82969
19736	-2	4	82973
19737	-2	4	82977
19738	-2	4	82981
19739	-2	4	82985
19740	-2	4	82989
19741	-2	4	82993
19742	-2	4	82997
19743	-2	4	83001
19744	-2	4	83005
19745	-2	4	83009
19746	-2	4	83013
19747	-3	5	83018
19748	-2	4	83022
19749	-2	4	83026
19750	-2	4	83030
19751	-2	4	83034
19752	-2	4	83038
19753	-2	4	83042
19754	-2	4	83046
19755	-2	4	83050
19756	-2	4	83054
19757	-2	4	83058
19758	-2	4	83062
19759	-2	4	83066
19760	-4	6	83072
19761	-4	6	83078
19762	-2	4	83082
19763	-2	4	83086
19764	-2	4	83090
19765	-2	4	83094
19766	-4	6	83100
19767	-2	4	83104
19768	-3	5	83109
19769	-2	4	83113
19770	-2	4	83117
19771	-2	4	83121
19772	-2	4	83125
19773	-2	4	83129
19774	-6	8	83137
19775	-2	4	83141
19776	-2	4	83145
19777	-2	4	83149
19778	-2	4	83153
19779	-2	4	83157
19780	-2	4	83161
19781	-2	4	83165
19782	-2	4	83169
19783	-2	4	83173
19784	-2	4	83177
19785	-2	4	83181
19786	-2	4	83185
19787	-2	4	83189
19788	-2	4	83193
19789	-2	4	83197
19790	-2	4	83201
19791	-2	4	83205
19792	-2	4	83209
19793	-2	4	83213
19794	-2	4	83217
19795	-2	4	83221
19796	-2	4	83225
19797	-2	4	83229
19798	-2	4	83233
19799	-2	4	83237
19800	-2	4	83241
19801	-2	4	83245
19802	-2	4	83249
19803	-2	4	83253
19804	-2	4	83257
19805	-2	4	83261
19806	-2	4	83265
19807	-2	4	83269
19808	-2	4	83273
19809	-2	4	83277
19810	-2	4	83281
19811	-2	4	83285
19812	-2	4	83289
19813	-2	4	83293
19814	-2	4	83297
19815	-2	4	83301
19816	-2	4	83305
19817	-2	4	83309
19818	-2	4	83313
19819	-2	4	83317
19820	-4	6	83323
19821	-4	6	83329
19822	-2	4	83333
19823	-2	4	83337
19824	-2	4	83341
19825	-2	4	83345
19826	-2	4	83349
19827	-2	4	83353
19828	-2	4	83357
19829	-2	4	83361
19830	-2	4	83365
19831	-2	4	83369
19832	-2	4	83373
19833	-2	4	83377
19834	-2	4	83381
19835	-2	4	83385
19836	-2	4	83389
19837	-2	4	83393
19838	-2	4	83397
19839	-2	4	83401
19840	-2	4	83405
19841	-2	4	83409
19842	-2	4	83413
19843	-2	4	83417
19844	-2	4	83421
19845	-2	4	83425
19846	-2	4	83429
19847	-2	4	83433
19848	-2	4	83437
19849	-2	4	83441
19850	-2	4	83445
19851	-2	4	83449
19852	-2	4	83453
19853	-2	4	83457
19854	-2	4	83461
19855	-2	4	83465
19856	-2	4	83469
19857	-2	4	83473
19858	-2	4	83477
19859	-4	6	83483
19860	-2	4	83487
19861	-2	4	83491
19862	-2	4	83495
19863	-2	4	83499
19864	-2	4	83503
19865	-2	4	83507
19866	-2	4	83511
19867	-2	4	83515
19868	-2	4	83519
19869	-2	4	83523
19870	-2	4	83527
19871	-2	4	83531
19872	-4	6	83537
19873	-6	8	83545
19874	-2	4	83549
19875	-2	4	83553
19876	-2	4	83557
19877	-2	4	83561
19878	-2	4	83565
19879	-2	4	83569
19880	-2	4	83573
19881	-2	4	83577
19882	-2	4	83581
19883	-2	4	83585
19884	-2	4	83589
19885	-2	4	83593
19886	-3	5	83598
19887	-2	4	83602
19888	-4	6	83608
19889	-2	4	83612
19890	-2	4	83616
19891	-2	4	83620
19892	-2	4	83624
19893	-2	4	83628
19894	-2	4	83632
19895	-2	4	83636
19896	-2	4	83640
19897	-2	4	83644
19898	-2	4	83648
19899	-2	4	83652
19900	-2	4	83656
19901	-2	4	83660
19902	-2	4	83664
19903	-2	4	83668
19904	-2	4	83672
19905	-2	4	83676
19906	-4	6	83682
19907	-2	4	83686
19908	-2	4	83690
19909	-2	4	83694
19910	-2	4	83698
19911	-2	4	83702
19912	-2	4	83706
19913	-2	4	83710
19914	-2	4	83714
19915	-2	4	83718
19916	-2	4	83722
19917	-2	4	83726
19918	-2	4	83730
19919	-2	4	83734
19920	-2	4	83738
19921	-2	4	83742
19922	-2	4	83746
19923	-2	4	83750
19924	-6	8	83758
19925	-2	4	83762
19926	-2	4	83766
19927	-2	4	83770
19928	-2	4	83774
19929	-2	4	83778
19930	-2	4	83782
19931	-2	4	83786
19932	-2	4	83790
19933	-2	4	83794
19934	-2	4	83798
19935	-2	4	83802
19936	-2	4	83806
19937	-2	4	83810
19938	-2	4	83814
19939	-2	4	83818
19940	-2	4	83822
19941	-2	4	83826
19942	-2	4	83830
19943	-2	4	83834
19944	-4	6	83840
19945	-2	4	83844
19946	-2	4	83848
19947	-2	4	83852
19948	-2	4	83856
19949	-2	4	83860
19950	-2	4	83864
19951	-2	4	83868
19952	-4	6	83874
19953	-2	4	83878
19954	-2	4	83882
19955	-2	4	83886
19956	-2	4	83890
19957	-2	4	83894
19958	-2	4	83898
19959	-2	4	83902
19960	-2	4	83906
19961	-2	4	83910
19962	-2	4	83914
19963	-2	4	83918
19964	-2	4	83922
19965	-2	4	83926
19966	-2	4	83930
19967	-2	4	83934
19968	-2	4	83938
19969	-2	4	83942
19970	-2	4	83946
19971	-2	4	83950
19972	-2	4	83954
19973	-2	4	83958
19974	-2	4	83962
19975	-2	4	83966
19976	-2	4	83970
19977	-2	4	83974
19978	-2	4	83978
19979	-2	4	83982
19980	-2	4	83986
19981	-2	4	83990
19982	-2	4	83994
19983	-2	4	83998
19984	-2	4	84002
19985	-4	6	84008
19986	-6	8	84016
19987	-2	4	84020
19988	-2	4	84024
19989	-2	4	84028
19990	-2	4	84032
19991	-2	4	84036
19992	-2	4	84040
19993	-2	4	84044
19994	-2	4	84048
19995	-2	4	84052
19996	-2	4	84056
19997	-2	4	84060
19998	-2	4	84064
19999	-2	4	84068
